{
    "HLR": {
        "RMSE": 0.7788459720498505,
        "LogLoss": 5.191408666369569,
        "RMSE(bins)": 0.7549670337126775
    },
    "user": 10174,
    "size": 4620
}