{
    "HLR": {
        "RMSE": 0.6796913708463045,
        "LogLoss": 4.462346590831397,
        "RMSE(bins)": 0.5477306672358662
    },
    "user": 10228,
    "size": 12480
}