{
    "HLR": {
        "RMSE": 0.933946048149333,
        "LogLoss": 12.851441814801657,
        "RMSE(bins)": 0.9170920554012988
    },
    "user": 10235,
    "size": 4360
}