{
    "HLR": {
        "RMSE": 0.5309516795312922,
        "LogLoss": 2.338347457165222,
        "RMSE(bins)": 0.2415906027023132
    },
    "user": 10241,
    "size": 7310
}