{
    "metrics": {
        "RMSE": 0.20269571635454142,
        "LogLoss": 0.17843430975601865,
        "RMSE(bins)": 0.0368809997969579,
        "ICI": 0.013685935308163252
    },
    "user": 1027,
    "size": 7490,
    "weights": [
        2.5733,
        -1.243,
        3.0096
    ]
}