{
    "HLR": {
        "RMSE": 0.4860861781827006,
        "LogLoss": 1.2332162604589918,
        "RMSE(bins)": 0.320788609140293
    },
    "user": 10411,
    "size": 7920
}