{
    "HLR": {
        "RMSE": 0.8030841349639798,
        "LogLoss": 7.315200890044456,
        "RMSE(bins)": 0.7342251411329982
    },
    "user": 10560,
    "size": 1275
}