{
    "HLR": {
        "RMSE": 0.42120444043518795,
        "LogLoss": 0.5598325181820559,
        "RMSE(bins)": 0.26906591023912463
    },
    "user": 10641,
    "size": 48410
}