{
    "metrics": {
        "RMSE": 0.23671921448971645,
        "LogLoss": 0.23213029113210143,
        "RMSE(bins)": 0.08327226144381167,
        "ICI": 0.05890641707838961
    },
    "user": 10645,
    "size": 3345,
    "weights": [
        3.0897,
        -0.3326,
        3.2949
    ]
}