{
    "metrics": {
        "RMSE": 0.34210690075454947,
        "LogLoss": 0.4254140465712331,
        "RMSE(bins)": 0.0798757447270539,
        "ICI": 0.04724117812984132
    },
    "user": 10697,
    "size": 88765,
    "weights": [
        2.742,
        -0.3789,
        1.8072
    ]
}