{
    "HLR": {
        "RMSE": 0.617136160828647,
        "LogLoss": 3.5567241778750973,
        "RMSE(bins)": 0.3928178747398178
    },
    "user": 10742,
    "size": 10480
}