{
    "metrics": {
        "RMSE": 0.39456916209579623,
        "LogLoss": 0.5431520168878435,
        "RMSE(bins)": 0.12840312666865833,
        "ICI": 0.09386892886276621
    },
    "user": 1078,
    "size": 114065,
    "weights": [
        1.6236,
        -0.9942,
        3.4335
    ]
}