{
    "metrics": {
        "RMSE": 0.5486018953217735,
        "LogLoss": 1.651849295237582,
        "RMSE(bins)": 0.3412328297382429,
        "ICI": 0.22753989426396137
    },
    "user": 10803,
    "size": 4025,
    "weights": [
        2.9655,
        -0.486,
        2.9159
    ]
}