{
    "metrics": {
        "RMSE": 0.4596607162858054,
        "LogLoss": 0.7422319916960616,
        "RMSE(bins)": 0.22599631547249235,
        "ICI": 0.1551816976048818
    },
    "user": 1083,
    "size": 92520
}