{
    "metrics": {
        "RMSE": 0.43041172109524334,
        "LogLoss": 0.6261602864041358,
        "RMSE(bins)": 0.15202479869283472,
        "ICI": 0.12330935680602943
    },
    "user": 10843,
    "size": 57710,
    "weights": [
        1.3575,
        -1.5407,
        3.5527
    ]
}