{
    "metrics": {
        "RMSE": 0.1931867168370497,
        "LogLoss": 0.1685309010970527,
        "RMSE(bins)": 0.06119407141595871,
        "ICI": 0.037009723194424395
    },
    "user": 10925,
    "size": 66720,
    "weights": [
        2.1611,
        -1.3451,
        4.4034
    ]
}