{
    "HLR": {
        "RMSE": 0.668759893989962,
        "LogLoss": 4.205507813988041,
        "RMSE(bins)": 0.6172919305855437
    },
    "user": 10989,
    "size": 4795
}