{
    "HLR": {
        "RMSE": 0.3811644935386028,
        "LogLoss": 0.5162448596923227,
        "RMSE(bins)": 0.2692283377170215,
        "ICI": 0.1695862719747485
    },
    "user": 11010,
    "size": 44800
}