{
    "metrics": {
        "RMSE": 0.3511935933947711,
        "LogLoss": 0.4164559640406737,
        "RMSE(bins)": 0.13542935421742347,
        "ICI": 0.06416316278499144
    },
    "user": 11064,
    "size": 2895,
    "weights": [
        2.5048,
        -0.8677,
        2.7821
    ]
}