{
    "metrics": {
        "RMSE": 0.5601442588886202,
        "LogLoss": 1.0950268209988674,
        "RMSE(bins)": 0.3491624607545266,
        "ICI": 0.25002024083641416
    },
    "user": 11152,
    "size": 16670
}