{
    "HLR": {
        "RMSE": 0.4704264891200909,
        "LogLoss": 1.0712407021701151,
        "RMSE(bins)": 0.33817228809319017,
        "ICI": 0.23170297883144295
    },
    "user": 11205,
    "size": 3695
}