{
    "HLR": {
        "RMSE": 0.4351766247817116,
        "LogLoss": 0.6780693713183008,
        "RMSE(bins)": 0.3537127234625541,
        "ICI": 0.21861750265427726
    },
    "user": 1131,
    "size": 10320
}