{
    "metrics": {
        "RMSE": 0.42414043026713427,
        "LogLoss": 0.5498266227163222,
        "RMSE(bins)": 0.07941380325905473,
        "ICI": 0.05691002709419342
    },
    "user": 11373,
    "size": 20375,
    "weights": [
        1.5302,
        -1.011,
        2.4253
    ]
}