{
    "HLR": {
        "RMSE": 0.40447387264661966,
        "LogLoss": 0.6044473572689051,
        "RMSE(bins)": 0.13078407755010846
    },
    "user": 11382,
    "size": 904985
}