{
    "metrics": {
        "RMSE": 0.34724855903725704,
        "LogLoss": 0.4403547939881006,
        "RMSE(bins)": 0.13786583978306535,
        "ICI": 0.07755361274167322
    },
    "user": 11399,
    "size": 87355,
    "weights": [
        1.9002,
        -1.5502,
        4.3678
    ]
}