{
    "metrics": {
        "RMSE": 0.3854308440220985,
        "LogLoss": 0.472733874575945,
        "RMSE(bins)": 0.13543994716289734,
        "ICI": 0.04822827975237669
    },
    "user": 11647,
    "size": 10185,
    "weights": [
        1.6624,
        -1.2556,
        1.818
    ]
}