{
    "HLR": {
        "RMSE": 0.7244101687482437,
        "LogLoss": 3.922132828476359,
        "RMSE(bins)": 0.6788119915920743
    },
    "user": 117,
    "size": 2475
}