{
    "metrics": {
        "RMSE": 0.3187618621023272,
        "LogLoss": 0.365018197391052,
        "RMSE(bins)": 0.10218050555476661,
        "ICI": 0.04980176716539917
    },
    "user": 11743,
    "size": 68885,
    "weights": [
        2.2108,
        -0.5131,
        4.9261
    ]
}