{
    "metrics": {
        "RMSE": 0.4106011988811449,
        "LogLoss": 0.5761876183202663,
        "RMSE(bins)": 0.12181611904439983,
        "ICI": 0.08383139054162668
    },
    "user": 1174,
    "size": 3655,
    "weights": [
        2.2666,
        -0.4581,
        2.9877
    ]
}