{
    "metrics": {
        "RMSE": 0.48466127051402086,
        "LogLoss": 0.7454694032780351,
        "RMSE(bins)": 0.1673098494193443,
        "ICI": 0.1372780494006429
    },
    "user": 11752,
    "size": 12980,
    "weights": [
        1.6237,
        -0.4833,
        2.5356
    ]
}