{
    "metrics": {
        "RMSE": 0.5012500139408188,
        "LogLoss": 0.7320122377902938,
        "RMSE(bins)": 0.3281745890284728,
        "ICI": 0.2662631548115231
    },
    "user": 11864,
    "size": 33130
}