{
    "HLR": {
        "RMSE": 0.17313277733534274,
        "LogLoss": 0.11741882993370495,
        "RMSE(bins)": 0.06913383039459754
    },
    "user": 11928,
    "size": 132135
}