{
    "HLR": {
        "RMSE": 0.44587998405170326,
        "LogLoss": 1.1595554956362906,
        "RMSE(bins)": 0.19275923402940476,
        "ICI": 0.13233292407781883
    },
    "user": 12000,
    "size": 51255
}