{
    "metrics": {
        "RMSE": 0.3913546308146167,
        "LogLoss": 0.5010926779545531,
        "RMSE(bins)": 0.207926592260167,
        "ICI": 0.1418301413958528
    },
    "user": 12080,
    "size": 19100,
    "weights": [
        2.8614,
        -1.6358,
        3.4589
    ]
}