{
    "metrics": {
        "RMSE": 0.8925007814297173,
        "LogLoss": 17.132131535276674,
        "RMSE(bins)": 0.8722692050957751,
        "ICI": 0.8383993058928843
    },
    "user": 12159,
    "size": 2190
}