{
    "metrics": {
        "RMSE": 0.42323344018887854,
        "LogLoss": 0.5720247999673035,
        "RMSE(bins)": 0.13346889761456066,
        "ICI": 0.10204106509812873
    },
    "user": 12150,
    "size": 9845,
    "weights": [
        1.8839,
        -1.2222,
        2.4884
    ]
}