{
    "HLR": {
        "RMSE": 0.43746831472521513,
        "LogLoss": 0.8524310914392066,
        "RMSE(bins)": 0.2756532233316466
    },
    "user": 12189,
    "size": 76055
}