{
    "metrics": {
        "RMSE": 0.3812491040224282,
        "LogLoss": 0.5011576140830043,
        "RMSE(bins)": 0.11121721713219472,
        "ICI": 0.08033329825419597
    },
    "user": 12216,
    "size": 123265,
    "weights": [
        1.643,
        -2.1947,
        4.8651
    ]
}