{
    "metrics": {
        "RMSE": 0.298926291752714,
        "LogLoss": 0.373577067507889,
        "RMSE(bins)": 0.1464938695454582,
        "ICI": 0.056502970869149564
    },
    "user": 12234,
    "size": 48125,
    "weights": [
        2.9572,
        -0.6801,
        3.4244
    ]
}