{
    "metrics": {
        "RMSE": 0.45779745597665666,
        "LogLoss": 0.6863600291369455,
        "RMSE(bins)": 0.15768768664552132,
        "ICI": 0.13384534024326133
    },
    "user": 12303,
    "size": 72800,
    "weights": [
        2.0143,
        -1.4962,
        3.7366
    ]
}