{
    "HLR": {
        "RMSE": 0.8178723340146439,
        "LogLoss": 5.884996728791473,
        "RMSE(bins)": 0.7929952618931335
    },
    "user": 12378,
    "size": 6005
}