{
    "metrics": {
        "RMSE": 0.2669592459415175,
        "LogLoss": 0.2768220614536842,
        "RMSE(bins)": 0.1121834980215431,
        "ICI": 0.053642843670376104
    },
    "user": 12441,
    "size": 78545,
    "weights": [
        2.5908,
        -1.5437,
        4.0437
    ]
}