{
    "metrics": {
        "RMSE": 0.2892899445192519,
        "LogLoss": 0.3139875531342388,
        "RMSE(bins)": 0.15066723278360486,
        "ICI": 0.07927998861847661
    },
    "user": 12441,
    "size": 79540,
    "weights": [
        2.4249,
        -1.4538,
        4.2786
    ]
}