{
    "HLR": {
        "RMSE": 0.5970972982202926,
        "LogLoss": 1.485073664193367,
        "RMSE(bins)": 0.4354334920006267
    },
    "user": 12490,
    "size": 24325
}