{
    "metrics": {
        "RMSE": 0.417383859904809,
        "LogLoss": 0.5747223726142795,
        "RMSE(bins)": 0.10403482436773813,
        "ICI": 0.0900870151945237
    },
    "user": 1249,
    "size": 4980,
    "weights": [
        1.8244,
        -1.4838,
        2.0151
    ]
}