{
    "metrics": {
        "RMSE": 0.21342060248367767,
        "LogLoss": 0.19427893284791545,
        "RMSE(bins)": 0.12692356638677185,
        "ICI": 0.04169418513717848
    },
    "user": 12500,
    "size": 11400,
    "weights": [
        3.21,
        -2.216,
        3.4782
    ]
}