{
    "metrics": {
        "RMSE": 0.17565267655257705,
        "LogLoss": 0.12991553429453453,
        "RMSE(bins)": 0.07611272958049092,
        "ICI": 0.0252008282366371
    },
    "user": 12533,
    "size": 8175,
    "weights": [
        2.8044,
        -1.5691,
        3.2612
    ]
}