{
    "HLR": {
        "RMSE": 0.32345286290238956,
        "LogLoss": 0.4221195467621887,
        "RMSE(bins)": 0.16790944732972674,
        "ICI": 0.11406937164933366
    },
    "user": 12628,
    "size": 94595
}