{
    "metrics": {
        "RMSE": 0.03751440226728278,
        "LogLoss": 0.014253432627648912,
        "RMSE(bins)": 0.007473374651881014,
        "ICI": 0.005311648062123835
    },
    "user": 12712,
    "size": 12710,
    "weights": [
        3.8547,
        -0.1152,
        4.0455
    ]
}