{
    "HLR": {
        "RMSE": 0.7677688278913323,
        "LogLoss": 2.6240878768369806,
        "RMSE(bins)": 0.7333122582717172
    },
    "user": 12731,
    "size": 1850
}