{
    "metrics": {
        "RMSE": 0.36593173830983644,
        "LogLoss": 0.46445629783167863,
        "RMSE(bins)": 0.09567167386879252,
        "ICI": 0.03625780488422025
    },
    "user": 1276,
    "size": 17645,
    "weights": [
        1.8431,
        -0.7754,
        2.1581
    ]
}