{
    "metrics": {
        "RMSE": 0.7971833896893126,
        "LogLoss": 7.317822850987806,
        "RMSE(bins)": 0.7293278988564184,
        "ICI": 0.6948286499957645
    },
    "user": 12890,
    "size": 3610
}