{
    "metrics": {
        "RMSE": 0.5039196025233705,
        "LogLoss": 0.8745164547668548,
        "RMSE(bins)": 0.250046799677031,
        "ICI": 0.1793152023826492
    },
    "user": 12977,
    "size": 9850,
    "weights": [
        2.5896,
        -1.4934,
        2.7685
    ]
}