{
    "HLR": {
        "RMSE": 0.394316493886772,
        "LogLoss": 0.5181097005874835,
        "RMSE(bins)": 0.19944715008055175
    },
    "user": 13055,
    "size": 38415
}