{
    "HLR": {
        "RMSE": 0.7136848415009605,
        "LogLoss": 3.292233396814009,
        "RMSE(bins)": 0.6285443915777678,
        "ICI": 0.535095867989975
    },
    "user": 13310,
    "size": 7095
}