{
    "HLR": {
        "RMSE": 0.5385235973525966,
        "LogLoss": 1.61979957473867,
        "RMSE(bins)": 0.4031259171393145
    },
    "user": 13349,
    "size": 21415
}