{
    "metrics": {
        "RMSE": 0.3969809435861536,
        "LogLoss": 0.5539186150673917,
        "RMSE(bins)": 0.10591856772642638,
        "ICI": 0.09104921272650059
    },
    "user": 13348,
    "size": 20330,
    "weights": [
        2.6577,
        -1.8008,
        3.6369
    ]
}