{
    "HLR": {
        "RMSE": 0.32811580913129723,
        "LogLoss": 0.3732528031083052,
        "RMSE(bins)": 0.262454955280925
    },
    "user": 13374,
    "size": 92300
}