{
    "HLR": {
        "RMSE": 0.4776258726524506,
        "LogLoss": 0.931110243186983,
        "RMSE(bins)": 0.21658197999271542
    },
    "user": 1343,
    "size": 78545
}