{
    "HLR": {
        "RMSE": 0.7372416241794608,
        "LogLoss": 7.745211559208459,
        "RMSE(bins)": 0.6320316379774609
    },
    "user": 13487,
    "size": 5915
}