{
    "HLR": {
        "RMSE": 0.7466108892322436,
        "LogLoss": 2.801317052762078,
        "RMSE(bins)": 0.6282138510905644
    },
    "user": 13506,
    "size": 2890
}