{
    "metrics": {
        "RMSE": 0.6344434713903975,
        "LogLoss": 1.7402839895664108,
        "RMSE(bins)": 0.4770619728543281,
        "ICI": 0.371804605391895
    },
    "user": 13532,
    "size": 5150
}