{
    "metrics": {
        "RMSE": 0.35902226249676766,
        "LogLoss": 0.42985986915163876,
        "RMSE(bins)": 0.09054239072303596,
        "ICI": 0.05854633348125177
    },
    "user": 13565,
    "size": 43960,
    "weights": [
        2.1441,
        -1.4834,
        3.5687
    ]
}