{
    "HLR": {
        "RMSE": 0.47883912548213947,
        "LogLoss": 0.9236456708403138,
        "RMSE(bins)": 0.4443821253099567
    },
    "user": 13569,
    "size": 16420
}