{
    "metrics": {
        "RMSE": 0.29902177803834357,
        "LogLoss": 0.35195337810025573,
        "RMSE(bins)": 0.09464986633731465,
        "ICI": 0.05168253732794075
    },
    "user": 13770,
    "size": 49820,
    "weights": [
        2.4284,
        -1.7399,
        3.6862
    ]
}