{
    "HLR": {
        "RMSE": 0.7397793791093805,
        "LogLoss": 2.578188978291231,
        "RMSE(bins)": 0.7199578255536834
    },
    "user": 13797,
    "size": 14940
}