{
    "HLR": {
        "RMSE": 0.6502330242727812,
        "LogLoss": 2.5294599706563354,
        "RMSE(bins)": 0.45933272523667634
    },
    "user": 13823,
    "size": 1940
}