{
    "metrics": {
        "RMSE": 0.4817914643714237,
        "LogLoss": 0.7961163115823386,
        "RMSE(bins)": 0.2252851749766247,
        "ICI": 0.15507628597019696
    },
    "user": 13848,
    "size": 47060,
    "weights": [
        1.7999,
        -0.7642,
        4.9346
    ]
}