{
    "metrics": {
        "RMSE": 0.6116404310244205,
        "LogLoss": 1.4706822809768527,
        "RMSE(bins)": 0.3917191745101432,
        "ICI": 0.34177819059131204
    },
    "user": 13915,
    "size": 1200,
    "weights": [
        2.2743,
        -1.0432,
        2.4829
    ]
}