{
    "metrics": {
        "RMSE": 0.46146194493560544,
        "LogLoss": 0.6265624325200002,
        "RMSE(bins)": 0.12206602841355127,
        "ICI": 0.07701268659440563
    },
    "user": 13954,
    "size": 32370,
    "weights": [
        2.4904,
        -1.516,
        2.1291
    ]
}