{
    "HLR": {
        "RMSE": 0.2098828731204735,
        "LogLoss": 0.19678689035655123,
        "RMSE(bins)": 0.08965866307328588
    },
    "user": 13962,
    "size": 136980
}