{
    "HLR": {
        "RMSE": 0.6369886980924082,
        "LogLoss": 2.364089642247563,
        "RMSE(bins)": 0.5457695250859637
    },
    "user": 14048,
    "size": 7665
}