{
    "metrics": {
        "RMSE": 0.35686062518843154,
        "LogLoss": 0.4198098360191105,
        "RMSE(bins)": 0.10461384620309985,
        "ICI": 0.0653349813166297
    },
    "user": 14045,
    "size": 19650,
    "weights": [
        2.6311,
        -1.5431,
        2.6974
    ]
}