{
    "HLR": {
        "RMSE": 0.3700291381358858,
        "LogLoss": 0.4957753152923654,
        "RMSE(bins)": 0.06447640509110918
    },
    "user": 14121,
    "size": 172245
}