{
    "metrics": {
        "RMSE": 0.23377113465971186,
        "LogLoss": 0.20962781023151625,
        "RMSE(bins)": 0.07652461906360647,
        "ICI": 0.017057587685383232
    },
    "user": 14132,
    "size": 8085,
    "weights": [
        2.6395,
        -0.3461,
        3.1464
    ]
}