{
    "metrics": {
        "RMSE": 0.33906237399863876,
        "LogLoss": 0.3871555504024009,
        "RMSE(bins)": 0.08964383094807102,
        "ICI": 0.04655802514779585
    },
    "user": 14140,
    "size": 1780,
    "weights": [
        2.4333,
        -0.868,
        2.6295
    ]
}