{
    "HLR": {
        "RMSE": 0.3604329022039501,
        "LogLoss": 0.589644351306596,
        "RMSE(bins)": 0.194152997724486
    },
    "user": 14293,
    "size": 27285
}