{
    "HLR": {
        "RMSE": 0.48645936807331674,
        "LogLoss": 0.8581943796814673,
        "RMSE(bins)": 0.23370279692037682
    },
    "user": 14323,
    "size": 18135
}