{
    "metrics": {
        "RMSE": 0.38144322237620765,
        "LogLoss": 0.4884221785560214,
        "RMSE(bins)": 0.10344704851167229,
        "ICI": 0.07556635882027582
    },
    "user": 14342,
    "size": 7775,
    "weights": [
        1.7264,
        -0.8893,
        2.5213
    ]
}