{
    "metrics": {
        "RMSE": 0.6159057550881846,
        "LogLoss": 1.0892578988422075,
        "RMSE(bins)": 0.5959114579083742,
        "ICI": 0.5317199765775971
    },
    "user": 14464,
    "size": 3005
}