{
    "metrics": {
        "RMSE": 0.39507000807857395,
        "LogLoss": 0.5319122657053202,
        "RMSE(bins)": 0.1914163177170904,
        "ICI": 0.1056276429272634
    },
    "user": 14579,
    "size": 11475,
    "weights": [
        2.2829,
        -1.6551,
        2.9592
    ]
}