{
    "metrics": {
        "RMSE": 0.1873956318885042,
        "LogLoss": 0.13688927763483208,
        "RMSE(bins)": 0.07422063887108395,
        "ICI": 0.028979255345317145
    },
    "user": 14594,
    "size": 43885,
    "weights": [
        2.5819,
        -0.8674,
        2.7245
    ]
}