{
    "metrics": {
        "RMSE": 0.37254935093070574,
        "LogLoss": 0.4620494873262187,
        "RMSE(bins)": 0.09854078709025527,
        "ICI": 0.061378412588236536
    },
    "user": 14645,
    "size": 7275,
    "weights": [
        2.0685,
        -0.7478,
        2.5132
    ]
}