{
    "HLR": {
        "RMSE": 0.48229883746521923,
        "LogLoss": 1.2078871224682108,
        "RMSE(bins)": 0.21346111262330517
    },
    "user": 14705,
    "size": 13715
}