{
    "HLR": {
        "RMSE": 0.44312369766759957,
        "LogLoss": 0.5915131380221492,
        "RMSE(bins)": 0.21587572838478614
    },
    "user": 14713,
    "size": 68705
}