{
    "metrics": {
        "RMSE": 0.5051348275957762,
        "LogLoss": 0.7726589899448549,
        "RMSE(bins)": 0.16870735575256615,
        "ICI": 0.15556560472824188
    },
    "user": 14727,
    "size": 2575,
    "weights": [
        2.1054,
        -1.2363,
        2.2583
    ]
}