{
    "HLR": {
        "RMSE": 0.7667791987178423,
        "LogLoss": 7.676094883362377,
        "RMSE(bins)": 0.7278169942003552
    },
    "user": 14767,
    "size": 4695
}