{
    "metrics": {
        "RMSE": 0.32873974822899166,
        "LogLoss": 0.3936434056152091,
        "RMSE(bins)": 0.07340971066220296,
        "ICI": 0.04480846049443603
    },
    "user": 14952,
    "size": 8875,
    "weights": [
        2.0235,
        -1.1365,
        2.7526
    ]
}