{
    "metrics": {
        "RMSE": 0.7132647798952095,
        "LogLoss": 5.694999648939718,
        "RMSE(bins)": 0.6155610687953226,
        "ICI": 0.530154700545372
    },
    "user": 14968,
    "size": 3660
}