{
    "metrics": {
        "RMSE": 0.3512199255931669,
        "LogLoss": 0.4242676075262549,
        "RMSE(bins)": 0.11598668022415824,
        "ICI": 0.06835919119701647
    },
    "user": 15072,
    "size": 17945,
    "weights": [
        2.1023,
        -0.8472,
        2.7419
    ]
}