{
    "metrics": {
        "RMSE": 0.5803279038482002,
        "LogLoss": 1.5397460641362266,
        "RMSE(bins)": 0.45310791474950635,
        "ICI": 0.4102934664898601
    },
    "user": 15175,
    "size": 2880
}