{
    "HLR": {
        "RMSE": 0.685664519858214,
        "LogLoss": 5.933709352274173,
        "RMSE(bins)": 0.5373566592744028
    },
    "user": 15186,
    "size": 5680
}