{
    "metrics": {
        "RMSE": 0.49576723805686035,
        "LogLoss": 1.002018338063399,
        "RMSE(bins)": 0.4149808260421878,
        "ICI": 0.31390174220562145
    },
    "user": 15382,
    "size": 21340
}