{
    "HLR": {
        "RMSE": 0.4165047985022373,
        "LogLoss": 0.7651012291213937,
        "RMSE(bins)": 0.11662298727615453,
        "ICI": 0.067800078323883
    },
    "user": 15395,
    "size": 47705
}