{
    "metrics": {
        "RMSE": 0.46735682967811754,
        "LogLoss": 0.7868133622101408,
        "RMSE(bins)": 0.22374147667895072,
        "ICI": 0.1285613308983997
    },
    "user": 15467,
    "size": 2880,
    "weights": [
        2.387,
        -1.0575,
        2.5178
    ]
}