{
    "metrics": {
        "RMSE": 0.2618412757504835,
        "LogLoss": 0.26452137277438853,
        "RMSE(bins)": 0.155457079113328,
        "ICI": 0.09062585941035105
    },
    "user": 15561,
    "size": 87690
}