{
    "metrics": {
        "RMSE": 0.4318335322439166,
        "LogLoss": 0.5893217772472222,
        "RMSE(bins)": 0.19254756558389705,
        "ICI": 0.13377488427092105
    },
    "user": 1561,
    "size": 44880
}