{
    "metrics": {
        "RMSE": 0.4530362703394724,
        "LogLoss": 0.7076318474654976,
        "RMSE(bins)": 0.15492343576252524,
        "ICI": 0.11508315047078856
    },
    "user": 15716,
    "size": 33990,
    "weights": [
        1.9152,
        -0.2978,
        2.2613
    ]
}