{
    "metrics": {
        "RMSE": 0.47434564347524927,
        "LogLoss": 0.7386962034092671,
        "RMSE(bins)": 0.20306125313268028,
        "ICI": 0.1489462609995599
    },
    "user": 15736,
    "size": 35790,
    "weights": [
        1.5413,
        -0.5386,
        3.1683
    ]
}