{
    "HLR": {
        "RMSE": 0.3911669632021834,
        "LogLoss": 0.4855697070326084,
        "RMSE(bins)": 0.07672944465057174,
        "ICI": 0.047346276883970285
    },
    "user": 1574,
    "size": 195020
}