{
    "HLR": {
        "RMSE": 0.5251787734453828,
        "LogLoss": 1.3032958303332223,
        "RMSE(bins)": 0.2478099945775784
    },
    "user": 15804,
    "size": 24610
}