{
    "HLR": {
        "RMSE": 0.4722698844749566,
        "LogLoss": 0.6761109811650519,
        "RMSE(bins)": 0.25546282774291906,
        "ICI": 0.1576473022957417
    },
    "user": 15869,
    "size": 24235
}