{
    "metrics": {
        "RMSE": 0.11388568842590287,
        "LogLoss": 0.07623941801845056,
        "RMSE(bins)": 0.09578570868869679,
        "ICI": 0.0601970026129476
    },
    "user": 15864,
    "size": 6000,
    "weights": [
        3.5751,
        -0.1227,
        3.6657
    ]
}