{
    "metrics": {
        "RMSE": 0.11965440496491232,
        "LogLoss": 0.08309066632942307,
        "RMSE(bins)": 0.03723469760000342,
        "ICI": 0.013475833693576647
    },
    "user": 15945,
    "size": 26655,
    "weights": [
        3.5543,
        -0.114,
        3.7988
    ]
}