{
    "HLR": {
        "RMSE": 0.47091388054838274,
        "LogLoss": 0.7292220275627067,
        "RMSE(bins)": 0.37579777049557556,
        "ICI": 0.24599477014410023
    },
    "user": 15986,
    "size": 20775
}