{
    "HLR": {
        "RMSE": 0.5468178833121049,
        "LogLoss": 1.1669405649647375,
        "RMSE(bins)": 0.27113184458583683
    },
    "user": 16018,
    "size": 10700
}