{
    "HLR": {
        "RMSE": 0.6355933383594459,
        "LogLoss": 6.157844669776598,
        "RMSE(bins)": 0.44995096757690856
    },
    "user": 16062,
    "size": 28435
}