{
    "HLR": {
        "RMSE": 0.4017446027136011,
        "LogLoss": 0.5652688215988975,
        "RMSE(bins)": 0.15440090508464108,
        "ICI": 0.11052099537444582
    },
    "user": 1612,
    "size": 81315
}