{
    "HLR": {
        "RMSE": 0.6324982839438182,
        "LogLoss": 2.1222867805706787,
        "RMSE(bins)": 0.5286170204271893,
        "ICI": 0.4095163651540561
    },
    "user": 16143,
    "size": 14385
}