{
    "metrics": {
        "RMSE": 0.4380854113930513,
        "LogLoss": 0.715062203137408,
        "RMSE(bins)": 0.15234476239921582,
        "ICI": 0.10356639283953453
    },
    "user": 1618,
    "size": 3750,
    "weights": [
        2.5819,
        -0.8674,
        2.7245
    ]
}