{
    "metrics": {
        "RMSE": 0.5773035444867274,
        "LogLoss": 1.046002395591686,
        "RMSE(bins)": 0.4205627302472467,
        "ICI": 0.3483884067236673
    },
    "user": 16201,
    "size": 40585
}