{
    "metrics": {
        "RMSE": 0.39386702791657957,
        "LogLoss": 0.5196596073442745,
        "RMSE(bins)": 0.13670718318444375,
        "ICI": 0.06174629285019214
    },
    "user": 16218,
    "size": 14390,
    "weights": [
        1.8211,
        -0.758,
        2.9229
    ]
}