{
    "HLR": {
        "RMSE": 0.63598765438623,
        "LogLoss": 1.6507340395302468,
        "RMSE(bins)": 0.47951899828907296
    },
    "user": 16246,
    "size": 2995
}