{
    "metrics": {
        "RMSE": 0.19226017720943997,
        "LogLoss": 0.17823881965237168,
        "RMSE(bins)": 0.042432624353283495,
        "ICI": 0.024663443798183485
    },
    "user": 16292,
    "size": 11810,
    "weights": [
        2.6879,
        -1.1898,
        3.2187
    ]
}