{
    "HLR": {
        "RMSE": 0.5521066095134537,
        "LogLoss": 1.6727596195016656,
        "RMSE(bins)": 0.360092533100514
    },
    "user": 16348,
    "size": 3400
}