{
    "metrics": {
        "RMSE": 0.33656263998764446,
        "LogLoss": 0.3724563708772835,
        "RMSE(bins)": 0.08865003223012605,
        "ICI": 0.05864502554236868
    },
    "user": 1635,
    "size": 101025
}