{
    "metrics": {
        "RMSE": 0.23259719239164506,
        "LogLoss": 0.2402406609918114,
        "RMSE(bins)": 0.09753342996680213,
        "ICI": 0.0372276464755808
    },
    "user": 16366,
    "size": 80530,
    "weights": [
        2.0045,
        -1.7311,
        3.7959
    ]
}