{
    "metrics": {
        "RMSE": 0.4182140082624907,
        "LogLoss": 0.6250701867494652,
        "RMSE(bins)": 0.1924914483275348,
        "ICI": 0.11918792527499711
    },
    "user": 16398,
    "size": 51605,
    "weights": [
        1.7704,
        -0.8046,
        3.0256
    ]
}