{
    "metrics": {
        "RMSE": 0.275914512580044,
        "LogLoss": 0.2863294514477042,
        "RMSE(bins)": 0.10055123341330138,
        "ICI": 0.03702983670736806
    },
    "user": 16415,
    "size": 3560,
    "weights": [
        2.4694,
        -0.4743,
        2.9935
    ]
}