{
    "metrics": {
        "RMSE": 0.40240026183822986,
        "LogLoss": 0.7900373789950504,
        "RMSE(bins)": 0.2111355953278194,
        "ICI": 0.09329114927703326
    },
    "user": 16455,
    "size": 11305,
    "weights": [
        2.101,
        -0.6671,
        3.0098
    ]
}