{
    "metrics": {
        "RMSE": 0.48340756977305954,
        "LogLoss": 0.714609908019051,
        "RMSE(bins)": 0.20653619307480015,
        "ICI": 0.16934899084745225
    },
    "user": 16571,
    "size": 26650,
    "weights": [
        2.2655,
        -1.1092,
        3.2358
    ]
}