{
    "HLR": {
        "RMSE": 0.6456354653449453,
        "LogLoss": 2.422687399288217,
        "RMSE(bins)": 0.4966828194617277
    },
    "user": 16616,
    "size": 3615
}