{
    "HLR": {
        "RMSE": 0.6934057228139899,
        "LogLoss": 2.040909389494531,
        "RMSE(bins)": 0.6350637465156254
    },
    "user": 16653,
    "size": 5235
}