{
    "metrics": {
        "RMSE": 0.34054031093080733,
        "LogLoss": 0.4050304729704793,
        "RMSE(bins)": 0.14754029311244143,
        "ICI": 0.07755115220977742
    },
    "user": 1665,
    "size": 22840,
    "weights": [
        2.0449,
        -1.4835,
        2.918
    ]
}