{
    "HLR": {
        "RMSE": 0.7816825107736752,
        "LogLoss": 3.4489173186744195,
        "RMSE(bins)": 0.7110575684457353
    },
    "user": 16680,
    "size": 7345
}