{
    "HLR": {
        "RMSE": 0.5072099656007032,
        "LogLoss": 0.7895529531130713,
        "RMSE(bins)": 0.39378637326017146
    },
    "user": 16732,
    "size": 7540
}