{
    "metrics": {
        "RMSE": 0.5026165798548652,
        "LogLoss": 1.0535718767520428,
        "RMSE(bins)": 0.25690929937698576,
        "ICI": 0.17366318702862424
    },
    "user": 16750,
    "size": 94380,
    "weights": [
        1.3786,
        -0.9161,
        3.4357
    ]
}