{
    "metrics": {
        "RMSE": 0.47183391744074205,
        "LogLoss": 0.8019821744404358,
        "RMSE(bins)": 0.228006854553045,
        "ICI": 0.1650739254967152
    },
    "user": 16803,
    "size": 38975,
    "weights": [
        2.4905,
        -1.1293,
        2.9298
    ]
}