{
    "metrics": {
        "RMSE": 0.20984786587164606,
        "LogLoss": 0.17862104062914172,
        "RMSE(bins)": 0.07290125739554132,
        "ICI": 0.013262627818598303
    },
    "user": 16814,
    "size": 3020,
    "weights": [
        2.9498,
        -0.4974,
        3.1036
    ]
}