{
    "HLR": {
        "RMSE": 0.36569093701026856,
        "LogLoss": 0.45609459038039807,
        "RMSE(bins)": 0.11877812151122169
    },
    "user": 16860,
    "size": 58785
}