{
    "HLR": {
        "RMSE": 0.6844470661684049,
        "LogLoss": 3.0641826924695335,
        "RMSE(bins)": 0.5790503411444519
    },
    "user": 16935,
    "size": 6955
}