{
    "HLR": {
        "RMSE": 0.6923290557298303,
        "LogLoss": 3.405989874504675,
        "RMSE(bins)": 0.5390803659406009
    },
    "user": 16949,
    "size": 5075
}