{
    "HLR": {
        "RMSE": 0.8131052678459844,
        "LogLoss": 6.981062358943974,
        "RMSE(bins)": 0.755965410915202
    },
    "user": 16990,
    "size": 1420
}