{
    "HLR": {
        "RMSE": 0.30049226571388865,
        "LogLoss": 0.3338030552031785,
        "RMSE(bins)": 0.08762094718444438
    },
    "user": 1700,
    "size": 98675
}