{
    "metrics": {
        "RMSE": 0.34150946555355854,
        "LogLoss": 0.44323677521188953,
        "RMSE(bins)": 0.1293015686076888,
        "ICI": 0.07216914687991263
    },
    "user": 17047,
    "size": 11510,
    "weights": [
        2.3729,
        -0.5717,
        3.3577
    ]
}