{
    "HLR": {
        "RMSE": 0.8906396226915346,
        "LogLoss": 6.7373181828969955,
        "RMSE(bins)": 0.8594491821416604
    },
    "user": 17051,
    "size": 2695
}