{
    "HLR": {
        "RMSE": 0.47148786382875746,
        "LogLoss": 0.6873048827736371,
        "RMSE(bins)": 0.4436379955314803
    },
    "user": 17080,
    "size": 49725
}