{
    "HLR": {
        "RMSE": 0.4119734781777415,
        "LogLoss": 0.9477443788104619,
        "RMSE(bins)": 0.17285683034270055
    },
    "user": 17110,
    "size": 59505
}