{
    "metrics": {
        "RMSE": 0.4851209305745277,
        "LogLoss": 0.828028643561375,
        "RMSE(bins)": 0.19682445839458776,
        "ICI": 0.1756367627922931
    },
    "user": 17121,
    "size": 50160,
    "weights": [
        1.7113,
        -0.7511,
        4.0945
    ]
}