{
    "metrics": {
        "RMSE": 0.3086582231756937,
        "LogLoss": 0.3378898628167427,
        "RMSE(bins)": 0.09090854331613735,
        "ICI": 0.058474796971204855
    },
    "user": 17134,
    "size": 1955,
    "weights": [
        2.309,
        -0.7307,
        2.6321
    ]
}