{
    "metrics": {
        "RMSE": 0.4186675651721505,
        "LogLoss": 0.7036414124769583,
        "RMSE(bins)": 0.18927807064633564,
        "ICI": 0.11748246228555705
    },
    "user": 1713,
    "size": 12385,
    "weights": [
        3.0136,
        -0.7472,
        3.3244
    ]
}