{
    "metrics": {
        "RMSE": 0.4332525950083965,
        "LogLoss": 0.6032451603818967,
        "RMSE(bins)": 0.16411013950476894,
        "ICI": 0.11964438231004212
    },
    "user": 17181,
    "size": 13305,
    "weights": [
        1.8869,
        -0.6884,
        3.3239
    ]
}