{
    "metrics": {
        "RMSE": 0.35255574503915266,
        "LogLoss": 0.46629541612062886,
        "RMSE(bins)": 0.11251735765647423,
        "ICI": 0.08830472214321962
    },
    "user": 17199,
    "size": 59985
}