{
    "HLR": {
        "RMSE": 0.4789643481103569,
        "LogLoss": 0.7019062846345477,
        "RMSE(bins)": 0.12469891119725267
    },
    "user": 17215,
    "size": 16225
}