{
    "metrics": {
        "RMSE": 0.6794624290017657,
        "LogLoss": 3.694756831123796,
        "RMSE(bins)": 0.65080715996656,
        "ICI": 0.5374195669865015
    },
    "user": 17236,
    "size": 6400
}