{
    "HLR": {
        "RMSE": 0.5446945894635157,
        "LogLoss": 1.4293170465705871,
        "RMSE(bins)": 0.34511201538459574,
        "ICI": 0.24712373139533103
    },
    "user": 17333,
    "size": 2905
}