{
    "metrics": {
        "RMSE": 0.7067334283077779,
        "LogLoss": 2.7485661391777856,
        "RMSE(bins)": 0.6089861721456508,
        "ICI": 0.5491924603307149
    },
    "user": 17379,
    "size": 6565
}