{
    "HLR": {
        "RMSE": 0.5967308952351763,
        "LogLoss": 1.5433709006385206,
        "RMSE(bins)": 0.36982610215523687,
        "ICI": 0.2570781049337288
    },
    "user": 17439,
    "size": 1190
}