{
    "HLR": {
        "RMSE": 0.7019566924890731,
        "LogLoss": 3.2822259878256674,
        "RMSE(bins)": 0.5864789279698694,
        "ICI": 0.5269095109773326
    },
    "user": 1745,
    "size": 3305
}