{
    "HLR": {
        "RMSE": 0.5884835793249464,
        "LogLoss": 1.818106023659094,
        "RMSE(bins)": 0.4669560299090008
    },
    "user": 17490,
    "size": 15680
}