{
    "HLR": {
        "RMSE": 0.4720144511297189,
        "LogLoss": 0.8638482800278917,
        "RMSE(bins)": 0.32728066900906805
    },
    "user": 17556,
    "size": 24880
}