{
    "HLR": {
        "RMSE": 0.3838676220694003,
        "LogLoss": 0.5462598733581415,
        "RMSE(bins)": 0.32607687024796594
    },
    "user": 17582,
    "size": 55480
}