{
    "HLR": {
        "RMSE": 0.4705408992363741,
        "LogLoss": 0.9276351659282644,
        "RMSE(bins)": 0.27774360523988467
    },
    "user": 17628,
    "size": 10720
}