{
    "metrics": {
        "RMSE": 0.4159965570386372,
        "LogLoss": 0.5888059825638078,
        "RMSE(bins)": 0.2836447077638332,
        "ICI": 0.1785642782931816
    },
    "user": 17660,
    "size": 49900
}