{
    "metrics": {
        "RMSE": 0.4409993197235038,
        "LogLoss": 0.5986671930860241,
        "RMSE(bins)": 0.09941477035239077,
        "ICI": 0.08519615048500281
    },
    "user": 17750,
    "size": 43590,
    "weights": [
        1.8339,
        -1.0912,
        2.2991
    ]
}