{
    "HLR": {
        "RMSE": 0.44452701306583875,
        "LogLoss": 0.6511874426656344,
        "RMSE(bins)": 0.20690523280235565
    },
    "user": 17762,
    "size": 41610
}