{
    "HLR": {
        "RMSE": 0.611067684869745,
        "LogLoss": 1.7081113265251777,
        "RMSE(bins)": 0.5158379475818391
    },
    "user": 17788,
    "size": 9995
}