{
    "HLR": {
        "RMSE": 0.6674273727450291,
        "LogLoss": 1.6979016519418706,
        "RMSE(bins)": 0.5707278397947585
    },
    "user": 17805,
    "size": 2415
}