{
    "metrics": {
        "RMSE": 0.294386529876784,
        "LogLoss": 0.3341206949964228,
        "RMSE(bins)": 0.0763879164127028,
        "ICI": 0.043793904820509294
    },
    "user": 17836,
    "size": 20440,
    "weights": [
        2.7979,
        -0.7196,
        3.4233
    ]
}