{
    "HLR": {
        "RMSE": 0.5079694532440887,
        "LogLoss": 1.6794469777409917,
        "RMSE(bins)": 0.466309054404916
    },
    "user": 17834,
    "size": 29540
}