{
    "HLR": {
        "RMSE": 0.4517731511600284,
        "LogLoss": 0.7873531138224249,
        "RMSE(bins)": 0.19637159389676845
    },
    "user": 18098,
    "size": 43125
}