{
    "metrics": {
        "RMSE": 0.10852560794395008,
        "LogLoss": 0.07389879246855663,
        "RMSE(bins)": 0.022813766739850513,
        "ICI": 0.013391515779405758
    },
    "user": 18111,
    "size": 23815,
    "weights": [
        3.2986,
        -1.8989,
        3.6791
    ]
}