{
    "HLR": {
        "RMSE": 0.5200332661782543,
        "LogLoss": 0.8594123828666946,
        "RMSE(bins)": 0.4172364548524945,
        "ICI": 0.3322884778771795
    },
    "user": 1813,
    "size": 11155
}