{
    "HLR": {
        "RMSE": 0.8801045651277787,
        "LogLoss": 8.037086058574422,
        "RMSE(bins)": 0.8533176441473607
    },
    "user": 1817,
    "size": 2930
}