{
    "metrics": {
        "RMSE": 0.4117110472619763,
        "LogLoss": 0.5565535401906352,
        "RMSE(bins)": 0.1021234267877337,
        "ICI": 0.07757731075535815
    },
    "user": 18211,
    "size": 10620,
    "weights": [
        1.6911,
        -0.7495,
        2.7661
    ]
}