{
    "HLR": {
        "RMSE": 0.7119918000097817,
        "LogLoss": 6.279420512596183,
        "RMSE(bins)": 0.543453947355975,
        "ICI": 0.4945058531989132
    },
    "user": 18239,
    "size": 390
}