{
    "metrics": {
        "RMSE": 0.2673265508470919,
        "LogLoss": 0.28602138033693897,
        "RMSE(bins)": 0.060939946506473275,
        "ICI": 0.037607803984012464
    },
    "user": 18275,
    "size": 16385,
    "weights": [
        2.062,
        -1.118,
        2.5456
    ]
}