{
    "metrics": {
        "RMSE": 0.30604599079799427,
        "LogLoss": 0.3540795227926222,
        "RMSE(bins)": 0.09697134829901197,
        "ICI": 0.06139848598581791
    },
    "user": 18279,
    "size": 197505,
    "weights": [
        1.9233,
        -2.5435,
        6.3902
    ]
}