{
    "HLR": {
        "RMSE": 0.5983652415457927,
        "LogLoss": 3.333540181255476,
        "RMSE(bins)": 0.3869394609752071
    },
    "user": 18301,
    "size": 10065
}