{
    "metrics": {
        "RMSE": 0.23232091127247398,
        "LogLoss": 0.21251846612842115,
        "RMSE(bins)": 0.0897827335144075,
        "ICI": 0.03795615619245706
    },
    "user": 18322,
    "size": 49845,
    "weights": [
        2.26,
        -2.1248,
        4.0369
    ]
}