{
    "HLR": {
        "RMSE": 0.48107565124985957,
        "LogLoss": 0.8629277314819094,
        "RMSE(bins)": 0.1603190606693748
    },
    "user": 18382,
    "size": 51735
}