{
    "metrics": {
        "RMSE": 0.41455114999965387,
        "LogLoss": 0.5608224744678018,
        "RMSE(bins)": 0.19963600784206612,
        "ICI": 0.12164581071270546
    },
    "user": 18385,
    "size": 10500,
    "weights": [
        2.7276,
        -0.7855,
        2.785
    ]
}