{
    "metrics": {
        "RMSE": 0.18017472770043616,
        "LogLoss": 0.15088873103819125,
        "RMSE(bins)": 0.030375638460134895,
        "ICI": 0.016098839399310626
    },
    "user": 18424,
    "size": 24975,
    "weights": [
        2.5584,
        -2.4206,
        2.7828
    ]
}