{
    "HLR": {
        "RMSE": 0.34052206987248423,
        "LogLoss": 0.44113645274210345,
        "RMSE(bins)": 0.10903026972603681
    },
    "user": 1849,
    "size": 84275
}