{
    "HLR": {
        "RMSE": 0.6178175068070156,
        "LogLoss": 1.8932959224851162,
        "RMSE(bins)": 0.5338079339900534,
        "ICI": 0.4150857612596844
    },
    "user": 18538,
    "size": 4770
}