{
    "HLR": {
        "RMSE": 0.7210535619945878,
        "LogLoss": 8.269269594725827,
        "RMSE(bins)": 0.6449342923881032
    },
    "user": 1854,
    "size": 860
}