{
    "HLR": {
        "RMSE": 0.3817068768019637,
        "LogLoss": 0.9920018688127838,
        "RMSE(bins)": 0.21889246612266242
    },
    "user": 18545,
    "size": 25785
}