{
    "metrics": {
        "RMSE": 0.3242974711126335,
        "LogLoss": 0.3976734899418261,
        "RMSE(bins)": 0.12820515936706564,
        "ICI": 0.07706068280747205
    },
    "user": 18564,
    "size": 16690,
    "weights": [
        2.7387,
        -0.8646,
        3.6662
    ]
}