{
    "HLR": {
        "RMSE": 0.6056955809058001,
        "LogLoss": 1.9793081563575194,
        "RMSE(bins)": 0.36250494769279656
    },
    "user": 18602,
    "size": 6030
}