{
    "metrics": {
        "RMSE": 0.28711445735855,
        "LogLoss": 0.3015922145532191,
        "RMSE(bins)": 0.05771165424537706,
        "ICI": 0.03211175192292734
    },
    "user": 18636,
    "size": 59775,
    "weights": [
        2.0818,
        -1.2511,
        3.819
    ]
}