{
    "metrics": {
        "RMSE": 0.06231601879740219,
        "LogLoss": 0.02875393545510695,
        "RMSE(bins)": 0.034167928679846284,
        "ICI": 0.014178510406509586
    },
    "user": 18645,
    "size": 5515,
    "weights": [
        3.3661,
        -0.4899,
        3.49
    ]
}