{
    "HLR": {
        "RMSE": 0.5183767911245086,
        "LogLoss": 1.1296586802968667,
        "RMSE(bins)": 0.3252740330490256,
        "ICI": 0.23923673028849385
    },
    "user": 18739,
    "size": 23085
}