{
    "metrics": {
        "RMSE": 0.41634066161769634,
        "LogLoss": 0.6329639753821423,
        "RMSE(bins)": 0.3818435936805522,
        "ICI": 0.24632544732846795
    },
    "user": 1888,
    "size": 4475,
    "weights": [
        3.2685,
        -0.1973,
        3.4491
    ]
}