{
    "HLR": {
        "RMSE": 0.4829743210207124,
        "LogLoss": 1.194131696545845,
        "RMSE(bins)": 0.3014043905001524
    },
    "user": 1891,
    "size": 50780
}