{
    "HLR": {
        "RMSE": 0.626538492079369,
        "LogLoss": 3.788960508989203,
        "RMSE(bins)": 0.4435356216592038
    },
    "user": 19036,
    "size": 480
}