{
    "metrics": {
        "RMSE": 0.4420250613799318,
        "LogLoss": 0.6410247066711933,
        "RMSE(bins)": 0.18766876857659226,
        "ICI": 0.15506651117359135
    },
    "user": 19066,
    "size": 13265,
    "weights": [
        3.3565,
        -0.1598,
        3.7818
    ]
}