{
    "metrics": {
        "RMSE": 0.3793232283045644,
        "LogLoss": 0.5158708081597486,
        "RMSE(bins)": 0.2057775153741367,
        "ICI": 0.11984302508863673
    },
    "user": 19176,
    "size": 3455,
    "weights": [
        2.9241,
        -0.723,
        3.1012
    ]
}