{
    "HLR": {
        "RMSE": 0.5928866339651316,
        "LogLoss": 2.3733588406261577,
        "RMSE(bins)": 0.48499466861886587
    },
    "user": 19214,
    "size": 18030
}