{
    "HLR": {
        "RMSE": 0.6977705021696047,
        "LogLoss": 2.204368976976792,
        "RMSE(bins)": 0.678876605439289
    },
    "user": 19249,
    "size": 10585
}