{
    "HLR": {
        "RMSE": 0.4538295625040176,
        "LogLoss": 1.0023081366671496,
        "RMSE(bins)": 0.35704475783399664
    },
    "user": 19276,
    "size": 22010
}