{
    "HLR": {
        "RMSE": 0.15511398450125854,
        "LogLoss": 0.14582979994844344,
        "RMSE(bins)": 0.07099710971135151
    },
    "user": 1930,
    "size": 90410
}