{
    "metrics": {
        "RMSE": 0.5495885259348051,
        "LogLoss": 2.485672800663772,
        "RMSE(bins)": 0.3568471377422945,
        "ICI": 0.25208846809602564
    },
    "user": 19348,
    "size": 4400,
    "weights": [
        3.1658,
        -0.4867,
        3.3042
    ]
}