{
    "metrics": {
        "RMSE": 0.2545819900239604,
        "LogLoss": 0.24211764932779414,
        "RMSE(bins)": 0.03786188939399043,
        "ICI": 0.01794670755877643
    },
    "user": 19341,
    "size": 67815,
    "weights": [
        1.8091,
        -1.4805,
        4.5592
    ]
}