{
    "metrics": {
        "RMSE": 0.1756248596988928,
        "LogLoss": 0.14128434911823834,
        "RMSE(bins)": 0.03704071250726498,
        "ICI": 0.014782735631607202
    },
    "user": 19372,
    "size": 129950,
    "weights": [
        2.0355,
        -0.8736,
        2.6668
    ]
}