{
    "metrics": {
        "RMSE": 0.20712630878020416,
        "LogLoss": 0.19383975972073286,
        "RMSE(bins)": 0.12061543032434995,
        "ICI": 0.04010354664987097
    },
    "user": 19516,
    "size": 55625,
    "weights": [
        3.7469,
        -0.8162,
        3.7622
    ]
}