{
    "HLR": {
        "RMSE": 0.4649382205320075,
        "LogLoss": 0.6683113408941871,
        "RMSE(bins)": 0.3594371347916113,
        "ICI": 0.24643803898120978
    },
    "user": 19633,
    "size": 14485
}