{
    "HLR": {
        "RMSE": 0.15721801050067735,
        "LogLoss": 0.11501540732199998,
        "RMSE(bins)": 0.13307619180488062
    },
    "user": 19643,
    "size": 102075
}