{
    "metrics": {
        "RMSE": 0.25820343290458575,
        "LogLoss": 0.25076904306763126,
        "RMSE(bins)": 0.062371646793589884,
        "ICI": 0.030641082079407057
    },
    "user": 19731,
    "size": 87275,
    "weights": [
        3.9328,
        -1.513,
        4.1804
    ]
}