{
    "metrics": {
        "RMSE": 0.07873168147825682,
        "LogLoss": 0.03884051931085903,
        "RMSE(bins)": 0.013430632172151047,
        "ICI": 0.008044067924671971
    },
    "user": 19831,
    "size": 9230,
    "weights": [
        2.6508,
        -0.7487,
        2.5488
    ]
}