{
    "HLR": {
        "RMSE": 0.606200487268655,
        "LogLoss": 1.7945923659237382,
        "RMSE(bins)": 0.4138187518090774
    },
    "user": 19851,
    "size": 13140
}