{
    "metrics": {
        "RMSE": 0.3207018829759976,
        "LogLoss": 0.38010486416159095,
        "RMSE(bins)": 0.10891184381044905,
        "ICI": 0.0585880286150085
    },
    "user": 19943,
    "size": 40190,
    "weights": [
        2.465,
        -1.3777,
        2.8296
    ]
}