{
    "metrics": {
        "RMSE": 0.44490405475108186,
        "LogLoss": 0.6577547982646276,
        "RMSE(bins)": 0.2063543215025259,
        "ICI": 0.14767832621434035
    },
    "user": 19950,
    "size": 17905,
    "weights": [
        1.6558,
        -1.162,
        2.646
    ]
}