{
    "HLR": {
        "RMSE": 0.6408059590479943,
        "LogLoss": 1.824946985221303,
        "RMSE(bins)": 0.5366844176907738,
        "ICI": 0.43098194051488603
    },
    "user": 2014,
    "size": 5980
}