{
    "HLR": {
        "RMSE": 0.42927488857387097,
        "LogLoss": 0.5735881801991125,
        "RMSE(bins)": 0.36148338547526665
    },
    "user": 2030,
    "size": 52020
}