{
    "HLR": {
        "RMSE": 0.4716623315091623,
        "LogLoss": 0.7309610387406714,
        "RMSE(bins)": 0.22945628176311594
    },
    "user": 2046,
    "size": 28500
}