{
    "metrics": {
        "RMSE": 0.31905448296906375,
        "LogLoss": 0.3720045409947946,
        "RMSE(bins)": 0.12756656912871678,
        "ICI": 0.06118073205800119
    },
    "user": 2049,
    "size": 28780,
    "weights": [
        1.8032,
        -1.0459,
        3.7451
    ]
}