{
    "metrics": {
        "RMSE": 0.5173530684767562,
        "LogLoss": 0.8859544322288204,
        "RMSE(bins)": 0.33840207376023973,
        "ICI": 0.2610523615551244
    },
    "user": 2061,
    "size": 12895,
    "weights": [
        2.5819,
        -0.8674,
        2.7245
    ]
}