{
    "metrics": {
        "RMSE": 0.29988130366874977,
        "LogLoss": 0.32917845083336295,
        "RMSE(bins)": 0.06239168430269729,
        "ICI": 0.03787560853491997
    },
    "user": 2157,
    "size": 41700,
    "weights": [
        2.1148,
        -1.7948,
        3.9334
    ]
}