{
    "metrics": {
        "RMSE": 0.33224369586782404,
        "LogLoss": 0.38697933816681673,
        "RMSE(bins)": 0.06519701488223502,
        "ICI": 0.04427584305242596
    },
    "user": 2207,
    "size": 10470,
    "weights": [
        1.991,
        -1.0656,
        2.537
    ]
}