{
    "metrics": {
        "RMSE": 0.5447590510363904,
        "LogLoss": 1.0182659914097523,
        "RMSE(bins)": 0.37788156034384557,
        "ICI": 0.27217905352734983
    },
    "user": 2236,
    "size": 22330
}