{
    "HLR": {
        "RMSE": 0.8252948057935265,
        "LogLoss": 14.779142190130063,
        "RMSE(bins)": 0.7608590210217464
    },
    "user": 2247,
    "size": 1010
}