{
    "metrics": {
        "RMSE": 0.3000660450667105,
        "LogLoss": 0.3394980579426289,
        "RMSE(bins)": 0.07848621627932274,
        "ICI": 0.05005229715387357
    },
    "user": 2319,
    "size": 28535,
    "weights": [
        2.6419,
        -1.3542,
        3.7746
    ]
}