{
    "HLR": {
        "RMSE": 0.665219115739894,
        "LogLoss": 3.444436031028756,
        "RMSE(bins)": 0.4966015961093614
    },
    "user": 2390,
    "size": 2600
}