{
    "HLR": {
        "RMSE": 0.46971902976960406,
        "LogLoss": 0.8632784442012985,
        "RMSE(bins)": 0.3106844908670609
    },
    "user": 2441,
    "size": 37235
}