{
    "metrics": {
        "RMSE": 0.28782851241725643,
        "LogLoss": 0.3173232439215315,
        "RMSE(bins)": 0.07994700045646638,
        "ICI": 0.04178256233721489
    },
    "user": 2450,
    "size": 63385,
    "weights": [
        2.318,
        -1.5529,
        1.8511
    ]
}