{
    "HLR": {
        "RMSE": 0.6337907478707593,
        "LogLoss": 2.9613555030568333,
        "RMSE(bins)": 0.5135878849677875
    },
    "user": 2568,
    "size": 7210
}