{
    "metrics": {
        "RMSE": 0.7048860564580474,
        "LogLoss": 1.9407453581331748,
        "RMSE(bins)": 0.616032628341369,
        "ICI": 0.5538902048781698
    },
    "user": 2593,
    "size": 4970
}