{
    "metrics": {
        "RMSE": 0.47522336674819743,
        "LogLoss": 0.8556656625569732,
        "RMSE(bins)": 0.16284517520442424,
        "ICI": 0.16306083682629452
    },
    "user": 2650,
    "size": 13295,
    "weights": [
        2.7495,
        0.2985,
        3.8454
    ]
}