{
    "HLR": {
        "RMSE": 0.9489219131657205,
        "LogLoss": 16.5863391059871,
        "RMSE(bins)": 0.9154094730737034
    },
    "user": 2656,
    "size": 305
}