{
    "metrics": {
        "RMSE": 0.47246811420039814,
        "LogLoss": 0.7011317651497143,
        "RMSE(bins)": 0.13978971360779346,
        "ICI": 0.1238214324605002
    },
    "user": 2701,
    "size": 117045,
    "weights": [
        1.2585,
        -1.0219,
        3.5004
    ]
}