{
    "HLR": {
        "RMSE": 0.7321169225136099,
        "LogLoss": 3.696556394229109,
        "RMSE(bins)": 0.6517448775716767,
        "ICI": 0.5698229917641401
    },
    "user": 2741,
    "size": 8905
}