{
    "HLR": {
        "RMSE": 0.615424597125536,
        "LogLoss": 4.1932903290095345,
        "RMSE(bins)": 0.45587105073332734
    },
    "user": 2821,
    "size": 2190
}