{
    "HLR": {
        "RMSE": 0.6742797316003258,
        "LogLoss": 5.367369077643664,
        "RMSE(bins)": 0.5791224597074633
    },
    "user": 2848,
    "size": 16990
}