{
    "HLR": {
        "RMSE": 0.6531087403185142,
        "LogLoss": 2.0383925292114817,
        "RMSE(bins)": 0.6061219076682935,
        "ICI": 0.5223226091158252
    },
    "user": 2903,
    "size": 5800
}