{
    "HLR": {
        "RMSE": 0.32911652800717384,
        "LogLoss": 0.38234816124753224,
        "RMSE(bins)": 0.3165428235248688
    },
    "user": 2921,
    "size": 40385
}