{
    "metrics": {
        "RMSE": 0.16099802402149335,
        "LogLoss": 0.1371667575197888,
        "RMSE(bins)": 0.057879541456920564,
        "ICI": 0.025365897356758964
    },
    "user": 2928,
    "size": 3325,
    "weights": [
        3.09,
        -0.4709,
        3.1531
    ]
}