{
    "HLR": {
        "RMSE": 0.5561592836509096,
        "LogLoss": 2.584626672856797,
        "RMSE(bins)": 0.30076876539380876,
        "ICI": 0.2533263274248496
    },
    "user": 2962,
    "size": 14440
}