{
    "metrics": {
        "RMSE": 0.44787810675415896,
        "LogLoss": 0.660131800033622,
        "RMSE(bins)": 0.2134862475638383,
        "ICI": 0.12492824475709625
    },
    "user": 3125,
    "size": 28175,
    "weights": [
        2.3514,
        -1.7325,
        3.7665
    ]
}