{
    "metrics": {
        "RMSE": 0.3933476337275548,
        "LogLoss": 0.6015918135431313,
        "RMSE(bins)": 0.15118037542359725,
        "ICI": 0.11343472456149785
    },
    "user": 318,
    "size": 10070,
    "weights": [
        2.7186,
        -0.8381,
        3.3638
    ]
}