{
    "metrics": {
        "RMSE": 0.30312419932997015,
        "LogLoss": 0.3614066544945833,
        "RMSE(bins)": 0.06161948746087297,
        "ICI": 0.04742063555973059
    },
    "user": 3213,
    "size": 46700,
    "weights": [
        2.1767,
        -1.5993,
        3.2117
    ]
}