{
    "HLR": {
        "RMSE": 0.373305731614201,
        "LogLoss": 0.46683286235060145,
        "RMSE(bins)": 0.2902609301497793,
        "ICI": 0.18193424254798268
    },
    "user": 327,
    "size": 33455
}