{
    "metrics": {
        "RMSE": 0.38851421214368337,
        "LogLoss": 0.5080224074915974,
        "RMSE(bins)": 0.11553673644663957,
        "ICI": 0.07768748352288952
    },
    "user": 3281,
    "size": 4160,
    "weights": [
        1.8272,
        -0.3748,
        2.8171
    ]
}