{
    "metrics": {
        "RMSE": 0.7344903758275966,
        "LogLoss": 3.1758978314006074,
        "RMSE(bins)": 0.6244986643248482,
        "ICI": 0.5541602064012405
    },
    "user": 3320,
    "size": 4650
}