{
    "HLR": {
        "RMSE": 0.4442032771235393,
        "LogLoss": 0.6229677770760464,
        "RMSE(bins)": 0.25708081705434693
    },
    "user": 3324,
    "size": 49305
}