{
    "metrics": {
        "RMSE": 0.4031410837401074,
        "LogLoss": 0.6825161096060518,
        "RMSE(bins)": 0.18290379033701953,
        "ICI": 0.13470235889533644
    },
    "user": 3344,
    "size": 57020
}