{
    "metrics": {
        "RMSE": 0.28420650432661937,
        "LogLoss": 0.27839997040596,
        "RMSE(bins)": 0.09825194566118368,
        "ICI": 0.034910017030591184
    },
    "user": 3419,
    "size": 32700,
    "weights": [
        3.0721,
        -1.0286,
        2.4276
    ]
}