{
    "HLR": {
        "RMSE": 0.6873978389462426,
        "LogLoss": 3.243000276236961,
        "RMSE(bins)": 0.6053485515454109
    },
    "user": 3441,
    "size": 8005
}