{
    "HLR": {
        "RMSE": 0.3464421237736634,
        "LogLoss": 0.3948363168618104,
        "RMSE(bins)": 0.2527466364926152,
        "ICI": 0.15978342959502068
    },
    "user": 3465,
    "size": 22555
}