{
    "metrics": {
        "RMSE": 0.4331367820067516,
        "LogLoss": 0.653911625783004,
        "RMSE(bins)": 0.1796531792835287,
        "ICI": 0.12974556195837286
    },
    "user": 35,
    "size": 19360,
    "weights": [
        2.5213,
        -1.4482,
        3.118
    ]
}