{
    "HLR": {
        "RMSE": 0.4547301380160805,
        "LogLoss": 0.8350362226308145,
        "RMSE(bins)": 0.34345451134386007
    },
    "user": 3518,
    "size": 21205
}