{
    "metrics": {
        "RMSE": 0.2273806870065597,
        "LogLoss": 0.21396499479384629,
        "RMSE(bins)": 0.09700248368239602,
        "ICI": 0.04985536809237532
    },
    "user": 3599,
    "size": 3500,
    "weights": [
        3.1175,
        -0.5274,
        3.2769
    ]
}