{
    "metrics": {
        "RMSE": 0.47747038474103476,
        "LogLoss": 0.6839632979373345,
        "RMSE(bins)": 0.13733708616528145,
        "ICI": 0.10526815965659611
    },
    "user": 3630,
    "size": 7855,
    "weights": [
        2.4622,
        -1.1192,
        2.527
    ]
}