{
    "HLR": {
        "RMSE": 0.8338382179239997,
        "LogLoss": 6.501385921750343,
        "RMSE(bins)": 0.793044559802961
    },
    "user": 3660,
    "size": 435
}