{
    "HLR": {
        "RMSE": 0.8503365603466377,
        "LogLoss": 10.40844407925484,
        "RMSE(bins)": 0.8250740803803517,
        "ICI": 0.7685473672048103
    },
    "user": 3697,
    "size": 2720
}