{
    "HLR": {
        "RMSE": 0.4773320191620933,
        "LogLoss": 0.9230759561729782,
        "RMSE(bins)": 0.3114055893402497
    },
    "user": 3734,
    "size": 16955
}