{
    "metrics": {
        "RMSE": 0.29772564973064347,
        "LogLoss": 0.36556177570740306,
        "RMSE(bins)": 0.12920150276235906,
        "ICI": 0.09927896119989978
    },
    "user": 3745,
    "size": 8860,
    "weights": [
        3.5716,
        0.0406,
        3.7654
    ]
}