{
    "HLR": {
        "RMSE": 0.7085224441879392,
        "LogLoss": 4.922835946351283,
        "RMSE(bins)": 0.6519548438927851
    },
    "user": 3817,
    "size": 13350
}