{
    "metrics": {
        "RMSE": 0.11523465960019988,
        "LogLoss": 0.08781271294964262,
        "RMSE(bins)": 0.039024638414839524,
        "ICI": 0.012645375009855832
    },
    "user": 3833,
    "size": 66655,
    "weights": [
        3.3031,
        0.8956,
        4.901
    ]
}