{
    "HLR": {
        "RMSE": 0.8701777338295403,
        "LogLoss": 11.305781179601551,
        "RMSE(bins)": 0.8623694266481574
    },
    "user": 3868,
    "size": 4000
}