{
    "HLR": {
        "RMSE": 0.9051910576892668,
        "LogLoss": 14.666891706948219,
        "RMSE(bins)": 0.8989827941861454
    },
    "user": 3868,
    "size": 3490
}