{
    "metrics": {
        "RMSE": 0.5882476393342526,
        "LogLoss": 1.6844443790054593,
        "RMSE(bins)": 0.4782895999602285,
        "ICI": 0.3938581236570317
    },
    "user": 3915,
    "size": 12880
}