{
    "metrics": {
        "RMSE": 0.3447259391210803,
        "LogLoss": 0.44130013643135907,
        "RMSE(bins)": 0.11878349661693631,
        "ICI": 0.07996805301239782
    },
    "user": 3982,
    "size": 17920,
    "weights": [
        2.1942,
        -1.2743,
        3.3508
    ]
}