{
    "metrics": {
        "RMSE": 0.43752752024297925,
        "LogLoss": 0.6438684629704254,
        "RMSE(bins)": 0.14518839531979466,
        "ICI": 0.10098910200488043
    },
    "user": 3990,
    "size": 103245,
    "weights": [
        1.9779,
        -1.9212,
        4.7094
    ]
}