{
    "metrics": {
        "RMSE": 0.35268378217744395,
        "LogLoss": 0.4565448504005823,
        "RMSE(bins)": 0.08191647530088078,
        "ICI": 0.04729348701778384
    },
    "user": 4262,
    "size": 66390,
    "weights": [
        1.253,
        -1.4441,
        3.6311
    ]
}