{
    "metrics": {
        "RMSE": 0.2742151150294642,
        "LogLoss": 0.29997192181991406,
        "RMSE(bins)": 0.13255533049062995,
        "ICI": 0.0592436038076748
    },
    "user": 4288,
    "size": 12765,
    "weights": [
        3.0645,
        0.0214,
        3.5102
    ]
}