{
    "metrics": {
        "RMSE": 0.35831745101705903,
        "LogLoss": 0.4664770733813695,
        "RMSE(bins)": 0.11109993313019724,
        "ICI": 0.0838445244434689
    },
    "user": 4358,
    "size": 124930,
    "weights": [
        2.142,
        -2.0149,
        4.0313
    ]
}