{
    "HLR": {
        "RMSE": 0.8654676573734993,
        "LogLoss": 11.225123183756516,
        "RMSE(bins)": 0.8016801269680323
    },
    "user": 4416,
    "size": 3225
}