{
    "metrics": {
        "RMSE": 0.29766160927277563,
        "LogLoss": 0.30686751651481836,
        "RMSE(bins)": 0.1839465185896953,
        "ICI": 0.06260312565999981
    },
    "user": 4453,
    "size": 11415,
    "weights": [
        2.7277,
        -0.7731,
        3.0113
    ]
}