{
    "HLR": {
        "RMSE": 0.8158089805816116,
        "LogLoss": 6.771805440168099,
        "RMSE(bins)": 0.794529257587844,
        "ICI": 0.7422372040583634
    },
    "user": 448,
    "size": 6975
}