{
    "metrics": {
        "RMSE": 0.28410401489241427,
        "LogLoss": 0.3022655183612113,
        "RMSE(bins)": 0.10497598358536739,
        "ICI": 0.04489787566986976
    },
    "user": 451,
    "size": 5140,
    "weights": [
        2.8075,
        -0.8614,
        3.1429
    ]
}