{
    "HLR": {
        "RMSE": 0.49748507876461545,
        "LogLoss": 0.8715003559523922,
        "RMSE(bins)": 0.2605629683192142
    },
    "user": 4547,
    "size": 76440
}