{
    "HLR": {
        "RMSE": 0.640665804957994,
        "LogLoss": 2.3805979388225094,
        "RMSE(bins)": 0.5534343083883613
    },
    "user": 4567,
    "size": 5690
}