{
    "HLR": {
        "RMSE": 0.45568947822726436,
        "LogLoss": 0.7377534850238616,
        "RMSE(bins)": 0.18751599822716866
    },
    "user": 4578,
    "size": 51055
}