{
    "metrics": {
        "RMSE": 0.34369934069379754,
        "LogLoss": 0.4074182121312587,
        "RMSE(bins)": 0.06549903113265579,
        "ICI": 0.026141337248215806
    },
    "user": 467,
    "size": 123870
}