{
    "HLR": {
        "RMSE": 0.5971688341961577,
        "LogLoss": 1.2966318166197124,
        "RMSE(bins)": 0.47313941572535334,
        "ICI": 0.306150154880875
    },
    "user": 4673,
    "size": 1785
}