{
    "metrics": {
        "RMSE": 0.3781254205186891,
        "LogLoss": 0.5027091070939064,
        "RMSE(bins)": 0.14227723780496512,
        "ICI": 0.08303691032445336
    },
    "user": 4706,
    "size": 88095,
    "weights": [
        2.1492,
        -1.9296,
        3.4677
    ]
}