{
    "metrics": {
        "RMSE": 0.6809802196763867,
        "LogLoss": 2.482153687647965,
        "RMSE(bins)": 0.6704181442988563,
        "ICI": 0.5769506455949391
    },
    "user": 48,
    "size": 9400
}