{
    "HLR": {
        "RMSE": 0.5102700895207551,
        "LogLoss": 0.8306022281036143,
        "RMSE(bins)": 0.37172224940534904
    },
    "user": 4822,
    "size": 11635
}