{
    "metrics": {
        "RMSE": 0.14792122299147317,
        "LogLoss": 0.11464946553164491,
        "RMSE(bins)": 0.03427182061702339,
        "ICI": 0.019854058286053262
    },
    "user": 4845,
    "size": 75750,
    "weights": [
        2.8632,
        -2.2069,
        3.5678
    ]
}