{
    "metrics": {
        "RMSE": 0.3078336874340122,
        "LogLoss": 0.3257207553376028,
        "RMSE(bins)": 0.05846344047930131,
        "ICI": 0.024579054805373337
    },
    "user": 4859,
    "size": 2490,
    "weights": [
        2.4938,
        -1.2192,
        2.4357
    ]
}