{
    "HLR": {
        "RMSE": 0.613108466595483,
        "LogLoss": 3.178775711678351,
        "RMSE(bins)": 0.37855595748519594
    },
    "user": 4926,
    "size": 10740
}