{
    "HLR": {
        "RMSE": 0.6201089631044708,
        "LogLoss": 3.2837994267196375,
        "RMSE(bins)": 0.5407264108450951
    },
    "user": 4945,
    "size": 6225
}