{
    "HLR": {
        "RMSE": 0.6160942071980254,
        "LogLoss": 2.780375904856492,
        "RMSE(bins)": 0.5262601540291482
    },
    "user": 4949,
    "size": 14995
}