{
    "HLR": {
        "RMSE": 0.2893540114121752,
        "LogLoss": 0.2923296872531674,
        "RMSE(bins)": 0.12980783102262203
    },
    "user": 4993,
    "size": 142715
}