{
    "metrics": {
        "RMSE": 0.43683639301688243,
        "LogLoss": 0.5800701861891072,
        "RMSE(bins)": 0.2881103996912805,
        "ICI": 0.18855350988732936
    },
    "user": 5016,
    "size": 24195,
    "weights": [
        3.1883,
        -1.3264,
        3.802
    ]
}