{
    "metrics": {
        "RMSE": 0.39463844105683393,
        "LogLoss": 0.5274699416362089,
        "RMSE(bins)": 0.2462666299346426,
        "ICI": 0.17463102755616675
    },
    "user": 5050,
    "size": 18850,
    "weights": [
        3.6834,
        -0.5498,
        4.019
    ]
}