{
    "HLR": {
        "RMSE": 0.6423896919519134,
        "LogLoss": 5.1236992748385015,
        "RMSE(bins)": 0.45994877256683964
    },
    "user": 5115,
    "size": 12060
}