{
    "metrics": {
        "RMSE": 0.34523752192326457,
        "LogLoss": 0.3954381854617519,
        "RMSE(bins)": 0.1754661587421421,
        "ICI": 0.12078431688688104
    },
    "user": 5142,
    "size": 86685
}