{
    "metrics": {
        "RMSE": 0.38914352790223705,
        "LogLoss": 0.4833297569819879,
        "RMSE(bins)": 0.08108680868508358,
        "ICI": 0.04519874992342519
    },
    "user": 5189,
    "size": 56290,
    "weights": [
        1.9447,
        -1.423,
        3.1543
    ]
}