{
    "HLR": {
        "RMSE": 0.49011911465396313,
        "LogLoss": 0.6893400813963023,
        "RMSE(bins)": 0.2777598798502597
    },
    "user": 5227,
    "size": 12430
}