{
    "HLR": {
        "RMSE": 0.7331056207841786,
        "LogLoss": 2.6605528034836468,
        "RMSE(bins)": 0.6541007610394721
    },
    "user": 5275,
    "size": 5345
}