{
    "metrics": {
        "RMSE": 0.10700169871703687,
        "LogLoss": 0.06800386632314781,
        "RMSE(bins)": 0.053307222074818736,
        "ICI": 0.01658770489331953
    },
    "user": 5302,
    "size": 8165,
    "weights": [
        3.563,
        -0.9209,
        3.8037
    ]
}