{
    "metrics": {
        "RMSE": 0.409014917704123,
        "LogLoss": 0.6218572643714083,
        "RMSE(bins)": 0.1760394362112215,
        "ICI": 0.13586042014838012
    },
    "user": 5356,
    "size": 43910,
    "weights": [
        1.9272,
        -1.4525,
        2.7513
    ]
}