{
    "metrics": {
        "RMSE": 0.2551455386153862,
        "LogLoss": 0.31946892452524733,
        "RMSE(bins)": 0.23399546529200632,
        "ICI": 0.10813704820271478
    },
    "user": 5492,
    "size": 2485,
    "weights": [
        3.0051,
        -0.6031,
        3.1159
    ]
}