{
    "metrics": {
        "RMSE": 0.4412126113553876,
        "LogLoss": 0.6299227198214077,
        "RMSE(bins)": 0.1324776749430491,
        "ICI": 0.09606374958759953
    },
    "user": 5497,
    "size": 102875,
    "weights": [
        2.3666,
        -1.1258,
        3.1955
    ]
}