{
    "metrics": {
        "RMSE": 0.37172732947679127,
        "LogLoss": 0.5175231823328058,
        "RMSE(bins)": 0.10332941590520675,
        "ICI": 0.07700371490963787
    },
    "user": 5536,
    "size": 18185,
    "weights": [
        2.4535,
        -0.2054,
        3.2454
    ]
}