{
    "metrics": {
        "RMSE": 0.4344914105530054,
        "LogLoss": 0.7040651197804813,
        "RMSE(bins)": 0.19618601790380294,
        "ICI": 0.13937609210043886
    },
    "user": 5547,
    "size": 8330,
    "weights": [
        2.7343,
        -0.1407,
        2.972
    ]
}