{
    "metrics": {
        "RMSE": 0.7540004133988708,
        "LogLoss": 6.32541696256666,
        "RMSE(bins)": 0.6733771924949998,
        "ICI": 0.6088441404615287
    },
    "user": 5616,
    "size": 3290
}