{
    "HLR": {
        "RMSE": 0.3530115755401413,
        "LogLoss": 0.4405731447674341,
        "RMSE(bins)": 0.24920545832669722
    },
    "user": 5668,
    "size": 107470
}