{
    "metrics": {
        "RMSE": 0.30060788067863986,
        "LogLoss": 0.3372737784365675,
        "RMSE(bins)": 0.09026894628519468,
        "ICI": 0.047543742226441546
    },
    "user": 5703,
    "size": 8810,
    "weights": [
        2.5819,
        -0.8674,
        2.7245
    ]
}