{
    "HLR": {
        "RMSE": 0.5345439685282324,
        "LogLoss": 1.1831167910226816,
        "RMSE(bins)": 0.35322314441314334
    },
    "user": 576,
    "size": 46160
}