{
    "HLR": {
        "RMSE": 0.6631458230929225,
        "LogLoss": 1.9461398654648294,
        "RMSE(bins)": 0.5670384839126302
    },
    "user": 584,
    "size": 5680
}