{
    "metrics": {
        "RMSE": 0.31447756268113525,
        "LogLoss": 0.3892702512306216,
        "RMSE(bins)": 0.08642927708344134,
        "ICI": 0.053979480235236084
    },
    "user": 5907,
    "size": 3920,
    "weights": [
        1.9163,
        -1.4878,
        2.1218
    ]
}