{
    "metrics": {
        "RMSE": 0.8032900880802915,
        "LogLoss": 3.957609675933371,
        "RMSE(bins)": 0.7916916005295487,
        "ICI": 0.7365831745166171
    },
    "user": 6004,
    "size": 10710
}