{
    "metrics": {
        "RMSE": 0.4512347110103485,
        "LogLoss": 0.6341987733681731,
        "RMSE(bins)": 0.1580658666522502,
        "ICI": 0.11400033008618404
    },
    "user": 6022,
    "size": 2515,
    "weights": [
        2.3117,
        -0.6964,
        2.9008
    ]
}