{
    "HLR": {
        "RMSE": 0.24329846520785367,
        "LogLoss": 0.2550473186426339,
        "RMSE(bins)": 0.0655131821125566
    },
    "user": 6028,
    "size": 86725
}