{
    "HLR": {
        "RMSE": 0.4951219935380047,
        "LogLoss": 1.0681231341556052,
        "RMSE(bins)": 0.2446968385969961
    },
    "user": 6042,
    "size": 41585
}