{
    "metrics": {
        "RMSE": 0.32512650342312477,
        "LogLoss": 0.38121735508853993,
        "RMSE(bins)": 0.09888107286909797,
        "ICI": 0.06844571619422012
    },
    "user": 6046,
    "size": 47555,
    "weights": [
        1.9595,
        -1.5707,
        3.3015
    ]
}