{
    "metrics": {
        "RMSE": 0.41438733497860886,
        "LogLoss": 0.5794318534380721,
        "RMSE(bins)": 0.15922330833267195,
        "ICI": 0.07281974750428513
    },
    "user": 6119,
    "size": 13535,
    "weights": [
        1.9706,
        -1.103,
        2.2184
    ]
}