{
    "metrics": {
        "RMSE": 0.532921653098693,
        "LogLoss": 1.3887511541593274,
        "RMSE(bins)": 0.3699438649434623,
        "ICI": 0.2714206354716816
    },
    "user": 6252,
    "size": 4850
}