{
    "metrics": {
        "RMSE": 0.33433190511228317,
        "LogLoss": 0.392385166649478,
        "RMSE(bins)": 0.08060068793377857,
        "ICI": 0.059361179326310916
    },
    "user": 6442,
    "size": 136750,
    "weights": [
        2.6281,
        -1.4106,
        1.0701
    ]
}