{
    "metrics": {
        "RMSE": 0.23318472174574253,
        "LogLoss": 0.22626709728564365,
        "RMSE(bins)": 0.0443366530677284,
        "ICI": 0.027902568643021673
    },
    "user": 6464,
    "size": 19990,
    "weights": [
        2.5106,
        -0.9998,
        2.2893
    ]
}