{
    "metrics": {
        "RMSE": 0.3241749020730957,
        "LogLoss": 0.37522016439479305,
        "RMSE(bins)": 0.07414290317653194,
        "ICI": 0.04833787130609392
    },
    "user": 657,
    "size": 14645,
    "weights": [
        2.5103,
        -0.7023,
        3.0854
    ]
}