{
    "metrics": {
        "RMSE": 0.174853992624708,
        "LogLoss": 0.14956136272082185,
        "RMSE(bins)": 0.04811757949595428,
        "ICI": 0.018825418159823238
    },
    "user": 6632,
    "size": 11630,
    "weights": [
        3.1785,
        -0.1707,
        3.6361
    ]
}