{
    "HLR": {
        "RMSE": 0.6345612628129255,
        "LogLoss": 3.794938222144809,
        "RMSE(bins)": 0.4273557339558966
    },
    "user": 665,
    "size": 2695
}