{
    "metrics": {
        "RMSE": 0.28600643194168557,
        "LogLoss": 0.32510565749549286,
        "RMSE(bins)": 0.11624662617462345,
        "ICI": 0.05397218288382353
    },
    "user": 6652,
    "size": 6625,
    "weights": [
        2.2113,
        -0.9068,
        2.5462
    ]
}