{
    "metrics": {
        "RMSE": 0.18930941516697433,
        "LogLoss": 0.15991988038667115,
        "RMSE(bins)": 0.059831552729549285,
        "ICI": 0.028461422403675753
    },
    "user": 668,
    "size": 2940,
    "weights": [
        2.8317,
        -1.104,
        2.8252
    ]
}