{
    "metrics": {
        "RMSE": 0.1701252878150805,
        "LogLoss": 0.13216834119869433,
        "RMSE(bins)": 0.030485195006012825,
        "ICI": 0.015262912766895386
    },
    "user": 6813,
    "size": 6975,
    "weights": [
        3.1078,
        -0.0753,
        3.4841
    ]
}