{
    "metrics": {
        "RMSE": 0.4213615852531787,
        "LogLoss": 0.6282258452152412,
        "RMSE(bins)": 0.16906706320442436,
        "ICI": 0.13169216790244961
    },
    "user": 6817,
    "size": 39045,
    "weights": [
        2.2377,
        -1.6148,
        3.4851
    ]
}