{
    "HLR": {
        "RMSE": 0.5032434952607462,
        "LogLoss": 3.0036634013947467,
        "RMSE(bins)": 0.3429250393513095
    },
    "user": 6825,
    "size": 175
}