{
    "HLR": {
        "RMSE": 0.5965685564491562,
        "LogLoss": 1.6882360388741184,
        "RMSE(bins)": 0.5084151883733001
    },
    "user": 6902,
    "size": 5905
}