{
    "HLR": {
        "RMSE": 0.6971536454113894,
        "LogLoss": 3.232382789990558,
        "RMSE(bins)": 0.641312959300187
    },
    "user": 6930,
    "size": 4175
}