{
    "metrics": {
        "RMSE": 0.34896026254857,
        "LogLoss": 0.46305070644959234,
        "RMSE(bins)": 0.12891132494546453,
        "ICI": 0.08123261422847712
    },
    "user": 696,
    "size": 27565,
    "weights": [
        2.0708,
        -0.9457,
        3.5032
    ]
}