{
    "HLR": {
        "RMSE": 0.466355476007786,
        "LogLoss": 1.0110954097135176,
        "RMSE(bins)": 0.2792293315981583
    },
    "user": 7044,
    "size": 24000
}