{
    "HLR": {
        "RMSE": 0.45517946689537275,
        "LogLoss": 0.9385772208811228,
        "RMSE(bins)": 0.2635980453610596
    },
    "user": 7096,
    "size": 24660
}