{
    "HLR": {
        "RMSE": 0.6373180577111919,
        "LogLoss": 1.7069337339104773,
        "RMSE(bins)": 0.5620896709367931,
        "ICI": 0.4896319012762119
    },
    "user": 7222,
    "size": 3580
}