{
    "HLR": {
        "RMSE": 0.9070303705817341,
        "LogLoss": 12.13568237851219,
        "RMSE(bins)": 0.8954103366066323
    },
    "user": 732,
    "size": 3455
}