{
    "metrics": {
        "RMSE": 0.3453688602765398,
        "LogLoss": 0.43828026796077757,
        "RMSE(bins)": 0.09519733420193396,
        "ICI": 0.06852082501607
    },
    "user": 7334,
    "size": 21040,
    "weights": [
        1.7879,
        -0.6897,
        3.4436
    ]
}