{
    "HLR": {
        "RMSE": 0.5768524870024658,
        "LogLoss": 1.338565818589855,
        "RMSE(bins)": 0.4797779719226811
    },
    "user": 7336,
    "size": 36655
}