{
    "HLR": {
        "RMSE": 0.5870481628288131,
        "LogLoss": 1.6456456570729592,
        "RMSE(bins)": 0.3340178681634377,
        "ICI": 0.29285272204469287
    },
    "user": 7372,
    "size": 5690
}