{
    "HLR": {
        "RMSE": 0.45493403299565716,
        "LogLoss": 0.731257594882106,
        "RMSE(bins)": 0.2943785663566107,
        "ICI": 0.20606846429955933
    },
    "user": 7378,
    "size": 9320
}