{
    "HLR": {
        "RMSE": 0.6147198512322082,
        "LogLoss": 2.7031245131281185,
        "RMSE(bins)": 0.3809100542445129,
        "ICI": 0.3288134133876035
    },
    "user": 7387,
    "size": 13115
}