{
    "metrics": {
        "RMSE": 0.43931346946144895,
        "LogLoss": 0.7419196685324507,
        "RMSE(bins)": 0.17548157149440333,
        "ICI": 0.15251485985056734
    },
    "user": 7492,
    "size": 10970,
    "weights": [
        2.6233,
        -1.4733,
        3.0783
    ]
}