{
    "metrics": {
        "RMSE": 0.7964709225885344,
        "LogLoss": 2.9681477873690154,
        "RMSE(bins)": 0.7900234511884221,
        "ICI": 0.7539057185296105
    },
    "user": 7594,
    "size": 13610
}