{
    "HLR": {
        "RMSE": 0.43037283797018544,
        "LogLoss": 0.7158490277947,
        "RMSE(bins)": 0.17850995207490247
    },
    "user": 760,
    "size": 41780
}