{
    "metrics": {
        "RMSE": 0.39017353629409596,
        "LogLoss": 0.5152020601260717,
        "RMSE(bins)": 0.13900912777383334,
        "ICI": 0.09678437840463928
    },
    "user": 7641,
    "size": 21750,
    "weights": [
        2.1426,
        -1.6324,
        2.2822
    ]
}