{
    "HLR": {
        "RMSE": 0.30395631425463754,
        "LogLoss": 0.7515829402152716,
        "RMSE(bins)": 0.2392446466270982
    },
    "user": 7645,
    "size": 30855
}