{
    "HLR": {
        "RMSE": 0.6384642728157618,
        "LogLoss": 1.4873091289548634,
        "RMSE(bins)": 0.48128731793742907
    },
    "user": 7650,
    "size": 2730
}