{
    "HLR": {
        "RMSE": 0.5206106783578928,
        "LogLoss": 1.5356167739573925,
        "RMSE(bins)": 0.3225795100034805,
        "ICI": 0.2315497891371769
    },
    "user": 7669,
    "size": 12725
}