{
    "HLR": {
        "RMSE": 0.4838236533003718,
        "LogLoss": 1.1580322809775887,
        "RMSE(bins)": 0.27993081343488657
    },
    "user": 7677,
    "size": 93965
}