{
    "metrics": {
        "RMSE": 0.07698753210691138,
        "LogLoss": 0.0421744669528116,
        "RMSE(bins)": 0.01524512880242472,
        "ICI": 0.008353541636008337
    },
    "user": 7810,
    "size": 98495,
    "weights": [
        4.5767,
        1.0812,
        3.1514
    ]
}