{
    "HLR": {
        "RMSE": 0.7976299878943973,
        "LogLoss": 6.663057030888535,
        "RMSE(bins)": 0.7219898887551184
    },
    "user": 7834,
    "size": 2475
}