{
    "metrics": {
        "RMSE": 0.34524462967234565,
        "LogLoss": 0.509348067468299,
        "RMSE(bins)": 0.24430152194459148,
        "ICI": 0.11275702748461802
    },
    "user": 7842,
    "size": 6120,
    "weights": [
        2.9401,
        -0.5462,
        3.168
    ]
}