{
    "HLR": {
        "RMSE": 0.4745963003990436,
        "LogLoss": 0.982411116751486,
        "RMSE(bins)": 0.34540787681525587
    },
    "user": 7871,
    "size": 19450
}