{
    "HLR": {
        "RMSE": 0.6305102319791693,
        "LogLoss": 2.9424837202895007,
        "RMSE(bins)": 0.4703935816554674
    },
    "user": 7944,
    "size": 10755
}