{
    "HLR": {
        "RMSE": 0.5163076275819543,
        "LogLoss": 0.9364227575997203,
        "RMSE(bins)": 0.399907121286667
    },
    "user": 799,
    "size": 22130
}