{
    "HLR": {
        "RMSE": 0.5095608214272316,
        "LogLoss": 0.9496232810752637,
        "RMSE(bins)": 0.31174301202020177
    },
    "user": 8055,
    "size": 24170
}