{
    "HLR": {
        "RMSE": 0.5098144746458828,
        "LogLoss": 0.9857323368802609,
        "RMSE(bins)": 0.414041884395601,
        "ICI": 0.3059570198776413
    },
    "user": 806,
    "size": 15280
}