{
    "metrics": {
        "RMSE": 0.28223150790858864,
        "LogLoss": 0.29374287663587717,
        "RMSE(bins)": 0.20887691691263105,
        "ICI": 0.140115655691281
    },
    "user": 8121,
    "size": 47340
}