{
    "HLR": {
        "RMSE": 0.5274469840733069,
        "LogLoss": 1.4726890397279235,
        "RMSE(bins)": 0.26707247043003274
    },
    "user": 8130,
    "size": 6285
}