{
    "metrics": {
        "RMSE": 0.40020115576472526,
        "LogLoss": 0.49959280192485117,
        "RMSE(bins)": 0.105164350641095,
        "ICI": 0.04965557560780052
    },
    "user": 8155,
    "size": 2400,
    "weights": [
        2.2783,
        -0.8098,
        2.6104
    ]
}