{
    "metrics": {
        "RMSE": 0.35054847001770284,
        "LogLoss": 0.4171625744497744,
        "RMSE(bins)": 0.10586681796746365,
        "ICI": 0.07681806930857837
    },
    "user": 8158,
    "size": 15905,
    "weights": [
        1.6577,
        -0.5365,
        2.4292
    ]
}