{
    "metrics": {
        "RMSE": 0.40947636999333964,
        "LogLoss": 0.5271714319430719,
        "RMSE(bins)": 0.3725316406085739,
        "ICI": 0.29761882685618785
    },
    "user": 8302,
    "size": 21465
}