{
    "metrics": {
        "RMSE": 0.17674301843622983,
        "LogLoss": 0.13904138142759578,
        "RMSE(bins)": 0.08814255228524173,
        "ICI": 0.04731630721426137
    },
    "user": 84,
    "size": 10620,
    "weights": [
        3.4966,
        -0.5971,
        3.7385
    ]
}