{
    "HLR": {
        "RMSE": 0.7306472280197397,
        "LogLoss": 1.9642322749853371,
        "RMSE(bins)": 0.6882370093980472
    },
    "user": 8477,
    "size": 3165
}