{
    "HLR": {
        "RMSE": 0.6127636427615595,
        "LogLoss": 2.389891192171096,
        "RMSE(bins)": 0.4700976162607285
    },
    "user": 8576,
    "size": 9055
}