{
    "metrics": {
        "RMSE": 0.48587325043763185,
        "LogLoss": 1.8691414305637006,
        "RMSE(bins)": 0.26175562312941775,
        "ICI": 0.18188438527546427
    },
    "user": 8587,
    "size": 9460,
    "weights": [
        1.8074,
        -0.5685,
        2.5004
    ]
}