{
    "metrics": {
        "RMSE": 0.3823467343360741,
        "LogLoss": 0.47047815734330267,
        "RMSE(bins)": 0.1119282863738671,
        "ICI": 0.08044798712751693
    },
    "user": 8639,
    "size": 100160
}