{
    "metrics": {
        "RMSE": 0.5832082251281507,
        "LogLoss": 1.2102177300723815,
        "RMSE(bins)": 0.3296622235772373,
        "ICI": 0.2882436125522749
    },
    "user": 8670,
    "size": 334130,
    "weights": [
        1.5682,
        -1.0599,
        3.8496
    ]
}