{
    "HLR": {
        "RMSE": 0.30262255718063397,
        "LogLoss": 0.40655153329286625,
        "RMSE(bins)": 0.30056552935497044
    },
    "user": 8717,
    "size": 71880
}