{
    "metrics": {
        "RMSE": 0.3867098908187123,
        "LogLoss": 0.5131130998079553,
        "RMSE(bins)": 0.2221712434742687,
        "ICI": 0.10374326363468975
    },
    "user": 8724,
    "size": 76915
}