{
    "metrics": {
        "RMSE": 0.36186841019169536,
        "LogLoss": 0.5187222193423676,
        "RMSE(bins)": 0.12860639403864602,
        "ICI": 0.08758055103906186
    },
    "user": 8728,
    "size": 29940,
    "weights": [
        2.4002,
        -0.2569,
        3.9103
    ]
}