{
    "metrics": {
        "RMSE": 0.3680467521924239,
        "LogLoss": 0.5150338466231718,
        "RMSE(bins)": 0.11646912366113969,
        "ICI": 0.08892911213484236
    },
    "user": 8749,
    "size": 32080,
    "weights": [
        1.9256,
        -1.845,
        3.573
    ]
}