{
    "HLR": {
        "RMSE": 0.5736588994381272,
        "LogLoss": 2.393602451513811,
        "RMSE(bins)": 0.5142794876237383
    },
    "user": 8769,
    "size": 12960
}