{
    "HLR": {
        "RMSE": 0.6856866647909476,
        "LogLoss": 5.092036351317694,
        "RMSE(bins)": 0.6137687082479446
    },
    "user": 8773,
    "size": 4610
}