{
    "HLR": {
        "RMSE": 0.34874818608910246,
        "LogLoss": 0.45751597432376556,
        "RMSE(bins)": 0.0763575099739873,
        "ICI": 0.05291084820965906
    },
    "user": 8806,
    "size": 65135
}