{
    "HLR": {
        "RMSE": 0.6009602580645509,
        "LogLoss": 1.5751456709244103,
        "RMSE(bins)": 0.4592324827997665,
        "ICI": 0.4049209955801431
    },
    "user": 8887,
    "size": 3385
}