{
    "HLR": {
        "RMSE": 0.3597207995381657,
        "LogLoss": 0.4537692129803191,
        "RMSE(bins)": 0.06447155176016896,
        "ICI": 0.04472991152283868
    },
    "user": 8890,
    "size": 172785
}