{
    "metrics": {
        "RMSE": 0.39953014503221096,
        "LogLoss": 0.531174825061847,
        "RMSE(bins)": 0.1473253801099847,
        "ICI": 0.08672095289444551
    },
    "user": 8901,
    "size": 4355,
    "weights": [
        2.1583,
        -1.2364,
        2.4417
    ]
}