{
    "HLR": {
        "RMSE": 0.3318491214693169,
        "LogLoss": 0.3870738535953124,
        "RMSE(bins)": 0.2215311941768536
    },
    "user": 8955,
    "size": 25870
}