{
    "HLR": {
        "RMSE": 0.47548504273372955,
        "LogLoss": 1.259112582965986,
        "RMSE(bins)": 0.2895725220405052
    },
    "user": 9028,
    "size": 40515
}