{
    "HLR": {
        "RMSE": 0.49776308691142124,
        "LogLoss": 0.8835058483205717,
        "RMSE(bins)": 0.43068776532858144
    },
    "user": 9099,
    "size": 13765
}