{
    "metrics": {
        "RMSE": 0.11904448492140225,
        "LogLoss": 0.07498359449855646,
        "RMSE(bins)": 0.04435774975801226,
        "ICI": 0.03178375209485563
    },
    "user": 9322,
    "size": 18515,
    "weights": [
        3.7719,
        -0.8012,
        3.9464
    ]
}