{
    "HLR": {
        "RMSE": 0.5731866060361268,
        "LogLoss": 1.17092067049549,
        "RMSE(bins)": 0.4138624885951227
    },
    "user": 9357,
    "size": 15135
}