{
    "HLR": {
        "RMSE": 0.5124388787648769,
        "LogLoss": 2.2660682331741295,
        "RMSE(bins)": 0.39538311303185886,
        "ICI": 0.27971150304215586
    },
    "user": 9389,
    "size": 12515
}