{
    "HLR": {
        "RMSE": 0.7168579793722126,
        "LogLoss": 1.600574011252791,
        "RMSE(bins)": 0.7128853634855763
    },
    "user": 9419,
    "size": 2375
}