{
    "metrics": {
        "RMSE": 0.5314968555668735,
        "LogLoss": 1.1837497003317137,
        "RMSE(bins)": 0.3518448410293698,
        "ICI": 0.20644331169318134
    },
    "user": 9613,
    "size": 4600,
    "weights": [
        2.8111,
        -0.7855,
        2.9727
    ]
}