{
    "metrics": {
        "RMSE": 0.17842299359471228,
        "LogLoss": 0.1583868875993131,
        "RMSE(bins)": 0.09197393643577832,
        "ICI": 0.06843429586908475
    },
    "user": 9710,
    "size": 2635,
    "weights": [
        3.0277,
        -0.4373,
        3.2371
    ]
}