{
    "HLR": {
        "RMSE": 0.6950244982694644,
        "LogLoss": 3.4946144841746944,
        "RMSE(bins)": 0.5456080068155459,
        "ICI": 0.5069555259013488
    },
    "user": 9712,
    "size": 3240
}