{
    "HLR": {
        "RMSE": 0.3179343909795866,
        "LogLoss": 0.34275089231142797,
        "RMSE(bins)": 0.18419046401056577,
        "ICI": 0.10678038466616838
    },
    "user": 9715,
    "size": 67745
}