{
    "HLR": {
        "RMSE": 0.7784745434177243,
        "LogLoss": 8.878924786974665,
        "RMSE(bins)": 0.7169487888725511
    },
    "user": 9805,
    "size": 2400
}