{
    "HLR": {
        "RMSE": 0.5051526890451976,
        "LogLoss": 0.8977267351743501,
        "RMSE(bins)": 0.22879481600108575
    },
    "user": 9808,
    "size": 2170
}