{
    "HLR": {
        "RMSE": 0.2996523312807667,
        "LogLoss": 0.32096162426441305,
        "RMSE(bins)": 0.12892513299272812
    },
    "user": 9834,
    "size": 86645
}