{
    "metrics": {
        "RMSE": 0.3711977164697935,
        "LogLoss": 0.46947827306613577,
        "RMSE(bins)": 0.0878806887839894,
        "ICI": 0.05891431725616283
    },
    "user": 9911,
    "size": 6020,
    "weights": [
        2.3857,
        -0.5699,
        2.5268
    ]
}