{
    "metrics": {
        "RMSE": 0.3332071395112118,
        "LogLoss": 0.37638249721214506,
        "RMSE(bins)": 0.026540686464377846,
        "ICI": 0.020309414170974437
    },
    "user": 10001,
    "size": 132935,
    "weights": [
        1.0124,
        0.0108,
        -1.4591,
        1.1632,
        0.9426
    ]
}