{
    "metrics": {
        "RMSE": 0.3919630153705819,
        "LogLoss": 0.48517390560817336,
        "RMSE(bins)": 0.08721970035846444,
        "ICI": 0.023435160041992247
    },
    "user": 10089,
    "size": 17740,
    "weights": [
        1.2981,
        0.6226,
        -0.0784,
        1.9635,
        0.8916
    ]
}