{
    "metrics": {
        "RMSE": 0.47283442527624964,
        "LogLoss": 0.6372162528230365,
        "RMSE(bins)": 0.17255300745413954,
        "ICI": 0.09803334654035346
    },
    "user": 10479,
    "size": 1785,
    "weights": [
        1.0827,
        0.8323,
        -0.3049,
        1.5759,
        0.6716
    ]
}