{
    "metrics": {
        "RMSE": 0.3798919329474918,
        "LogLoss": 0.456655538791267,
        "RMSE(bins)": 0.13716660390583588,
        "ICI": 0.026015348443821727
    },
    "user": 10564,
    "size": 5630,
    "weights": [
        1.545,
        0.6556,
        -0.1641,
        1.929,
        0.9959
    ]
}