{
    "metrics": {
        "RMSE": 0.30353282124066955,
        "LogLoss": 0.32394901356826383,
        "RMSE(bins)": 0.04549821129712894,
        "ICI": 0.010441584927025205
    },
    "user": 10619,
    "size": 13500,
    "weights": [
        1.5931,
        0.6852,
        -0.1955,
        2.1205,
        1.3932
    ]
}