{
    "metrics": {
        "RMSE": 0.3359927703396147,
        "LogLoss": 0.38504216333591923,
        "RMSE(bins)": 0.07233317896486481,
        "ICI": 0.026018268857728455
    },
    "user": 11007,
    "size": 15190,
    "weights": [
        1.203,
        0.4972,
        -1.4604,
        1.352,
        1.0858
    ]
}