{
    "metrics": {
        "RMSE": 0.36998329740651087,
        "LogLoss": 0.43505539699421053,
        "RMSE(bins)": 0.07457993193059993,
        "ICI": 0.013706420017264695
    },
    "user": 11027,
    "size": 11035,
    "weights": [
        1.6546,
        0.5198,
        -0.7681,
        2.0056,
        0.5208
    ]
}