{
    "metrics": {
        "RMSE": 0.38564584365838755,
        "LogLoss": 0.4606802494122164,
        "RMSE(bins)": 0.14925400247119122,
        "ICI": 0.03145548325920066
    },
    "user": 11252,
    "size": 4830,
    "weights": [
        1.5051,
        0.3681,
        -0.6217,
        1.8672,
        0.501
    ]
}