{
    "metrics": {
        "RMSE": 0.43594808115499395,
        "LogLoss": 0.5625950833294968,
        "RMSE(bins)": 0.13313136031116612,
        "ICI": 0.07061733647148807
    },
    "user": 11288,
    "size": 20665,
    "weights": [
        1.9268,
        0.2087,
        -1.1232,
        2.1909,
        -0.327
    ]
}