{
    "metrics": {
        "RMSE": 0.2738559353897784,
        "LogLoss": 0.29347152537879323,
        "RMSE(bins)": 0.0898374233783265,
        "ICI": 0.054405696370343565
    },
    "user": 11292,
    "size": 875,
    "weights": [
        1.4297,
        0.4864,
        -0.2059,
        1.9511,
        1.1103
    ]
}