{
    "metrics": {
        "RMSE": 0.31623906204404006,
        "LogLoss": 0.33838502348039684,
        "RMSE(bins)": 0.08314095794392107,
        "ICI": 0.028216389612412487
    },
    "user": 11317,
    "size": 4085,
    "weights": [
        1.6376,
        0.3796,
        -0.4624,
        2.0272,
        0.888
    ]
}