{
    "metrics": {
        "RMSE": 0.11974258149041771,
        "LogLoss": 0.07830449242653116,
        "RMSE(bins)": 0.021674292216527804,
        "ICI": 0.010544285531586425
    },
    "user": 11346,
    "size": 4600,
    "weights": [
        1.8492,
        0.1486,
        0.133,
        2.3873,
        1.5146
    ]
}