{
    "metrics": {
        "RMSE": 0.36353265713854616,
        "LogLoss": 0.4323900916259813,
        "RMSE(bins)": 0.05594671131735694,
        "ICI": 0.019663985604402693
    },
    "user": 11527,
    "size": 11030,
    "weights": [
        1.3572,
        0.7068,
        0.6572,
        1.9153,
        1.0283
    ]
}