{
    "metrics": {
        "RMSE": 0.4046255971981905,
        "LogLoss": 0.5050472227994103,
        "RMSE(bins)": 0.11526678770159848,
        "ICI": 0.04396901602688195
    },
    "user": 11715,
    "size": 1650,
    "weights": [
        1.3417,
        0.6051,
        -0.3413,
        1.8504,
        0.8254
    ]
}