{
    "metrics": {
        "RMSE": 0.36237791680470355,
        "LogLoss": 0.4245620500673207,
        "RMSE(bins)": 0.08735946007299937,
        "ICI": 0.03912368585244627
    },
    "user": 11738,
    "size": 14960,
    "weights": [
        1.5983,
        0.6042,
        -1.0583,
        1.9491,
        1.1187
    ]
}