{
    "metrics": {
        "RMSE": 0.4005700844692559,
        "LogLoss": 0.5023173997659881,
        "RMSE(bins)": 0.12123201102665872,
        "ICI": 0.0694545290525406
    },
    "user": 11917,
    "size": 3500,
    "weights": [
        1.4199,
        0.6705,
        -0.0353,
        1.9022,
        0.959
    ]
}