{
    "metrics": {
        "RMSE": 0.2989826490708937,
        "LogLoss": 0.321557881767914,
        "RMSE(bins)": 0.024306995689277005,
        "ICI": 0.011342709889024622
    },
    "user": 11923,
    "size": 34585,
    "weights": [
        1.351,
        0.9572,
        -1.5838,
        1.558,
        1.7929
    ]
}