{
    "metrics": {
        "RMSE": 0.3724858302325487,
        "LogLoss": 0.4361196073556582,
        "RMSE(bins)": 0.10097193618464037,
        "ICI": 0.04936187921396293
    },
    "user": 12019,
    "size": 1490,
    "weights": [
        1.602,
        0.5388,
        -0.2496,
        2.0775,
        0.88
    ]
}