{
    "metrics": {
        "RMSE": 0.5860482173028917,
        "LogLoss": 0.9669928371143224,
        "RMSE(bins)": 0.34277564332532895,
        "ICI": 0.30812242144688734
    },
    "user": 1202,
    "size": 960,
    "weights": [
        1.2002,
        0.713,
        -0.2433,
        1.7041,
        0.8359
    ]
}