{
    "metrics": {
        "RMSE": 0.31136549101088284,
        "LogLoss": 0.33777702677680504,
        "RMSE(bins)": 0.10018647056188049,
        "ICI": 0.041428918471187376
    },
    "user": 12083,
    "size": 3440,
    "weights": [
        1.7304,
        0.5739,
        -0.3544,
        2.2021,
        1.2455
    ]
}