{
    "metrics": {
        "RMSE": 0.5112524592121875,
        "LogLoss": 0.7181973004084411,
        "RMSE(bins)": 0.24640997159369613,
        "ICI": 0.1850366299227716
    },
    "user": 12434,
    "size": 3215,
    "weights": [
        1.0356,
        0.9156,
        -0.491,
        1.5027,
        0.4447
    ]
}