{
    "metrics": {
        "RMSE": 0.3112614211243838,
        "LogLoss": 0.33227483368052996,
        "RMSE(bins)": 0.07636188676082586,
        "ICI": 0.037893104877820084
    },
    "user": 12489,
    "size": 22760,
    "weights": [
        1.5041,
        0.2934,
        -1.0079,
        2.0932,
        1.2006
    ]
}