{
    "metrics": {
        "RMSE": 0.3291631703193596,
        "LogLoss": 0.3672569258054973,
        "RMSE(bins)": 0.12572803994059895,
        "ICI": 0.040117052720858734
    },
    "user": 12485,
    "size": 2040,
    "weights": [
        1.4952,
        0.3255,
        -0.0974,
        2.015,
        1.0168
    ]
}