{
    "metrics": {
        "RMSE": 0.3184245978170442,
        "LogLoss": 0.3341649062963131,
        "RMSE(bins)": 0.19832373795466005,
        "ICI": 0.05254330340779147
    },
    "user": 12594,
    "size": 20720,
    "weights": [
        2.9681,
        0.9887,
        2.1161,
        3.1104,
        0.0215
    ]
}