{
    "metrics": {
        "RMSE": 0.2367180590122886,
        "LogLoss": 0.21426306815097274,
        "RMSE(bins)": 0.053003304632223386,
        "ICI": 0.019333939162626934
    },
    "user": 12830,
    "size": 14515,
    "weights": [
        1.7987,
        0.1575,
        -1.3453,
        2.0218,
        0.8634
    ]
}