{
    "metrics": {
        "RMSE": 0.3951701071894488,
        "LogLoss": 0.48308546588168044,
        "RMSE(bins)": 0.08453665839226689,
        "ICI": 0.0325628985167432
    },
    "user": 12945,
    "size": 47590,
    "weights": [
        2.2013,
        0.4889,
        -2.7279,
        1.2679,
        1.0651
    ]
}