{
    "metrics": {
        "RMSE": 0.4368517469334699,
        "LogLoss": 0.567917572187826,
        "RMSE(bins)": 0.0826278707816693,
        "ICI": 0.05617830025897697
    },
    "user": 13016,
    "size": 6115,
    "weights": [
        1.3362,
        0.8031,
        0.35,
        1.8222,
        0.5703
    ]
}