{
    "metrics": {
        "RMSE": 0.21008585044814115,
        "LogLoss": 0.1944926318915633,
        "RMSE(bins)": 0.03814562008146535,
        "ICI": 0.02325799444511627
    },
    "user": 13018,
    "size": 6155,
    "weights": [
        1.6122,
        0.4105,
        -0.3694,
        2.1734,
        1.4171
    ]
}