{
    "metrics": {
        "RMSE": 0.3531281362536222,
        "LogLoss": 0.41408668972824114,
        "RMSE(bins)": 0.05786070885378696,
        "ICI": 0.042426020252516274
    },
    "user": 13061,
    "size": 7875,
    "weights": [
        1.2993,
        0.5108,
        -0.8304,
        1.8094,
        1.0075
    ]
}