{
    "metrics": {
        "RMSE": 0.4628621591722175,
        "LogLoss": 0.6143450291918156,
        "RMSE(bins)": 0.1565133023840266,
        "ICI": 0.1082757206360715
    },
    "user": 13161,
    "size": 18330,
    "weights": [
        1.7155,
        0.3531,
        -0.5251,
        2.2756,
        -0.276
    ]
}