{
    "metrics": {
        "RMSE": 0.4645701500512752,
        "LogLoss": 0.6228975379094591,
        "RMSE(bins)": 0.13090284123078805,
        "ICI": 0.06648290354274622
    },
    "user": 1349,
    "size": 24415,
    "weights": [
        1.829,
        0.3003,
        -0.6828,
        1.9858,
        -0.9719
    ]
}