{
    "metrics": {
        "RMSE": 0.17618389586958708,
        "LogLoss": 0.143255487563787,
        "RMSE(bins)": 0.01978000173175375,
        "ICI": 0.011231611531510083
    },
    "user": 13581,
    "size": 52070,
    "weights": [
        1.902,
        0.8467,
        1.3149,
        2.8716,
        2.425
    ]
}