{
    "metrics": {
        "RMSE": 0.3475830059032941,
        "LogLoss": 0.4058323248468945,
        "RMSE(bins)": 0.09895048465249076,
        "ICI": 0.05703151424088616
    },
    "user": 13649,
    "size": 197830,
    "weights": [
        1.3835,
        0.5252,
        -1.6274,
        3.3427,
        0.386
    ]
}