{
    "metrics": {
        "RMSE": 0.25722775063538844,
        "LogLoss": 0.259084550784656,
        "RMSE(bins)": 0.05365910061451007,
        "ICI": 0.02108261365463238
    },
    "user": 14008,
    "size": 50105,
    "weights": [
        1.3809,
        0.7416,
        0.8745,
        2.2819,
        1.706
    ]
}