{
    "metrics": {
        "RMSE": 0.35033385832506597,
        "LogLoss": 0.4024758195833207,
        "RMSE(bins)": 0.10314753313925173,
        "ICI": 0.040318382112736584
    },
    "user": 14044,
    "size": 1095,
    "weights": [
        1.1822,
        0.7686,
        -0.3471,
        1.6743,
        0.7998
    ]
}