{
    "metrics": {
        "RMSE": 0.2684045449966603,
        "LogLoss": 0.2785218088639077,
        "RMSE(bins)": 0.046570359836509936,
        "ICI": 0.022607096501004852
    },
    "user": 14205,
    "size": 19880,
    "weights": [
        1.2003,
        0.6589,
        -0.5629,
        1.9398,
        1.7093
    ]
}