{
    "metrics": {
        "RMSE": 0.46866267410976503,
        "LogLoss": 0.6313939461130355,
        "RMSE(bins)": 0.10858226728636368,
        "ICI": 0.08902838332300902
    },
    "user": 14218,
    "size": 1790,
    "weights": [
        1.0804,
        0.8188,
        -0.3223,
        1.58,
        0.6647
    ]
}