{
    "metrics": {
        "RMSE": 0.2524367369086417,
        "LogLoss": 0.24640655447658655,
        "RMSE(bins)": 0.024435640116148873,
        "ICI": 0.01701877411180743
    },
    "user": 14357,
    "size": 23435,
    "weights": [
        1.7738,
        0.4402,
        -0.8669,
        2.3233,
        1.6335
    ]
}