{
    "metrics": {
        "RMSE": 0.13093774377161083,
        "LogLoss": 0.09243156218279072,
        "RMSE(bins)": 0.027160360581533774,
        "ICI": 0.009315479956226632
    },
    "user": 14372,
    "size": 39430,
    "weights": [
        2.0468,
        0.5097,
        -2.2657,
        2.6995,
        2.3496
    ]
}