{
    "metrics": {
        "RMSE": 0.18041894402341813,
        "LogLoss": 0.1555657251240213,
        "RMSE(bins)": 0.06473156381301068,
        "ICI": 0.05761710760044236
    },
    "user": 14388,
    "size": 7525,
    "weights": [
        1.5648,
        0.2666,
        -0.6353,
        2.1308,
        1.3168
    ]
}