{
    "metrics": {
        "RMSE": 0.33718816057175616,
        "LogLoss": 0.36470530835946935,
        "RMSE(bins)": 0.1781928871935045,
        "ICI": 0.057865482205739324
    },
    "user": 14496,
    "size": 2680,
    "weights": [
        1.7274,
        0.2857,
        -0.1975,
        2.2227,
        0.7427
    ]
}