{
    "metrics": {
        "RMSE": 0.023001905656590136,
        "LogLoss": 0.004404547938526864,
        "RMSE(bins)": 0.012755189110592443,
        "ICI": 0.00305250804624484
    },
    "user": 14553,
    "size": 57720,
    "weights": [
        2.4753,
        0.079,
        0.1895,
        3.1074,
        1.8993
    ]
}