{
    "metrics": {
        "RMSE": 0.02125606867425912,
        "LogLoss": 0.01349482690697675,
        "RMSE(bins)": 0.017960133234703544,
        "ICI": 0.01326140422318396
    },
    "user": 14681,
    "size": 3965,
    "weights": [
        2.0595,
        0.001,
        -0.0564,
        2.5396,
        1.6211
    ]
}