{
    "metrics": {
        "RMSE": 0.4550333374286009,
        "LogLoss": 0.606850627240862,
        "RMSE(bins)": 0.1000786931046563,
        "ICI": 0.03645599203626002
    },
    "user": 14701,
    "size": 2735,
    "weights": [
        1.0874,
        0.8295,
        -0.3688,
        1.591,
        0.6946
    ]
}