{
    "metrics": {
        "RMSE": 0.06846906506286801,
        "LogLoss": 0.03243129878326623,
        "RMSE(bins)": 0.02598690639990668,
        "ICI": 0.00784548958124133
    },
    "user": 14766,
    "size": 6990,
    "weights": [
        2.0685,
        0.001,
        -0.1508,
        2.5773,
        1.6566
    ]
}