{
    "metrics": {
        "RMSE": 0.37335624491773894,
        "LogLoss": 0.44689670225131295,
        "RMSE(bins)": 0.06758814185748321,
        "ICI": 0.028725986893887855
    },
    "user": 14788,
    "size": 5090,
    "weights": [
        1.2894,
        0.2321,
        -0.516,
        1.6877,
        0.7316
    ]
}