{
    "metrics": {
        "RMSE": 0.14384054572929528,
        "LogLoss": 0.10191036618208008,
        "RMSE(bins)": 0.017124561271729014,
        "ICI": 0.010089842048538617
    },
    "user": 14919,
    "size": 4270,
    "weights": [
        1.8421,
        0.1042,
        -0.6047,
        2.3724,
        1.5129
    ]
}