{
    "metrics": {
        "RMSE": 0.3415096030878954,
        "LogLoss": 0.38128762942727196,
        "RMSE(bins)": 0.05912799694812901,
        "ICI": 0.038782204541350625
    },
    "user": 15132,
    "size": 2110,
    "weights": [
        1.5742,
        0.6628,
        -0.1124,
        2.0535,
        0.7448
    ]
}