{
    "metrics": {
        "RMSE": 0.27155769775317007,
        "LogLoss": 0.2614864442792185,
        "RMSE(bins)": 0.059212613131399396,
        "ICI": 0.020344511064600886
    },
    "user": 15131,
    "size": 6125,
    "weights": [
        1.8108,
        0.4694,
        -0.5266,
        2.2082,
        1.1908
    ]
}