{
    "metrics": {
        "RMSE": 0.36083638185208305,
        "LogLoss": 0.42014340286104457,
        "RMSE(bins)": 0.061972088254821395,
        "ICI": 0.03238363091943679
    },
    "user": 15297,
    "size": 35150,
    "weights": [
        2.2958,
        0.7851,
        0.3822,
        2.7475,
        0.1293
    ]
}