{
    "metrics": {
        "RMSE": 0.2994267915042529,
        "LogLoss": 0.32300713938189857,
        "RMSE(bins)": 0.04748968329255445,
        "ICI": 0.01421085951038426
    },
    "user": 15317,
    "size": 3345,
    "weights": [
        1.3076,
        0.5293,
        -0.2146,
        1.8246,
        0.9733
    ]
}