{
    "metrics": {
        "RMSE": 0.4049001813309554,
        "LogLoss": 0.5121197625562894,
        "RMSE(bins)": 0.10549400614285698,
        "ICI": 0.08230186589041648
    },
    "user": 15415,
    "size": 6340,
    "weights": [
        1.4225,
        0.5551,
        -0.4913,
        1.886,
        0.8349
    ]
}