{
    "metrics": {
        "RMSE": 0.3888286455317757,
        "LogLoss": 0.4913576817801674,
        "RMSE(bins)": 0.11687189002323764,
        "ICI": 0.07320142153118991
    },
    "user": 15573,
    "size": 4430,
    "weights": [
        1.0145,
        0.5568,
        0.0313,
        1.5766,
        0.8591
    ]
}