{
    "metrics": {
        "RMSE": 0.20911555349842822,
        "LogLoss": 0.18357636257942656,
        "RMSE(bins)": 0.02063835618405081,
        "ICI": 0.010714676511244836
    },
    "user": 15610,
    "size": 5455,
    "weights": [
        1.3781,
        0.293,
        -0.0574,
        1.9226,
        1.0778
    ]
}