{
    "metrics": {
        "RMSE": 0.4899401962872729,
        "LogLoss": 0.6726739074255347,
        "RMSE(bins)": 0.13760204739561924,
        "ICI": 0.06990171516275483
    },
    "user": 15662,
    "size": 13880,
    "weights": [
        1.6838,
        0.5484,
        -0.4061,
        2.1126,
        -0.263
    ]
}