{
    "metrics": {
        "RMSE": 0.382473296545513,
        "LogLoss": 0.4583047349428548,
        "RMSE(bins)": 0.08922562444342298,
        "ICI": 0.0427403747805698
    },
    "user": 15676,
    "size": 8720,
    "weights": [
        1.5837,
        0.4305,
        -0.7006,
        2.011,
        0.8189
    ]
}