{
    "metrics": {
        "RMSE": 0.39710595915160984,
        "LogLoss": 0.4845071659201597,
        "RMSE(bins)": 0.16474518133412053,
        "ICI": 0.04235586472101033
    },
    "user": 16036,
    "size": 1150,
    "weights": [
        1.3732,
        0.6031,
        -0.2831,
        1.8633,
        0.7921
    ]
}