{
    "metrics": {
        "RMSE": 0.3135273278650082,
        "LogLoss": 0.3540341390198591,
        "RMSE(bins)": 0.0618691353661418,
        "ICI": 0.051784812197061235
    },
    "user": 16170,
    "size": 2900,
    "weights": [
        1.2376,
        0.6844,
        -0.0742,
        1.7469,
        0.8815
    ]
}