{
    "metrics": {
        "RMSE": 0.4182542688882827,
        "LogLoss": 0.5358311537279254,
        "RMSE(bins)": 0.09137669327880323,
        "ICI": 0.04718593760259242
    },
    "user": 16185,
    "size": 1330,
    "weights": [
        1.3277,
        0.4521,
        -0.2065,
        1.8363,
        0.8099
    ]
}