{
    "metrics": {
        "RMSE": 0.3675248927535828,
        "LogLoss": 0.44788557541611684,
        "RMSE(bins)": 0.09179115995089719,
        "ICI": 0.07346202549257484
    },
    "user": 16234,
    "size": 115495,
    "weights": [
        2.3373,
        0.4394,
        -3.9215,
        0.9785,
        1.2465
    ]
}