{
    "metrics": {
        "RMSE": 0.36626697108070605,
        "LogLoss": 0.43485147537985014,
        "RMSE(bins)": 0.08778107963569416,
        "ICI": 0.05898036576538371
    },
    "user": 16234,
    "size": 113070,
    "weights": [
        1.946,
        0.4986,
        -3.0692,
        1.1576,
        1.2389
    ]
}