{
    "metrics": {
        "RMSE": 0.34949312152717077,
        "LogLoss": 0.398725199356456,
        "RMSE(bins)": 0.13449435783668143,
        "ICI": 0.027265173957081536
    },
    "user": 16252,
    "size": 3270,
    "weights": [
        1.4379,
        0.8606,
        -0.2424,
        1.9363,
        1.1282
    ]
}