{
    "metrics": {
        "RMSE": 0.36988968569394526,
        "LogLoss": 0.44469909133980634,
        "RMSE(bins)": 0.1125182569434659,
        "ICI": 0.027739056216172075
    },
    "user": 16369,
    "size": 41860,
    "weights": [
        1.6172,
        0.8518,
        -0.0413,
        2.2355,
        1.0358
    ]
}