{
    "metrics": {
        "RMSE": 0.3085759168764329,
        "LogLoss": 0.3418003077187825,
        "RMSE(bins)": 0.030748308122546083,
        "ICI": 0.027458199456574923
    },
    "user": 16559,
    "size": 14760,
    "weights": [
        1.3337,
        0.8115,
        -0.2115,
        1.9813,
        1.3302
    ]
}