{
    "metrics": {
        "RMSE": 0.16119699044082839,
        "LogLoss": 0.1260000640063362,
        "RMSE(bins)": 0.023913626889376528,
        "ICI": 0.017834483129108118
    },
    "user": 16630,
    "size": 25155,
    "weights": [
        1.5857,
        0.0468,
        -1.7564,
        1.9163,
        1.2337
    ]
}