{
    "metrics": {
        "RMSE": 0.20120715435664507,
        "LogLoss": 0.1773274678417502,
        "RMSE(bins)": 0.036193393051466696,
        "ICI": 0.015017473865043743
    },
    "user": 16740,
    "size": 23145,
    "weights": [
        1.6929,
        0.3524,
        -1.0549,
        2.258,
        1.5878
    ]
}