{
    "metrics": {
        "RMSE": 0.13307335546895052,
        "LogLoss": 0.09620219031574086,
        "RMSE(bins)": 0.03188140169518475,
        "ICI": 0.019518496643035867
    },
    "user": 16969,
    "size": 2120,
    "weights": [
        1.7043,
        0.2592,
        -0.0438,
        2.2086,
        1.3184
    ]
}