{
    "metrics": {
        "RMSE": 0.2105192695096202,
        "LogLoss": 0.18441168236330932,
        "RMSE(bins)": 0.05146961186399337,
        "ICI": 0.024345827547972865
    },
    "user": 16973,
    "size": 1855,
    "weights": [
        1.6634,
        0.2708,
        0.1779,
        2.1667,
        1.2934
    ]
}