{
    "metrics": {
        "RMSE": 0.35801714058966083,
        "LogLoss": 0.4130732262039116,
        "RMSE(bins)": 0.040654104381114095,
        "ICI": 0.014013896331644751
    },
    "user": 17029,
    "size": 32705,
    "weights": [
        2.063,
        0.6636,
        -1.997,
        1.9336,
        1.0431
    ]
}