{
    "metrics": {
        "RMSE": 0.48651204504543993,
        "LogLoss": 0.6664648340366397,
        "RMSE(bins)": 0.11644968699599263,
        "ICI": 0.09258250953373073
    },
    "user": 17088,
    "size": 4735,
    "weights": [
        0.8644,
        0.979,
        -0.5185,
        1.3803,
        0.3729
    ]
}