{
    "metrics": {
        "RMSE": 0.31164177239582685,
        "LogLoss": 0.3417937149161605,
        "RMSE(bins)": 0.053575491969577255,
        "ICI": 0.17015859550903123
    },
    "user": 17178,
    "size": 45,
    "weights": [
        1.4164,
        0.516,
        -0.0564,
        1.9223,
        1.0549
    ]
}