{
    "metrics": {
        "RMSE": 0.3194723734257181,
        "LogLoss": 0.35601915817456053,
        "RMSE(bins)": 0.06658728374916026,
        "ICI": 0.04080098950154995
    },
    "user": 17200,
    "size": 255030,
    "weights": [
        1.4764,
        0.4557,
        -0.967,
        2.298,
        0.5249
    ]
}