{
    "metrics": {
        "RMSE": 0.4576641098104374,
        "LogLoss": 0.6079969403728279,
        "RMSE(bins)": 0.11050962101793116,
        "ICI": 0.07651370450136658
    },
    "user": 1727,
    "size": 2065,
    "weights": [
        1.038,
        0.8415,
        -0.3836,
        1.5474,
        0.65
    ]
}