{
    "metrics": {
        "RMSE": 0.3425670980937785,
        "LogLoss": 0.38949314287911285,
        "RMSE(bins)": 0.05133348147138175,
        "ICI": 0.03272424639477704
    },
    "user": 17445,
    "size": 650,
    "weights": [
        1.3885,
        0.3042,
        -0.0123,
        1.9063,
        0.9732
    ]
}