{
    "metrics": {
        "RMSE": 0.30024262731316254,
        "LogLoss": 0.3266211383377295,
        "RMSE(bins)": 0.034924153468073066,
        "ICI": 0.028341197201787394
    },
    "user": 17546,
    "size": 7410,
    "weights": [
        1.4403,
        0.5023,
        -0.0299,
        1.9976,
        1.1895
    ]
}