{
    "metrics": {
        "RMSE": 0.31945578281251974,
        "LogLoss": 0.3513157848269627,
        "RMSE(bins)": 0.06821856718477681,
        "ICI": 0.011740168452693352
    },
    "user": 17547,
    "size": 57885,
    "weights": [
        1.7573,
        0.6652,
        -1.5117,
        1.779,
        0.7127
    ]
}