{
    "metrics": {
        "RMSE": 0.4468823657900412,
        "LogLoss": 0.5834202368403567,
        "RMSE(bins)": 0.11275316575937426,
        "ICI": 0.09170352921694688
    },
    "user": 17677,
    "size": 63730,
    "weights": [
        1.5064,
        0.2088,
        -0.3812,
        2.0377,
        0.0493
    ]
}