{
    "metrics": {
        "RMSE": 0.14802453259431683,
        "LogLoss": 0.10726293835095335,
        "RMSE(bins)": 0.01840379107997207,
        "ICI": 0.0068348265700768724
    },
    "user": 17813,
    "size": 16790,
    "weights": [
        1.7909,
        0.2212,
        0.0882,
        2.3879,
        1.6081
    ]
}