{
    "metrics": {
        "RMSE": 0.3626246763435949,
        "LogLoss": 0.4295908190397661,
        "RMSE(bins)": 0.05222003824071079,
        "ICI": 0.031239962767021724
    },
    "user": 17914,
    "size": 26895,
    "weights": [
        1.0433,
        0.0305,
        -1.3848,
        1.4663,
        0.8148
    ]
}