{
    "metrics": {
        "RMSE": 0.40277857086158525,
        "LogLoss": 0.5001413050316608,
        "RMSE(bins)": 0.11957446032968091,
        "ICI": 0.014564672228656556
    },
    "user": 17990,
    "size": 21455,
    "weights": [
        1.2785,
        0.3439,
        -0.4387,
        1.8211,
        -0.085
    ]
}