{
    "metrics": {
        "RMSE": 0.025738235064937515,
        "LogLoss": 0.022406939741116086,
        "RMSE(bins)": 0.023203485156655417,
        "ICI": 0.022067320900042514
    },
    "user": 18013,
    "size": 3125,
    "weights": [
        1.9694,
        0.001,
        0.3482,
        2.4588,
        1.5626
    ]
}