{
    "metrics": {
        "RMSE": 0.2171814598171425,
        "LogLoss": 0.1935960054196786,
        "RMSE(bins)": 0.02243808347684216,
        "ICI": 0.012150411342654259
    },
    "user": 18640,
    "size": 11690,
    "weights": [
        1.5993,
        0.4792,
        -0.9173,
        2.1911,
        1.2659
    ]
}