{
    "metrics": {
        "RMSE": 0.09832395284866943,
        "LogLoss": 0.049016151691263846,
        "RMSE(bins)": 0.015207325232193971,
        "ICI": 0.007912701475070734
    },
    "user": 18692,
    "size": 186260,
    "weights": [
        3.6146,
        0.5017,
        -7.245,
        0.8381,
        2.3549
    ]
}