{
    "metrics": {
        "RMSE": 0.37066723510018484,
        "LogLoss": 0.44477893398346335,
        "RMSE(bins)": 0.05850548027544723,
        "ICI": 0.015072513888632058
    },
    "user": 18745,
    "size": 99330,
    "weights": [
        1.053,
        0.6327,
        0.0911,
        2.1063,
        0.7427
    ]
}