{
    "metrics": {
        "RMSE": 0.41152126709591025,
        "LogLoss": 0.5132940323963479,
        "RMSE(bins)": 0.14112330591972136,
        "ICI": 0.02689012218241603
    },
    "user": 18924,
    "size": 25050,
    "weights": [
        2.3404,
        0.9119,
        0.3541,
        2.787,
        0.243
    ]
}