{
    "metrics": {
        "RMSE": 0.39927412177854676,
        "LogLoss": 0.5024619185725892,
        "RMSE(bins)": 0.154343871741255,
        "ICI": 0.0892005855497874
    },
    "user": 19005,
    "size": 61900,
    "weights": [
        0.5566,
        0.0397,
        -0.8502,
        1.0993,
        0.6223
    ]
}