{
    "metrics": {
        "RMSE": 0.011145112876738543,
        "LogLoss": 0.007155975101655032,
        "RMSE(bins)": 0.009086730910290093,
        "ICI": 0.007092876916086353
    },
    "user": 19165,
    "size": 6340,
    "weights": [
        2.2057,
        0.001,
        -0.0564,
        2.6829,
        1.7727
    ]
}