{
    "metrics": {
        "RMSE": 0.2616217662220885,
        "LogLoss": 0.2590400069691111,
        "RMSE(bins)": 0.034886934802782314,
        "ICI": 0.022077806472504576
    },
    "user": 1919,
    "size": 43670,
    "weights": [
        1.3477,
        0.3473,
        -1.3993,
        2.1193,
        1.3361
    ]
}