{
    "metrics": {
        "RMSE": 0.1517146475305022,
        "LogLoss": 0.1258864121742304,
        "RMSE(bins)": 0.027386233501879024,
        "ICI": 0.01509224649668234
    },
    "user": 19249,
    "size": 10430,
    "weights": [
        1.9439,
        0.5138,
        -0.2726,
        2.5072,
        1.6838
    ]
}