{
    "metrics": {
        "RMSE": 0.3446808273204182,
        "LogLoss": 0.38451447852103954,
        "RMSE(bins)": 0.08812838346688948,
        "ICI": 0.021176678360940122
    },
    "user": 19416,
    "size": 47725,
    "weights": [
        1.4402,
        0.3461,
        -1.2302,
        1.8638,
        0.2648
    ]
}