{
    "metrics": {
        "RMSE": 0.19478018422823482,
        "LogLoss": 0.1637995912193103,
        "RMSE(bins)": 0.03785750170956366,
        "ICI": 0.016454036042510056
    },
    "user": 19436,
    "size": 10980,
    "weights": [
        1.3791,
        0.2093,
        -1.4296,
        1.6273,
        1.0737
    ]
}