{
    "metrics": {
        "RMSE": 0.3372029309089872,
        "LogLoss": 0.4148341211687829,
        "RMSE(bins)": 0.09732174077658155,
        "ICI": 0.06672279110585032
    },
    "user": 19584,
    "size": 12075,
    "weights": [
        1.3462,
        0.1979,
        -1.47,
        1.4077,
        0.9232
    ]
}