{
    "metrics": {
        "RMSE": 0.3346105722795447,
        "LogLoss": 0.38398703658896804,
        "RMSE(bins)": 0.06841313916930772,
        "ICI": 0.023900469032664004
    },
    "user": 19677,
    "size": 173625,
    "weights": [
        1.514,
        0.7177,
        -1.9646,
        2.0561,
        1.3546
    ]
}