{
    "metrics": {
        "RMSE": 0.2521391907624726,
        "LogLoss": 0.23420955060168605,
        "RMSE(bins)": 0.03710347197018678,
        "ICI": 0.012658378777642273
    },
    "user": 19683,
    "size": 25230,
    "weights": [
        1.5916,
        0.1378,
        -1.5443,
        1.8475,
        1.4168
    ]
}