{
    "metrics": {
        "RMSE": 0.405968629399998,
        "LogLoss": 0.5106805038449098,
        "RMSE(bins)": 0.07689170536929771,
        "ICI": 0.03860410368251838
    },
    "user": 19871,
    "size": 16355,
    "weights": [
        1.4353,
        0.3116,
        -0.989,
        1.6778,
        0.7338
    ]
}