{
    "metrics": {
        "RMSE": 0.37762436343336514,
        "LogLoss": 0.4576256576856317,
        "RMSE(bins)": 0.1103324858223756,
        "ICI": 0.05467819933135737
    },
    "user": 19992,
    "size": 60485,
    "weights": [
        1.5501,
        0.5063,
        0.3699,
        2.2273,
        0.2292
    ]
}