{
    "metrics": {
        "RMSE": 0.25634170356453617,
        "LogLoss": 0.24947652700003894,
        "RMSE(bins)": 0.05161724942782968,
        "ICI": 0.013039664646858545
    },
    "user": 2036,
    "size": 14505,
    "weights": [
        1.1595,
        0.1807,
        -1.4911,
        1.3419,
        0.8689
    ]
}