{
    "metrics": {
        "RMSE": 0.44607066757979896,
        "LogLoss": 0.5828666560611859,
        "RMSE(bins)": 0.06779721153015658,
        "ICI": 0.05272719351222322
    },
    "user": 2362,
    "size": 8120,
    "weights": [
        1.2851,
        0.7422,
        -0.604,
        1.7427,
        0.4178
    ]
}