{
    "metrics": {
        "RMSE": 0.4389703406060425,
        "LogLoss": 0.5700099329985175,
        "RMSE(bins)": 0.13745569782435002,
        "ICI": 0.06086094333832162
    },
    "user": 2413,
    "size": 50035,
    "weights": [
        2.0538,
        0.1744,
        -3.3543,
        0.8678,
        0.5055
    ]
}