{
    "metrics": {
        "RMSE": 0.49190056215271455,
        "LogLoss": 0.6764719108141232,
        "RMSE(bins)": 0.06550650533648086,
        "ICI": 0.053985383955652506
    },
    "user": 2508,
    "size": 14530,
    "weights": [
        1.4013,
        0.8631,
        -0.636,
        1.8239,
        0.3252
    ]
}