{
    "metrics": {
        "RMSE": 0.03781865124184472,
        "LogLoss": 0.016403923298009257,
        "RMSE(bins)": 0.009787637491685021,
        "ICI": 0.008259397146054007
    },
    "user": 2538,
    "size": 5535,
    "weights": [
        2.1758,
        0.001,
        0.4899,
        2.6678,
        1.766
    ]
}