{
    "metrics": {
        "RMSE": 0.27555099998731,
        "LogLoss": 0.28584977758077457,
        "RMSE(bins)": 0.028865897052026072,
        "ICI": 0.017426996264990707
    },
    "user": 2619,
    "size": 10865,
    "weights": [
        1.4912,
        0.6127,
        -0.696,
        2.0314,
        1.3826
    ]
}