{
    "metrics": {
        "RMSE": 0.4637315002559058,
        "LogLoss": 0.621684203393476,
        "RMSE(bins)": 0.0472378557582286,
        "ICI": 0.037947163361468084
    },
    "user": 2701,
    "size": 113610,
    "weights": [
        1.5866,
        0.9325,
        0.5055,
        2.8159,
        -0.191
    ]
}