{
    "metrics": {
        "RMSE": 0.39882986462156944,
        "LogLoss": 0.4957389233036707,
        "RMSE(bins)": 0.0567453323288168,
        "ICI": 0.013317795894221905
    },
    "user": 2733,
    "size": 3845,
    "weights": [
        1.2171,
        0.8522,
        -0.5215,
        1.6574,
        0.7164
    ]
}