{
    "metrics": {
        "RMSE": 0.3523245022883774,
        "LogLoss": 0.40831153303122597,
        "RMSE(bins)": 0.11022619744028156,
        "ICI": 0.04542523029274498
    },
    "user": 2827,
    "size": 7520,
    "weights": [
        1.8697,
        0.5151,
        -0.8441,
        1.9837,
        0.9175
    ]
}