{
    "metrics": {
        "RMSE": 0.42508193647580167,
        "LogLoss": 0.5531920925985971,
        "RMSE(bins)": 0.10361934493393014,
        "ICI": 0.07134050492729674
    },
    "user": 3163,
    "size": 48165,
    "weights": [
        1.1488,
        0.3592,
        -1.3855,
        1.8048,
        0.2877
    ]
}