{
    "metrics": {
        "RMSE": 0.37601029183529205,
        "LogLoss": 0.448365632725354,
        "RMSE(bins)": 0.08685432571746488,
        "ICI": 0.0636039959910954
    },
    "user": 318,
    "size": 9830,
    "weights": [
        1.5285,
        0.4593,
        -1.0518,
        1.8744,
        0.6033
    ]
}