{
    "metrics": {
        "RMSE": 0.3549700226264529,
        "LogLoss": 0.4277004189511498,
        "RMSE(bins)": 0.1793185423449797,
        "ICI": 0.08560624827691005
    },
    "user": 3188,
    "size": 4360,
    "weights": [
        1.6114,
        0.4895,
        -0.6125,
        2.0168,
        1.0704
    ]
}