{
    "metrics": {
        "RMSE": 0.1335415786432365,
        "LogLoss": 0.1387213930217779,
        "RMSE(bins)": 0.13289005059407488,
        "ICI": 0.12884297592452956
    },
    "user": 3196,
    "size": 565,
    "weights": [
        1.599,
        0.3353,
        0.1104,
        2.1037,
        1.2334
    ]
}