{
    "metrics": {
        "RMSE": 0.2753436639061134,
        "LogLoss": 0.26904697119621435,
        "RMSE(bins)": 0.05101039773662517,
        "ICI": 0.007535986963434063
    },
    "user": 3363,
    "size": 21065,
    "weights": [
        1.7729,
        0.2749,
        -0.7831,
        2.2264,
        0.6564
    ]
}