{
    "metrics": {
        "RMSE": 0.30584590096464015,
        "LogLoss": 0.319964158631456,
        "RMSE(bins)": 0.079163265299633,
        "ICI": 0.034706133373939206
    },
    "user": 3727,
    "size": 47995,
    "weights": [
        1.7923,
        0.7887,
        -1.0377,
        2.1085,
        1.061
    ]
}