{
    "metrics": {
        "RMSE": 0.19228533172414433,
        "LogLoss": 0.16760143384185336,
        "RMSE(bins)": 0.025355392340656518,
        "ICI": 0.014809632543381494
    },
    "user": 396,
    "size": 231170,
    "weights": [
        1.0337,
        0.356,
        -6.165,
        1.473,
        2.5332
    ]
}