{
    "metrics": {
        "RMSE": 0.3539145971837918,
        "LogLoss": 0.4185499091507273,
        "RMSE(bins)": 0.07517884816450678,
        "ICI": 0.02833903948885315
    },
    "user": 4144,
    "size": 7785,
    "weights": [
        1.1149,
        0.7415,
        -0.3752,
        1.7169,
        1.0684
    ]
}