{
    "metrics": {
        "RMSE": 0.45647446362787,
        "LogLoss": 0.602924644297449,
        "RMSE(bins)": 0.11735540069423611,
        "ICI": 0.09661208011283401
    },
    "user": 4208,
    "size": 20310,
    "weights": [
        1.8202,
        0.2612,
        -0.2787,
        2.3949,
        -0.4392
    ]
}