{
    "metrics": {
        "RMSE": 0.4160392123984574,
        "LogLoss": 0.530988737718935,
        "RMSE(bins)": 0.05918441954973278,
        "ICI": 0.021459178014059915
    },
    "user": 422,
    "size": 31985,
    "weights": [
        0.4373,
        0.7635,
        -0.9586,
        1.0334,
        1.1248
    ]
}