{
    "metrics": {
        "RMSE": 0.3762212395193245,
        "LogLoss": 0.43900386106698025,
        "RMSE(bins)": 0.20199684387443045,
        "ICI": 0.0846833718658014
    },
    "user": 4244,
    "size": 2090,
    "weights": [
        1.5664,
        0.621,
        -0.2436,
        2.0088,
        0.8023
    ]
}