{
    "metrics": {
        "RMSE": 0.2812135786189807,
        "LogLoss": 0.2766742166543951,
        "RMSE(bins)": 0.04198693158279486,
        "ICI": 0.02793636594419781
    },
    "user": 4509,
    "size": 45370,
    "weights": [
        1.8099,
        0.2521,
        -1.031,
        1.9075,
        0.6021
    ]
}