{
    "metrics": {
        "RMSE": 0.18578268850784882,
        "LogLoss": 0.16821826133671042,
        "RMSE(bins)": 0.036927747838613044,
        "ICI": 0.026052700310188092
    },
    "user": 4514,
    "size": 5790,
    "weights": [
        1.9013,
        0.4716,
        0.5275,
        2.3733,
        1.6544
    ]
}