{
    "metrics": {
        "RMSE": 0.3768102847313816,
        "LogLoss": 0.45275292227835373,
        "RMSE(bins)": 0.07459501503171191,
        "ICI": 0.03638554609763596
    },
    "user": 4548,
    "size": 14190,
    "weights": [
        1.4225,
        1.144,
        -0.2167,
        1.844,
        0.9502
    ]
}