{
    "metrics": {
        "RMSE": 0.15889416226814412,
        "LogLoss": 0.1353524220714428,
        "RMSE(bins)": 0.051638478515494295,
        "ICI": 0.05016806037354811
    },
    "user": 4730,
    "size": 955,
    "weights": [
        1.6302,
        0.3006,
        0.0717,
        2.1356,
        1.266
    ]
}