{
    "metrics": {
        "RMSE": 0.384470085286876,
        "LogLoss": 0.45986169714823955,
        "RMSE(bins)": 0.1506119092991138,
        "ICI": 0.04444215972152981
    },
    "user": 4836,
    "size": 11670,
    "weights": [
        2.35,
        0.8166,
        -0.2032,
        2.6154,
        0.3466
    ]
}