{
    "metrics": {
        "RMSE": 0.352219009564075,
        "LogLoss": 0.407805148502125,
        "RMSE(bins)": 0.04401774443534733,
        "ICI": 0.028014894571837683
    },
    "user": 5097,
    "size": 83245,
    "weights": [
        1.6444,
        0.3591,
        -1.4278,
        1.5963,
        0.6563
    ]
}