{
    "metrics": {
        "RMSE": 0.16802095451655255,
        "LogLoss": 0.13143379814385506,
        "RMSE(bins)": 0.03838268667207306,
        "ICI": 0.009055503415430549
    },
    "user": 5202,
    "size": 8705,
    "weights": [
        1.7216,
        0.3468,
        0.38,
        2.2644,
        1.5668
    ]
}