{
    "metrics": {
        "RMSE": 0.4262626676428423,
        "LogLoss": 0.5461337636514676,
        "RMSE(bins)": 0.01613057150420968,
        "ICI": 0.010236705893801157
    },
    "user": 5286,
    "size": 36400,
    "weights": [
        1.8968,
        0.9043,
        -1.3717,
        2.0696,
        0.7545
    ]
}