{
    "metrics": {
        "RMSE": 0.37561367741467355,
        "LogLoss": 0.45203742069977904,
        "RMSE(bins)": 0.1039607106511993,
        "ICI": 0.05049558880471254
    },
    "user": 5410,
    "size": 2485,
    "weights": [
        1.3954,
        0.5787,
        -0.0539,
        1.8994,
        0.9625
    ]
}