{
    "metrics": {
        "RMSE": 0.34745567604899286,
        "LogLoss": 0.4013782018182973,
        "RMSE(bins)": 0.06062274840843219,
        "ICI": 0.03826835698295339
    },
    "user": 5417,
    "size": 3695,
    "weights": [
        1.3698,
        0.3211,
        -0.1842,
        1.8858,
        1.0009
    ]
}