{
    "metrics": {
        "RMSE": 0.3390959559151489,
        "LogLoss": 0.39025715355483265,
        "RMSE(bins)": 0.03509779819237707,
        "ICI": 0.012521914483576223
    },
    "user": 5616,
    "size": 3290,
    "weights": [
        1.2738,
        0.5531,
        -0.4328,
        1.7984,
        1.0916
    ]
}