{
    "metrics": {
        "RMSE": 0.2694420039836198,
        "LogLoss": 0.2706733860400877,
        "RMSE(bins)": 0.012096321422817835,
        "ICI": 0.007821160499902835
    },
    "user": 5692,
    "size": 20435,
    "weights": [
        1.5718,
        0.442,
        -1.4461,
        1.8591,
        1.3306
    ]
}