{
    "metrics": {
        "RMSE": 0.2670241824870887,
        "LogLoss": 0.2712711152630496,
        "RMSE(bins)": 0.06242501103315331,
        "ICI": 0.03361211299190361
    },
    "user": 575,
    "size": 5950,
    "weights": [
        1.5583,
        0.3922,
        -0.6128,
        2.0704,
        1.1534
    ]
}