{
    "metrics": {
        "RMSE": 0.3817931726537903,
        "LogLoss": 0.4623708725778414,
        "RMSE(bins)": 0.08889820665141382,
        "ICI": 0.00963538955171347
    },
    "user": 5772,
    "size": 8535,
    "weights": [
        1.5187,
        0.4887,
        -0.8667,
        1.8966,
        0.8851
    ]
}