{
    "metrics": {
        "RMSE": 0.37215593806772834,
        "LogLoss": 0.4568190949538769,
        "RMSE(bins)": 0.12335362517390257,
        "ICI": 0.04359258408730491
    },
    "user": 5824,
    "size": 15115,
    "weights": [
        1.0556,
        0.4817,
        -1.2572,
        1.3634,
        1.2833
    ]
}