{
    "metrics": {
        "RMSE": 0.10254112799064737,
        "LogLoss": 0.09840318882376561,
        "RMSE(bins)": 0.09406219423364222,
        "ICI": 0.08776565192734831
    },
    "user": 6068,
    "size": 1220,
    "weights": [
        1.7173,
        0.2049,
        0.1671,
        2.2214,
        1.3365
    ]
}