{
    "metrics": {
        "RMSE": 0.3430778414905682,
        "LogLoss": 0.3935151316725878,
        "RMSE(bins)": 0.06977395040280115,
        "ICI": 0.05158699890905166
    },
    "user": 6072,
    "size": 154350,
    "weights": [
        2.2026,
        0.505,
        0.1642,
        2.3254,
        -0.3604
    ]
}