{
    "metrics": {
        "RMSE": 0.22653868379639255,
        "LogLoss": 0.21366307872096785,
        "RMSE(bins)": 0.021901722484552227,
        "ICI": 0.01842450716264404
    },
    "user": 6344,
    "size": 50100,
    "weights": [
        1.4893,
        0.6374,
        -2.8711,
        1.9366,
        2.1957
    ]
}