{
    "metrics": {
        "RMSE": 0.30954504231239144,
        "LogLoss": 0.34743026664366794,
        "RMSE(bins)": 0.08004967886593019,
        "ICI": 0.05009624802705411
    },
    "user": 6832,
    "size": 3270,
    "weights": [
        1.181,
        0.5569,
        -0.4401,
        1.7319,
        1.114
    ]
}