{
    "metrics": {
        "RMSE": 0.37185107009477236,
        "LogLoss": 0.4283011385429206,
        "RMSE(bins)": 0.15516683128193087,
        "ICI": 0.06051797537013301
    },
    "user": 711,
    "size": 1680,
    "weights": [
        1.6447,
        0.5692,
        -0.0217,
        2.1195,
        0.8291
    ]
}