{
    "metrics": {
        "RMSE": 0.3081960962875966,
        "LogLoss": 0.33703839873728597,
        "RMSE(bins)": 0.04415337134486204,
        "ICI": 0.03363459881751902
    },
    "user": 7488,
    "size": 23425,
    "weights": [
        1.2671,
        0.2347,
        -1.1737,
        1.5477,
        1.0738
    ]
}