{
    "metrics": {
        "RMSE": 0.2947595457876015,
        "LogLoss": 0.3075189196411961,
        "RMSE(bins)": 0.06788801838223833,
        "ICI": 0.0043178774134754044
    },
    "user": 7751,
    "size": 6160,
    "weights": [
        1.6547,
        0.5718,
        -0.0502,
        2.1675,
        1.2964
    ]
}