{
    "metrics": {
        "RMSE": 0.21404052550504699,
        "LogLoss": 0.18985733825774254,
        "RMSE(bins)": 0.039004074752041276,
        "ICI": 0.01601484625910649
    },
    "user": 7899,
    "size": 20640,
    "weights": [
        1.7936,
        0.4129,
        -1.662,
        1.9648,
        1.4494
    ]
}