{
    "metrics": {
        "RMSE": 0.4819296776887089,
        "LogLoss": 0.6549143057991726,
        "RMSE(bins)": 0.17157704910222846,
        "ICI": 0.13072534903991218
    },
    "user": 7956,
    "size": 1460,
    "weights": [
        1.2597,
        0.6303,
        -0.2398,
        1.7694,
        0.738
    ]
}