{
    "metrics": {
        "RMSE": 0.22561082730195614,
        "LogLoss": 0.21140148125149608,
        "RMSE(bins)": 0.03575565516632363,
        "ICI": 0.02003330028341534
    },
    "user": 8117,
    "size": 3145,
    "weights": [
        1.4865,
        0.5688,
        -0.4314,
        2.0191,
        1.2111
    ]
}