{
    "metrics": {
        "RMSE": 0.5557861604746926,
        "LogLoss": 0.8212087229572008,
        "RMSE(bins)": 0.30445337114329085,
        "ICI": 0.2571511811533859
    },
    "user": 8130,
    "size": 5275,
    "weights": [
        0.647,
        1.1348,
        -0.6277,
        1.1131,
        0.0498
    ]
}