{
    "metrics": {
        "RMSE": 0.2518150489518697,
        "LogLoss": 0.24612627490987377,
        "RMSE(bins)": 0.06539346120509401,
        "ICI": 0.027927206508155996
    },
    "user": 8343,
    "size": 8295,
    "weights": [
        1.6544,
        0.2913,
        -0.6001,
        2.1396,
        1.2689
    ]
}