{
    "metrics": {
        "RMSE": 0.4544195508993844,
        "LogLoss": 0.601948906556728,
        "RMSE(bins)": 0.16194981523622082,
        "ICI": 0.04671432247518448
    },
    "user": 8350,
    "size": 5940,
    "weights": [
        1.1121,
        0.745,
        -0.2526,
        1.6712,
        0.6015
    ]
}