{
    "metrics": {
        "RMSE": 0.3772297729415419,
        "LogLoss": 0.4527134481278708,
        "RMSE(bins)": 0.12772045507746044,
        "ICI": 0.05231686353121547
    },
    "user": 8378,
    "size": 5355,
    "weights": [
        1.5173,
        0.4505,
        -0.6108,
        1.9517,
        0.8859
    ]
}