{
    "metrics": {
        "RMSE": 0.29578587553920266,
        "LogLoss": 0.3103630076096122,
        "RMSE(bins)": 0.108418681756221,
        "ICI": 0.031387557092666
    },
    "user": 8505,
    "size": 17790,
    "weights": [
        2.208,
        0.9664,
        1.6752,
        2.3793,
        1.0507
    ]
}