{
    "metrics": {
        "RMSE": 0.12155954538064237,
        "LogLoss": 0.07369497516231288,
        "RMSE(bins)": 0.03058483385118267,
        "ICI": 0.0027500699364991403
    },
    "user": 8530,
    "size": 122825,
    "weights": [
        3.0731,
        0.7672,
        0.3578,
        3.7702,
        1.0792
    ]
}