{
    "metrics": {
        "RMSE": 0.4845701366052351,
        "LogLoss": 0.6591674702229291,
        "RMSE(bins)": 0.18746026765284143,
        "ICI": 0.1418323493012042
    },
    "user": 8567,
    "size": 6840,
    "weights": [
        1.0049,
        0.9671,
        -0.3755,
        1.5037,
        0.4056
    ]
}