{
    "metrics": {
        "RMSE": 0.5384050057609896,
        "LogLoss": 0.786172373543293,
        "RMSE(bins)": 0.25746909054164047,
        "ICI": 0.23536233169568943
    },
    "user": 8673,
    "size": 835,
    "weights": [
        1.2327,
        0.6907,
        -0.2218,
        1.7364,
        0.8434
    ]
}