{
    "metrics": {
        "RMSE": 0.13566359798058347,
        "LogLoss": 0.08496470067755138,
        "RMSE(bins)": 0.021744259092184363,
        "ICI": 0.004214509131592206
    },
    "user": 878,
    "size": 35430,
    "weights": [
        2.0324,
        0.1504,
        0.1645,
        2.5401,
        1.6097
    ]
}