{
    "metrics": {
        "RMSE": 0.2869130604077535,
        "LogLoss": 0.29463613338834926,
        "RMSE(bins)": 0.07027500079909273,
        "ICI": 0.01791599305899429
    },
    "user": 8849,
    "size": 13165,
    "weights": [
        1.8375,
        0.5003,
        -1.3595,
        1.9481,
        1.2746
    ]
}