{
    "metrics": {
        "RMSE": 0.21817057553946734,
        "LogLoss": 0.19437770459377374,
        "RMSE(bins)": 0.04302530768414797,
        "ICI": 0.011166645262176658
    },
    "user": 9,
    "size": 6850,
    "weights": [
        1.6228,
        0.3777,
        -0.3624,
        2.1281,
        1.1661
    ]
}