{
    "metrics": {
        "RMSE": 0.2166620051094609,
        "LogLoss": 0.20606137108616016,
        "RMSE(bins)": 0.056843757601397954,
        "ICI": 0.024652160345610494
    },
    "user": 91,
    "size": 93565,
    "weights": [
        1.7863,
        0.3895,
        -3.8982,
        1.1642,
        1.8061
    ]
}