{
    "metrics": {
        "RMSE": 0.3676645120131683,
        "LogLoss": 0.437821962638953,
        "RMSE(bins)": 0.03945996422368451,
        "ICI": 0.019330647003594697
    },
    "user": 9350,
    "size": 11960,
    "weights": [
        0.9441,
        0.001,
        -1.1712,
        1.2134,
        0.6802
    ]
}