{
    "metrics": {
        "RMSE": 0.4166026736788147,
        "LogLoss": 0.5197834053956362,
        "RMSE(bins)": 0.11769476490124191,
        "ICI": 0.0447637902993309
    },
    "user": 9351,
    "size": 22055,
    "weights": [
        1.5445,
        0.2877,
        -0.5254,
        2.1007,
        -0.5828
    ]
}