{
    "metrics": {
        "RMSE": 0.08474957450886532,
        "LogLoss": 0.050409438330053444,
        "RMSE(bins)": 0.008194013592886013,
        "ICI": 0.008629443595256393
    },
    "user": 9528,
    "size": 8270,
    "weights": [
        1.9544,
        0.041,
        0.2346,
        2.4478,
        1.5582
    ]
}