{
    "metrics": {
        "RMSE": 0.3175321095733572,
        "LogLoss": 0.35693586930915105,
        "RMSE(bins)": 0.05381140343284924,
        "ICI": 0.03352066047404596
    },
    "user": 9554,
    "size": 86100,
    "weights": [
        0.846,
        0.0012,
        -2.223,
        1.2505,
        1.3476
    ]
}