{
    "metrics": {
        "RMSE": 0.429945327569871,
        "LogLoss": 0.5541931827872704,
        "RMSE(bins)": 0.11003439722433314,
        "ICI": 0.021289129532962733
    },
    "user": 9691,
    "size": 21125,
    "weights": [
        1.4194,
        0.6139,
        -1.1586,
        1.5207,
        0.4904
    ]
}