{
    "metrics": {
        "RMSE": 0.37058558433268823,
        "LogLoss": 0.44821784774642426,
        "RMSE(bins)": 0.13930162173147884,
        "ICI": 0.08261747782855738
    },
    "user": 9880,
    "size": 16975,
    "weights": [
        1.4211,
        0.3008,
        -1.0799,
        1.9131,
        0.8728
    ]
}