{
    "metrics": {
        "RMSE": 0.2637763648550962,
        "LogLoss": 0.2718299864416599,
        "RMSE(bins)": 0.0746691817912643,
        "ICI": 0.025215169742273676
    },
    "user": 9891,
    "size": 28950,
    "weights": [
        1.5102,
        0.7655,
        -1.6126,
        2.1344,
        2.1478
    ]
}