{
    "metrics": {
        "RMSE": 0.36685604288988327,
        "LogLoss": 0.45458205603412244,
        "RMSE(bins)": 0.1162852652670483,
        "ICI": 0.09041594329288215
    },
    "user": 10007,
    "size": 4315,
    "weights": [
        1.471,
        2.3207,
        4.7216,
        -1.4362,
        -1.6278,
        0.05,
        1.9999,
        -0.15,
        1.2439,
        2.0686,
        -0.205,
        0.48,
        1.2614
    ]
}