{
    "FSRSv3": {
        "RMSE": 0.34688257152794383,
        "LogLoss": 0.4863467341806426,
        "RMSE(bins)": 0.15984916177832673
    },
    "user": 10067,
    "size": 15290
}