{
    "metrics": {
        "RMSE": 0.27316637036960667,
        "LogLoss": 0.26678033227737913,
        "RMSE(bins)": 0.053011769796845014,
        "ICI": 0.01833862096812125
    },
    "user": 10123,
    "size": 17440,
    "weights": [
        1.5357,
        3.4782,
        4.5295,
        -2.0109,
        -1.8953,
        0.05,
        1.9849,
        -0.3159,
        1.2147,
        1.8859,
        -0.4317,
        0.4355,
        0.3012
    ]
}