{
    "metrics": {
        "RMSE": 0.4782973864616922,
        "LogLoss": 0.7638428438704445,
        "RMSE(bins)": 0.19801273743861297,
        "ICI": 0.1372101273319994
    },
    "user": 10151,
    "size": 7560,
    "weights": [
        0.4728,
        2.1723,
        4.7539,
        -1.2748,
        -1.3028,
        0.2744,
        1.9478,
        -0.4524,
        1.0798,
        1.7474,
        -0.5419,
        0.6729,
        1.0535
    ]
}