{
    "metrics": {
        "RMSE": 0.1644328898810677,
        "LogLoss": 0.12262715582721319,
        "RMSE(bins)": 0.04012473026001071,
        "ICI": 0.009584421120052734
    },
    "user": 10375,
    "size": 5620,
    "weights": [
        1.4785,
        2.2056,
        4.1014,
        -0.5901,
        -1.3159,
        0.2243,
        2.0,
        -0.15,
        1.5,
        2.1087,
        -0.1648,
        0.8084,
        1.2909
    ]
}