{
    "metrics": {
        "RMSE": 0.33612576526575727,
        "LogLoss": 0.4759622816850972,
        "RMSE(bins)": 0.19480866782267572,
        "ICI": 0.10114146464263303
    },
    "user": 10565,
    "size": 4505,
    "weights": [
        0.5704,
        1.6873,
        4.8481,
        -1.0315,
        -1.3066,
        0.0582,
        1.7814,
        -0.2832,
        1.124,
        1.7382,
        -0.5477,
        0.9,
        0.599
    ]
}