{
    "FSRSv3": {
        "RMSE": 0.4051705155224951,
        "LogLoss": 0.5326901017216311,
        "RMSE(bins)": 0.08631959344945805,
        "ICI": 0.054871854057314345
    },
    "user": 10624,
    "size": 10450
}