{
    "metrics": {
        "RMSE": 0.6085493075776222,
        "LogLoss": 1.4287944691791854,
        "RMSE(bins)": 0.4346414036586039,
        "ICI": 0.357806759789367
    },
    "user": 10628,
    "size": 6620,
    "weights": [
        1.6485,
        2.1707,
        4.9376,
        -0.7262,
        -1.2292,
        0.2972,
        1.4131,
        -0.6973,
        0.7727,
        2.0769,
        -0.1693,
        0.3728,
        1.5853
    ]
}