{
    "metrics": {
        "RMSE": 0.3315534392183224,
        "LogLoss": 0.3754643385513674,
        "RMSE(bins)": 0.044168499205248096,
        "ICI": 0.021466006140786618
    },
    "user": 10671,
    "size": 60280,
    "weights": [
        0.1772,
        0.6707,
        4.3451,
        -1.9256,
        -1.8598,
        0.05,
        1.6359,
        -0.15,
        0.9177,
        1.6444,
        -0.586,
        0.6133,
        0.5919
    ]
}