{
    "metrics": {
        "RMSE": 0.5295973487389813,
        "LogLoss": 0.905005742732974,
        "RMSE(bins)": 0.28207315105355907,
        "ICI": 0.22074010268711447
    },
    "user": 10693,
    "size": 8245,
    "weights": [
        1.3194,
        2.4592,
        4.6865,
        -1.0684,
        -1.1348,
        0.05,
        1.7627,
        -0.3171,
        1.0653,
        1.8006,
        -0.5029,
        0.646,
        0.6129
    ]
}