{
    "FSRSv3": {
        "RMSE": 0.398071779852934,
        "LogLoss": 0.5165414858797343,
        "RMSE(bins)": 0.06684827594569095
    },
    "user": 10776,
    "size": 12585
}