{
    "metrics": {
        "RMSE": 0.3750824078899935,
        "LogLoss": 0.5047831953169304,
        "RMSE(bins)": 0.2302387558171406,
        "ICI": 0.10838828089212138
    },
    "user": 10790,
    "size": 1465
}