{
    "metrics": {
        "RMSE": 0.4314474256092525,
        "LogLoss": 0.5739080070892253,
        "RMSE(bins)": 0.09623336339829597,
        "ICI": 0.09128488886417603
    },
    "user": 10812,
    "size": 1910,
    "weights": [
        0.6088,
        0.6097,
        5.2808,
        -0.7881,
        -0.7687,
        0.05,
        1.1187,
        -0.4694,
        0.5101,
        1.7378,
        -0.4615,
        0.01,
        0.7352
    ]
}