{
    "FSRSv3": {
        "RMSE": 0.4601675672753821,
        "LogLoss": 0.9059199781679939,
        "RMSE(bins)": 0.32571418204707664
    },
    "user": 10855,
    "size": 7625
}