{
    "metrics": {
        "RMSE": 0.3704926050417655,
        "LogLoss": 0.4609056347648652,
        "RMSE(bins)": 0.07468836262384924,
        "ICI": 0.04175620194150207
    },
    "user": 10863,
    "size": 126820,
    "weights": [
        0.749,
        3.2685,
        5.3707,
        -1.0417,
        -1.7066,
        0.05,
        1.4716,
        -0.3498,
        0.7232,
        2.051,
        -0.3293,
        0.3734,
        0.9178
    ]
}