{
    "FSRSv3": {
        "RMSE": 0.41997258112697866,
        "LogLoss": 0.5646341124666338,
        "RMSE(bins)": 0.10872906633609983
    },
    "user": 10888,
    "size": 128870
}