{
    "FSRSv3": {
        "RMSE": 0.47263209196672784,
        "LogLoss": 0.8467044177466607,
        "RMSE(bins)": 0.16485288960508035
    },
    "user": 10942,
    "size": 31215
}