{
    "metrics": {
        "RMSE": 0.13164066259982904,
        "LogLoss": 0.08696342641649561,
        "RMSE(bins)": 0.05605517928849685,
        "ICI": 0.03663387348637455
    },
    "user": 10952,
    "size": 5025
}