{
    "metrics": {
        "RMSE": 0.29071358075506387,
        "LogLoss": 0.31761716197531104,
        "RMSE(bins)": 0.09023066574571816,
        "ICI": 0.029435019530118272
    },
    "user": 10979,
    "size": 7180
}