{
    "FSRSv3": {
        "RMSE": 0.34253648775388795,
        "LogLoss": 0.681059283292854,
        "RMSE(bins)": 0.13862035033008083
    },
    "user": 11020,
    "size": 2385
}