{
    "FSRSv3": {
        "RMSE": 0.24500586094517462,
        "LogLoss": 0.3221077059423538,
        "RMSE(bins)": 0.13527809958267356,
        "ICI": 0.04998589565656629
    },
    "user": 1106,
    "size": 33910
}