{
    "FSRSv3": {
        "RMSE": 0.3374269272908699,
        "LogLoss": 0.39236504264290817,
        "RMSE(bins)": 0.0566025412544149
    },
    "user": 11071,
    "size": 5255
}