{
    "metrics": {
        "RMSE": 0.28545186637921177,
        "LogLoss": 0.3203099662179956,
        "RMSE(bins)": 0.18947799596541426,
        "ICI": 0.11332461341645272
    },
    "user": 11099,
    "size": 9960
}