{
    "FSRSv3": {
        "RMSE": 0.3169110582715538,
        "LogLoss": 0.3677800761085063,
        "RMSE(bins)": 0.12164830633247169
    },
    "user": 11164,
    "size": 6030
}