{
    "metrics": {
        "RMSE": 0.1852472483705603,
        "LogLoss": 0.15763727073287503,
        "RMSE(bins)": 0.04751400135539682,
        "ICI": 0.021591417400131874
    },
    "user": 11235,
    "size": 6160,
    "weights": [
        1.7448,
        2.5036,
        4.9699,
        -0.4239,
        -1.7593,
        0.05,
        1.7517,
        -0.3404,
        1.0901,
        2.0369,
        -0.2645,
        0.6892,
        1.2898
    ]
}