{
    "FSRSv3": {
        "RMSE": 0.33613514701483604,
        "LogLoss": 0.4030626246402914,
        "RMSE(bins)": 0.10335779070593842
    },
    "user": 11242,
    "size": 13880
}