{
    "metrics": {
        "RMSE": 0.4027007248365838,
        "LogLoss": 0.5050819902621205,
        "RMSE(bins)": 0.035889090752827174,
        "ICI": 0.02525608307645692
    },
    "user": 11268,
    "size": 167845
}