{
    "FSRSv3": {
        "RMSE": 0.25216628283461073,
        "LogLoss": 0.24873239370920794,
        "RMSE(bins)": 0.06841141308791959
    },
    "user": 1128,
    "size": 3640
}