{
    "FSRSv3": {
        "RMSE": 0.33739435380336286,
        "LogLoss": 0.40758226872630027,
        "RMSE(bins)": 0.07711298238794578
    },
    "user": 11324,
    "size": 19845
}