{
    "FSRSv3": {
        "RMSE": 0.3270205864047379,
        "LogLoss": 0.3835498364880821,
        "RMSE(bins)": 0.1380495296593075,
        "ICI": 0.08119964430446198
    },
    "user": 1133,
    "size": 6290
}