{
    "metrics": {
        "RMSE": 0.2900634974859463,
        "LogLoss": 0.2971127810694121,
        "RMSE(bins)": 0.05760235252231188,
        "ICI": 0.023975785533677046
    },
    "user": 11370,
    "size": 48270,
    "weights": [
        0.1531,
        0.3677,
        5.4694,
        -4.636,
        -3.4471,
        0.05,
        1.6995,
        -0.2579,
        0.9817,
        1.6454,
        -0.6654,
        0.8795,
        1.9398
    ]
}