{
    "FSRSv3": {
        "RMSE": 0.17415559637511924,
        "LogLoss": 0.1395506985271784,
        "RMSE(bins)": 0.040767476688938716
    },
    "user": 11418,
    "size": 136990
}