{
    "metrics": {
        "RMSE": 0.41210674599646213,
        "LogLoss": 0.688292095628139,
        "RMSE(bins)": 0.10121567464734303,
        "ICI": 0.0870183968178646
    },
    "user": 11435,
    "size": 240405,
    "weights": [
        0.1185,
        5.0,
        3.643,
        -0.9901,
        -1.0145,
        0.3824,
        1.9959,
        -0.2568,
        1.378,
        1.3578,
        -1.0268,
        0.54,
        1.0651
    ]
}