{
    "FSRSv3": {
        "RMSE": 0.23176817087666934,
        "LogLoss": 0.22403897146320623,
        "RMSE(bins)": 0.0509037616294695
    },
    "user": 11515,
    "size": 6225
}