{
    "FSRSv3": {
        "RMSE": 0.4460373637282293,
        "LogLoss": 0.6342158485963654,
        "RMSE(bins)": 0.1256998881568064
    },
    "user": 11617,
    "size": 31400
}