{
    "FSRSv3": {
        "RMSE": 0.36045243662876136,
        "LogLoss": 0.5550281831644485,
        "RMSE(bins)": 0.1468920167676441
    },
    "user": 11673,
    "size": 52480
}