{
    "FSRSv3": {
        "RMSE": 0.35121438144284445,
        "LogLoss": 0.4160711097795717,
        "RMSE(bins)": 0.0724928603652977
    },
    "user": 11709,
    "size": 5800
}