{
    "metrics": {
        "RMSE": 0.14555218522494318,
        "LogLoss": 0.10624691585667684,
        "RMSE(bins)": 0.03629490342781831,
        "ICI": 0.018483609610222506
    },
    "user": 11742,
    "size": 9010,
    "weights": [
        1.6358,
        2.4886,
        3.7477,
        -0.8097,
        -1.004,
        0.4991,
        2.0,
        -0.15,
        1.5,
        1.8345,
        -0.437,
        0.4349,
        1.1706
    ]
}