{
    "metrics": {
        "RMSE": 0.1521747315569668,
        "LogLoss": 0.1083717622731806,
        "RMSE(bins)": 0.03866226595652129,
        "ICI": 0.016348983203823417
    },
    "user": 11768,
    "size": 269160
}