{
    "metrics": {
        "RMSE": 0.26223459013821543,
        "LogLoss": 0.2757433871755505,
        "RMSE(bins)": 0.05764495278647708,
        "ICI": 0.03218033637664419
    },
    "user": 11760,
    "size": 13230,
    "weights": [
        1.1439,
        1.0287,
        4.8849,
        -0.7567,
        -2.4424,
        0.0656,
        1.9808,
        -0.3652,
        1.2869,
        1.9206,
        -0.3447,
        0.2025,
        1.3405
    ]
}