{
    "metrics": {
        "RMSE": 0.3550679726796976,
        "LogLoss": 0.4473039759436136,
        "RMSE(bins)": 0.10038322287013056,
        "ICI": 0.06493010188120203
    },
    "user": 11777,
    "size": 14645
}