{
    "metrics": {
        "RMSE": 0.23241400018900035,
        "LogLoss": 0.20375942660762095,
        "RMSE(bins)": 0.11653026088416618,
        "ICI": 0.04615178277847972
    },
    "user": 11810,
    "size": 14685,
    "weights": [
        1.8285,
        3.0041,
        4.1441,
        -2.206,
        -2.1282,
        0.05,
        2.0,
        -0.15,
        1.5,
        1.9778,
        -0.2948,
        0.474,
        0.8257
    ]
}