{
    "metrics": {
        "RMSE": 0.24006968347194277,
        "LogLoss": 0.21058973958956403,
        "RMSE(bins)": 0.12866580668641173,
        "ICI": 0.05406468790826556
    },
    "user": 11810,
    "size": 14210
}