{
    "metrics": {
        "RMSE": 0.3146870022123429,
        "LogLoss": 0.36047897956117764,
        "RMSE(bins)": 0.10897491747688097,
        "ICI": 0.028488803000936185
    },
    "user": 1185,
    "size": 4145,
    "weights": [
        0.4773,
        1.5045,
        4.6771,
        -0.6193,
        -0.7548,
        0.05,
        1.7207,
        -0.15,
        1.0983,
        1.6196,
        -0.5914,
        0.352,
        0.7327
    ]
}