{
    "FSRSv3": {
        "RMSE": 0.2800959117701189,
        "LogLoss": 0.29604810579676094,
        "RMSE(bins)": 0.045711429466485036
    },
    "user": 11859,
    "size": 114590
}