{
    "metrics": {
        "RMSE": 0.13760544483303322,
        "LogLoss": 0.0925652628193474,
        "RMSE(bins)": 0.030906129913386673,
        "ICI": 0.020804970744240727
    },
    "user": 12071,
    "size": 8045,
    "weights": [
        1.3074,
        2.658,
        4.3579,
        -1.2104,
        -1.7197,
        0.1218,
        2.0,
        -0.15,
        1.5,
        1.7621,
        -0.5286,
        0.4191,
        1.4466
    ]
}