{
    "FSRSv3": {
        "RMSE": 0.4895796717205186,
        "LogLoss": 0.7920299373771669,
        "RMSE(bins)": 0.1991365831262549
    },
    "user": 12104,
    "size": 7725
}