{
    "FSRSv3": {
        "RMSE": 0.3798297021847087,
        "LogLoss": 0.5114288432058292,
        "RMSE(bins)": 0.22447102690546195
    },
    "user": 12186,
    "size": 4910
}