{
    "metrics": {
        "RMSE": 0.4067164453834483,
        "LogLoss": 0.5553975570851349,
        "RMSE(bins)": 0.13490165785450517,
        "ICI": 0.09083827468399826
    },
    "user": 12257,
    "size": 17535,
    "weights": [
        0.5945,
        1.3351,
        5.4353,
        -1.724,
        -2.1926,
        0.1567,
        1.224,
        -0.6169,
        0.6278,
        1.69,
        -0.602,
        0.4289,
        0.8631
    ]
}