{
    "metrics": {
        "RMSE": 0.43630424038664567,
        "LogLoss": 0.7079785579201092,
        "RMSE(bins)": 0.17965794904568638,
        "ICI": 0.12588472777311696
    },
    "user": 1252,
    "size": 8975,
    "weights": [
        0.3997,
        1.5188,
        4.7803,
        -1.0623,
        -0.6849,
        0.0549,
        1.6658,
        -0.15,
        1.1099,
        2.0327,
        -0.2046,
        0.6081,
        1.2439
    ]
}