{
    "metrics": {
        "RMSE": 0.16300863049261652,
        "LogLoss": 0.12458483249694875,
        "RMSE(bins)": 0.1460876696438117,
        "ICI": 0.09714687435839062
    },
    "user": 12560,
    "size": 6095,
    "weights": [
        1.7991,
        1.7949,
        4.1774,
        -0.1,
        -0.5085,
        0.4912,
        2.0,
        -0.15,
        1.5,
        2.5606,
        -0.01,
        0.7505,
        1.4986
    ]
}