{
    "metrics": {
        "RMSE": 0.24648172468975907,
        "LogLoss": 0.20653431560488297,
        "RMSE(bins)": 0.22581986582345118,
        "ICI": 0.11186526629716612
    },
    "user": 1259,
    "size": 18560
}