{
    "metrics": {
        "RMSE": 0.39537902524031315,
        "LogLoss": 0.5224399173534667,
        "RMSE(bins)": 0.14222443659625478,
        "ICI": 0.07767475019910332
    },
    "user": 12602,
    "size": 2385,
    "weights": [
        0.923,
        1.5967,
        5.1979,
        -0.8738,
        -1.565,
        0.2116,
        1.4473,
        -0.5072,
        0.7691,
        1.5892,
        -0.6802,
        0.2749,
        0.7631
    ]
}