{
    "metrics": {
        "RMSE": 0.27862383560484466,
        "LogLoss": 0.2966290599845534,
        "RMSE(bins)": 0.028528071981693617,
        "ICI": 0.026822890185281913
    },
    "user": 12633,
    "size": 85860,
    "weights": [
        0.3564,
        0.5001,
        4.9843,
        -3.3548,
        -2.4917,
        0.1207,
        1.8375,
        -0.3389,
        1.3339,
        1.8283,
        -0.5009,
        0.5007,
        1.541
    ]
}