{
    "metrics": {
        "RMSE": 0.3744402028627169,
        "LogLoss": 0.4971232926243252,
        "RMSE(bins)": 0.17081557638676603,
        "ICI": 0.0890508687428246
    },
    "user": 12649,
    "size": 1985,
    "weights": [
        1.1247,
        1.9865,
        4.688,
        -1.0784,
        -1.2833,
        0.05,
        1.935,
        -0.15,
        1.2316,
        1.9148,
        -0.3649,
        0.4253,
        1.1911
    ]
}