{
    "metrics": {
        "RMSE": 0.2927450310792765,
        "LogLoss": 0.3110711672759565,
        "RMSE(bins)": 0.06818711103427195,
        "ICI": 0.03670208320386111
    },
    "user": 12685,
    "size": 4385,
    "weights": [
        1.2468,
        2.1694,
        5.177,
        -1.7629,
        -1.9132,
        0.05,
        1.5815,
        -0.3658,
        0.9145,
        1.9551,
        -0.3222,
        0.6909,
        1.2137
    ]
}