{
    "FSRSv3": {
        "RMSE": 0.046817898233568384,
        "LogLoss": 0.03309116421019974,
        "RMSE(bins)": 0.028669781015130173,
        "ICI": 0.025564199202869637
    },
    "user": 12712,
    "size": 12710
}