{
    "FSRSv3": {
        "RMSE": 0.3210726634677584,
        "LogLoss": 0.364185232192313,
        "RMSE(bins)": 0.07358881384006212
    },
    "user": 12751,
    "size": 79960
}