{
    "metrics": {
        "RMSE": 0.4082890497847104,
        "LogLoss": 0.5123786342532165,
        "RMSE(bins)": 0.10174957143132161,
        "ICI": 0.0669292342537184
    },
    "user": 12762,
    "size": 1160,
    "weights": [
        1.0966,
        1.9416,
        4.9783,
        -1.3314,
        -1.2895,
        0.0703,
        1.6021,
        -0.15,
        0.9255,
        1.8537,
        -0.4004,
        0.3734,
        1.156
    ]
}