{
    "metrics": {
        "RMSE": 0.3382135655187055,
        "LogLoss": 0.3837769236953004,
        "RMSE(bins)": 0.062494646563769796,
        "ICI": 0.042331668780091175
    },
    "user": 12796,
    "size": 108455,
    "weights": [
        0.2277,
        0.8584,
        6.2495,
        -1.3345,
        -0.2613,
        0.05,
        1.5783,
        -0.1573,
        0.6444,
        1.6847,
        -0.5417,
        0.5868,
        0.011
    ]
}