{
    "FSRSv3": {
        "RMSE": 0.4492348418196962,
        "LogLoss": 0.6654634140179395,
        "RMSE(bins)": 0.3582121705763494
    },
    "user": 12806,
    "size": 11385
}