{
    "FSRSv3": {
        "RMSE": 0.42580036546277505,
        "LogLoss": 0.5969763134422962,
        "RMSE(bins)": 0.13518090969936725
    },
    "user": 1285,
    "size": 68935
}