{
    "metrics": {
        "RMSE": 0.4727455794008791,
        "LogLoss": 0.8510647440159442,
        "RMSE(bins)": 0.17604811375993604,
        "ICI": 0.15235196535454373
    },
    "user": 12858,
    "size": 6345,
    "weights": [
        1.5347,
        2.4766,
        4.5484,
        -0.8967,
        -1.0797,
        0.2448,
        2.0,
        -0.2206,
        1.2062,
        2.0677,
        -0.229,
        0.4855,
        0.6991
    ]
}