{
    "FSRSv3": {
        "RMSE": 0.4095553811446388,
        "LogLoss": 0.5486837197876165,
        "RMSE(bins)": 0.11162513516482
    },
    "user": 12885,
    "size": 43950
}