{
    "FSRSv3": {
        "RMSE": 0.2658632816649763,
        "LogLoss": 0.27761242146393633,
        "RMSE(bins)": 0.06169313163591421
    },
    "user": 1296,
    "size": 51030
}