{
    "metrics": {
        "RMSE": 0.40591171197644166,
        "LogLoss": 0.55340424835477,
        "RMSE(bins)": 0.1514174292791511,
        "ICI": 0.10483639151601422
    },
    "user": 1297,
    "size": 13080,
    "weights": [
        2.1598,
        2.2394,
        4.9203,
        -1.1969,
        -1.3072,
        0.05,
        1.5069,
        -0.3337,
        0.9371,
        2.0293,
        -0.2471,
        0.4227,
        1.8925
    ]
}