{
    "FSRSv3": {
        "RMSE": 0.519875124068075,
        "LogLoss": 1.0322015969711373,
        "RMSE(bins)": 0.32997590836518925,
        "ICI": 0.23286751439588244
    },
    "user": 13030,
    "size": 13815
}