{
    "FSRSv3": {
        "RMSE": 0.15822695324156874,
        "LogLoss": 0.14039525316498408,
        "RMSE(bins)": 0.09506802267729389
    },
    "user": 13088,
    "size": 60
}