{
    "metrics": {
        "RMSE": 0.4354310439020952,
        "LogLoss": 0.5875136439546443,
        "RMSE(bins)": 0.08525272022457367,
        "ICI": 0.07708882814979184
    },
    "user": 13173,
    "size": 118640,
    "weights": [
        0.144,
        0.8212,
        5.0581,
        -1.0961,
        -0.5819,
        0.05,
        0.5588,
        -0.3095,
        0.7514,
        1.6006,
        -0.6351,
        0.7539,
        1.516
    ]
}