{
    "FSRSv3": {
        "RMSE": 0.33052926622066836,
        "LogLoss": 0.4182143248587995,
        "RMSE(bins)": 0.19825502800618863,
        "ICI": 0.14923745628455332
    },
    "user": 13252,
    "size": 2125
}