{
    "FSRSv3": {
        "RMSE": 0.16069838634591727,
        "LogLoss": 0.148780283698051,
        "RMSE(bins)": 0.15318750060100053
    },
    "user": 13254,
    "size": 3820
}