{
    "metrics": {
        "RMSE": 0.22512436514085582,
        "LogLoss": 0.20756113088696276,
        "RMSE(bins)": 0.05227907003761014,
        "ICI": 0.013377721826056736
    },
    "user": 13325,
    "size": 7450,
    "weights": [
        1.7032,
        1.6802,
        4.7097,
        -0.941,
        -1.2335,
        0.05,
        1.7488,
        -0.2774,
        1.1451,
        2.4286,
        -0.0481,
        0.5778,
        1.4691
    ]
}