{
    "metrics": {
        "RMSE": 0.3403984144074196,
        "LogLoss": 0.41906431635111696,
        "RMSE(bins)": 0.07576632177717485,
        "ICI": 0.038341879841354794
    },
    "user": 13337,
    "size": 120865,
    "weights": [
        0.3163,
        0.7601,
        4.4673,
        -1.8429,
        -1.3599,
        0.0874,
        2.0,
        -0.15,
        1.4285,
        1.8686,
        -0.5046,
        0.2954,
        0.2598
    ]
}