{
    "metrics": {
        "RMSE": 0.32065588963370395,
        "LogLoss": 0.36107691426112837,
        "RMSE(bins)": 0.09467096799230987,
        "ICI": 0.04034537404680604
    },
    "user": 13381,
    "size": 12035,
    "weights": [
        0.4963,
        2.0663,
        4.3123,
        -2.1105,
        -1.7787,
        0.05,
        2.0,
        -0.15,
        1.5,
        1.765,
        -0.4203,
        0.64,
        0.3863
    ]
}