{
    "FSRSv3": {
        "RMSE": 0.43493223230270556,
        "LogLoss": 0.6459168384599085,
        "RMSE(bins)": 0.13831251449748896
    },
    "user": 13455,
    "size": 36985
}