{
    "metrics": {
        "RMSE": 0.25644827088882716,
        "LogLoss": 0.2509801348698898,
        "RMSE(bins)": 0.04468625609998059,
        "ICI": 0.02945863550747043
    },
    "user": 13479,
    "size": 72110
}