{
    "FSRSv3": {
        "RMSE": 0.3426833423165924,
        "LogLoss": 0.5720737847658721,
        "RMSE(bins)": 0.31841272366341666
    },
    "user": 13500,
    "size": 8800
}