{
    "FSRSv3": {
        "RMSE": 0.3311708008073831,
        "LogLoss": 0.37492957259638426,
        "RMSE(bins)": 0.058543830557931394
    },
    "user": 13518,
    "size": 9690
}