{
    "metrics": {
        "RMSE": 0.4223777315633199,
        "LogLoss": 0.5948322888027622,
        "RMSE(bins)": 0.167211442232704,
        "ICI": 0.10619491085801241
    },
    "user": 13514,
    "size": 28810,
    "weights": [
        0.5497,
        0.5232,
        4.9537,
        -1.3695,
        -2.3917,
        0.2194,
        1.9839,
        -0.6144,
        0.9707,
        1.7045,
        -0.6061,
        0.47,
        0.3663
    ]
}