{
    "FSRSv3": {
        "RMSE": 0.33518575702348424,
        "LogLoss": 0.37685493259489966,
        "RMSE(bins)": 0.1520840342616185,
        "ICI": 0.07120049891255596
    },
    "user": 13550,
    "size": 1425
}