{
    "FSRSv3": {
        "RMSE": 0.43821101501936405,
        "LogLoss": 0.6123972328660364,
        "RMSE(bins)": 0.13113906132074032
    },
    "user": 13665,
    "size": 5210
}