{
    "FSRSv3": {
        "RMSE": 0.35107612042520264,
        "LogLoss": 0.5511720194470944,
        "RMSE(bins)": 0.1546721771912996
    },
    "user": 13747,
    "size": 3750
}