{
    "FSRSv3": {
        "RMSE": 0.26896326496862033,
        "LogLoss": 0.2764701917330375,
        "RMSE(bins)": 0.04131597180202581
    },
    "user": 13742,
    "size": 138780
}