{
    "FSRSv3": {
        "RMSE": 0.46045976108101805,
        "LogLoss": 1.2044924877138303,
        "RMSE(bins)": 0.20958296024957754
    },
    "user": 13757,
    "size": 15385
}