{
    "metrics": {
        "RMSE": 0.46974735670005224,
        "LogLoss": 0.8605944542105308,
        "RMSE(bins)": 0.28766555332404264,
        "ICI": 0.19414486332439007
    },
    "user": 13767,
    "size": 1610,
    "weights": [
        1.2723,
        2.0327,
        4.5874,
        -0.9575,
        -1.0444,
        0.3029,
        2.0,
        -0.15,
        1.3338,
        2.1468,
        -0.1279,
        0.8611,
        1.3341
    ]
}