{
    "FSRSv3": {
        "RMSE": 0.1969943849031321,
        "LogLoss": 0.19285909123355138,
        "RMSE(bins)": 0.11492767103474232
    },
    "user": 13797,
    "size": 15855
}