{
    "FSRSv3": {
        "RMSE": 0.33758790725129245,
        "LogLoss": 0.4062647885270005,
        "RMSE(bins)": 0.08604024107552308
    },
    "user": 13808,
    "size": 49390
}