{
    "FSRSv3": {
        "RMSE": 0.3707348449849542,
        "LogLoss": 0.5542915372387656,
        "RMSE(bins)": 0.13046452482353216
    },
    "user": 13877,
    "size": 6115
}