{
    "FSRSv3": {
        "RMSE": 0.34981144885479115,
        "LogLoss": 0.3895403186211668,
        "RMSE(bins)": 0.13232841352412578
    },
    "user": 13952,
    "size": 3850
}