{
    "FSRSv3": {
        "RMSE": 0.1039998292991388,
        "LogLoss": 0.05846084401212124,
        "RMSE(bins)": 0.026706682319536396,
        "ICI": 0.004805006212231483
    },
    "user": 1396,
    "size": 241840
}