{
    "FSRSv3": {
        "RMSE": 0.4251325809533374,
        "LogLoss": 0.5902280609029248,
        "RMSE(bins)": 0.12017361104748453
    },
    "user": 1399,
    "size": 191400
}