{
    "metrics": {
        "RMSE": 0.3361189869024765,
        "LogLoss": 0.37788347277546636,
        "RMSE(bins)": 0.044435109245879886,
        "ICI": 0.030983768988631238
    },
    "user": 14082,
    "size": 17340,
    "weights": [
        0.5266,
        1.7104,
        5.2552,
        -1.7708,
        -1.1946,
        0.05,
        1.4102,
        -0.1519,
        0.8488,
        1.9344,
        -0.2962,
        0.6468,
        1.5711
    ]
}