{
    "FSRSv3": {
        "RMSE": 0.4312508806280917,
        "LogLoss": 0.5766434845504956,
        "RMSE(bins)": 0.41888242065429443
    },
    "user": 14084,
    "size": 5740
}