{
    "FSRSv3": {
        "RMSE": 0.2821627295542901,
        "LogLoss": 0.30277672618013524,
        "RMSE(bins)": 0.0567028901745949
    },
    "user": 14114,
    "size": 187520
}