{
    "metrics": {
        "RMSE": 0.4291232602280681,
        "LogLoss": 0.7512156960320275,
        "RMSE(bins)": 0.21401462312139063,
        "ICI": 0.09988108599184763
    },
    "user": 1411,
    "size": 2670,
    "weights": [
        0.72,
        1.9362,
        5.2031,
        -1.5589,
        -1.5727,
        0.05,
        1.3716,
        -0.179,
        0.6911,
        1.7497,
        -0.5307,
        0.4902,
        0.9466
    ]
}