{
    "FSRSv3": {
        "RMSE": 0.2677198958359039,
        "LogLoss": 0.2735693750191911,
        "RMSE(bins)": 0.021230468240376794
    },
    "user": 14181,
    "size": 131080
}