{
    "FSRSv3": {
        "RMSE": 0.4296250939747998,
        "LogLoss": 0.5982011758005997,
        "RMSE(bins)": 0.12047382955158953
    },
    "user": 14195,
    "size": 11065
}