{
    "metrics": {
        "RMSE": 0.44271664842884556,
        "LogLoss": 0.7002889925077044,
        "RMSE(bins)": 0.17000189851593778,
        "ICI": 0.13600822113685274
    },
    "user": 14307,
    "size": 5755,
    "weights": [
        1.3278,
        1.5987,
        5.2656,
        -1.468,
        -1.5156,
        0.05,
        1.374,
        -0.4594,
        0.6557,
        2.0053,
        -0.2701,
        0.335,
        0.9091
    ]
}