{
    "metrics": {
        "RMSE": 0.28193530069194617,
        "LogLoss": 0.29215183432884023,
        "RMSE(bins)": 0.07538510244100018,
        "ICI": 0.042989406512543175
    },
    "user": 14389,
    "size": 5750
}