{
    "metrics": {
        "RMSE": 0.25111124584821226,
        "LogLoss": 0.2569952516702872,
        "RMSE(bins)": 0.10329226947571973,
        "ICI": 0.05735045333092371
    },
    "user": 14519,
    "size": 12285,
    "weights": [
        1.9799,
        2.7236,
        4.1156,
        -1.134,
        -1.003,
        0.3179,
        2.0,
        -0.15,
        1.5,
        2.1991,
        -0.0793,
        0.7403,
        1.203
    ]
}