{
    "metrics": {
        "RMSE": 0.3461001236865667,
        "LogLoss": 0.38780693507933883,
        "RMSE(bins)": 0.2567122248480065,
        "ICI": 0.17662389895769365
    },
    "user": 14521,
    "size": 1755,
    "weights": [
        1.2835,
        2.0527,
        4.6383,
        -1.4813,
        -1.225,
        0.1144,
        1.9862,
        -0.15,
        1.1886,
        2.1526,
        -0.1177,
        0.8419,
        1.3508
    ]
}