{
    "FSRSv3": {
        "RMSE": 0.41147178281574986,
        "LogLoss": 0.5615364639249987,
        "RMSE(bins)": 0.09163364220702513
    },
    "user": 14524,
    "size": 57515
}