{
    "metrics": {
        "RMSE": 0.37894888326891063,
        "LogLoss": 0.4714504097424079,
        "RMSE(bins)": 0.16859015521216067,
        "ICI": 0.09607743189574432
    },
    "user": 14564,
    "size": 2910
}