{
    "FSRSv3": {
        "RMSE": 0.36313824385522786,
        "LogLoss": 0.4416123362478104,
        "RMSE(bins)": 0.06345101681918484
    },
    "user": 14584,
    "size": 2170
}