{
    "metrics": {
        "RMSE": 0.22592394349490716,
        "LogLoss": 0.21389960306825062,
        "RMSE(bins)": 0.20075134436302983,
        "ICI": 0.10831972112867057
    },
    "user": 14593,
    "size": 455,
    "weights": [
        1.0801,
        1.8431,
        4.9489,
        -1.1806,
        -1.413,
        0.05,
        1.6489,
        -0.2846,
        0.984,
        1.9348,
        -0.3644,
        0.7062,
        0.9545
    ]
}