{
    "metrics": {
        "RMSE": 0.49945853529078865,
        "LogLoss": 0.777538494273792,
        "RMSE(bins)": 0.4046963572622022,
        "ICI": 0.27663573518900364
    },
    "user": 14624,
    "size": 3915
}