{
    "metrics": {
        "RMSE": 0.3695662194098657,
        "LogLoss": 0.44186958124143083,
        "RMSE(bins)": 0.09994935558867683,
        "ICI": 0.051664955020103445
    },
    "user": 14673,
    "size": 17040,
    "weights": [
        0.4348,
        0.9067,
        5.1012,
        -1.8599,
        -1.6484,
        0.1929,
        1.7227,
        -0.15,
        1.061,
        1.7486,
        -0.5571,
        0.5951,
        1.3957
    ]
}