{
    "metrics": {
        "RMSE": 0.37434788447193135,
        "LogLoss": 0.4543502386002636,
        "RMSE(bins)": 0.06443424934876131,
        "ICI": 0.028146643816360326
    },
    "user": 14683,
    "size": 7775,
    "weights": [
        0.1968,
        0.8157,
        5.2207,
        -1.6812,
        -1.4536,
        0.0935,
        1.3891,
        -0.2112,
        0.7456,
        1.7972,
        -0.4911,
        0.7325,
        1.0406
    ]
}