{
    "FSRSv3": {
        "RMSE": 0.38824855946705095,
        "LogLoss": 0.5030442845268301,
        "RMSE(bins)": 0.08917954166114711
    },
    "user": 14688,
    "size": 18500
}