{
    "metrics": {
        "RMSE": 0.21583923594052898,
        "LogLoss": 0.19205459103667574,
        "RMSE(bins)": 0.12143564315337112,
        "ICI": 0.0469473010486458
    },
    "user": 14694,
    "size": 13440,
    "weights": [
        1.7178,
        1.8056,
        3.8077,
        -0.1,
        -0.3588,
        0.4966,
        2.0,
        -0.15,
        1.5,
        2.7938,
        -0.01,
        0.5372,
        1.1366
    ]
}