{
    "FSRSv3": {
        "RMSE": 0.33948046583805436,
        "LogLoss": 0.3817482332709499,
        "RMSE(bins)": 0.10460642649818949
    },
    "user": 14699,
    "size": 1770
}