{
    "metrics": {
        "RMSE": 0.1927849210124671,
        "LogLoss": 0.16053536650057865,
        "RMSE(bins)": 0.1093665738309654,
        "ICI": 0.06243897079548677
    },
    "user": 14722,
    "size": 13830,
    "weights": [
        2.1716,
        2.2614,
        3.6533,
        -0.1,
        -0.1052,
        0.5,
        2.0,
        -0.15,
        1.5,
        2.4972,
        -0.01,
        0.4583,
        1.4655
    ]
}