{
    "metrics": {
        "RMSE": 0.3321663509168785,
        "LogLoss": 0.3929097864062155,
        "RMSE(bins)": 0.08364215971901412,
        "ICI": 0.05216412056124043
    },
    "user": 14768,
    "size": 128850,
    "weights": [
        1.6521,
        1.7597,
        5.281,
        -1.598,
        -2.2686,
        0.0825,
        1.5659,
        -0.226,
        1.0382,
        2.1385,
        -0.2776,
        0.4864,
        1.9961
    ]
}