{
    "metrics": {
        "RMSE": 0.2751547838928447,
        "LogLoss": 0.2801959197796256,
        "RMSE(bins)": 0.054832092208196535,
        "ICI": 0.02738218697211654
    },
    "user": 14779,
    "size": 36650,
    "weights": [
        0.8461,
        1.8666,
        5.4419,
        -1.4727,
        -1.3343,
        0.05,
        1.5811,
        -0.15,
        0.845,
        1.4199,
        -0.702,
        0.8872,
        2.0
    ]
}