{
    "FSRSv3": {
        "RMSE": 0.44846755335837496,
        "LogLoss": 0.6680206548261362,
        "RMSE(bins)": 0.18117900625603792
    },
    "user": 14792,
    "size": 65840
}