{
    "FSRSv3": {
        "RMSE": 0.11311751303428756,
        "LogLoss": 0.0721225523702564,
        "RMSE(bins)": 0.03882845078096684,
        "ICI": 0.014742588256149788
    },
    "user": 14851,
    "size": 38305
}