{
    "FSRSv3": {
        "RMSE": 0.4750634557827943,
        "LogLoss": 0.7274744781268027,
        "RMSE(bins)": 0.17850769968086966
    },
    "user": 14886,
    "size": 33410
}