{
    "metrics": {
        "RMSE": 0.37879481230863943,
        "LogLoss": 0.4771927090906784,
        "RMSE(bins)": 0.13758465149634458,
        "ICI": 0.06919351714844366
    },
    "user": 14905,
    "size": 25300
}