{
    "FSRSv3": {
        "RMSE": 0.4169742447755325,
        "LogLoss": 0.580401315303881,
        "RMSE(bins)": 0.1274470161092985
    },
    "user": 15044,
    "size": 3990
}