{
    "metrics": {
        "RMSE": 0.3930985935028221,
        "LogLoss": 0.48788730758352306,
        "RMSE(bins)": 0.06434707348738117,
        "ICI": 0.049130061473068094
    },
    "user": 1517,
    "size": 18015,
    "weights": [
        0.3024,
        2.0279,
        5.1648,
        -1.3324,
        -1.0846,
        0.05,
        1.4588,
        -0.15,
        0.7827,
        1.7419,
        -0.4813,
        0.6745,
        0.8422
    ]
}