{
    "metrics": {
        "RMSE": 0.27853671015566117,
        "LogLoss": 0.2881545075233098,
        "RMSE(bins)": 0.08351531525689235,
        "ICI": 0.03859356190662125
    },
    "user": 15179,
    "size": 46860,
    "weights": [
        0.8447,
        2.3599,
        5.1404,
        -2.6975,
        -3.1577,
        0.0501,
        1.9695,
        -0.723,
        1.4187,
        1.9555,
        -0.423,
        0.8979,
        1.9984
    ]
}