{
    "FSRSv3": {
        "RMSE": 0.2556002910838453,
        "LogLoss": 0.24991129184309438,
        "RMSE(bins)": 0.06837618377758796
    },
    "user": 15192,
    "size": 28230
}