{
    "metrics": {
        "RMSE": 0.4877574143025547,
        "LogLoss": 0.9416138604067631,
        "RMSE(bins)": 0.25643488172416923,
        "ICI": 0.15516899165539563
    },
    "user": 15252,
    "size": 46165,
    "weights": [
        2.1888,
        3.7858,
        4.6703,
        -2.2293,
        -0.902,
        0.05,
        1.5902,
        -0.2324,
        0.965,
        1.7056,
        -0.5792,
        0.7903,
        1.9998
    ]
}