{
    "FSRSv3": {
        "RMSE": 0.48742954729005095,
        "LogLoss": 0.795086106595594,
        "RMSE(bins)": 0.2331191178884288
    },
    "user": 15325,
    "size": 4600
}