{
    "metrics": {
        "RMSE": 0.21727123145761718,
        "LogLoss": 0.19214657077635122,
        "RMSE(bins)": 0.044984762099258814,
        "ICI": 0.008536219791905544
    },
    "user": 1539,
    "size": 173980,
    "weights": [
        0.9623,
        5.0,
        5.8296,
        -1.3761,
        -3.7723,
        0.05,
        1.9999,
        -0.15,
        1.497,
        1.9524,
        -0.39,
        0.4828,
        0.0719
    ]
}