{
    "metrics": {
        "RMSE": 0.24352150323641333,
        "LogLoss": 0.2250850672207044,
        "RMSE(bins)": 0.07778453570706849,
        "ICI": 0.005800049418901488
    },
    "user": 15427,
    "size": 20675,
    "weights": [
        0.5816,
        1.4766,
        4.6934,
        -2.141,
        -0.4759,
        0.05,
        1.8697,
        -0.2807,
        1.2545,
        1.8776,
        -0.3566,
        0.3136,
        1.1074
    ]
}