{
    "metrics": {
        "RMSE": 0.3125694329356209,
        "LogLoss": 0.3278346982195048,
        "RMSE(bins)": 0.10141271623298986,
        "ICI": 0.05106643873847417
    },
    "user": 15435,
    "size": 68650,
    "weights": [
        0.6271,
        1.8507,
        5.2207,
        -0.7919,
        -0.1038,
        0.2135,
        0.9265,
        -0.6011,
        0.6186,
        1.9134,
        -0.3542,
        0.879,
        1.1449
    ]
}