{
    "metrics": {
        "RMSE": 0.3767631114900474,
        "LogLoss": 0.46798125030633536,
        "RMSE(bins)": 0.09210128199480506,
        "ICI": 0.06489554465902256
    },
    "user": 1553,
    "size": 2505,
    "weights": [
        0.7308,
        1.6948,
        4.8866,
        -1.4003,
        -0.9748,
        0.0716,
        1.6078,
        -0.2258,
        0.9212,
        1.9252,
        -0.3421,
        0.5169,
        1.1984
    ]
}