{
    "metrics": {
        "RMSE": 0.4406935799251857,
        "LogLoss": 0.6453519509752015,
        "RMSE(bins)": 0.11871438650785748,
        "ICI": 0.09031169269357728
    },
    "user": 15704,
    "size": 19165,
    "weights": [
        0.6569,
        0.5168,
        5.2872,
        -1.7968,
        -1.4918,
        0.189,
        1.3629,
        -0.1534,
        0.6951,
        1.764,
        -0.5317,
        0.5696,
        0.6183
    ]
}