{
    "metrics": {
        "RMSE": 0.3251347891626084,
        "LogLoss": 0.4062529623525771,
        "RMSE(bins)": 0.13351381650456282,
        "ICI": 0.05054085752899216
    },
    "user": 15709,
    "size": 5010
}