{
    "metrics": {
        "RMSE": 0.26036275783908247,
        "LogLoss": 0.2609626690069185,
        "RMSE(bins)": 0.03525972880259325,
        "ICI": 0.011633154813584096
    },
    "user": 15764,
    "size": 26875,
    "weights": [
        0.6619,
        1.961,
        5.5918,
        -2.0375,
        -2.2557,
        0.05,
        1.6068,
        -0.178,
        1.0317,
        1.83,
        -0.4179,
        0.7257,
        1.02
    ]
}