{
    "metrics": {
        "RMSE": 0.37499708636946344,
        "LogLoss": 0.46575902601973496,
        "RMSE(bins)": 0.07355798914968557,
        "ICI": 0.04621279107149718
    },
    "user": 15778,
    "size": 7780
}