{
    "metrics": {
        "RMSE": 0.08632819381315858,
        "LogLoss": 0.05683264237537021,
        "RMSE(bins)": 0.041220341598484166,
        "ICI": 0.03153480208746064
    },
    "user": 15771,
    "size": 6260,
    "weights": [
        1.6589,
        2.4339,
        3.8614,
        -2.0357,
        -1.2999,
        0.1015,
        2.0,
        -0.15,
        1.5,
        2.0664,
        -0.2173,
        0.8953,
        1.0555
    ]
}