{
    "FSRSv3": {
        "RMSE": 0.5081882187336572,
        "LogLoss": 0.8264952211025042,
        "RMSE(bins)": 0.17023429856660247,
        "ICI": 0.1518693134622531
    },
    "user": 15783,
    "size": 32680
}