{
    "metrics": {
        "RMSE": 0.22162000265588636,
        "LogLoss": 0.26460342491952604,
        "RMSE(bins)": 0.053666245943382304,
        "ICI": 0.016584668513649495
    },
    "user": 15845,
    "size": 58270,
    "weights": [
        0.3083,
        2.3344,
        1.8819,
        -3.8619,
        -2.8378,
        0.05,
        2.0,
        -0.15,
        1.5,
        1.6369,
        -0.6924,
        0.7241,
        1.9997
    ]
}