{
    "metrics": {
        "RMSE": 0.2321853719002245,
        "LogLoss": 0.20461505286298493,
        "RMSE(bins)": 0.03929023713269157,
        "ICI": 0.01367525149929556
    },
    "user": 15870,
    "size": 20815,
    "weights": [
        0.5304,
        0.986,
        5.0378,
        -2.3638,
        -1.0459,
        0.1199,
        1.912,
        -0.15,
        1.315,
        1.6401,
        -0.6347,
        0.4486,
        1.6053
    ]
}