{
    "metrics": {
        "RMSE": 0.23625300204564947,
        "LogLoss": 0.22683171550303552,
        "RMSE(bins)": 0.1037199574005895,
        "ICI": 0.07376506541869482
    },
    "user": 15914,
    "size": 8370,
    "weights": [
        1.9697,
        2.8768,
        4.1455,
        -1.403,
        -2.1386,
        0.05,
        2.0,
        -0.15,
        1.5,
        2.1198,
        -0.1858,
        0.7307,
        1.49
    ]
}