{
    "FSRSv3": {
        "RMSE": 0.21276375508635406,
        "LogLoss": 0.2794098234836031,
        "RMSE(bins)": 0.16325600950688174
    },
    "user": 15963,
    "size": 16545
}