{
    "FSRSv3": {
        "RMSE": 0.3829153161777662,
        "LogLoss": 0.49679305816602065,
        "RMSE(bins)": 0.05424859001513517,
        "ICI": 0.04484705712516015
    },
    "user": 16045,
    "size": 52815
}