{
    "FSRSv3": {
        "RMSE": 0.4717292480107416,
        "LogLoss": 0.695264412759443,
        "RMSE(bins)": 0.17098315451892235
    },
    "user": 16053,
    "size": 28090
}