{
    "FSRSv3": {
        "RMSE": 0.3691611320748558,
        "LogLoss": 0.4727976418370472,
        "RMSE(bins)": 0.09358024045368647
    },
    "user": 16110,
    "size": 4005
}