{
    "FSRSv3": {
        "RMSE": 0.3969718796085,
        "LogLoss": 0.5095862368810494,
        "RMSE(bins)": 0.22406529367693076
    },
    "user": 1611,
    "size": 1605
}