{
    "FSRSv3": {
        "RMSE": 0.47571516866876945,
        "LogLoss": 0.8071089218903187,
        "RMSE(bins)": 0.2117191900079862,
        "ICI": 0.17066247115128755
    },
    "user": 16273,
    "size": 7795
}