{
    "metrics": {
        "RMSE": 0.3108998491241327,
        "LogLoss": 0.34006519248850825,
        "RMSE(bins)": 0.06183611697033076,
        "ICI": 0.023366330183119243
    },
    "user": 16298,
    "size": 7275,
    "weights": [
        1.3906,
        2.3337,
        4.9874,
        -1.62,
        -1.8065,
        0.0574,
        1.8244,
        -0.1642,
        1.1313,
        2.0598,
        -0.2351,
        0.6419,
        1.1967
    ]
}