{
    "FSRSv3": {
        "RMSE": 0.340830234484397,
        "LogLoss": 0.409994061103379,
        "RMSE(bins)": 0.0632462010981314
    },
    "user": 16313,
    "size": 33535
}