{
    "metrics": {
        "RMSE": 0.4533540423440602,
        "LogLoss": 0.6518452341573008,
        "RMSE(bins)": 0.20690538685391113,
        "ICI": 0.09238026999577131
    },
    "user": 16323,
    "size": 6160,
    "weights": [
        0.37,
        1.5311,
        5.1631,
        -0.7798,
        -0.5365,
        0.1162,
        1.1524,
        -0.2485,
        0.5738,
        1.5533,
        -0.6695,
        0.4326,
        0.4825
    ]
}