{
    "FSRSv3": {
        "RMSE": 0.41121617022072443,
        "LogLoss": 0.5759253656006112,
        "RMSE(bins)": 0.15898028984828705,
        "ICI": 0.10402970861782176
    },
    "user": 16398,
    "size": 51605
}