{
    "metrics": {
        "RMSE": 0.30056802747892464,
        "LogLoss": 0.3197949793640876,
        "RMSE(bins)": 0.17123205960528567,
        "ICI": 0.08969857720318224
    },
    "user": 16405,
    "size": 9070,
    "weights": [
        1.737,
        2.61,
        4.4346,
        -0.7764,
        -1.3667,
        0.05,
        2.0,
        -0.1874,
        1.4908,
        2.2266,
        -0.0828,
        0.549,
        1.5623
    ]
}