{
    "metrics": {
        "RMSE": 0.26308935537886885,
        "LogLoss": 0.2677717618004861,
        "RMSE(bins)": 0.06604364752400355,
        "ICI": 0.02037252775801406
    },
    "user": 16415,
    "size": 3560,
    "weights": [
        1.2025,
        1.9061,
        5.0032,
        -1.4611,
        -1.5873,
        0.05,
        1.7458,
        -0.2516,
        1.0642,
        2.0511,
        -0.2256,
        0.5303,
        0.7817
    ]
}