{
    "metrics": {
        "RMSE": 0.20626117499587918,
        "LogLoss": 0.17360030923176856,
        "RMSE(bins)": 0.041582818245730416,
        "ICI": 0.02249284233166942
    },
    "user": 16463,
    "size": 28235,
    "weights": [
        0.4713,
        1.3161,
        4.8185,
        -2.1912,
        -0.6547,
        0.0622,
        1.9615,
        -0.15,
        1.2797,
        1.6395,
        -0.4859,
        0.4331,
        0.8046
    ]
}