{
    "metrics": {
        "RMSE": 0.2570417783816521,
        "LogLoss": 0.2520386920410287,
        "RMSE(bins)": 0.05287266599275011,
        "ICI": 0.023445344233865024
    },
    "user": 16461,
    "size": 5740,
    "weights": [
        0.5254,
        1.6283,
        5.0728,
        -1.7032,
        -1.4713,
        0.05,
        1.5308,
        -0.3184,
        0.8789,
        1.9048,
        -0.3577,
        0.7951,
        1.233
    ]
}