{
    "FSRSv3": {
        "RMSE": 0.5392599663518511,
        "LogLoss": 0.9701361129792881,
        "RMSE(bins)": 0.23288511231332243,
        "ICI": 0.1827930773409108
    },
    "user": 16487,
    "size": 12145
}