{
    "metrics": {
        "RMSE": 0.3642999237836774,
        "LogLoss": 0.4531979224882732,
        "RMSE(bins)": 0.08305722968004413,
        "ICI": 0.070731922645065
    },
    "user": 16522,
    "size": 42085,
    "weights": [
        0.8316,
        1.0698,
        4.7534,
        -2.3585,
        -2.8429,
        0.05,
        1.4573,
        -0.4476,
        0.7955,
        1.68,
        -0.6234,
        0.8027,
        1.9625
    ]
}