{
    "metrics": {
        "RMSE": 0.22310895517913792,
        "LogLoss": 0.2049408603264567,
        "RMSE(bins)": 0.027483825445092928,
        "ICI": 0.016936456033992135
    },
    "user": 16535,
    "size": 99010,
    "weights": [
        0.849,
        2.4394,
        5.1043,
        -1.9542,
        -3.2722,
        0.05,
        1.862,
        -0.1522,
        1.1464,
        1.882,
        -0.4169,
        0.5489,
        0.1529
    ]
}