{
    "metrics": {
        "RMSE": 0.28969517307163506,
        "LogLoss": 0.3152043585892698,
        "RMSE(bins)": 0.08632606250193132,
        "ICI": 0.04438416794164511
    },
    "user": 16545,
    "size": 10120
}