{
    "FSRSv3": {
        "RMSE": 0.1438246679345635,
        "LogLoss": 0.12323849794603983,
        "RMSE(bins)": 0.08295745170422147
    },
    "user": 16564,
    "size": 35100
}