{
    "FSRSv3": {
        "RMSE": 0.5486621125091118,
        "LogLoss": 1.0782268229671819,
        "RMSE(bins)": 0.29317340481793386
    },
    "user": 16580,
    "size": 1225
}