{
    "metrics": {
        "RMSE": 0.23235042208403406,
        "LogLoss": 0.22477081210780883,
        "RMSE(bins)": 0.05065955695498155,
        "ICI": 0.022304546288944186
    },
    "user": 16597,
    "size": 25190,
    "weights": [
        1.448,
        2.3074,
        4.8426,
        -2.0255,
        -2.5209,
        0.0564,
        2.0,
        -0.15,
        1.5,
        2.2138,
        -0.0901,
        0.6731,
        1.3224
    ]
}