{
    "FSRSv3": {
        "RMSE": 0.33747901152368726,
        "LogLoss": 0.38746811235144835,
        "RMSE(bins)": 0.050522123007555715
    },
    "user": 16638,
    "size": 10820
}