{
    "metrics": {
        "RMSE": 0.25325133212079504,
        "LogLoss": 0.29889150718277013,
        "RMSE(bins)": 0.17126896230526467,
        "ICI": 0.03817971501045672
    },
    "user": 16736,
    "size": 5045,
    "weights": [
        1.3826,
        1.6092,
        4.3215,
        -0.1815,
        -0.3398,
        0.3988,
        2.0,
        -0.15,
        1.4614,
        2.2291,
        -0.0588,
        0.5577,
        0.9706
    ]
}