{
    "FSRSv3": {
        "RMSE": 0.22151286106616053,
        "LogLoss": 0.20228853842807423,
        "RMSE(bins)": 0.07673081640000262
    },
    "user": 16820,
    "size": 28975
}