{
    "FSRSv3": {
        "RMSE": 0.258389451808556,
        "LogLoss": 0.2597604655182561,
        "RMSE(bins)": 0.047944770765165234
    },
    "user": 16855,
    "size": 39050
}