{
    "metrics": {
        "RMSE": 0.30087872924272374,
        "LogLoss": 0.32612893959822364,
        "RMSE(bins)": 0.05724969924788554,
        "ICI": 0.038383148114987636
    },
    "user": 16901,
    "size": 78350,
    "weights": [
        0.676,
        2.9642,
        4.1616,
        -0.8079,
        -1.9431,
        0.05,
        1.8259,
        -0.3875,
        1.2073,
        1.9255,
        -0.4626,
        0.7109,
        1.2664
    ]
}