{
    "metrics": {
        "RMSE": 0.45417566371335044,
        "LogLoss": 0.6194495550204454,
        "RMSE(bins)": 0.06425652377020409,
        "ICI": 0.05105908052720192
    },
    "user": 16902,
    "size": 60250
}