{
    "metrics": {
        "RMSE": 0.3071563310498475,
        "LogLoss": 0.37710777383727817,
        "RMSE(bins)": 0.102692933053966,
        "ICI": 0.06427816958303371
    },
    "user": 16919,
    "size": 22950,
    "weights": [
        0.6415,
        1.8531,
        4.9989,
        -0.6408,
        -0.8037,
        0.3181,
        1.5129,
        -0.2296,
        0.9132,
        1.5237,
        -0.7365,
        0.6591,
        0.5012
    ]
}