{
    "FSRSv3": {
        "RMSE": 0.24015422777930404,
        "LogLoss": 0.22955912865282482,
        "RMSE(bins)": 0.08124739900627716
    },
    "user": 16982,
    "size": 15405
}