{
    "metrics": {
        "RMSE": 0.22421664037853242,
        "LogLoss": 0.21744251194474665,
        "RMSE(bins)": 0.06817812664325491,
        "ICI": 0.01564418570664139
    },
    "user": 1703,
    "size": 17650,
    "weights": [
        0.5381,
        0.8591,
        5.1323,
        -1.9192,
        -1.447,
        0.1693,
        1.8756,
        -0.15,
        1.2876,
        1.69,
        -0.5122,
        0.8356,
        0.6249
    ]
}