{
    "metrics": {
        "RMSE": 0.26786040951072076,
        "LogLoss": 0.2809254049750758,
        "RMSE(bins)": 0.05886141248970197,
        "ICI": 0.03528411219615786
    },
    "user": 17038,
    "size": 46190
}