{
    "metrics": {
        "RMSE": 0.3626503136568273,
        "LogLoss": 0.4781736659192187,
        "RMSE(bins)": 0.11744703168888787,
        "ICI": 0.10684257055781292
    },
    "user": 17041,
    "size": 60610,
    "weights": [
        2.4083,
        2.313,
        5.0453,
        -2.0709,
        -0.1,
        0.0524,
        1.2558,
        -0.741,
        0.7462,
        2.2101,
        -0.2002,
        0.5476,
        0.3322
    ]
}