{
    "metrics": {
        "RMSE": 0.41474280731595803,
        "LogLoss": 0.5303002731599233,
        "RMSE(bins)": 0.0653543595534563,
        "ICI": 0.04902750042735649
    },
    "user": 17092,
    "size": 15000
}