{
    "FSRSv3": {
        "RMSE": 0.3762508791156231,
        "LogLoss": 0.4459139582898691,
        "RMSE(bins)": 0.1959838690021648,
        "ICI": 0.07612673345156584
    },
    "user": 17148,
    "size": 360
}