{
    "FSRSv3": {
        "RMSE": 0.35482133035554614,
        "LogLoss": 0.5850570156427791,
        "RMSE(bins)": 0.09049555806285878
    },
    "user": 17194,
    "size": 19040
}