{
    "metrics": {
        "RMSE": 0.3253322555093225,
        "LogLoss": 0.3913955433124153,
        "RMSE(bins)": 0.09218012751992308,
        "ICI": 0.05233414531246961
    },
    "user": 17216,
    "size": 44980
}