{
    "metrics": {
        "RMSE": 0.4913158880636116,
        "LogLoss": 0.746129224892046,
        "RMSE(bins)": 0.17728648853298906,
        "ICI": 0.16010393847152626
    },
    "user": 17245,
    "size": 28635,
    "weights": [
        0.926,
        0.4204,
        5.0676,
        -0.1,
        -1.3034,
        0.0715,
        1.3455,
        -0.4099,
        0.7807,
        1.7841,
        -0.4613,
        0.171,
        0.8905
    ]
}