{
    "metrics": {
        "RMSE": 0.034981764185505186,
        "LogLoss": 0.030386516002450483,
        "RMSE(bins)": 0.03004184265956052,
        "ICI": 0.028786791023347576
    },
    "user": 17321,
    "size": 16415,
    "weights": [
        2.4735,
        3.2374,
        2.7062,
        -0.1,
        -0.5449,
        0.5,
        2.0,
        -0.15,
        1.5,
        2.8363,
        -0.01,
        0.9,
        1.7726
    ]
}