{
    "metrics": {
        "RMSE": 0.28815180803044693,
        "LogLoss": 0.31193164867693096,
        "RMSE(bins)": 0.05579853005430138,
        "ICI": 0.024473093543170375
    },
    "user": 17339,
    "size": 82280
}