{
    "FSRSv3": {
        "RMSE": 0.4510954649527948,
        "LogLoss": 1.0513044880739661,
        "RMSE(bins)": 0.24571796276144156
    },
    "user": 17466,
    "size": 3375
}