{
    "FSRSv3": {
        "RMSE": 0.3679593316949248,
        "LogLoss": 0.48030805686845246,
        "RMSE(bins)": 0.18448230374458446
    },
    "user": 1747,
    "size": 99565
}