{
    "metrics": {
        "RMSE": 0.3872592085200907,
        "LogLoss": 0.4863930096538381,
        "RMSE(bins)": 0.0935883649580114,
        "ICI": 0.06440571555320487
    },
    "user": 17571,
    "size": 2045,
    "weights": [
        0.8415,
        0.9676,
        5.2023,
        -0.7187,
        -0.7709,
        0.0522,
        1.2486,
        -0.3306,
        0.6566,
        1.746,
        -0.4536,
        0.1178,
        0.8518
    ]
}