{
    "FSRSv3": {
        "RMSE": 0.5091534783720376,
        "LogLoss": 0.8794103228148202,
        "RMSE(bins)": 0.23592435831251968,
        "ICI": 0.18399439301819875
    },
    "user": 17581,
    "size": 4465
}