{
    "FSRSv3": {
        "RMSE": 0.15757211233526883,
        "LogLoss": 0.12623842417900263,
        "RMSE(bins)": 0.11268780887887425
    },
    "user": 17648,
    "size": 9280
}