{
    "FSRSv3": {
        "RMSE": 0.21852796679247768,
        "LogLoss": 0.19957140062720335,
        "RMSE(bins)": 0.025801609543555423
    },
    "user": 17701,
    "size": 36255
}