{
    "metrics": {
        "RMSE": 0.4262153788055691,
        "LogLoss": 0.5906724117123782,
        "RMSE(bins)": 0.10693674745750456,
        "ICI": 0.09406399101828775
    },
    "user": 17756,
    "size": 17615,
    "weights": [
        0.4912,
        2.5606,
        4.8821,
        -1.1334,
        -1.022,
        0.082,
        1.6801,
        -0.2856,
        0.8932,
        1.8402,
        -0.4588,
        0.7589,
        0.01
    ]
}