{
    "FSRSv3": {
        "RMSE": 0.24200710892634292,
        "LogLoss": 0.22062903278061963,
        "RMSE(bins)": 0.04139328126115009,
        "ICI": 0.019523013842021816
    },
    "user": 17799,
    "size": 16790
}