{
    "metrics": {
        "RMSE": 0.07369930308793769,
        "LogLoss": 0.04730697148221035,
        "RMSE(bins)": 0.04554804277412688,
        "ICI": 0.02950196796844892
    },
    "user": 17819,
    "size": 74355
}