{
    "metrics": {
        "RMSE": 0.20034958059048394,
        "LogLoss": 0.15488692582597352,
        "RMSE(bins)": 0.1705540147710551,
        "ICI": 0.043474937598394124
    },
    "user": 17852,
    "size": 2580
}