{
    "FSRSv3": {
        "RMSE": 0.4934357696334719,
        "LogLoss": 0.7995314121981408,
        "RMSE(bins)": 0.22611259138524037
    },
    "user": 17893,
    "size": 1560
}