{
    "metrics": {
        "RMSE": 0.20283926397959634,
        "LogLoss": 0.1718800512491968,
        "RMSE(bins)": 0.06359798017644203,
        "ICI": 0.03144267834257367
    },
    "user": 17915,
    "size": 5000,
    "weights": [
        1.454,
        2.235,
        4.5468,
        -1.1435,
        -1.8452,
        0.05,
        2.0,
        -0.15,
        1.4949,
        1.9108,
        -0.3715,
        0.4306,
        1.14
    ]
}