{
    "FSRSv3": {
        "RMSE": 0.4085069301422601,
        "LogLoss": 0.5534155343235759,
        "RMSE(bins)": 0.11528687937279362
    },
    "user": 17951,
    "size": 20565
}