{
    "metrics": {
        "RMSE": 0.2640851873496784,
        "LogLoss": 0.25796078437924974,
        "RMSE(bins)": 0.06593532600783691,
        "ICI": 0.03343094652631345
    },
    "user": 18021,
    "size": 18895,
    "weights": [
        1.5097,
        1.5027,
        5.2596,
        -2.1522,
        -1.032,
        0.0888,
        1.3331,
        -0.3037,
        0.7962,
        2.0857,
        -0.3112,
        0.8958,
        1.9309
    ]
}