{
    "metrics": {
        "RMSE": 0.2658248959204863,
        "LogLoss": 0.26131802640629714,
        "RMSE(bins)": 0.06812147929201202,
        "ICI": 0.03775672713074792
    },
    "user": 18021,
    "size": 19370,
    "weights": [
        1.4086,
        2.1196,
        5.0212,
        -2.5415,
        -1.6411,
        0.187,
        1.3143,
        -0.2022,
        0.6198,
        1.921,
        -0.3384,
        0.9,
        1.8787
    ]
}