{
    "metrics": {
        "RMSE": 0.4060231410493511,
        "LogLoss": 0.5737212374438109,
        "RMSE(bins)": 0.13308695645875737,
        "ICI": 0.07890459439539575
    },
    "user": 18043,
    "size": 20340,
    "weights": [
        0.5592,
        1.8065,
        5.1597,
        -1.3486,
        -1.532,
        0.1113,
        1.8466,
        -0.1512,
        1.1442,
        1.7915,
        -0.4628,
        0.6494,
        0.5156
    ]
}