{
    "metrics": {
        "RMSE": 0.46328040358536493,
        "LogLoss": 0.6798975795474586,
        "RMSE(bins)": 0.14816436512198947,
        "ICI": 0.11446715497711282
    },
    "user": 18068,
    "size": 1975,
    "weights": [
        0.8482,
        1.6109,
        4.9932,
        -1.3297,
        -1.2761,
        0.05,
        1.603,
        -0.2903,
        0.9323,
        1.7386,
        -0.5348,
        0.4804,
        0.9217
    ]
}