{
    "metrics": {
        "RMSE": 0.46772083285071286,
        "LogLoss": 0.7031896025905954,
        "RMSE(bins)": 0.1314131165900424,
        "ICI": 0.10652987916381783
    },
    "user": 18068,
    "size": 1975
}