{
    "FSRSv3": {
        "RMSE": 0.10671911391092062,
        "LogLoss": 0.10349975323612766,
        "RMSE(bins)": 0.10270411747592216
    },
    "user": 18139,
    "size": 1240
}