{
    "FSRSv3": {
        "RMSE": 0.396004773240261,
        "LogLoss": 0.5265077487872147,
        "RMSE(bins)": 0.11413054403367913
    },
    "user": 18177,
    "size": 7440
}