{
    "metrics": {
        "RMSE": 0.5060846473690234,
        "LogLoss": 0.8766454809294785,
        "RMSE(bins)": 0.2232345058281147,
        "ICI": 0.17752887642483406
    },
    "user": 18206,
    "size": 5565,
    "weights": [
        1.2767,
        1.3033,
        4.8056,
        -0.2553,
        -0.4168,
        0.3186,
        1.6219,
        -0.2161,
        1.0389,
        2.1212,
        -0.0813,
        0.4434,
        1.2037
    ]
}