{
    "metrics": {
        "RMSE": 0.5317079010871921,
        "LogLoss": 0.9539878190326286,
        "RMSE(bins)": 0.3305453411035446,
        "ICI": 0.24964101102055855
    },
    "user": 18228,
    "size": 960,
    "weights": [
        0.7512,
        1.6116,
        5.0675,
        -0.9787,
        -1.4837,
        0.05,
        1.5165,
        -0.3839,
        0.8454,
        1.6936,
        -0.5786,
        0.4087,
        0.8873
    ]
}