{
    "metrics": {
        "RMSE": 0.44768964611210044,
        "LogLoss": 0.6811130342534255,
        "RMSE(bins)": 0.3580466704201482,
        "ICI": 0.2379670141464873
    },
    "user": 18233,
    "size": 1740,
    "weights": [
        1.2871,
        2.0277,
        4.5952,
        -0.9424,
        -1.0611,
        0.2815,
        1.9918,
        -0.15,
        1.3182,
        2.1678,
        -0.1061,
        0.8291,
        1.3549
    ]
}