{
    "FSRSv3": {
        "RMSE": 0.17568801390354885,
        "LogLoss": 0.28775221028786985,
        "RMSE(bins)": 0.09067411968796271
    },
    "user": 18313,
    "size": 32600
}