{
    "FSRSv3": {
        "RMSE": 0.15326798963728647,
        "LogLoss": 0.13137365270925955,
        "RMSE(bins)": 0.05655400092105586,
        "ICI": 0.02718555810621821
    },
    "user": 18313,
    "size": 35500
}