{
    "metrics": {
        "RMSE": 0.43876035352750636,
        "LogLoss": 0.5792506850347345,
        "RMSE(bins)": 0.07626753795196715,
        "ICI": 0.04847377249901159
    },
    "user": 1831,
    "size": 11975,
    "weights": [
        0.824,
        0.851,
        5.2843,
        -1.7138,
        -2.0885,
        0.1409,
        1.3886,
        -0.3975,
        0.7487,
        1.8035,
        -0.4862,
        0.4571,
        1.0866
    ]
}