{
    "metrics": {
        "RMSE": 0.3510300424636971,
        "LogLoss": 0.5110945206563658,
        "RMSE(bins)": 0.23749932325969253,
        "ICI": 0.13334307418496957
    },
    "user": 18347,
    "size": 3710,
    "weights": [
        1.2597,
        1.4985,
        4.3995,
        -0.4096,
        -0.2652,
        0.389,
        2.0,
        -0.15,
        1.3806,
        2.4744,
        -0.01,
        0.7057,
        1.4478
    ]
}