{
    "metrics": {
        "RMSE": 0.4982994329733063,
        "LogLoss": 1.656684028026375,
        "RMSE(bins)": 0.3476837741437815,
        "ICI": 0.20701548995829383
    },
    "user": 18453,
    "size": 7480,
    "weights": [
        1.3768,
        2.36,
        4.7236,
        -0.8968,
        -1.4361,
        0.05,
        1.9143,
        -0.3577,
        1.2719,
        1.9683,
        -0.2988,
        0.708,
        1.3869
    ]
}