{
    "metrics": {
        "RMSE": 0.21849009957992566,
        "LogLoss": 0.19742923090442244,
        "RMSE(bins)": 0.08121941667341619,
        "ICI": 0.03531807266855387
    },
    "user": 18454,
    "size": 4270
}