{
    "metrics": {
        "RMSE": 0.35856640980522453,
        "LogLoss": 0.6638165711145811,
        "RMSE(bins)": 0.2465853673662642,
        "ICI": 0.09402661746940348
    },
    "user": 18489,
    "size": 31150,
    "weights": [
        0.8773,
        3.38,
        2.7434,
        -0.1,
        -0.4051,
        0.5,
        2.0,
        -0.15,
        1.5,
        3.1666,
        -0.01,
        0.5401,
        1.9992
    ]
}