{
    "metrics": {
        "RMSE": 0.23923111576228795,
        "LogLoss": 0.22719579090744568,
        "RMSE(bins)": 0.0431475415291105,
        "ICI": 0.02259308179224042
    },
    "user": 1857,
    "size": 24100,
    "weights": [
        0.3089,
        0.1287,
        5.0786,
        -0.1,
        -2.1866,
        0.0917,
        1.9665,
        -0.15,
        1.3081,
        1.744,
        -0.4357,
        0.6519,
        0.7615
    ]
}