{
    "FSRSv3": {
        "RMSE": 0.265534455617722,
        "LogLoss": 0.24871272816856183,
        "RMSE(bins)": 0.09903782721152851
    },
    "user": 18570,
    "size": 1610
}