{
    "metrics": {
        "RMSE": 0.5943537837337306,
        "LogLoss": 1.046600936150055,
        "RMSE(bins)": 0.363241213921964,
        "ICI": 0.3020556571704949
    },
    "user": 18646,
    "size": 2745
}