{
    "FSRSv3": {
        "RMSE": 0.5626842576225136,
        "LogLoss": 0.950259708205277,
        "RMSE(bins)": 0.29013126311805787
    },
    "user": 18647,
    "size": 19700
}