{
    "metrics": {
        "RMSE": 0.08499741068588257,
        "LogLoss": 0.05772787457109072,
        "RMSE(bins)": 0.04207465185147429,
        "ICI": 0.030950910157237038
    },
    "user": 18672,
    "size": 25950
}