{
    "metrics": {
        "RMSE": 0.3673342090194094,
        "LogLoss": 0.4516282185761829,
        "RMSE(bins)": 0.04913061145902208,
        "ICI": 0.027069022866452127
    },
    "user": 18682,
    "size": 40685,
    "weights": [
        0.1876,
        0.191,
        5.6469,
        -2.1712,
        -0.9129,
        0.2331,
        1.098,
        -0.5006,
        0.442,
        1.8479,
        -0.3995,
        0.6928,
        0.01
    ]
}