{
    "metrics": {
        "RMSE": 0.16759899792893077,
        "LogLoss": 0.11913443716423834,
        "RMSE(bins)": 0.028715816250438463,
        "ICI": 0.022698117387881
    },
    "user": 18710,
    "size": 22840,
    "weights": [
        0.7123,
        2.2838,
        4.239,
        -1.4299,
        -1.1165,
        0.1603,
        2.0,
        -0.15,
        1.5,
        1.8349,
        -0.3645,
        0.6459,
        1.2659
    ]
}