{
    "metrics": {
        "RMSE": 0.522119538812719,
        "LogLoss": 2.4504285028391757,
        "RMSE(bins)": 0.3913446758561898,
        "ICI": 0.2439476415533495
    },
    "user": 18788,
    "size": 1295,
    "weights": [
        1.2361,
        1.9911,
        4.632,
        -1.0675,
        -1.1796,
        0.2515,
        1.9448,
        -0.15,
        1.2744,
        2.0844,
        -0.1905,
        0.797,
        1.2374
    ]
}