{
    "metrics": {
        "RMSE": 0.29483293861663556,
        "LogLoss": 0.3187470284272215,
        "RMSE(bins)": 0.04674876238099586,
        "ICI": 0.02214508639907952
    },
    "user": 18799,
    "size": 2155,
    "weights": [
        1.229,
        1.2108,
        5.074,
        -0.9028,
        -0.8753,
        0.0501,
        1.4513,
        -0.15,
        0.8485,
        1.991,
        -0.21,
        0.2136,
        0.9588
    ]
}