{
    "metrics": {
        "RMSE": 0.3079537211226147,
        "LogLoss": 0.34325411951340895,
        "RMSE(bins)": 0.07654785006590767,
        "ICI": 0.02749828647854212
    },
    "user": 18811,
    "size": 18530,
    "weights": [
        0.901,
        0.9819,
        5.1555,
        -1.9722,
        -1.776,
        0.1038,
        1.7141,
        -0.15,
        0.9681,
        1.7224,
        -0.5419,
        0.6632,
        0.5135
    ]
}