{
    "metrics": {
        "RMSE": 0.23644423995452657,
        "LogLoss": 0.2184534910656736,
        "RMSE(bins)": 0.06565126758362591,
        "ICI": 0.013958351431944774
    },
    "user": 18825,
    "size": 11055,
    "weights": [
        1.5985,
        2.608,
        4.7815,
        -1.2517,
        -1.7201,
        0.1847,
        1.9469,
        -0.1688,
        1.1511,
        1.9152,
        -0.3482,
        0.6325,
        0.9363
    ]
}