{
    "metrics": {
        "RMSE": 0.1682573389042882,
        "LogLoss": 0.11801422842424801,
        "RMSE(bins)": 0.033740479751109546,
        "ICI": 0.007697824537179341
    },
    "user": 18854,
    "size": 15045,
    "weights": [
        1.0953,
        1.4409,
        4.2834,
        -1.3741,
        -1.7227,
        0.0505,
        2.0,
        -0.15,
        1.5,
        1.6911,
        -0.526,
        0.3249,
        1.4027
    ]
}