{
    "metrics": {
        "RMSE": 0.4844189862898219,
        "LogLoss": 0.9956691960322884,
        "RMSE(bins)": 0.2757357561808947,
        "ICI": 0.17891785692899884
    },
    "user": 18911,
    "size": 2745,
    "weights": [
        0.9605,
        1.7234,
        4.8527,
        -1.1917,
        -1.2956,
        0.0573,
        1.7352,
        -0.1673,
        1.065,
        1.8907,
        -0.3832,
        0.5867,
        1.0721
    ]
}