{
    "metrics": {
        "RMSE": 0.4120619609428575,
        "LogLoss": 0.5321496073604293,
        "RMSE(bins)": 0.11657228720998475,
        "ICI": 0.07359416358449758
    },
    "user": 18949,
    "size": 29005,
    "weights": [
        0.7981,
        1.1405,
        5.0042,
        -1.2093,
        -1.606,
        0.1928,
        1.5403,
        -0.4819,
        0.917,
        1.806,
        -0.4834,
        0.4557,
        0.967
    ]
}