{
    "metrics": {
        "RMSE": 0.43616341580956486,
        "LogLoss": 0.600233749003709,
        "RMSE(bins)": 0.13453640634999506,
        "ICI": 0.08955827216244801
    },
    "user": 18951,
    "size": 1165
}