{
    "metrics": {
        "RMSE": 0.46136523534307716,
        "LogLoss": 0.6873849810708013,
        "RMSE(bins)": 0.23731732730195576,
        "ICI": 0.11235362039040073
    },
    "user": 18991,
    "size": 1865,
    "weights": [
        0.8448,
        1.3255,
        4.8825,
        -0.756,
        -0.6658,
        0.0692,
        1.6695,
        -0.15,
        1.0413,
        1.7174,
        -0.489,
        0.4815,
        0.8546
    ]
}