{
    "FSRSv3": {
        "RMSE": 0.49488139595025754,
        "LogLoss": 1.2703053848378993,
        "RMSE(bins)": 0.29505830669820443
    },
    "user": 19047,
    "size": 2545
}