{
    "metrics": {
        "RMSE": 0.26686242659667914,
        "LogLoss": 0.2511735613091545,
        "RMSE(bins)": 0.09837951771147739,
        "ICI": 0.03397823717473595
    },
    "user": 19102,
    "size": 46060,
    "weights": [
        2.3384,
        3.6921,
        4.2911,
        -1.1914,
        -1.3494,
        0.0986,
        1.9081,
        -0.1977,
        0.9829,
        1.7936,
        -0.6671,
        0.9,
        1.8244
    ]
}