{
    "metrics": {
        "RMSE": 0.4016628359763739,
        "LogLoss": 0.5294797480199718,
        "RMSE(bins)": 0.12759983151598522,
        "ICI": 0.08330783904881284
    },
    "user": 19126,
    "size": 23725,
    "weights": [
        0.795,
        1.9083,
        5.3141,
        -1.7563,
        -1.7623,
        0.0592,
        1.5458,
        -0.2927,
        0.8341,
        1.7623,
        -0.5374,
        0.7689,
        1.7438
    ]
}