{
    "FSRSv3": {
        "RMSE": 0.33383741930097893,
        "LogLoss": 0.6105914336926968,
        "RMSE(bins)": 0.1034399273220967
    },
    "user": 19167,
    "size": 26295
}