{
    "metrics": {
        "RMSE": 0.2619905763303003,
        "LogLoss": 0.2569544440020729,
        "RMSE(bins)": 0.04218275887489776,
        "ICI": 0.014944689203805516
    },
    "user": 1919,
    "size": 44625,
    "weights": [
        1.0453,
        2.7632,
        4.4474,
        -1.7455,
        -2.6,
        0.05,
        1.985,
        -0.1552,
        1.2462,
        1.9895,
        -0.3446,
        0.3588,
        1.2161
    ]
}