{
    "FSRSv3": {
        "RMSE": 0.2495157216376312,
        "LogLoss": 0.2436520012011396,
        "RMSE(bins)": 0.07590009971818343
    },
    "user": 19208,
    "size": 12165
}