{
    "metrics": {
        "RMSE": 0.40787456390655485,
        "LogLoss": 0.5118346079782904,
        "RMSE(bins)": 0.04361359824827302,
        "ICI": 0.019403993955769003
    },
    "user": 19213,
    "size": 28450,
    "weights": [
        0.1816,
        0.2392,
        5.4531,
        -2.3623,
        -2.4739,
        0.0516,
        1.3332,
        -0.15,
        0.7597,
        1.7564,
        -0.5314,
        0.9,
        1.474
    ]
}