{
    "FSRSv3": {
        "RMSE": 0.36826030964566797,
        "LogLoss": 0.5842074617116749,
        "RMSE(bins)": 0.15891625098473897
    },
    "user": 19232,
    "size": 12325
}