{
    "FSRSv3": {
        "RMSE": 0.38959142185229484,
        "LogLoss": 0.5063903145000542,
        "RMSE(bins)": 0.11850595889617445
    },
    "user": 19241,
    "size": 9360
}