{
    "metrics": {
        "RMSE": 0.3992900523413189,
        "LogLoss": 0.5886199292260098,
        "RMSE(bins)": 0.1137537141503036,
        "ICI": 0.07970992482397207
    },
    "user": 19254,
    "size": 16120,
    "weights": [
        0.6936,
        1.8017,
        4.9128,
        -1.6956,
        -1.9496,
        0.0885,
        1.7371,
        -0.1727,
        1.021,
        2.1114,
        -0.2242,
        0.5629,
        1.3295
    ]
}