{
    "metrics": {
        "RMSE": 0.5352883424115111,
        "LogLoss": 0.9750272495119068,
        "RMSE(bins)": 0.30091226656676046,
        "ICI": 0.219678509720596
    },
    "user": 19296,
    "size": 4385,
    "weights": [
        0.9404,
        1.1381,
        4.6834,
        -0.4345,
        -0.6307,
        0.1699,
        1.7764,
        -0.2453,
        1.1424,
        1.6356,
        -0.5829,
        0.328,
        0.5622
    ]
}