{
    "metrics": {
        "RMSE": 0.3391212300657708,
        "LogLoss": 0.3921739495092766,
        "RMSE(bins)": 0.2149453469949367,
        "ICI": 0.08637370499419388
    },
    "user": 19366,
    "size": 35955
}