{
    "metrics": {
        "RMSE": 0.11466033564775283,
        "LogLoss": 0.0823310395978534,
        "RMSE(bins)": 0.04310349860230203,
        "ICI": 0.024756612100638765
    },
    "user": 1939,
    "size": 8160,
    "weights": [
        1.8862,
        2.0349,
        3.9885,
        -0.1,
        -1.293,
        0.05,
        2.0,
        -0.15,
        1.5,
        2.4276,
        -0.0108,
        0.6093,
        1.1782
    ]
}