{
    "FSRSv3": {
        "RMSE": 0.503834123848657,
        "LogLoss": 0.9137270478449055,
        "RMSE(bins)": 0.20366912852963434
    },
    "user": 19502,
    "size": 10330
}