{
    "metrics": {
        "RMSE": 0.3229227505082947,
        "LogLoss": 0.3489067600353377,
        "RMSE(bins)": 0.05106782360508506,
        "ICI": 0.011459188780022209
    },
    "user": 19568,
    "size": 57330,
    "weights": [
        0.2633,
        0.4564,
        4.8162,
        -1.2524,
        -1.442,
        0.2652,
        1.8886,
        -0.15,
        1.183,
        1.623,
        -0.6673,
        0.5375,
        1.2986
    ]
}