{
    "metrics": {
        "RMSE": 0.5068601341544603,
        "LogLoss": 0.889920042314686,
        "RMSE(bins)": 0.18667917809231813,
        "ICI": 0.14431950364471724
    },
    "user": 19580,
    "size": 19705,
    "weights": [
        0.5298,
        1.4524,
        4.8177,
        -1.3031,
        -0.8336,
        0.1204,
        1.4357,
        -0.303,
        0.6855,
        1.7667,
        -0.5514,
        0.5913,
        0.4758
    ]
}