{
    "metrics": {
        "RMSE": 0.36921589209267147,
        "LogLoss": 0.4442703592077691,
        "RMSE(bins)": 0.06274514051247138,
        "ICI": 0.04232185163927826
    },
    "user": 19598,
    "size": 7060,
    "weights": [
        0.641,
        1.7644,
        5.135,
        -1.5699,
        -1.7062,
        0.05,
        1.4942,
        -0.4708,
        0.8409,
        1.7646,
        -0.5329,
        0.5903,
        0.7855
    ]
}