{
    "metrics": {
        "RMSE": 0.2851433650547304,
        "LogLoss": 0.31807389421659044,
        "RMSE(bins)": 0.1569730446055937,
        "ICI": 0.10841801388262451
    },
    "user": 19613,
    "size": 19560,
    "weights": [
        2.1318,
        2.4193,
        3.5962,
        -0.789,
        -1.7075,
        0.0937,
        2.0,
        -0.15,
        1.5,
        2.3026,
        -0.0553,
        0.4446,
        1.7494
    ]
}