{
    "metrics": {
        "RMSE": 0.2582405855777533,
        "LogLoss": 0.24415058085603983,
        "RMSE(bins)": 0.06225809697530795,
        "ICI": 0.03220879058018365
    },
    "user": 19683,
    "size": 25515,
    "weights": [
        0.548,
        2.9795,
        4.5435,
        -2.1397,
        -2.2215,
        0.062,
        2.0,
        -0.15,
        1.5,
        1.7797,
        -0.5393,
        0.4868,
        0.56
    ]
}