{
    "FSRSv3": {
        "RMSE": 0.479991862671052,
        "LogLoss": 0.7933558075532835,
        "RMSE(bins)": 0.25623565905585577
    },
    "user": 19719,
    "size": 40210
}