{
    "metrics": {
        "RMSE": 0.48511781032185397,
        "LogLoss": 0.7083039703522673,
        "RMSE(bins)": 0.1851470117905475,
        "ICI": 0.1525255077273544
    },
    "user": 19737,
    "size": 1695,
    "weights": [
        0.6437,
        1.4898,
        5.0995,
        -1.4417,
        -1.5293,
        0.05,
        1.474,
        -0.2536,
        0.7998,
        1.608,
        -0.6652,
        0.6095,
        0.7751
    ]
}