{
    "metrics": {
        "RMSE": 0.48549266300005367,
        "LogLoss": 0.7330442828305606,
        "RMSE(bins)": 0.2602467351419693,
        "ICI": 0.18947686207411074
    },
    "user": 19774,
    "size": 1795,
    "weights": [
        0.8825,
        0.8851,
        5.1268,
        -0.632,
        -0.6231,
        0.0831,
        1.2828,
        -0.2882,
        0.6828,
        1.8713,
        -0.3281,
        0.0782,
        0.8709
    ]
}