{
    "FSRSv3": {
        "RMSE": 0.3476799897757639,
        "LogLoss": 0.4155769933582501,
        "RMSE(bins)": 0.07064472890382967
    },
    "user": 19793,
    "size": 22040
}