{
    "metrics": {
        "RMSE": 0.31189726513399463,
        "LogLoss": 0.3649581126023716,
        "RMSE(bins)": 0.1150492023199682,
        "ICI": 0.034951639865099346
    },
    "user": 19848,
    "size": 3805,
    "weights": [
        0.7326,
        1.4681,
        5.004,
        -1.3457,
        -1.5672,
        0.1277,
        1.6081,
        -0.2501,
        0.9389,
        1.862,
        -0.4077,
        0.5269,
        1.252
    ]
}