{
    "metrics": {
        "RMSE": 0.25303311162431147,
        "LogLoss": 0.23829534220095633,
        "RMSE(bins)": 0.061417430427551954,
        "ICI": 0.024585938499924593
    },
    "user": 19841,
    "size": 26025,
    "weights": [
        0.4256,
        1.5299,
        4.6366,
        -1.4024,
        -1.3548,
        0.05,
        1.9892,
        -0.186,
        1.2788,
        2.044,
        -0.2427,
        0.4019,
        1.1171
    ]
}