{
    "metrics": {
        "RMSE": 0.39685654018469535,
        "LogLoss": 0.4884772944746122,
        "RMSE(bins)": 0.06132855303675615,
        "ICI": 0.032189576280088616
    },
    "user": 1988,
    "size": 1635,
    "weights": [
        0.6883,
        1.6251,
        5.0772,
        -1.4167,
        -1.5025,
        0.05,
        1.503,
        -0.15,
        0.8304,
        1.7297,
        -0.5461,
        0.836,
        0.9187
    ]
}