{
    "metrics": {
        "RMSE": 0.06837953093494582,
        "LogLoss": 0.03225805022738923,
        "RMSE(bins)": 0.05085765205535331,
        "ICI": 0.02497957576839522
    },
    "user": 1994,
    "size": 143480,
    "weights": [
        10.0,
        5.0,
        1.0,
        -1.1917,
        -0.1,
        0.5,
        2.0,
        -0.15,
        1.5,
        5.0,
        -0.01,
        0.9,
        2.0
    ]
}