{
    "metrics": {
        "RMSE": 0.4040280132886082,
        "LogLoss": 0.5347870031781626,
        "RMSE(bins)": 0.13987790343477627,
        "ICI": 0.09130544361746518
    },
    "user": 19950,
    "size": 17905,
    "weights": [
        1.218,
        1.8905,
        5.5525,
        -2.1871,
        -2.1947,
        0.0501,
        1.1732,
        -0.454,
        0.5251,
        1.719,
        -0.5958,
        0.632,
        0.7592
    ]
}