{
    "metrics": {
        "RMSE": 0.32650013094204455,
        "LogLoss": 0.36377044133464315,
        "RMSE(bins)": 0.0423293783454246,
        "ICI": 0.026490617578058512
    },
    "user": 19978,
    "size": 44225,
    "weights": [
        0.7168,
        1.7614,
        4.8216,
        -1.9326,
        -2.2436,
        0.0505,
        1.7783,
        -0.2788,
        0.9667,
        1.8183,
        -0.4951,
        0.683,
        1.2169
    ]
}