{
    "metrics": {
        "RMSE": 0.41813654635429354,
        "LogLoss": 0.5978325415924537,
        "RMSE(bins)": 0.08501925265464806,
        "ICI": 0.07537635801590752
    },
    "user": 19999,
    "size": 75615,
    "weights": [
        0.3697,
        1.658,
        5.357,
        -1.2884,
        -1.6093,
        0.0502,
        1.1531,
        -0.2909,
        0.7389,
        1.9087,
        -0.4083,
        0.8643,
        0.011
    ]
}