{
    "FSRSv3": {
        "RMSE": 0.4112944215971544,
        "LogLoss": 0.6083794693734698,
        "RMSE(bins)": 0.22123739431374392,
        "ICI": 0.13696737519526553
    },
    "user": 2003,
    "size": 5665
}