{
    "metrics": {
        "RMSE": 0.456110511328084,
        "LogLoss": 0.6206463855248127,
        "RMSE(bins)": 0.09677763309389706,
        "ICI": 0.047420360564406544
    },
    "user": 2077,
    "size": 49725,
    "weights": [
        0.9742,
        0.1051,
        5.3435,
        -0.104,
        -2.1513,
        0.0541,
        0.7973,
        -0.471,
        0.291,
        1.7031,
        -0.6239,
        0.8985,
        1.0642
    ]
}