{
    "FSRSv3": {
        "RMSE": 0.23242312943306484,
        "LogLoss": 0.2256806918046007,
        "RMSE(bins)": 0.046785574549918885
    },
    "user": 2081,
    "size": 7800
}