{
    "metrics": {
        "RMSE": 0.4864385480663116,
        "LogLoss": 0.8414188743355753,
        "RMSE(bins)": 0.29309778454378793,
        "ICI": 0.1897513834312243
    },
    "user": 2175,
    "size": 10460,
    "weights": [
        1.5872,
        2.789,
        4.4779,
        -1.2987,
        -1.3751,
        0.05,
        1.9476,
        -0.15,
        1.1591,
        1.7717,
        -0.5199,
        0.6997,
        0.5423
    ]
}