{
    "metrics": {
        "RMSE": 0.32187050318985566,
        "LogLoss": 0.3519116385155279,
        "RMSE(bins)": 0.05980993439507724,
        "ICI": 0.025680899978446418
    },
    "user": 2228,
    "size": 19505,
    "weights": [
        0.4607,
        1.2526,
        4.9677,
        -1.4611,
        -1.1893,
        0.1121,
        1.6901,
        -0.1626,
        0.9552,
        1.8433,
        -0.4661,
        0.7057,
        1.1324
    ]
}