{
    "metrics": {
        "RMSE": 0.17522864442606345,
        "LogLoss": 0.14018702046325535,
        "RMSE(bins)": 0.030955454064299885,
        "ICI": 0.02597765294589495
    },
    "user": 2242,
    "size": 2550,
    "weights": [
        1.0936,
        2.1301,
        4.5822,
        -1.0941,
        -1.2915,
        0.166,
        2.0,
        -0.15,
        1.3748,
        2.0058,
        -0.2665,
        0.4831,
        1.3268
    ]
}