{
    "metrics": {
        "RMSE": 0.45481306652469705,
        "LogLoss": 0.7338634440500538,
        "RMSE(bins)": 0.1887568526315607,
        "ICI": 0.11193053389345982
    },
    "user": 2279,
    "size": 25275,
    "weights": [
        0.8884,
        2.5431,
        6.8419,
        -1.0781,
        -0.6356,
        0.05,
        1.2898,
        -0.2037,
        0.8988,
        1.6625,
        -0.6088,
        0.9,
        1.2457
    ]
}