{
    "metrics": {
        "RMSE": 0.45221422537395406,
        "LogLoss": 0.689556753298698,
        "RMSE(bins)": 0.19127388682453506,
        "ICI": 0.11438854499873537
    },
    "user": 2279,
    "size": 22905,
    "weights": [
        0.7623,
        2.0881,
        6.558,
        -1.0824,
        -0.7331,
        0.05,
        1.2492,
        -0.2099,
        0.934,
        1.6722,
        -0.6036,
        0.9,
        1.2241
    ]
}