{
    "FSRSv3": {
        "RMSE": 0.5258523738951753,
        "LogLoss": 0.9462467621929431,
        "RMSE(bins)": 0.2381921751848219
    },
    "user": 2322,
    "size": 242735
}