{
    "metrics": {
        "RMSE": 0.11528228241242904,
        "LogLoss": 0.05021220246572423,
        "RMSE(bins)": 0.10049676731354434,
        "ICI": 0.03351004323131706
    },
    "user": 2334,
    "size": 5610,
    "weights": [
        1.3445,
        1.3468,
        4.5904,
        -0.1,
        -0.1,
        0.5,
        1.8182,
        -0.15,
        1.2192,
        1.9261,
        -0.2693,
        0.01,
        1.3599
    ]
}