{
    "FSRSv3": {
        "RMSE": 0.3131434108347734,
        "LogLoss": 0.32639350227737285,
        "RMSE(bins)": 0.08213407254796018
    },
    "user": 2447,
    "size": 1910
}