{
    "metrics": {
        "RMSE": 0.26853078072606884,
        "LogLoss": 0.27666615742009126,
        "RMSE(bins)": 0.04845914473538661,
        "ICI": 0.025010457580632063
    },
    "user": 2525,
    "size": 15345,
    "weights": [
        0.5249,
        0.3533,
        4.6844,
        -0.8651,
        -1.5318,
        0.05,
        1.9557,
        -0.15,
        1.2909,
        1.6407,
        -0.5584,
        0.2419,
        0.5811
    ]
}