{
    "FSRSv3": {
        "RMSE": 0.4287432967299478,
        "LogLoss": 0.6054928551449437,
        "RMSE(bins)": 0.13487312747042168
    },
    "user": 2543,
    "size": 4695
}