{
    "FSRSv3": {
        "RMSE": 0.43654093172378317,
        "LogLoss": 0.6216717548184291,
        "RMSE(bins)": 0.14790647792007314
    },
    "user": 2560,
    "size": 7330
}