{
    "metrics": {
        "RMSE": 0.4156505458971239,
        "LogLoss": 0.5353418088127209,
        "RMSE(bins)": 0.07612403669609091,
        "ICI": 0.05194186981398386
    },
    "user": 274,
    "size": 362360,
    "weights": [
        0.2608,
        1.4631,
        6.2466,
        -0.5565,
        -0.5562,
        0.0558,
        0.942,
        -0.1876,
        0.9023,
        1.5515,
        -0.578,
        0.7601,
        1.1758
    ]
}