{
    "metrics": {
        "RMSE": 0.23302780723136224,
        "LogLoss": 0.21581245559129672,
        "RMSE(bins)": 0.037260419556670456,
        "ICI": 0.014111498614533766
    },
    "user": 2753,
    "size": 40905,
    "weights": [
        0.6861,
        1.9215,
        4.7444,
        -2.2913,
        -1.1851,
        0.0769,
        2.0,
        -0.15,
        1.4044,
        1.811,
        -0.4911,
        0.5749,
        1.0328
    ]
}