{
    "metrics": {
        "RMSE": 0.42594277716453144,
        "LogLoss": 0.6212079309560309,
        "RMSE(bins)": 0.1365234062124805,
        "ICI": 0.11008536673344715
    },
    "user": 2759,
    "size": 112785,
    "weights": [
        0.1407,
        1.2421,
        4.4709,
        -0.8175,
        -2.223,
        0.2719,
        1.2781,
        -0.353,
        0.5278,
        1.7202,
        -0.7084,
        0.6053,
        0.382
    ]
}