{
    "FSRSv3": {
        "RMSE": 0.34410124883247567,
        "LogLoss": 0.39127346385166867,
        "RMSE(bins)": 0.10196217296101856
    },
    "user": 2775,
    "size": 2925
}