{
    "FSRSv3": {
        "RMSE": 0.298198338445327,
        "LogLoss": 0.4506051846770462,
        "RMSE(bins)": 0.14831012760306483
    },
    "user": 2792,
    "size": 22905
}