{
    "metrics": {
        "RMSE": 0.42326674609649806,
        "LogLoss": 0.5685135133542449,
        "RMSE(bins)": 0.15069459972219865,
        "ICI": 0.12484082561231163
    },
    "user": 2819,
    "size": 12990,
    "weights": [
        1.714,
        2.0587,
        5.5311,
        -1.4738,
        -1.3117,
        0.05,
        1.0277,
        -0.7898,
        0.3747,
        1.7408,
        -0.596,
        0.6087,
        1.8797
    ]
}