{
    "FSRSv3": {
        "RMSE": 0.36831753102530057,
        "LogLoss": 0.4821737236850904,
        "RMSE(bins)": 0.12184511151021823,
        "ICI": 0.08315294610123437
    },
    "user": 2827,
    "size": 7405
}