{
    "metrics": {
        "RMSE": 0.3684850008393955,
        "LogLoss": 0.4730162839530235,
        "RMSE(bins)": 0.12914820376470698,
        "ICI": 0.030803708515195552
    },
    "user": 285,
    "size": 29525,
    "weights": [
        2.3888,
        2.5685,
        5.1329,
        -0.1,
        -2.0342,
        0.0847,
        1.4218,
        -0.7557,
        0.7607,
        2.1465,
        -0.1157,
        0.5267,
        0.7238
    ]
}