{
    "FSRSv3": {
        "RMSE": 0.3149392558494763,
        "LogLoss": 0.3442195581929145,
        "RMSE(bins)": 0.023833460078605782,
        "ICI": 0.016825184811583457
    },
    "user": 289,
    "size": 115515
}