{
    "metrics": {
        "RMSE": 0.030075883140622702,
        "LogLoss": 0.02533189334275798,
        "RMSE(bins)": 0.025990154706283627,
        "ICI": 0.024385756934549283
    },
    "user": 2894,
    "size": 50675,
    "weights": [
        4.4498,
        5.0,
        1.0,
        -0.1,
        -1.1946,
        0.5,
        2.0,
        -0.15,
        1.5,
        3.6422,
        -0.01,
        0.9,
        1.8955
    ]
}