{
    "metrics": {
        "RMSE": 0.3187895282193047,
        "LogLoss": 0.36440207679221326,
        "RMSE(bins)": 0.06900887205770605,
        "ICI": 0.03960481358954446
    },
    "user": 2898,
    "size": 40690,
    "weights": [
        0.7002,
        0.927,
        5.1892,
        -2.3395,
        -2.9149,
        0.1187,
        1.5758,
        -0.15,
        0.8946,
        1.6545,
        -0.6889,
        0.4996,
        1.4456
    ]
}