{
    "metrics": {
        "RMSE": 0.4140429257846139,
        "LogLoss": 0.5878375737270246,
        "RMSE(bins)": 0.09483804545787237,
        "ICI": 0.06824226577765004
    },
    "user": 29,
    "size": 34000,
    "weights": [
        0.6527,
        0.9252,
        4.6645,
        -1.1797,
        -2.3814,
        0.05,
        1.7832,
        -0.2922,
        1.0373,
        1.9161,
        -0.4075,
        0.4575,
        0.355
    ]
}