{
    "FSRSv3": {
        "RMSE": 0.46385663075602984,
        "LogLoss": 0.6850277251002788,
        "RMSE(bins)": 0.14119176040462292
    },
    "user": 2935,
    "size": 213395
}