{
    "metrics": {
        "RMSE": 0.31601823378293514,
        "LogLoss": 0.36120020558638694,
        "RMSE(bins)": 0.05454220387853823,
        "ICI": 0.03623368211146966
    },
    "user": 3095,
    "size": 8105
}