{
    "FSRSv3": {
        "RMSE": 0.2181466809028459,
        "LogLoss": 0.2041534843005821,
        "RMSE(bins)": 0.057764933349349214,
        "ICI": 0.016998143910777797
    },
    "user": 310,
    "size": 42950
}