{
    "metrics": {
        "RMSE": 0.17135354218074692,
        "LogLoss": 0.13500753572982355,
        "RMSE(bins)": 0.02120550333399214,
        "ICI": 0.011371582154625293
    },
    "user": 3127,
    "size": 39110
}