{
    "metrics": {
        "RMSE": 0.21983372445551747,
        "LogLoss": 0.19622917507246165,
        "RMSE(bins)": 0.04443641189492126,
        "ICI": 0.015169444389516253
    },
    "user": 3143,
    "size": 7625,
    "weights": [
        0.9504,
        2.2154,
        4.8225,
        -1.8137,
        -1.8414,
        0.05,
        1.9991,
        -0.15,
        1.3039,
        1.8729,
        -0.312,
        0.3263,
        1.0756
    ]
}