{
    "FSRSv3": {
        "RMSE": 0.3104543664131042,
        "LogLoss": 0.3349969221419733,
        "RMSE(bins)": 0.06338758506825366
    },
    "user": 315,
    "size": 6705
}