{
    "metrics": {
        "RMSE": 0.3991573441932669,
        "LogLoss": 0.5042204917586457,
        "RMSE(bins)": 0.1095980417256232,
        "ICI": 0.0647889961159706
    },
    "user": 3205,
    "size": 1475,
    "weights": [
        0.7348,
        1.4941,
        5.1169,
        -1.4565,
        -1.4958,
        0.05,
        1.4747,
        -0.2943,
        0.8005,
        1.6426,
        -0.6311,
        0.6661,
        0.8464
    ]
}