{
    "metrics": {
        "RMSE": 0.35016466826222037,
        "LogLoss": 0.41983502092767483,
        "RMSE(bins)": 0.10021576513687436,
        "ICI": 0.054736231391343815
    },
    "user": 3238,
    "size": 6500
}