{
    "metrics": {
        "RMSE": 0.2269953821171039,
        "LogLoss": 0.21482036471397647,
        "RMSE(bins)": 0.04602945576318244,
        "ICI": 0.01896200261459585
    },
    "user": 3285,
    "size": 5195,
    "weights": [
        1.0168,
        2.2615,
        4.9705,
        -1.5648,
        -1.5658,
        0.0788,
        1.8197,
        -0.15,
        1.1344,
        1.8854,
        -0.3845,
        0.7564,
        1.2473
    ]
}