{
    "FSRSv3": {
        "RMSE": 0.33669325466585975,
        "LogLoss": 0.4002006779387351,
        "RMSE(bins)": 0.06447800757799081
    },
    "user": 3318,
    "size": 164205
}