{
    "metrics": {
        "RMSE": 0.31537583570672034,
        "LogLoss": 0.347971709721183,
        "RMSE(bins)": 0.050338910375892165,
        "ICI": 0.019071775889518618
    },
    "user": 3329,
    "size": 56635,
    "weights": [
        0.5631,
        2.9479,
        4.4166,
        -1.3128,
        -0.8912,
        0.0516,
        1.2515,
        -0.15,
        0.7151,
        1.8152,
        -0.4538,
        0.6338,
        0.3131
    ]
}