{
    "FSRSv3": {
        "RMSE": 0.4480302398453098,
        "LogLoss": 0.737057503931443,
        "RMSE(bins)": 0.18354481086305224
    },
    "user": 340,
    "size": 30070
}