{
    "metrics": {
        "RMSE": 0.1645812627679789,
        "LogLoss": 0.1223923397120666,
        "RMSE(bins)": 0.042764627936299385,
        "ICI": 0.009198314715798689
    },
    "user": 3561,
    "size": 38620,
    "weights": [
        0.9955,
        3.3274,
        3.7457,
        -1.2306,
        -1.673,
        0.1269,
        2.0,
        -0.15,
        1.5,
        1.9732,
        -0.3158,
        0.4863,
        1.578
    ]
}