{
    "FSRSv3": {
        "RMSE": 0.40480970624785945,
        "LogLoss": 0.7911295934447908,
        "RMSE(bins)": 0.20318971761702492
    },
    "user": 3616,
    "size": 12935
}