{
    "FSRSv3": {
        "RMSE": 0.3591885273064399,
        "LogLoss": 0.4535302994133691,
        "RMSE(bins)": 0.08086529653492738
    },
    "user": 3756,
    "size": 22385
}