{
    "metrics": {
        "RMSE": 0.2965130933583169,
        "LogLoss": 0.32087027381443356,
        "RMSE(bins)": 0.10995492920326357,
        "ICI": 0.05648639842534977
    },
    "user": 3757,
    "size": 125840,
    "weights": [
        8.3345,
        5.0,
        5.2519,
        -2.1969,
        -5.0,
        0.05,
        1.9954,
        -0.2517,
        1.3849,
        3.0328,
        -0.0592,
        0.5441,
        1.1214
    ]
}