{
    "FSRSv3": {
        "RMSE": 0.2719334800562652,
        "LogLoss": 0.284296185507421,
        "RMSE(bins)": 0.08417435440171452,
        "ICI": 0.04244504024364205
    },
    "user": 3836,
    "size": 15640
}