{
    "metrics": {
        "RMSE": 0.4145058230223394,
        "LogLoss": 0.8757770176274401,
        "RMSE(bins)": 0.3183395120509894,
        "ICI": 0.21262570338503142
    },
    "user": 3850,
    "size": 11340,
    "weights": [
        2.022,
        2.9553,
        4.2231,
        -0.6488,
        -1.796,
        0.0972,
        2.0,
        -0.2749,
        1.5,
        2.4498,
        -0.01,
        0.4302,
        1.7609
    ]
}