{
    "metrics": {
        "RMSE": 0.20854891255407582,
        "LogLoss": 0.18476494196936272,
        "RMSE(bins)": 0.06255719986733532,
        "ICI": 0.024853020563719425
    },
    "user": 3856,
    "size": 1765,
    "weights": [
        0.9121,
        1.7743,
        4.8038,
        -1.2256,
        -1.2372,
        0.154,
        1.7799,
        -0.1775,
        1.1111,
        1.9372,
        -0.3319,
        0.6361,
        1.1239
    ]
}