{
    "metrics": {
        "RMSE": 0.30179105385242366,
        "LogLoss": 0.3237725609946401,
        "RMSE(bins)": 0.036425983662049834,
        "ICI": 0.012946926612252437
    },
    "user": 3870,
    "size": 4890,
    "weights": [
        0.8074,
        1.5958,
        4.9225,
        -1.2549,
        -1.1868,
        0.0501,
        1.5204,
        -0.1501,
        0.8431,
        1.8827,
        -0.3815,
        0.2912,
        1.0746
    ]
}