{
    "metrics": {
        "RMSE": 0.3665399292665933,
        "LogLoss": 0.4476732540124032,
        "RMSE(bins)": 0.12487250679091641,
        "ICI": 0.08276080533089902
    },
    "user": 4033,
    "size": 5715
}