{
    "metrics": {
        "RMSE": 0.08057686750751465,
        "LogLoss": 0.05176557671925492,
        "RMSE(bins)": 0.07658527272138338,
        "ICI": 0.047577510705323525
    },
    "user": 4036,
    "size": 4810,
    "weights": [
        1.6132,
        2.3965,
        4.0328,
        -0.6536,
        -0.8974,
        0.4492,
        2.0,
        -0.15,
        1.5,
        1.8907,
        -0.3832,
        0.5867,
        1.0721
    ]
}