{
    "FSRSv3": {
        "RMSE": 0.471899669062643,
        "LogLoss": 0.9352984056171851,
        "RMSE(bins)": 0.17173126069647865
    },
    "user": 4048,
    "size": 28205
}