{
    "FSRSv3": {
        "RMSE": 0.3580239931267831,
        "LogLoss": 0.45029984058441336,
        "RMSE(bins)": 0.10881710988595253
    },
    "user": 4090,
    "size": 28095
}