{
    "metrics": {
        "RMSE": 0.33901307665041625,
        "LogLoss": 0.40783535387895475,
        "RMSE(bins)": 0.09449971218104436,
        "ICI": 0.06054115369908427
    },
    "user": 4119,
    "size": 15585,
    "weights": [
        1.992,
        2.6573,
        4.6684,
        -1.3544,
        -1.6978,
        0.05,
        1.98,
        -0.2294,
        0.964,
        2.088,
        -0.2211,
        0.3776,
        1.3391
    ]
}