{
    "FSRSv3": {
        "RMSE": 0.30497898592479405,
        "LogLoss": 0.3231164119737316,
        "RMSE(bins)": 0.02418593004044128,
        "ICI": 0.012277784969806593
    },
    "user": 4160,
    "size": 27305
}