{
    "FSRSv3": {
        "RMSE": 0.5556282250328959,
        "LogLoss": 1.761360916132135,
        "RMSE(bins)": 0.30121327929825714
    },
    "user": 4168,
    "size": 4185
}