{
    "metrics": {
        "RMSE": 0.37277900479810966,
        "LogLoss": 0.4474918892458832,
        "RMSE(bins)": 0.06660126584375221,
        "ICI": 0.023992299675541912
    },
    "user": 4178,
    "size": 14935,
    "weights": [
        0.3524,
        2.3212,
        5.303,
        -1.7067,
        -2.3001,
        0.05,
        1.6147,
        -0.1504,
        0.9901,
        1.8391,
        -0.4508,
        0.814,
        1.2505
    ]
}