{
    "metrics": {
        "RMSE": 0.36435771691662094,
        "LogLoss": 0.5108144129925343,
        "RMSE(bins)": 0.1102257668469824,
        "ICI": 0.0693354001758872
    },
    "user": 4284,
    "size": 56310,
    "weights": [
        0.5907,
        2.7161,
        4.5735,
        -1.695,
        -3.1636,
        0.05,
        1.9549,
        -0.1973,
        1.3467,
        1.8009,
        -0.5643,
        0.6577,
        1.9079
    ]
}