{
    "FSRSv3": {
        "RMSE": 0.18381601690664492,
        "LogLoss": 0.15420747452429362,
        "RMSE(bins)": 0.05636799033664567
    },
    "user": 4310,
    "size": 14080
}