{
    "metrics": {
        "RMSE": 0.4805763400556997,
        "LogLoss": 0.7013104745742498,
        "RMSE(bins)": 0.1962691848617794,
        "ICI": 0.13812040250569335
    },
    "user": 4326,
    "size": 4795,
    "weights": [
        1.0173,
        0.645,
        5.2297,
        -0.3307,
        -0.7699,
        0.1615,
        1.1313,
        -0.6051,
        0.5559,
        1.8688,
        -0.3332,
        0.0612,
        0.5428
    ]
}