{
    "metrics": {
        "RMSE": 0.32570918483404404,
        "LogLoss": 0.3673123156898482,
        "RMSE(bins)": 0.031451431027086474,
        "ICI": 0.019094487197645428
    },
    "user": 433,
    "size": 235260
}