{
    "metrics": {
        "RMSE": 0.49424928187552974,
        "LogLoss": 1.1447174160611095,
        "RMSE(bins)": 0.3369169230947485,
        "ICI": 0.2058617055200476
    },
    "user": 4466,
    "size": 3665,
    "weights": [
        0.9605,
        1.7234,
        4.8527,
        -1.1917,
        -1.2956,
        0.0573,
        1.7352,
        -0.1673,
        1.065,
        1.8907,
        -0.3832,
        0.5867,
        1.0721
    ]
}