{
    "FSRSv3": {
        "RMSE": 0.34029790638899765,
        "LogLoss": 0.39729905137523797,
        "RMSE(bins)": 0.16225592235007885
    },
    "user": 4467,
    "size": 24615
}