{
    "metrics": {
        "RMSE": 0.23378607339970797,
        "LogLoss": 0.21273916017236694,
        "RMSE(bins)": 0.026991422794829422,
        "ICI": 0.006855568310962849
    },
    "user": 4486,
    "size": 64840,
    "weights": [
        0.768,
        2.0753,
        5.4445,
        -1.1806,
        -2.0809,
        0.0757,
        1.7002,
        -0.3357,
        1.2217,
        1.8887,
        -0.4252,
        0.9,
        2.0
    ]
}