{
    "metrics": {
        "RMSE": 0.33139556067084625,
        "LogLoss": 0.41932813176697087,
        "RMSE(bins)": 0.1765381950386352,
        "ICI": 0.07090126962209665
    },
    "user": 4515,
    "size": 2230,
    "weights": [
        1.2897,
        2.0503,
        4.5412,
        -0.9486,
        -1.0951,
        0.2909,
        2.0,
        -0.1501,
        1.3837,
        2.1729,
        -0.1064,
        0.8118,
        1.3654
    ]
}