{
    "metrics": {
        "RMSE": 0.38927973831321105,
        "LogLoss": 0.47756237047536154,
        "RMSE(bins)": 0.05631529564349613,
        "ICI": 0.024707064332171392
    },
    "user": 4553,
    "size": 5935
}