{
    "FSRSv3": {
        "RMSE": 0.47400925945800115,
        "LogLoss": 0.8653149165141362,
        "RMSE(bins)": 0.18131573088628605
    },
    "user": 4625,
    "size": 24140
}