{
    "metrics": {
        "RMSE": 0.3218913024099242,
        "LogLoss": 0.3497094446860229,
        "RMSE(bins)": 0.13759239262981948,
        "ICI": 0.06499805872085503
    },
    "user": 47,
    "size": 1820,
    "weights": [
        0.8285,
        1.6665,
        4.6921,
        -1.158,
        -1.0991,
        0.2267,
        1.9252,
        -0.15,
        1.2493,
        1.694,
        -0.5769,
        0.4303,
        0.8949
    ]
}