{
    "metrics": {
        "RMSE": 0.26022755511326234,
        "LogLoss": 0.2601013338362213,
        "RMSE(bins)": 0.056497722851833375,
        "ICI": 0.03389524710061827
    },
    "user": 474,
    "size": 2045,
    "weights": [
        1.0,
        1.0,
        5.0,
        -0.5,
        -0.5,
        0.2,
        1.4,
        -0.2,
        0.8,
        2.0,
        -0.2,
        0.2,
        1.0
    ]
}