{
    "metrics": {
        "RMSE": 0.4151946374778324,
        "LogLoss": 0.5802256200906286,
        "RMSE(bins)": 0.14431166843407126,
        "ICI": 0.09780562270798812
    },
    "user": 4772,
    "size": 5820,
    "weights": [
        0.5842,
        2.0133,
        4.9845,
        -1.4675,
        -1.6995,
        0.0569,
        1.7315,
        -0.15,
        0.9987,
        1.7824,
        -0.4916,
        0.4061,
        0.6992
    ]
}