{
    "FSRSv3": {
        "RMSE": 0.1684095591063128,
        "LogLoss": 0.15343334324964084,
        "RMSE(bins)": 0.15325409597169953
    },
    "user": 4778,
    "size": 51820
}