{
    "metrics": {
        "RMSE": 0.49723115860094436,
        "LogLoss": 0.8546605865520092,
        "RMSE(bins)": 0.15708886808921912,
        "ICI": 0.16414654686284538
    },
    "user": 4802,
    "size": 10590,
    "weights": [
        0.7829,
        1.3655,
        4.9932,
        -1.72,
        -2.1756,
        0.05,
        1.869,
        -0.2364,
        1.1142,
        1.9148,
        -0.4802,
        0.6447,
        1.4129
    ]
}