{
    "metrics": {
        "RMSE": 0.43088493624186447,
        "LogLoss": 0.5848207131192658,
        "RMSE(bins)": 0.11673887357339115,
        "ICI": 0.07542527340818533
    },
    "user": 4804,
    "size": 5720,
    "weights": [
        0.9522,
        1.347,
        5.3137,
        -0.4717,
        -0.9929,
        0.07,
        1.4127,
        -0.5319,
        0.7395,
        1.7258,
        -0.4718,
        0.1777,
        0.7677
    ]
}