{
    "FSRSv3": {
        "RMSE": 0.07691626728772578,
        "LogLoss": 0.05582054539391083,
        "RMSE(bins)": 0.059031019156538606
    },
    "user": 4881,
    "size": 3030
}