{
    "metrics": {
        "RMSE": 0.3175429159386538,
        "LogLoss": 0.36393721805071494,
        "RMSE(bins)": 0.12063058400433246,
        "ICI": 0.07843517637388124
    },
    "user": 492,
    "size": 6480,
    "weights": [
        0.9129,
        2.3008,
        5.1339,
        -1.3661,
        -1.6455,
        0.0713,
        1.5579,
        -0.4029,
        0.8702,
        1.805,
        -0.468,
        0.2798,
        1.314
    ]
}