{
    "metrics": {
        "RMSE": 0.39074689652010813,
        "LogLoss": 0.49661346119611804,
        "RMSE(bins)": 0.1624490991936528,
        "ICI": 0.07975055333302711
    },
    "user": 5174,
    "size": 2005,
    "weights": [
        1.1225,
        1.1132,
        5.2426,
        -0.7359,
        -0.7698,
        0.05,
        1.1656,
        -0.4393,
        0.5585,
        1.8826,
        -0.3106,
        0.4428,
        0.9799
    ]
}