{
    "metrics": {
        "RMSE": 0.31358666498455484,
        "LogLoss": 0.34819527313662607,
        "RMSE(bins)": 0.06859039795839829,
        "ICI": 0.04088314259469863
    },
    "user": 5190,
    "size": 4800,
    "weights": [
        1.5092,
        1.4265,
        4.8608,
        -0.7128,
        -0.9469,
        0.05,
        1.5861,
        -0.1899,
        0.9893,
        1.916,
        -0.3074,
        0.1623,
        0.75
    ]
}