{
    "FSRSv3": {
        "RMSE": 0.32474965599946104,
        "LogLoss": 0.3712084116219599,
        "RMSE(bins)": 0.07453307151428872
    },
    "user": 5190,
    "size": 4410
}