{
    "metrics": {
        "RMSE": 0.27561293227694744,
        "LogLoss": 0.28325129633634594,
        "RMSE(bins)": 0.03337157154213371,
        "ICI": 0.015110661584886385
    },
    "user": 5287,
    "size": 263495,
    "weights": [
        2.7577,
        3.0058,
        8.9568,
        -5.0,
        -1.8729,
        0.191,
        1.9795,
        -0.3693,
        1.4783,
        2.3306,
        -0.2944,
        0.5649,
        1.5089
    ]
}