{
    "FSRSv3": {
        "RMSE": 0.3783924336559772,
        "LogLoss": 0.4749802162728695,
        "RMSE(bins)": 0.076363602360952
    },
    "user": 5327,
    "size": 6950
}