{
    "metrics": {
        "RMSE": 0.4456445479132049,
        "LogLoss": 0.6245447332659332,
        "RMSE(bins)": 0.1281685111258139,
        "ICI": 0.074821698471677
    },
    "user": 5404,
    "size": 79370,
    "weights": [
        1.342,
        1.2412,
        5.451,
        -1.3262,
        -1.7749,
        0.1149,
        1.3028,
        -0.15,
        0.7249,
        1.7661,
        -0.4773,
        0.7476,
        1.617
    ]
}