{
    "metrics": {
        "RMSE": 0.20435152030389656,
        "LogLoss": 0.1761091317983301,
        "RMSE(bins)": 0.03164598309589079,
        "ICI": 0.00853816440205825
    },
    "user": 5420,
    "size": 21230
}