{
    "FSRSv3": {
        "RMSE": 0.28520891388353115,
        "LogLoss": 0.2932240752545134,
        "RMSE(bins)": 0.22615333894653014
    },
    "user": 5575,
    "size": 8315
}