{
    "metrics": {
        "RMSE": 0.3436101364034774,
        "LogLoss": 0.40048172360627105,
        "RMSE(bins)": 0.08637283790737765,
        "ICI": 0.033844602770961914
    },
    "user": 568,
    "size": 2240,
    "weights": [
        0.9566,
        1.3353,
        5.1558,
        -0.8966,
        -0.7637,
        0.05,
        1.4066,
        -0.15,
        0.7848,
        1.8375,
        -0.3653,
        0.1404,
        0.7214
    ]
}