{
    "FSRSv3": {
        "RMSE": 0.2763584117815367,
        "LogLoss": 0.2885208430226094,
        "RMSE(bins)": 0.045883191001917144
    },
    "user": 5692,
    "size": 20435
}