{
    "FSRSv3": {
        "RMSE": 0.1902922093428796,
        "LogLoss": 0.15998815026341007,
        "RMSE(bins)": 0.04603491394175042
    },
    "user": 5737,
    "size": 80335
}