{
    "FSRSv3": {
        "RMSE": 0.6557888280501084,
        "LogLoss": 1.3199709958142263,
        "RMSE(bins)": 0.4819930176621112
    },
    "user": 58,
    "size": 5975
}