{
    "FSRSv3": {
        "RMSE": 0.1802020188074377,
        "LogLoss": 0.16123730590312596,
        "RMSE(bins)": 0.0845844668248597
    },
    "user": 5843,
    "size": 9995
}