{
    "FSRSv3": {
        "RMSE": 0.5531419383187615,
        "LogLoss": 0.981260819481072,
        "RMSE(bins)": 0.26616886518322924
    },
    "user": 5851,
    "size": 5180
}