{
    "metrics": {
        "RMSE": 0.3586618039303178,
        "LogLoss": 0.41288396452703086,
        "RMSE(bins)": 0.062484115674132736,
        "ICI": 0.03503846521463869
    },
    "user": 5894,
    "size": 7480
}