{
    "metrics": {
        "RMSE": 0.26739537775073585,
        "LogLoss": 0.2853842889037426,
        "RMSE(bins)": 0.044846278830315445,
        "ICI": 0.028034988049633388
    },
    "user": 5920,
    "size": 277120,
    "weights": [
        0.7983,
        0.5953,
        3.233,
        -0.1026,
        -2.8028,
        0.05,
        1.4084,
        -0.1709,
        1.3378,
        2.229,
        -0.4967,
        0.3771,
        2.0
    ]
}