{
    "metrics": {
        "RMSE": 0.06341683620541844,
        "LogLoss": 0.035174241597996994,
        "RMSE(bins)": 0.03912742486330535,
        "ICI": 0.02418640023732958
    },
    "user": 5994,
    "size": 279560,
    "weights": [
        2.0237,
        5.0,
        1.0,
        -4.5034,
        -2.1194,
        0.05,
        2.0,
        -0.15,
        1.5,
        2.1467,
        -0.2254,
        0.2479,
        1.7288
    ]
}