{
    "FSRSv3": {
        "RMSE": 0.12233888594129978,
        "LogLoss": 0.08673606589374933,
        "RMSE(bins)": 0.030992141774946618,
        "ICI": 0.019453238984344215
    },
    "user": 6145,
    "size": 20875
}