{
    "metrics": {
        "RMSE": 0.48195521715124795,
        "LogLoss": 0.7104237169373457,
        "RMSE(bins)": 0.18471202943667892,
        "ICI": 0.14227910525024537
    },
    "user": 6159,
    "size": 6745,
    "weights": [
        0.8487,
        1.7897,
        5.3233,
        -1.815,
        -1.7863,
        0.1364,
        1.5018,
        -0.3993,
        0.7968,
        1.8708,
        -0.4067,
        0.8543,
        0.6643
    ]
}