{
    "FSRSv3": {
        "RMSE": 0.3810695991471753,
        "LogLoss": 0.5077763000605435,
        "RMSE(bins)": 0.11989841403049727
    },
    "user": 6183,
    "size": 108250
}