{
    "metrics": {
        "RMSE": 0.42518686513842296,
        "LogLoss": 0.6245519055075204,
        "RMSE(bins)": 0.10700432522422101,
        "ICI": 0.07125717662211908
    },
    "user": 6223,
    "size": 29495,
    "weights": [
        0.7124,
        0.6156,
        5.5873,
        -0.1,
        -2.494,
        0.0504,
        1.3788,
        -0.2798,
        0.7817,
        1.6715,
        -0.6601,
        0.6026,
        1.6082
    ]
}