{
    "FSRSv3": {
        "RMSE": 0.2556877729317662,
        "LogLoss": 0.25416470743353353,
        "RMSE(bins)": 0.1988191316594875,
        "ICI": 0.13000894320448744
    },
    "user": 6253,
    "size": 1710
}