{
    "metrics": {
        "RMSE": 0.37413705712253714,
        "LogLoss": 0.48702705701632515,
        "RMSE(bins)": 0.13369525428161724,
        "ICI": 0.06588596963597422
    },
    "user": 6288,
    "size": 4495,
    "weights": [
        0.9996,
        1.6804,
        4.7706,
        -1.3689,
        -1.4023,
        0.05,
        1.9799,
        -0.15,
        1.2311,
        1.7219,
        -0.5543,
        0.6379,
        1.1089
    ]
}