{
    "FSRSv3": {
        "RMSE": 0.27333230414301035,
        "LogLoss": 0.2895856254598964,
        "RMSE(bins)": 0.04886217172104164
    },
    "user": 6353,
    "size": 11960
}