{
    "FSRSv3": {
        "RMSE": 0.14507624491822124,
        "LogLoss": 0.11260638048187659,
        "RMSE(bins)": 0.06604684626163616
    },
    "user": 6376,
    "size": 3090
}