{
    "FSRSv3": {
        "RMSE": 0.401676086845681,
        "LogLoss": 0.5227293819518399,
        "RMSE(bins)": 0.13810704753219977
    },
    "user": 6392,
    "size": 4490
}