{
    "metrics": {
        "RMSE": 0.24769263331561422,
        "LogLoss": 0.22650078730279366,
        "RMSE(bins)": 0.044345329214101045,
        "ICI": 0.020812699440523105
    },
    "user": 6426,
    "size": 18795,
    "weights": [
        1.1915,
        2.1842,
        5.0992,
        -1.7154,
        -2.0009,
        0.0522,
        1.8489,
        -0.15,
        1.0707,
        1.8667,
        -0.423,
        0.6412,
        1.4971
    ]
}