{
    "FSRSv3": {
        "RMSE": 0.10883883443831538,
        "LogLoss": 0.0849850431973133,
        "RMSE(bins)": 0.05784795529248716
    },
    "user": 6445,
    "size": 71315
}