{
    "FSRSv3": {
        "RMSE": 0.5678926260622296,
        "LogLoss": 1.3311673821315624,
        "RMSE(bins)": 0.4947472147555477
    },
    "user": 6478,
    "size": 1350
}