{
    "FSRSv3": {
        "RMSE": 0.3899466883075981,
        "LogLoss": 0.5176631465218212,
        "RMSE(bins)": 0.10418424768371622
    },
    "user": 6575,
    "size": 174050
}