{
    "metrics": {
        "RMSE": 0.4050767813919684,
        "LogLoss": 0.5424856214671101,
        "RMSE(bins)": 0.13685551174617402,
        "ICI": 0.0827437112597632
    },
    "user": 6603,
    "size": 44885,
    "weights": [
        0.6423,
        1.4159,
        4.9447,
        -1.5474,
        -2.3383,
        0.05,
        1.5758,
        -0.3532,
        0.9489,
        1.9395,
        -0.3419,
        0.6235,
        0.5731
    ]
}