{
    "FSRSv3": {
        "RMSE": 0.22381378354284404,
        "LogLoss": 0.20757670299254508,
        "RMSE(bins)": 0.0460169177835536
    },
    "user": 6640,
    "size": 15755
}