{
    "FSRSv3": {
        "RMSE": 0.3319091108587226,
        "LogLoss": 0.3753105490013063,
        "RMSE(bins)": 0.08209805211811999
    },
    "user": 6664,
    "size": 157925
}