{
    "FSRSv3": {
        "RMSE": 0.315742912005925,
        "LogLoss": 0.3611827982922434,
        "RMSE(bins)": 0.2789642525404233
    },
    "user": 6698,
    "size": 7585
}