{
    "FSRSv3": {
        "RMSE": 0.4039064693213638,
        "LogLoss": 0.7117559732243073,
        "RMSE(bins)": 0.24516929976642007,
        "ICI": 0.1324333301005313
    },
    "user": 671,
    "size": 9330
}