{
    "metrics": {
        "RMSE": 0.06564124852821523,
        "LogLoss": 0.04893292975965619,
        "RMSE(bins)": 0.05501042151168566,
        "ICI": 0.04507207663133019
    },
    "user": 6786,
    "size": 8000,
    "weights": [
        2.0208,
        2.0205,
        3.9035,
        -1.0997,
        -0.1,
        0.4701,
        2.0,
        -0.15,
        1.5,
        2.3753,
        -0.01,
        0.5935,
        1.354
    ]
}