{
    "metrics": {
        "RMSE": 0.32560743856118857,
        "LogLoss": 0.3651592828886201,
        "RMSE(bins)": 0.1064706013093035,
        "ICI": 0.04579035592142887
    },
    "user": 6857,
    "size": 7120,
    "weights": [
        1.291,
        1.7035,
        4.742,
        -0.4691,
        -0.6358,
        0.1225,
        1.6584,
        -0.3069,
        1.0275,
        2.1079,
        -0.1527,
        0.5443,
        1.3056
    ]
}