{
    "metrics": {
        "RMSE": 0.16996526121666625,
        "LogLoss": 0.13029715436659245,
        "RMSE(bins)": 0.02989239346520779,
        "ICI": 0.013550867588914023
    },
    "user": 6871,
    "size": 6440,
    "weights": [
        1.3945,
        2.2665,
        4.2265,
        -0.9579,
        -1.5689,
        0.1846,
        2.0,
        -0.15,
        1.5,
        1.9149,
        -0.3485,
        0.4029,
        1.4462
    ]
}