{
    "metrics": {
        "RMSE": 0.30741938275612496,
        "LogLoss": 0.3049317536344677,
        "RMSE(bins)": 0.23601867912558377,
        "ICI": 0.17078400414281347
    },
    "user": 6879,
    "size": 2090,
    "weights": [
        1.3397,
        2.1017,
        4.5187,
        -1.0313,
        -0.9515,
        0.3754,
        2.0,
        -0.15,
        1.3961,
        2.2119,
        -0.0552,
        0.8426,
        1.3355
    ]
}