{
    "metrics": {
        "RMSE": 0.43951413358097635,
        "LogLoss": 0.6852606617107675,
        "RMSE(bins)": 0.20948938133471606,
        "ICI": 0.1482879571964824
    },
    "user": 6898,
    "size": 640,
    "weights": [
        0.9605,
        1.7234,
        4.8527,
        -1.1917,
        -1.2956,
        0.0573,
        1.7352,
        -0.1673,
        1.065,
        1.8907,
        -0.3832,
        0.5867,
        1.0721
    ]
}