{
    "metrics": {
        "RMSE": 0.24533575864351032,
        "LogLoss": 0.23020826344911585,
        "RMSE(bins)": 0.040568871723057315,
        "ICI": 0.012774835010303586
    },
    "user": 7012,
    "size": 242000,
    "weights": [
        0.306,
        1.6961,
        3.2856,
        -2.9108,
        -3.2512,
        0.05,
        1.9979,
        -0.409,
        1.484,
        1.9883,
        -0.5837,
        0.7758,
        0.4386
    ]
}