{
    "metrics": {
        "RMSE": 0.37843296494402523,
        "LogLoss": 0.4971869567520867,
        "RMSE(bins)": 0.12931407967124292,
        "ICI": 0.09064308999096185
    },
    "user": 7034,
    "size": 7075,
    "weights": [
        0.383,
        1.2468,
        4.9289,
        -1.4721,
        -1.5996,
        0.1086,
        1.8391,
        -0.1699,
        1.1616,
        1.7531,
        -0.5208,
        0.475,
        0.4251
    ]
}