{
    "FSRSv3": {
        "RMSE": 0.4600476806874088,
        "LogLoss": 0.8613458725772544,
        "RMSE(bins)": 0.3816004419056077
    },
    "user": 7066,
    "size": 870
}