{
    "FSRSv3": {
        "RMSE": 0.45246592228402055,
        "LogLoss": 0.6861968414528946,
        "RMSE(bins)": 0.15345798500573085
    },
    "user": 7155,
    "size": 232360
}