{
    "metrics": {
        "RMSE": 0.3080093982853703,
        "LogLoss": 0.3426648093081825,
        "RMSE(bins)": 0.07595723189211183,
        "ICI": 0.018165974587521703
    },
    "user": 7275,
    "size": 18410,
    "weights": [
        0.1,
        0.3955,
        5.0414,
        -1.0954,
        -2.0423,
        0.2313,
        1.6603,
        -0.4704,
        1.0032,
        1.8776,
        -0.4173,
        0.8941,
        0.992
    ]
}