{
    "metrics": {
        "RMSE": 0.3940910246806712,
        "LogLoss": 0.49860962431514455,
        "RMSE(bins)": 0.07345024278337944,
        "ICI": 0.055270123366117856
    },
    "user": 7300,
    "size": 1920
}