{
    "metrics": {
        "RMSE": 0.2963031242054375,
        "LogLoss": 0.3311464313083836,
        "RMSE(bins)": 0.13178235952176953,
        "ICI": 0.033256869759507236
    },
    "user": 7323,
    "size": 2135,
    "weights": [
        1.0114,
        1.2804,
        4.8023,
        -0.331,
        -0.8995,
        0.0636,
        1.603,
        -0.15,
        0.995,
        1.8527,
        -0.3564,
        0.1259,
        0.7284
    ]
}