{
    "FSRSv3": {
        "RMSE": 0.34136710390771,
        "LogLoss": 0.4074265685700965,
        "RMSE(bins)": 0.05984248800882389
    },
    "user": 7335,
    "size": 20120
}