{
    "FSRSv3": {
        "RMSE": 0.3246666714083323,
        "LogLoss": 0.3647339650473073,
        "RMSE(bins)": 0.063806972399711
    },
    "user": 7344,
    "size": 25610
}