{
    "metrics": {
        "RMSE": 0.3385315159177832,
        "LogLoss": 0.415995278731993,
        "RMSE(bins)": 0.15824249999023524,
        "ICI": 0.10166837380207362
    },
    "user": 7380,
    "size": 8050,
    "weights": [
        1.9567,
        2.6987,
        5.127,
        -0.9492,
        -1.7477,
        0.0632,
        1.281,
        -0.7014,
        0.588,
        2.1892,
        -0.088,
        0.6361,
        0.9178
    ]
}