{
    "metrics": {
        "RMSE": 0.3093591342098825,
        "LogLoss": 0.3316661258803826,
        "RMSE(bins)": 0.11140745033970048,
        "ICI": 0.03803810755909215
    },
    "user": 7423,
    "size": 15255,
    "weights": [
        0.7139,
        1.7874,
        5.2898,
        -1.6519,
        -2.5798,
        0.1758,
        1.7823,
        -0.15,
        0.9774,
        1.7204,
        -0.5343,
        0.718,
        1.032
    ]
}