{
    "FSRSv3": {
        "RMSE": 0.17069252975902302,
        "LogLoss": 0.13604836078377397,
        "RMSE(bins)": 0.11322276936747919
    },
    "user": 7577,
    "size": 14295
}