{
    "FSRSv3": {
        "RMSE": 0.5068589766076329,
        "LogLoss": 0.7736718199428709,
        "RMSE(bins)": 0.2537372464288971,
        "ICI": 0.20582270078761883
    },
    "user": 7625,
    "size": 900
}