{
    "metrics": {
        "RMSE": 0.20818247562777367,
        "LogLoss": 0.16787545462721395,
        "RMSE(bins)": 0.05733861336668245,
        "ICI": 0.030923009389315966
    },
    "user": 7642,
    "size": 20525,
    "weights": [
        1.2532,
        3.2514,
        3.8798,
        -2.2152,
        -1.0698,
        0.05,
        2.0,
        -0.1526,
        1.4964,
        1.7565,
        -0.5127,
        0.7847,
        1.7695
    ]
}