{
    "metrics": {
        "RMSE": 0.3220124341483859,
        "LogLoss": 0.34379543928158,
        "RMSE(bins)": 0.060969449287083546,
        "ICI": 0.02786745337999233
    },
    "user": 7673,
    "size": 89820,
    "weights": [
        0.3679,
        0.7549,
        4.845,
        -1.6643,
        -1.3289,
        0.1885,
        1.8855,
        -0.15,
        0.8397,
        1.5672,
        -0.7952,
        0.3304,
        0.0416
    ]
}