{
    "metrics": {
        "RMSE": 0.44225298820863196,
        "LogLoss": 0.6019219927384898,
        "RMSE(bins)": 0.09569810352179371,
        "ICI": 0.057069287590077025
    },
    "user": 7678,
    "size": 7935,
    "weights": [
        0.2204,
        0.8815,
        5.0263,
        -1.7069,
        -1.411,
        0.069,
        1.3919,
        -0.1502,
        0.7501,
        1.5213,
        -0.7879,
        0.2861,
        0.6549
    ]
}