{
    "metrics": {
        "RMSE": 0.3824325730368113,
        "LogLoss": 0.48690411345040074,
        "RMSE(bins)": 0.11783774119810793,
        "ICI": 0.06115299813050983
    },
    "user": 7758,
    "size": 10015,
    "weights": [
        1.8021,
        2.7712,
        5.031,
        -1.7235,
        -1.5111,
        0.05,
        1.5849,
        -0.15,
        0.8298,
        2.0481,
        -0.2559,
        0.6103,
        1.0723
    ]
}