{
    "FSRSv3": {
        "RMSE": 0.5564785755527857,
        "LogLoss": 1.0737828326516707,
        "RMSE(bins)": 0.3541548600950637
    },
    "user": 7765,
    "size": 9705
}