{
    "metrics": {
        "RMSE": 0.33967295490054583,
        "LogLoss": 0.38948258925481305,
        "RMSE(bins)": 0.039149722122265654,
        "ICI": 0.017408884045227807
    },
    "user": 7781,
    "size": 13715,
    "weights": [
        0.4137,
        0.9141,
        5.1708,
        -2.1057,
        -1.2601,
        0.05,
        1.4402,
        -0.1688,
        0.7766,
        1.6982,
        -0.5631,
        0.644,
        1.1086
    ]
}