{
    "metrics": {
        "RMSE": 0.4538996123753855,
        "LogLoss": 0.6442560675917971,
        "RMSE(bins)": 0.12136258740255713,
        "ICI": 0.08724630267879235
    },
    "user": 7799,
    "size": 4135,
    "weights": [
        0.4341,
        1.1121,
        5.1601,
        -1.5774,
        -1.6832,
        0.1056,
        1.4749,
        -0.3371,
        0.8164,
        1.6627,
        -0.6184,
        0.5048,
        0.8635
    ]
}