{
    "metrics": {
        "RMSE": 0.2638032131045582,
        "LogLoss": 0.3241271508798773,
        "RMSE(bins)": 0.1923272503587296,
        "ICI": 0.06398393754419446
    },
    "user": 7811,
    "size": 9550,
    "weights": [
        1.7609,
        1.8026,
        4.2304,
        -0.1,
        -0.1,
        0.5,
        2.0,
        -0.15,
        1.5,
        2.4313,
        -0.01,
        0.0419,
        1.4138
    ]
}