{
    "metrics": {
        "RMSE": 0.3307373723197728,
        "LogLoss": 0.41074362225873484,
        "RMSE(bins)": 0.11336142174656459,
        "ICI": 0.039479334027451435
    },
    "user": 7834,
    "size": 2520,
    "weights": [
        0.7946,
        1.6217,
        5.0648,
        -1.1757,
        -1.5767,
        0.05,
        1.5321,
        -0.4526,
        0.8659,
        1.9879,
        -0.2863,
        0.8121,
        1.1229
    ]
}