{
    "FSRSv3": {
        "RMSE": 0.33334283715838947,
        "LogLoss": 0.39868034715236567,
        "RMSE(bins)": 0.06859529106245198
    },
    "user": 7847,
    "size": 5385
}