{
    "metrics": {
        "RMSE": 0.3246391675716967,
        "LogLoss": 0.3614626330470633,
        "RMSE(bins)": 0.0749996840199285,
        "ICI": 0.011542555187244652
    },
    "user": 7855,
    "size": 5350,
    "weights": [
        0.7874,
        1.486,
        5.1323,
        -1.0573,
        -0.9028,
        0.05,
        1.5097,
        -0.15,
        0.9192,
        1.8135,
        -0.3898,
        0.6449,
        0.8645
    ]
}