{
    "metrics": {
        "RMSE": 0.24682078714228065,
        "LogLoss": 0.2312602957948043,
        "RMSE(bins)": 0.15169427426563528,
        "ICI": 0.09131112699910449
    },
    "user": 7887,
    "size": 2310,
    "weights": [
        1.14,
        2.0814,
        4.5051,
        -0.9721,
        -1.6776,
        0.1954,
        2.0,
        -0.15,
        1.4216,
        2.2201,
        -0.0539,
        0.6151,
        1.392
    ]
}