{
    "metrics": {
        "RMSE": 0.3635240462857406,
        "LogLoss": 0.4462929894008502,
        "RMSE(bins)": 0.07657798897703404,
        "ICI": 0.037502910985924176
    },
    "user": 7922,
    "size": 26145,
    "weights": [
        1.537,
        2.4657,
        5.2134,
        -0.8564,
        -1.3875,
        0.125,
        1.5127,
        -0.3211,
        0.7605,
        1.7755,
        -0.4848,
        0.7199,
        1.0606
    ]
}