{
    "FSRSv3": {
        "RMSE": 0.3838331300746281,
        "LogLoss": 0.4864250269083588,
        "RMSE(bins)": 0.08983900652306055,
        "ICI": 0.07234798042256985
    },
    "user": 7979,
    "size": 74705
}