{
    "metrics": {
        "RMSE": 0.0882209133475502,
        "LogLoss": 0.05938687266039979,
        "RMSE(bins)": 0.03958552965392046,
        "ICI": 0.029986285490074795
    },
    "user": 8066,
    "size": 5570,
    "weights": [
        1.5548,
        2.343,
        4.0513,
        -1.1313,
        -1.1268,
        0.2544,
        2.0,
        -0.15,
        1.5,
        1.9362,
        -0.3276,
        0.7911,
        1.1958
    ]
}