{
    "metrics": {
        "RMSE": 0.36330857799284805,
        "LogLoss": 0.43690007087116156,
        "RMSE(bins)": 0.05302111080054448,
        "ICI": 0.007814495437027495
    },
    "user": 8134,
    "size": 153485,
    "weights": [
        0.406,
        1.0634,
        4.6548,
        -2.1926,
        -0.6156,
        0.05,
        1.4541,
        -0.5352,
        0.8634,
        1.7806,
        -0.369,
        0.7068,
        0.3225
    ]
}