{
    "FSRSv3": {
        "RMSE": 0.34069466769003476,
        "LogLoss": 0.38003154667338124,
        "RMSE(bins)": 0.08223911999154832,
        "ICI": 0.04290847616075278
    },
    "user": 8201,
    "size": 1215
}