{
    "FSRSv3": {
        "RMSE": 0.20259519460892791,
        "LogLoss": 0.18521088439410333,
        "RMSE(bins)": 0.05645117191100502
    },
    "user": 8227,
    "size": 7235
}