{
    "metrics": {
        "RMSE": 0.27770336682173324,
        "LogLoss": 0.2824906776290731,
        "RMSE(bins)": 0.02561722213750129,
        "ICI": 0.01258015768825579
    },
    "user": 8300,
    "size": 76500,
    "weights": [
        0.3588,
        3.079,
        4.6193,
        -1.6357,
        -1.2471,
        0.05,
        1.5396,
        -0.3428,
        1.042,
        1.9653,
        -0.2735,
        0.4754,
        1.1827
    ]
}