{
    "metrics": {
        "RMSE": 0.5015131532324537,
        "LogLoss": 0.818546478538181,
        "RMSE(bins)": 0.1426296652047867,
        "ICI": 0.11566735900791819
    },
    "user": 8355,
    "size": 2460
}