{
    "metrics": {
        "RMSE": 0.14342308414633803,
        "LogLoss": 0.10585358773329966,
        "RMSE(bins)": 0.02526360154775841,
        "ICI": 0.01490104511546687
    },
    "user": 8370,
    "size": 45660,
    "weights": [
        2.9301,
        4.1435,
        3.7966,
        -0.9741,
        -3.7654,
        0.0534,
        2.0,
        -0.15,
        1.5,
        1.919,
        -0.4251,
        0.7984,
        2.0
    ]
}