{
    "FSRSv3": {
        "RMSE": 0.3445446514202848,
        "LogLoss": 0.41386135714171113,
        "RMSE(bins)": 0.15520747695973044,
        "ICI": 0.08873272876183108
    },
    "user": 8373,
    "size": 9435
}