{
    "metrics": {
        "RMSE": 0.28529936375642423,
        "LogLoss": 0.2953821877559538,
        "RMSE(bins)": 0.08332291852765417,
        "ICI": 0.053665769072609046
    },
    "user": 8433,
    "size": 27115,
    "weights": [
        2.4359,
        3.5902,
        4.7107,
        -1.1671,
        -2.2144,
        0.05,
        1.9987,
        -0.1517,
        1.3607,
        2.1496,
        -0.1222,
        0.5098,
        1.4109
    ]
}