{
    "FSRSv3": {
        "RMSE": 0.38350657080278083,
        "LogLoss": 0.7873772018398133,
        "RMSE(bins)": 0.24887563027322143
    },
    "user": 8442,
    "size": 6150
}