{
    "metrics": {
        "RMSE": 0.47233178491531796,
        "LogLoss": 0.6444735579960391,
        "RMSE(bins)": 0.10308967627214116,
        "ICI": 0.05526168630510384
    },
    "user": 8479,
    "size": 51830,
    "weights": [
        0.2321,
        1.5963,
        5.1929,
        -0.9992,
        -0.3221,
        0.05,
        0.7872,
        -0.1501,
        0.4296,
        1.5006,
        -0.6721,
        0.5418,
        0.4147
    ]
}