{
    "FSRSv3": {
        "RMSE": 0.23949891866565817,
        "LogLoss": 0.22047386836736121,
        "RMSE(bins)": 0.1565277169083097,
        "ICI": 0.06235924665127188
    },
    "user": 8491,
    "size": 8405
}