{
    "metrics": {
        "RMSE": 0.341850203471396,
        "LogLoss": 0.388284692580231,
        "RMSE(bins)": 0.06897363434859186,
        "ICI": 0.018914570671333085
    },
    "user": 8496,
    "size": 2780,
    "weights": [
        0.6386,
        1.8722,
        5.1809,
        -1.5472,
        -1.7937,
        0.1044,
        1.5375,
        -0.3024,
        0.8656,
        1.8599,
        -0.4138,
        0.8123,
        0.8447
    ]
}