{
    "metrics": {
        "RMSE": 0.40628119293193315,
        "LogLoss": 0.6423001187151033,
        "RMSE(bins)": 0.2177488110971418,
        "ICI": 0.12371308525045223
    },
    "user": 855,
    "size": 1845,
    "weights": [
        1.182,
        1.8768,
        4.588,
        -0.9416,
        -1.0824,
        0.2907,
        2.0,
        -0.1613,
        1.3606,
        2.1105,
        -0.1634,
        0.8362,
        1.2892
    ]
}