{
    "metrics": {
        "RMSE": 0.27222603465758843,
        "LogLoss": 0.2775691846352004,
        "RMSE(bins)": 0.057533467796016056,
        "ICI": 0.019419637523752344
    },
    "user": 8582,
    "size": 4430
}