{
    "metrics": {
        "RMSE": 0.42314059673792576,
        "LogLoss": 1.2948596929400744,
        "RMSE(bins)": 0.23453745016807023,
        "ICI": 0.14193403991916104
    },
    "user": 8640,
    "size": 3760,
    "weights": [
        0.3828,
        1.1055,
        5.3738,
        -1.6884,
        -1.7787,
        0.05,
        1.2157,
        -0.668,
        0.5271,
        1.6183,
        -0.6594,
        0.2582,
        0.98
    ]
}