{
    "FSRSv3": {
        "RMSE": 0.36322762489842847,
        "LogLoss": 0.4446930492756355,
        "RMSE(bins)": 0.06461159608777628
    },
    "user": 866,
    "size": 21855
}