{
    "FSRSv3": {
        "RMSE": 0.2589603400723209,
        "LogLoss": 0.26899447607271465,
        "RMSE(bins)": 0.04213800105580988
    },
    "user": 8684,
    "size": 58395
}