{
    "metrics": {
        "RMSE": 0.35604863808873644,
        "LogLoss": 0.4502824915582543,
        "RMSE(bins)": 0.10067895684187916,
        "ICI": 0.063024615299079
    },
    "user": 8708,
    "size": 13125
}