{
    "metrics": {
        "RMSE": 0.3085717465631972,
        "LogLoss": 0.36177741966125004,
        "RMSE(bins)": 0.09276266899782987,
        "ICI": 0.04127725000520948
    },
    "user": 8746,
    "size": 98545,
    "weights": [
        0.2892,
        0.1246,
        5.574,
        -1.6919,
        -0.5397,
        0.3562,
        1.0713,
        -0.15,
        0.5229,
        1.5072,
        -0.5942,
        0.8404,
        1.3668
    ]
}