{
    "metrics": {
        "RMSE": 0.3182271155307894,
        "LogLoss": 0.36471939205191145,
        "RMSE(bins)": 0.054199535701824585,
        "ICI": 0.027108527928338177
    },
    "user": 8766,
    "size": 12860,
    "weights": [
        0.3544,
        0.6204,
        5.3425,
        -2.0099,
        -2.0982,
        0.05,
        1.8071,
        -0.192,
        1.0989,
        1.7696,
        -0.5033,
        0.6015,
        0.9053
    ]
}