{
    "metrics": {
        "RMSE": 0.2364101076038405,
        "LogLoss": 0.21883910847763366,
        "RMSE(bins)": 0.09235936321166688,
        "ICI": 0.06958347646633228
    },
    "user": 8850,
    "size": 7290,
    "weights": [
        1.6292,
        1.7044,
        4.3827,
        -1.0413,
        -0.8935,
        0.1003,
        2.0,
        -0.15,
        1.3823,
        2.2107,
        -0.0554,
        0.4093,
        1.3668
    ]
}