{
    "metrics": {
        "RMSE": 0.3925153166499326,
        "LogLoss": 0.5281066988339563,
        "RMSE(bins)": 0.14548643534822897,
        "ICI": 0.0736337573614605
    },
    "user": 8975,
    "size": 1395,
    "weights": [
        1.2051,
        1.9656,
        4.6586,
        -1.1074,
        -1.2984,
        0.0639,
        1.9404,
        -0.15,
        1.2665,
        1.8291,
        -0.4507,
        0.432,
        0.9219
    ]
}