{
    "FSRSv3": {
        "RMSE": 0.21136165165913234,
        "LogLoss": 0.17004316612820564,
        "RMSE(bins)": 0.21092184320190857
    },
    "user": 8983,
    "size": 14225
}