{
    "metrics": {
        "RMSE": 0.34741749103108255,
        "LogLoss": 0.4168229787528961,
        "RMSE(bins)": 0.07541294169483315,
        "ICI": 0.05492548132418652
    },
    "user": 9197,
    "size": 57915,
    "weights": [
        1.3156,
        0.6705,
        4.8621,
        -1.744,
        -2.316,
        0.0502,
        1.4933,
        -0.729,
        0.8038,
        1.9005,
        -0.4181,
        0.4925,
        1.1739
    ]
}