{
    "metrics": {
        "RMSE": 0.3473685863832977,
        "LogLoss": 0.41740628831769155,
        "RMSE(bins)": 0.0765348903840851,
        "ICI": 0.05514354986248738
    },
    "user": 9197,
    "size": 57915,
    "weights": [
        1.3355,
        0.6629,
        5.2653,
        -1.6379,
        -2.0454,
        0.05,
        1.4408,
        -0.6558,
        0.8225,
        1.8496,
        -0.3966,
        0.4769,
        1.1304
    ]
}