{
    "FSRSv3": {
        "RMSE": 0.2922681062838928,
        "LogLoss": 0.31713239138490257,
        "RMSE(bins)": 0.04280899838860597
    },
    "user": 9309,
    "size": 152610
}