{
    "metrics": {
        "RMSE": 0.3466198191067382,
        "LogLoss": 0.5018841800419283,
        "RMSE(bins)": 0.11183577560077591,
        "ICI": 0.057825060414686796
    },
    "user": 9315,
    "size": 18555,
    "weights": [
        0.9478,
        1.3528,
        4.7995,
        -1.3572,
        -1.334,
        0.1702,
        1.7742,
        -0.3728,
        1.066,
        2.0913,
        -0.1868,
        0.7593,
        1.216
    ]
}