{
    "metrics": {
        "RMSE": 0.3470359363668577,
        "LogLoss": 0.4432051544668823,
        "RMSE(bins)": 0.09482511645947353,
        "ICI": 0.044510448179245446
    },
    "user": 9418,
    "size": 8160,
    "weights": [
        1.2483,
        0.7412,
        5.395,
        -0.978,
        -1.8089,
        0.0994,
        1.1332,
        -0.749,
        0.3819,
        2.013,
        -0.2558,
        0.6595,
        0.443
    ]
}