{
    "FSRSv3": {
        "RMSE": 0.22863482348738956,
        "LogLoss": 0.22198873084861276,
        "RMSE(bins)": 0.029123862065615524
    },
    "user": 9463,
    "size": 63770
}