{
    "FSRSv3": {
        "RMSE": 0.27121613927437144,
        "LogLoss": 0.2886406493731106,
        "RMSE(bins)": 0.08516116870406497
    },
    "user": 9516,
    "size": 26310
}