{
    "FSRSv3": {
        "RMSE": 0.23908893651805366,
        "LogLoss": 0.2538295498344244,
        "RMSE(bins)": 0.08714490535855421
    },
    "user": 9525,
    "size": 19410
}