{
    "metrics": {
        "RMSE": 0.4115544418432896,
        "LogLoss": 0.5187358549920266,
        "RMSE(bins)": 0.12210216836599455,
        "ICI": 0.05281687815790942
    },
    "user": 9626,
    "size": 7020,
    "weights": [
        0.3567,
        2.6062,
        4.6731,
        -1.4665,
        -1.1818,
        0.05,
        1.461,
        -0.15,
        0.7478,
        1.6081,
        -0.6798,
        0.8931,
        0.9403
    ]
}