{
    "metrics": {
        "RMSE": 0.35715187259888476,
        "LogLoss": 0.4309543853741307,
        "RMSE(bins)": 0.055085546105840585,
        "ICI": 0.0442546682058723
    },
    "user": 9632,
    "size": 44580,
    "weights": [
        0.7155,
        0.5862,
        5.1102,
        -1.147,
        -2.264,
        0.0516,
        1.7122,
        -0.174,
        0.8087,
        1.7049,
        -0.5795,
        0.5218,
        1.4302
    ]
}