{
    "metrics": {
        "RMSE": 0.16121742287880558,
        "LogLoss": 0.11930120976656926,
        "RMSE(bins)": 0.07038765458142776,
        "ICI": 0.035377164256145135
    },
    "user": 9656,
    "size": 5855
}