{
    "metrics": {
        "RMSE": 0.4610584748593039,
        "LogLoss": 0.8494824943336177,
        "RMSE(bins)": 0.2239959849441722,
        "ICI": 0.162680851028304
    },
    "user": 967,
    "size": 1515,
    "weights": [
        0.7492,
        1.9899,
        4.8494,
        -1.2044,
        -1.3051,
        0.1662,
        1.6946,
        -0.2671,
        1.0134,
        1.8714,
        -0.4046,
        0.3819,
        1.0179
    ]
}