{
    "FSRSv3": {
        "RMSE": 0.1225943386840401,
        "LogLoss": 0.09797987545726025,
        "RMSE(bins)": 0.07299227716611313
    },
    "user": 9706,
    "size": 2590
}