{
    "metrics": {
        "RMSE": 0.2633759017739174,
        "LogLoss": 0.25832994906650714,
        "RMSE(bins)": 0.03159876022046098,
        "ICI": 0.011621687536499585
    },
    "user": 9738,
    "size": 63010,
    "weights": [
        0.4459,
        3.9208,
        4.0319,
        -2.5564,
        -2.4835,
        0.05,
        1.9998,
        -0.5146,
        1.4996,
        1.8812,
        -0.4056,
        0.1218,
        1.4284
    ]
}