{
    "FSRSv3": {
        "RMSE": 0.2644927069078368,
        "LogLoss": 0.2641765739340005,
        "RMSE(bins)": 0.01637035382751543
    },
    "user": 9738,
    "size": 63240
}