{
    "metrics": {
        "RMSE": 0.23476853138709636,
        "LogLoss": 0.21269098449469692,
        "RMSE(bins)": 0.03193283694292116,
        "ICI": 0.015497318833629838
    },
    "user": 979,
    "size": 17910,
    "weights": [
        0.8033,
        2.438,
        5.024,
        -1.723,
        -1.7914,
        0.05,
        1.836,
        -0.1582,
        1.2056,
        1.8209,
        -0.4143,
        0.6112,
        1.1432
    ]
}