{
    "metrics": {
        "RMSE": 0.3450015256673687,
        "LogLoss": 0.3991670287564597,
        "RMSE(bins)": 0.060477334597146035,
        "ICI": 0.030337535494229243
    },
    "user": 9804,
    "size": 24030,
    "weights": [
        0.5778,
        0.8543,
        4.6811,
        -1.124,
        -0.8636,
        0.05,
        1.3307,
        -0.1556,
        0.66,
        1.7091,
        -0.6156,
        0.67,
        1.501
    ]
}