{
    "metrics": {
        "RMSE": 0.15467811410613613,
        "LogLoss": 0.11218649958655033,
        "RMSE(bins)": 0.016214725234592484,
        "ICI": 0.005303141434125358
    },
    "user": 9876,
    "size": 57555,
    "weights": [
        3.7679,
        4.474,
        3.8294,
        -0.8052,
        -0.6952,
        0.0781,
        1.9919,
        -0.455,
        1.4903,
        1.743,
        -0.4783,
        0.8969,
        1.9994
    ]
}