{
    "FSRSv3": {
        "RMSE": 0.3582496433801158,
        "LogLoss": 0.4358202148184946,
        "RMSE(bins)": 0.09642304415621827
    },
    "user": 9910,
    "size": 9610
}