{
    "FSRSv3": {
        "RMSE": 0.28147225966276607,
        "LogLoss": 0.28993877259378864,
        "RMSE(bins)": 0.25540107072449114
    },
    "user": 9939,
    "size": 1755
}