{
    "FSRSv3": {
        "RMSE": 0.24540457656565054,
        "LogLoss": 0.23614167516900023,
        "RMSE(bins)": 0.19442458306738605
    },
    "user": 9939,
    "size": 825
}