{
    "metrics": {
        "RMSE": 0.336607448274583,
        "LogLoss": 0.41290317245746033,
        "RMSE(bins)": 0.07628267955042425,
        "ICI": 0.05797795093875273
    },
    "user": 995,
    "size": 173395,
    "weights": [
        0.4155,
        0.6967,
        5.0929,
        -0.723,
        -1.2035,
        0.05,
        1.9895,
        -0.1666,
        1.1292,
        1.511,
        -0.5373,
        0.5585,
        0.6336
    ]
}