{
    "metrics": {
        "RMSE": 0.3218386137799562,
        "LogLoss": 0.3621856869290433,
        "RMSE(bins)": 0.11659278843477593,
        "ICI": 0.07856398159180354
    },
    "user": 10022,
    "size": 18545
}