{
    "metrics": {
        "RMSE": 0.3219204816609122,
        "LogLoss": 0.3420749005983064,
        "RMSE(bins)": 0.07977130993013644,
        "ICI": 0.04608270236433358
    },
    "user": 10090,
    "size": 18175
}