{
    "SM2": {
        "RMSE": 0.5222067102499511,
        "LogLoss": 0.8335334959551944,
        "RMSE(bins)": 0.20556585649321912,
        "ICI": 0.1804880434520809
    },
    "user": 10127,
    "size": 461500
}