{
    "SM2": {
        "RMSE": 0.45062744304203406,
        "LogLoss": 0.7269606383425496,
        "RMSE(bins)": 0.1358007400065164
    },
    "user": 10203,
    "size": 48300
}