{
    "metrics": {
        "RMSE": 0.3039602949321703,
        "LogLoss": 0.34874346399224565,
        "RMSE(bins)": 0.08389499351157059,
        "ICI": 0.05037071447799449
    },
    "user": 10207,
    "size": 160395
}