{
    "SM2": {
        "RMSE": 0.4908478603786238,
        "LogLoss": 0.8863719163642014,
        "RMSE(bins)": 0.18492596907893136,
        "ICI": 0.17102017352530519
    },
    "user": 10242,
    "size": 825
}