{
    "SM2": {
        "RMSE": 0.5250193001842928,
        "LogLoss": 1.9344966958228251,
        "RMSE(bins)": 0.5239533770326317
    },
    "user": 10267,
    "size": 10405
}