{
    "SM2": {
        "RMSE": 0.5041296038550521,
        "LogLoss": 2.265838379976145,
        "RMSE(bins)": 0.4554185546957911
    },
    "user": 10336,
    "size": 46790
}