{
    "SM2": {
        "RMSE": 0.5662335233990218,
        "LogLoss": 1.8853319708284353,
        "RMSE(bins)": 0.40603970156170965,
        "ICI": 0.2943753644342297
    },
    "user": 10349,
    "size": 5050
}