{
    "metrics": {
        "RMSE": 0.16740890975665304,
        "LogLoss": 0.14413025292238693,
        "RMSE(bins)": 0.13113921935192616,
        "ICI": 0.10085921111087713
    },
    "user": 10368,
    "size": 19945
}