{
    "SM2": {
        "RMSE": 0.2718671398182907,
        "LogLoss": 0.280963815239911,
        "RMSE(bins)": 0.11689007154138496
    },
    "user": 10372,
    "size": 14365
}