{
    "metrics": {
        "RMSE": 0.551490659634922,
        "LogLoss": 1.7010056520285237,
        "RMSE(bins)": 0.37892138698179967,
        "ICI": 0.2749368831614227
    },
    "user": 10473,
    "size": 16105
}