{
    "metrics": {
        "RMSE": 0.3407537899987709,
        "LogLoss": 0.41860459437773645,
        "RMSE(bins)": 0.1868062785329598,
        "ICI": 0.15405362386379504
    },
    "user": 10555,
    "size": 9390
}