{
    "SM2": {
        "RMSE": 0.5049138601698526,
        "LogLoss": 1.029377673410619,
        "RMSE(bins)": 0.35651822796444965
    },
    "user": 10596,
    "size": 27490
}