{
    "metrics": {
        "RMSE": 0.17886247155851268,
        "LogLoss": 0.15298121109774035,
        "RMSE(bins)": 0.09185956324224082,
        "ICI": 0.043782554741484236
    },
    "user": 10625,
    "size": 6630
}