{
    "SM2": {
        "RMSE": 0.3832981650349534,
        "LogLoss": 1.0415963661751741,
        "RMSE(bins)": 0.24943018286426183
    },
    "user": 1065,
    "size": 8890
}