{
    "SM2": {
        "RMSE": 0.4081306986455145,
        "LogLoss": 0.6749055807419803,
        "RMSE(bins)": 0.18870377054247367
    },
    "user": 10701,
    "size": 18055
}