{
    "SM2": {
        "RMSE": 0.28141831362554093,
        "LogLoss": 0.29602783174754316,
        "RMSE(bins)": 0.10439040497634966
    },
    "user": 10705,
    "size": 8480
}