{
    "SM2": {
        "RMSE": 0.4113325152296139,
        "LogLoss": 0.5262985662530614,
        "RMSE(bins)": 0.1750056392733547
    },
    "user": 1074,
    "size": 37340
}