{
    "metrics": {
        "RMSE": 0.2381565618535942,
        "LogLoss": 0.3005709394446963,
        "RMSE(bins)": 0.0988228740028371,
        "ICI": 0.05263464967666945
    },
    "user": 10762,
    "size": 32105
}