{
    "SM2": {
        "RMSE": 0.3235129030909742,
        "LogLoss": 0.3934341267907691,
        "RMSE(bins)": 0.18876132981689772,
        "ICI": 0.13089291651576973
    },
    "user": 10785,
    "size": 18975
}