{
    "SM2": {
        "RMSE": 0.3975823044428885,
        "LogLoss": 0.6928508821668603,
        "RMSE(bins)": 0.28178078095920445
    },
    "user": 10860,
    "size": 203655
}