{
    "metrics": {
        "RMSE": 0.5625519889687615,
        "LogLoss": 2.1713164271893324,
        "RMSE(bins)": 0.37834384577929037,
        "ICI": 0.2950311474166644
    },
    "user": 1102,
    "size": 290195
}