{
    "SM2": {
        "RMSE": 0.2555381991994998,
        "LogLoss": 0.24759333240033163,
        "RMSE(bins)": 0.23907785097719675,
        "ICI": 0.159011861659939
    },
    "user": 11082,
    "size": 6570
}