{
    "metrics": {
        "RMSE": 0.5543040974646827,
        "LogLoss": 1.1407540055176877,
        "RMSE(bins)": 0.29207978113148364,
        "ICI": 0.2427807964975122
    },
    "user": 11128,
    "size": 84215
}