{
    "SM2": {
        "RMSE": 0.31641937989429153,
        "LogLoss": 0.4834936785290402,
        "RMSE(bins)": 0.1987308364879406
    },
    "user": 11139,
    "size": 51795
}