{
    "SM2": {
        "RMSE": 0.4135488010431458,
        "LogLoss": 2.0471641453198908,
        "RMSE(bins)": 0.3249862323105195
    },
    "user": 11160,
    "size": 24115
}