{
    "SM2": {
        "RMSE": 0.4715174403239263,
        "LogLoss": 1.3483483033844765,
        "RMSE(bins)": 0.19209097890849933
    },
    "user": 11172,
    "size": 10555
}