{
    "metrics": {
        "RMSE": 0.3210381262032356,
        "LogLoss": 0.4260158774850643,
        "RMSE(bins)": 0.2287887943962744,
        "ICI": 0.16610880610638665
    },
    "user": 11287,
    "size": 14055
}