{
    "SM2": {
        "RMSE": 0.5500218619377532,
        "LogLoss": 1.073924749560836,
        "RMSE(bins)": 0.2953121115953481
    },
    "user": 11368,
    "size": 23675
}