{
    "metrics": {
        "RMSE": 0.37855116045846304,
        "LogLoss": 0.4863440100810858,
        "RMSE(bins)": 0.09076756067974608,
        "ICI": 0.08555783343784983
    },
    "user": 1150,
    "size": 4870
}