{
    "metrics": {
        "RMSE": 0.3211627480063881,
        "LogLoss": 0.36963334176774804,
        "RMSE(bins)": 0.15421939025800055,
        "ICI": 0.10743836007681941
    },
    "user": 11553,
    "size": 16030
}