{
    "SM2": {
        "RMSE": 0.5023544988412969,
        "LogLoss": 0.7434416378262667,
        "RMSE(bins)": 0.1818688882490279
    },
    "user": 11612,
    "size": 9310
}