{
    "SM2": {
        "RMSE": 0.4090901001582141,
        "LogLoss": 1.0257379529244894,
        "RMSE(bins)": 0.2678910908003732
    },
    "user": 11624,
    "size": 12410
}