{
    "SM2": {
        "RMSE": 0.334641066066905,
        "LogLoss": 0.5027401912606579,
        "RMSE(bins)": 0.10204111654718807
    },
    "user": 11682,
    "size": 29505
}