{
    "SM2": {
        "RMSE": 0.35821783195934026,
        "LogLoss": 0.4895801551531157,
        "RMSE(bins)": 0.10505677718297513
    },
    "user": 11723,
    "size": 11285
}