{
    "metrics": {
        "RMSE": 0.4354742898572455,
        "LogLoss": 0.656152250091791,
        "RMSE(bins)": 0.1289734729609582,
        "ICI": 0.10361574516823863
    },
    "user": 11837,
    "size": 21050
}