{
    "SM2": {
        "RMSE": 0.48145901087299187,
        "LogLoss": 0.7753251957148568,
        "RMSE(bins)": 0.2764362000392328
    },
    "user": 11864,
    "size": 33895
}