{
    "metrics": {
        "RMSE": 0.23508464650236208,
        "LogLoss": 0.2222614780690715,
        "RMSE(bins)": 0.1113688305724318,
        "ICI": 0.046403537816854024
    },
    "user": 11919,
    "size": 53045
}