{
    "metrics": {
        "RMSE": 0.27741067764747074,
        "LogLoss": 0.2999507719628723,
        "RMSE(bins)": 0.033621623975331714,
        "ICI": 0.030026310823160603
    },
    "user": 12018,
    "size": 16910
}