{
    "SM2": {
        "RMSE": 0.2903945056960891,
        "LogLoss": 0.3534597839430641,
        "RMSE(bins)": 0.09939843220759892
    },
    "user": 12079,
    "size": 183005
}