{
    "metrics": {
        "RMSE": 0.44605199746961105,
        "LogLoss": 0.650779063703685,
        "RMSE(bins)": 0.16577176318566908,
        "ICI": 0.1229752220256739
    },
    "user": 12084,
    "size": 4885
}