{
    "SM2": {
        "RMSE": 0.33900383837372305,
        "LogLoss": 0.46419186510058025,
        "RMSE(bins)": 0.26815843698946723
    },
    "user": 12191,
    "size": 7465
}