{
    "SM2": {
        "RMSE": 0.49307466923086596,
        "LogLoss": 1.3366360080607367,
        "RMSE(bins)": 0.24840306829652756
    },
    "user": 1234,
    "size": 1060
}