{
    "metrics": {
        "RMSE": 0.535262971217178,
        "LogLoss": 1.8663499188992758,
        "RMSE(bins)": 0.2945982065741048,
        "ICI": 0.21038494782261905
    },
    "user": 12419,
    "size": 18075
}