{
    "metrics": {
        "RMSE": 0.42400252648863174,
        "LogLoss": 0.6048390536401569,
        "RMSE(bins)": 0.21211033674419694,
        "ICI": 0.13295838355810818
    },
    "user": 12504,
    "size": 22810
}