{
    "metrics": {
        "RMSE": 0.5279883884668986,
        "LogLoss": 2.0094142339988483,
        "RMSE(bins)": 0.2980261015382878,
        "ICI": 0.23577248682409577
    },
    "user": 12534,
    "size": 111345
}