{
    "SM2": {
        "RMSE": 0.4373099379642239,
        "LogLoss": 0.8633150877994866,
        "RMSE(bins)": 0.36169895208232,
        "ICI": 0.25713878801789286
    },
    "user": 12609,
    "size": 1965
}