{
    "SM2": {
        "RMSE": 0.37693664885685907,
        "LogLoss": 0.5167586422855716,
        "RMSE(bins)": 0.16001948029838864
    },
    "user": 12640,
    "size": 7360
}