{
    "SM2": {
        "RMSE": 0.27721818390387604,
        "LogLoss": 0.3475302630920053,
        "RMSE(bins)": 0.15460309499573643
    },
    "user": 12731,
    "size": 1850
}