{
    "SM2": {
        "RMSE": 0.3106463649598496,
        "LogLoss": 0.5170180806766851,
        "RMSE(bins)": 0.20975559806949623
    },
    "user": 12838,
    "size": 4005
}