{
    "metrics": {
        "RMSE": 0.4781950772686536,
        "LogLoss": 0.8882425270301759,
        "RMSE(bins)": 0.244576810142062,
        "ICI": 0.15110116768737514
    },
    "user": 12842,
    "size": 2105
}