{
    "metrics": {
        "RMSE": 0.3979364097223236,
        "LogLoss": 0.5298937916554914,
        "RMSE(bins)": 0.21549653911420438,
        "ICI": 0.1263575762075163
    },
    "user": 12940,
    "size": 17475
}