{
    "SM2": {
        "RMSE": 0.3933393561123063,
        "LogLoss": 0.560062169211062,
        "RMSE(bins)": 0.19916980208226256
    },
    "user": 13005,
    "size": 6640
}