{
    "metrics": {
        "RMSE": 0.5125614926519898,
        "LogLoss": 1.0590017076343652,
        "RMSE(bins)": 0.431366291869308,
        "ICI": 0.35090510995259677
    },
    "user": 13081,
    "size": 2600
}