{
    "SM2": {
        "RMSE": 0.42926398787157827,
        "LogLoss": 0.6569796042247411,
        "RMSE(bins)": 0.29507738152837487,
        "ICI": 0.17016589566391255
    },
    "user": 13092,
    "size": 9445
}