{
    "SM2": {
        "RMSE": 0.4462980914075654,
        "LogLoss": 0.8307021922418427,
        "RMSE(bins)": 0.26915617377792167
    },
    "user": 1311,
    "size": 6290
}