{
    "metrics": {
        "RMSE": 0.27230234705048906,
        "LogLoss": 0.29383071872489513,
        "RMSE(bins)": 0.13493708042857702,
        "ICI": 0.08154914477188012
    },
    "user": 13114,
    "size": 38875
}