{
    "metrics": {
        "RMSE": 0.28843953371561526,
        "LogLoss": 0.32502213854212286,
        "RMSE(bins)": 0.22687285487684344,
        "ICI": 0.10087923163075216
    },
    "user": 13112,
    "size": 23790
}