{
    "SM2": {
        "RMSE": 0.25471431533850863,
        "LogLoss": 0.2796481730483008,
        "RMSE(bins)": 0.2514091893480397
    },
    "user": 13254,
    "size": 11185
}