{
    "SM2": {
        "RMSE": 0.2693640964719508,
        "LogLoss": 0.6328346360225015,
        "RMSE(bins)": 0.17556034364834575
    },
    "user": 13472,
    "size": 16545
}