{
    "SM2": {
        "RMSE": 0.3425216265488624,
        "LogLoss": 0.44050847936528886,
        "RMSE(bins)": 0.10205911296189245
    },
    "user": 13583,
    "size": 94610
}