{
    "SM2": {
        "RMSE": 0.5770487898386147,
        "LogLoss": 1.2548087964095238,
        "RMSE(bins)": 0.33249246442010927,
        "ICI": 0.27081244670654003
    },
    "user": 13594,
    "size": 7345
}