{
    "SM2": {
        "RMSE": 0.2217527759664494,
        "LogLoss": 0.19832416688824792,
        "RMSE(bins)": 0.08236020685383133
    },
    "user": 1360,
    "size": 26755
}