{
    "metrics": {
        "RMSE": 0.38381032265086823,
        "LogLoss": 0.48494259060139655,
        "RMSE(bins)": 0.32616930507802916,
        "ICI": 0.31108637245320164
    },
    "user": 13684,
    "size": 4635
}