{
    "SM2": {
        "RMSE": 0.3932143907272958,
        "LogLoss": 0.8019021787705031,
        "RMSE(bins)": 0.26153418791761096
    },
    "user": 13698,
    "size": 6540
}