{
    "SM2": {
        "RMSE": 0.6129556577694488,
        "LogLoss": 1.0571328530276678,
        "RMSE(bins)": 0.5030558978269416
    },
    "user": 13694,
    "size": 2130
}