{
    "SM2": {
        "RMSE": 0.4574915977615205,
        "LogLoss": 0.8901465534691758,
        "RMSE(bins)": 0.244531243458532,
        "ICI": 0.16256624515070822
    },
    "user": 13865,
    "size": 236680
}