{
    "metrics": {
        "RMSE": 0.49304801827083194,
        "LogLoss": 1.1080482792985933,
        "RMSE(bins)": 0.45376925475699775,
        "ICI": 0.34101930418713094
    },
    "user": 13885,
    "size": 7535
}