{
    "metrics": {
        "RMSE": 0.29464354488734984,
        "LogLoss": 0.30707048137894316,
        "RMSE(bins)": 0.13202934817662865,
        "ICI": 0.09663393897660985
    },
    "user": 13896,
    "size": 8495
}