{
    "metrics": {
        "RMSE": 0.513033821012275,
        "LogLoss": 0.8358368155092879,
        "RMSE(bins)": 0.19893883065775025,
        "ICI": 0.1716473768503093
    },
    "user": 14029,
    "size": 63775
}