{
    "SM2": {
        "RMSE": 0.25887452798241667,
        "LogLoss": 0.2682670339759554,
        "RMSE(bins)": 0.16227789387316813
    },
    "user": 14059,
    "size": 16925
}