{
    "SM2": {
        "RMSE": 0.1165207515572976,
        "LogLoss": 0.091020333708116,
        "RMSE(bins)": 0.09671786485408296
    },
    "user": 1412,
    "size": 9850
}