{
    "metrics": {
        "RMSE": 0.32739347606568103,
        "LogLoss": 0.3563565135301684,
        "RMSE(bins)": 0.1573139515096566,
        "ICI": 0.07531204926405971
    },
    "user": 1416,
    "size": 2450
}