{
    "metrics": {
        "RMSE": 0.20569937621146062,
        "LogLoss": 0.19589552181853315,
        "RMSE(bins)": 0.05767257207782562,
        "ICI": 0.017025775395181474
    },
    "user": 14193,
    "size": 53295
}