{
    "SM2": {
        "RMSE": 0.35620651011700105,
        "LogLoss": 0.6785397352257415,
        "RMSE(bins)": 0.17448094786319185
    },
    "user": 14210,
    "size": 62560
}