{
    "SM2": {
        "RMSE": 0.21758579853018364,
        "LogLoss": 0.2005741022652541,
        "RMSE(bins)": 0.1271673360902114
    },
    "user": 14329,
    "size": 38625
}