{
    "metrics": {
        "RMSE": 0.2695588975183904,
        "LogLoss": 0.28536814557116746,
        "RMSE(bins)": 0.16819914574966188,
        "ICI": 0.15034788746903904
    },
    "user": 14529,
    "size": 8620
}