{
    "metrics": {
        "RMSE": 0.2610891948717173,
        "LogLoss": 0.2721859571965729,
        "RMSE(bins)": 0.12244981376441406,
        "ICI": 0.08835339879020022
    },
    "user": 14703,
    "size": 15205
}