{
    "SM2": {
        "RMSE": 0.23421743075069248,
        "LogLoss": 0.2294956603411954,
        "RMSE(bins)": 0.22915197977896332
    },
    "user": 14740,
    "size": 8250
}