{
    "SM2": {
        "RMSE": 0.4103688115531116,
        "LogLoss": 0.5263728365394287,
        "RMSE(bins)": 0.16130283027845074
    },
    "user": 14759,
    "size": 4490
}