{
    "SM2": {
        "RMSE": 0.40290630358313495,
        "LogLoss": 0.5239517395780157,
        "RMSE(bins)": 0.1208370944604466,
        "ICI": 0.0984027909506646
    },
    "user": 1477,
    "size": 26550
}