{
    "metrics": {
        "RMSE": 0.3292845324552574,
        "LogLoss": 0.41399505033296935,
        "RMSE(bins)": 0.1566701072414626,
        "ICI": 0.08355435007819645
    },
    "user": 14899,
    "size": 287890
}