{
    "metrics": {
        "RMSE": 0.3396461825650896,
        "LogLoss": 0.3915421663421041,
        "RMSE(bins)": 0.0882310193817937,
        "ICI": 0.0704106875782576
    },
    "user": 14966,
    "size": 96430
}