{
    "SM2": {
        "RMSE": 0.3491251520226978,
        "LogLoss": 0.39991756574116555,
        "RMSE(bins)": 0.3206840111427602
    },
    "user": 14970,
    "size": 24300
}