{
    "metrics": {
        "RMSE": 0.3638212630618614,
        "LogLoss": 0.43852515365482486,
        "RMSE(bins)": 0.0854563293576122,
        "ICI": 0.07129123749511444
    },
    "user": 15,
    "size": 14980
}