{
    "SM2": {
        "RMSE": 0.18883031246809734,
        "LogLoss": 0.1718420263299935,
        "RMSE(bins)": 0.0537602995254588
    },
    "user": 15060,
    "size": 59815
}