{
    "metrics": {
        "RMSE": 0.42983107544089477,
        "LogLoss": 0.6007331959792399,
        "RMSE(bins)": 0.16273723690291786,
        "ICI": 0.10814744818313096
    },
    "user": 15122,
    "size": 91845
}