{
    "SM2": {
        "RMSE": 0.3553056156304209,
        "LogLoss": 0.4413600012101106,
        "RMSE(bins)": 0.12961434310220296
    },
    "user": 15175,
    "size": 2770
}