{
    "SM2": {
        "RMSE": 0.5184093663262914,
        "LogLoss": 1.5625386885608954,
        "RMSE(bins)": 0.44574046847905746
    },
    "user": 1519,
    "size": 3185
}