{
    "metrics": {
        "RMSE": 0.2811957012932926,
        "LogLoss": 0.2902800330972654,
        "RMSE(bins)": 0.07509530053142568,
        "ICI": 0.02771809568251045
    },
    "user": 15205,
    "size": 4675
}