{
    "SM2": {
        "RMSE": 0.31757957993761216,
        "LogLoss": 0.35785052885245316,
        "RMSE(bins)": 0.3026395807941328,
        "ICI": 0.22164794906416613
    },
    "user": 15233,
    "size": 4405
}