{
    "metrics": {
        "RMSE": 0.2504467090621015,
        "LogLoss": 0.24845725682528738,
        "RMSE(bins)": 0.05037680856987307,
        "ICI": 0.036798730739280056
    },
    "user": 15357,
    "size": 37095
}