{
    "SM2": {
        "RMSE": 0.3836750871662091,
        "LogLoss": 0.8431677191138592,
        "RMSE(bins)": 0.2635002091855207
    },
    "user": 1540,
    "size": 36195
}