{
    "SM2": {
        "RMSE": 0.3713100145729564,
        "LogLoss": 0.5502723512654919,
        "RMSE(bins)": 0.13041577642380792
    },
    "user": 15416,
    "size": 267710
}