{
    "SM2": {
        "RMSE": 0.532634143541501,
        "LogLoss": 1.4765739883132138,
        "RMSE(bins)": 0.24060187798316543
    },
    "user": 1542,
    "size": 3530
}