{
    "metrics": {
        "RMSE": 0.14606954004058104,
        "LogLoss": 0.11279750062475986,
        "RMSE(bins)": 0.06325096808083622,
        "ICI": 0.0454596348451571
    },
    "user": 15437,
    "size": 4590
}