{
    "SM2": {
        "RMSE": 0.4940706065660891,
        "LogLoss": 0.8653224705818078,
        "RMSE(bins)": 0.24218993981485157
    },
    "user": 15467,
    "size": 2885
}