{
    "SM2": {
        "RMSE": 0.17937143272576278,
        "LogLoss": 0.1577035289241732,
        "RMSE(bins)": 0.10436643430339976
    },
    "user": 15485,
    "size": 6675
}