{
    "SM2": {
        "RMSE": 0.15231320326357026,
        "LogLoss": 0.12229978087391036,
        "RMSE(bins)": 0.1410972929196267
    },
    "user": 15515,
    "size": 80985
}