{
    "metrics": {
        "RMSE": 0.23277522475373663,
        "LogLoss": 0.2373765109460839,
        "RMSE(bins)": 0.1785780298134207,
        "ICI": 0.16113939942480998
    },
    "user": 15518,
    "size": 45325
}