{
    "metrics": {
        "RMSE": 0.4625634927128953,
        "LogLoss": 0.7402703340035569,
        "RMSE(bins)": 0.25224868176042886,
        "ICI": 0.14279190064912983
    },
    "user": 15598,
    "size": 1965
}