{
    "SM2": {
        "RMSE": 0.476771909855043,
        "LogLoss": 1.081689320445648,
        "RMSE(bins)": 0.36271173263715994,
        "ICI": 0.24777463232424715
    },
    "user": 15705,
    "size": 2720
}