{
    "SM2": {
        "RMSE": 0.5254297782519656,
        "LogLoss": 1.5555249539640192,
        "RMSE(bins)": 0.3554779101690217
    },
    "user": 15722,
    "size": 2230
}