{
    "metrics": {
        "RMSE": 0.23725438143618494,
        "LogLoss": 0.2355478777550553,
        "RMSE(bins)": 0.1358592390547783,
        "ICI": 0.09480346691594757
    },
    "user": 15729,
    "size": 212465
}