{
    "SM2": {
        "RMSE": 0.6660840716144968,
        "LogLoss": 4.257235004832542,
        "RMSE(bins)": 0.6409482438857987
    },
    "user": 15755,
    "size": 60685
}