{
    "metrics": {
        "RMSE": 0.6909447140789247,
        "LogLoss": 4.56904683505133,
        "RMSE(bins)": 0.683707829248167,
        "ICI": 0.5566415981311361
    },
    "user": 15800,
    "size": 720
}