{
    "SM2": {
        "RMSE": 0.3264805805425826,
        "LogLoss": 0.36729902651714563,
        "RMSE(bins)": 0.07395959841191865
    },
    "user": 15895,
    "size": 41770
}