{
    "SM2": {
        "RMSE": 0.30113747628475523,
        "LogLoss": 0.36157650409565517,
        "RMSE(bins)": 0.21317814866364077
    },
    "user": 15922,
    "size": 19665
}