{
    "SM2": {
        "RMSE": 0.4046237375991085,
        "LogLoss": 0.6078057663692095,
        "RMSE(bins)": 0.13872197095946578
    },
    "user": 15932,
    "size": 30130
}