{
    "SM2": {
        "RMSE": 0.37916631425466235,
        "LogLoss": 0.5083476826957065,
        "RMSE(bins)": 0.14261859853154993
    },
    "user": 15974,
    "size": 22740
}