{
    "SM2": {
        "RMSE": 0.45323290113603815,
        "LogLoss": 0.6236744444059172,
        "RMSE(bins)": 0.13538004255950098,
        "ICI": 0.10560968553251444
    },
    "user": 16004,
    "size": 43765
}