{
    "SM2": {
        "RMSE": 0.4015653570049037,
        "LogLoss": 0.5138797294776146,
        "RMSE(bins)": 0.25425089360153597
    },
    "user": 16012,
    "size": 9100
}