{
    "metrics": {
        "RMSE": 0.4118246432829798,
        "LogLoss": 0.5697989750406482,
        "RMSE(bins)": 0.12206663328663601,
        "ICI": 0.08750192128043632
    },
    "user": 16045,
    "size": 53470
}