{
    "metrics": {
        "RMSE": 0.2040936366252747,
        "LogLoss": 0.19782551007799268,
        "RMSE(bins)": 0.10095810961380586,
        "ICI": 0.07708769710629186
    },
    "user": 16052,
    "size": 22295
}