{
    "SM2": {
        "RMSE": 0.34168667169021844,
        "LogLoss": 0.5235618235543228,
        "RMSE(bins)": 0.20322023627833896
    },
    "user": 1610,
    "size": 61805
}