{
    "metrics": {
        "RMSE": 0.3334735523272359,
        "LogLoss": 0.4878426313244114,
        "RMSE(bins)": 0.11515650595088044,
        "ICI": 0.06740196615845355
    },
    "user": 16122,
    "size": 20435
}