{
    "metrics": {
        "RMSE": 0.3579496611538281,
        "LogLoss": 0.4923211402288712,
        "RMSE(bins)": 0.17443123858568557,
        "ICI": 0.14911417973294666
    },
    "user": 16155,
    "size": 47410
}