{
    "metrics": {
        "RMSE": 0.26840707804647224,
        "LogLoss": 0.42824337711197713,
        "RMSE(bins)": 0.2399112134188084,
        "ICI": 0.1329710518845872
    },
    "user": 16169,
    "size": 33055
}