{
    "metrics": {
        "RMSE": 0.4633165418651674,
        "LogLoss": 0.9549793628510468,
        "RMSE(bins)": 0.29037504152095894,
        "ICI": 0.17326619549532613
    },
    "user": 16192,
    "size": 730
}