{
    "SM2": {
        "RMSE": 0.3286105114504846,
        "LogLoss": 0.44247453562171346,
        "RMSE(bins)": 0.1582501225572672
    },
    "user": 16288,
    "size": 123140
}