{
    "metrics": {
        "RMSE": 0.31405976097345556,
        "LogLoss": 0.40318741953922177,
        "RMSE(bins)": 0.08615165372667025,
        "ICI": 0.08954558027676095
    },
    "user": 16480,
    "size": 27310
}