{
    "metrics": {
        "RMSE": 0.32091162096686676,
        "LogLoss": 0.3586882297706314,
        "RMSE(bins)": 0.22237491957671282,
        "ICI": 0.1541525832052426
    },
    "user": 16517,
    "size": 4720
}