{
    "SM2": {
        "RMSE": 0.4869061603509843,
        "LogLoss": 0.7729750459666067,
        "RMSE(bins)": 0.22602060566904547
    },
    "user": 16556,
    "size": 26295
}