{
    "metrics": {
        "RMSE": 0.5263885747186476,
        "LogLoss": 2.1608106557685582,
        "RMSE(bins)": 0.37723666523842303,
        "ICI": 0.2726433001737843
    },
    "user": 16557,
    "size": 67405
}