{
    "metrics": {
        "RMSE": 0.47037916091249304,
        "LogLoss": 0.8127997975114001,
        "RMSE(bins)": 0.19956486100648685,
        "ICI": 0.14742705999849767
    },
    "user": 16603,
    "size": 132125
}