{
    "SM2": {
        "RMSE": 0.3752855865329749,
        "LogLoss": 0.632033049418179,
        "RMSE(bins)": 0.2722573315473177
    },
    "user": 16621,
    "size": 7480
}