{
    "metrics": {
        "RMSE": 0.2937629683240163,
        "LogLoss": 0.35604762868014284,
        "RMSE(bins)": 0.12945537900590182,
        "ICI": 0.0562333668713265
    },
    "user": 16653,
    "size": 5520
}