{
    "metrics": {
        "RMSE": 0.38581161117546253,
        "LogLoss": 0.49590069014516897,
        "RMSE(bins)": 0.3373539000388184,
        "ICI": 0.25775932692855646
    },
    "user": 1667,
    "size": 3600
}