{
    "metrics": {
        "RMSE": 0.5638795012257717,
        "LogLoss": 1.5530774739524231,
        "RMSE(bins)": 0.4992523092605022,
        "ICI": 0.3773822008863065
    },
    "user": 16758,
    "size": 13260
}