{
    "SM2": {
        "RMSE": 0.49569516108399225,
        "LogLoss": 1.5328383927380784,
        "RMSE(bins)": 0.39726579163743614
    },
    "user": 16787,
    "size": 21865
}