{
    "metrics": {
        "RMSE": 0.46053893247131455,
        "LogLoss": 0.6566561319131745,
        "RMSE(bins)": 0.16465160757180675,
        "ICI": 0.1447515649891239
    },
    "user": 16864,
    "size": 248670
}