{
    "SM2": {
        "RMSE": 0.36997725363979334,
        "LogLoss": 0.44296726720949264,
        "RMSE(bins)": 0.18432623715026641
    },
    "user": 16910,
    "size": 2140
}