{
    "SM2": {
        "RMSE": 0.4729344464662595,
        "LogLoss": 0.7216083455459975,
        "RMSE(bins)": 0.4292230424010963,
        "ICI": 0.3071867212119565
    },
    "user": 16973,
    "size": 1785
}