{
    "metrics": {
        "RMSE": 0.4158218579933449,
        "LogLoss": 0.6458665838813761,
        "RMSE(bins)": 0.2248443401818759,
        "ICI": 0.17152217734961336
    },
    "user": 17081,
    "size": 4215
}