{
    "SM2": {
        "RMSE": 0.1934384135056684,
        "LogLoss": 0.15998827925227876,
        "RMSE(bins)": 0.08796828574199747
    },
    "user": 17113,
    "size": 68765
}