{
    "metrics": {
        "RMSE": 0.5220416528356369,
        "LogLoss": 0.9852762061871978,
        "RMSE(bins)": 0.22901351518746338,
        "ICI": 0.20975223032297208
    },
    "user": 17145,
    "size": 93030
}