{
    "SM2": {
        "RMSE": 0.5952999965474564,
        "LogLoss": 3.276449468097025,
        "RMSE(bins)": 0.4733049654657223
    },
    "user": 17154,
    "size": 1300
}