{
    "SM2": {
        "RMSE": 0.4641210874920021,
        "LogLoss": 0.8393151270001931,
        "RMSE(bins)": 0.3047789123721902,
        "ICI": 0.21087210034618245
    },
    "user": 1718,
    "size": 6690
}