{
    "metrics": {
        "RMSE": 0.2329010169860808,
        "LogLoss": 0.22465070820348962,
        "RMSE(bins)": 0.15910332093391608,
        "ICI": 0.11143953011674226
    },
    "user": 1721,
    "size": 1715
}