{
    "metrics": {
        "RMSE": 0.5377957695889383,
        "LogLoss": 0.990719686838841,
        "RMSE(bins)": 0.24038444865065417,
        "ICI": 0.2210303551128763
    },
    "user": 17248,
    "size": 5035
}