{
    "SM2": {
        "RMSE": 0.4512904275323186,
        "LogLoss": 0.6224081483816617,
        "RMSE(bins)": 0.24041638227041406
    },
    "user": 17329,
    "size": 2870
}