{
    "SM2": {
        "RMSE": 0.3134073642990814,
        "LogLoss": 0.374522162453499,
        "RMSE(bins)": 0.1299101329458881
    },
    "user": 17339,
    "size": 85475
}