{
    "SM2": {
        "RMSE": 0.31531132939146733,
        "LogLoss": 0.36686712684968115,
        "RMSE(bins)": 0.096807174179427,
        "ICI": 0.06559249744439966
    },
    "user": 17385,
    "size": 405070
}