{
    "SM2": {
        "RMSE": 0.29929625968888146,
        "LogLoss": 0.3507505689212419,
        "RMSE(bins)": 0.2709824876165828
    },
    "user": 17389,
    "size": 6945
}