{
    "metrics": {
        "RMSE": 0.583911941506619,
        "LogLoss": 1.5493365574060955,
        "RMSE(bins)": 0.4177467670490166,
        "ICI": 0.3488412511319038
    },
    "user": 17409,
    "size": 26070
}