{
    "metrics": {
        "RMSE": 0.554787238570189,
        "LogLoss": 0.9559256397659621,
        "RMSE(bins)": 0.3736350707706881,
        "ICI": 0.2532270438248277
    },
    "user": 17404,
    "size": 28810
}