{
    "SM2": {
        "RMSE": 0.37632280870564383,
        "LogLoss": 0.4877831986051263,
        "RMSE(bins)": 0.11052363145841043
    },
    "user": 17470,
    "size": 12460
}