{
    "SM2": {
        "RMSE": 0.39007568011290644,
        "LogLoss": 0.4956795494198105,
        "RMSE(bins)": 0.2296027348193972
    },
    "user": 17563,
    "size": 92000
}