{
    "SM2": {
        "RMSE": 0.3104495234694321,
        "LogLoss": 0.33956232576263784,
        "RMSE(bins)": 0.23889554601180155
    },
    "user": 17631,
    "size": 6790
}