{
    "metrics": {
        "RMSE": 0.44827477516740755,
        "LogLoss": 0.6237835942543292,
        "RMSE(bins)": 0.3265126052505716,
        "ICI": 0.2948951996892167
    },
    "user": 17671,
    "size": 4690
}