{
    "SM2": {
        "RMSE": 0.3128741522173461,
        "LogLoss": 0.3610430880019002,
        "RMSE(bins)": 0.19334560583389096
    },
    "user": 17681,
    "size": 18185
}