{
    "metrics": {
        "RMSE": 0.2505554782426012,
        "LogLoss": 0.22968564462694424,
        "RMSE(bins)": 0.24991241471868075,
        "ICI": 0.17809525135613802
    },
    "user": 17708,
    "size": 6925
}