{
    "SM2": {
        "RMSE": 0.45992908853720177,
        "LogLoss": 1.6499634380193946,
        "RMSE(bins)": 0.3861555989163286
    },
    "user": 1787,
    "size": 24110
}