{
    "metrics": {
        "RMSE": 0.3713604760141176,
        "LogLoss": 0.4568756233610562,
        "RMSE(bins)": 0.24562756711669942,
        "ICI": 0.15700863823959846
    },
    "user": 1796,
    "size": 4790
}