{
    "metrics": {
        "RMSE": 0.29540411656457216,
        "LogLoss": 0.39544124436968636,
        "RMSE(bins)": 0.1428671767285853,
        "ICI": 0.10072881901583428
    },
    "user": 18085,
    "size": 178440
}