{
    "metrics": {
        "RMSE": 0.37699877730586256,
        "LogLoss": 0.47900923520453276,
        "RMSE(bins)": 0.18079589850299022,
        "ICI": 0.10919501583066042
    },
    "user": 1814,
    "size": 13555
}