{
    "metrics": {
        "RMSE": 0.36748363798749434,
        "LogLoss": 0.45218143665317045,
        "RMSE(bins)": 0.13827885563267575,
        "ICI": 0.10134370562712317
    },
    "user": 1816,
    "size": 120480
}