{
    "metrics": {
        "RMSE": 0.3589399965621134,
        "LogLoss": 0.5055370108457472,
        "RMSE(bins)": 0.17480207081868793,
        "ICI": 0.13102898662219564
    },
    "user": 18160,
    "size": 39490
}