{
    "metrics": {
        "RMSE": 0.17527607478832333,
        "LogLoss": 0.14069533969136053,
        "RMSE(bins)": 0.1215468579903785,
        "ICI": 0.06786530503274721
    },
    "user": 18312,
    "size": 10115
}