{
    "metrics": {
        "RMSE": 0.35549340959613457,
        "LogLoss": 0.4875193223231383,
        "RMSE(bins)": 0.11390134429567583,
        "ICI": 0.08605466849272421
    },
    "user": 18355,
    "size": 18095
}