{
    "metrics": {
        "RMSE": 0.4997907688204074,
        "LogLoss": 0.8503486860939925,
        "RMSE(bins)": 0.28815598260273034,
        "ICI": 0.19235297190396772
    },
    "user": 18363,
    "size": 3595
}