{
    "metrics": {
        "RMSE": 0.43205653144193157,
        "LogLoss": 0.7104867024457623,
        "RMSE(bins)": 0.3106273290942253,
        "ICI": 0.24722809883677943
    },
    "user": 18475,
    "size": 21235
}