{
    "metrics": {
        "RMSE": 0.4670661834153301,
        "LogLoss": 0.7579705337987189,
        "RMSE(bins)": 0.1497974992044448,
        "ICI": 0.13678802100454537
    },
    "user": 18498,
    "size": 67425
}