{
    "SM2": {
        "RMSE": 0.3259920700551687,
        "LogLoss": 0.39970625465036846,
        "RMSE(bins)": 0.1601832185846546
    },
    "user": 18636,
    "size": 60185
}