{
    "SM2": {
        "RMSE": 0.4241966006446162,
        "LogLoss": 0.6359614783842014,
        "RMSE(bins)": 0.16226932055802257
    },
    "user": 18667,
    "size": 7715
}