{
    "metrics": {
        "RMSE": 0.5483479615524011,
        "LogLoss": 2.0297287111193936,
        "RMSE(bins)": 0.519612650828009,
        "ICI": 0.40936416994967784
    },
    "user": 18676,
    "size": 1395
}