{
    "SM2": {
        "RMSE": 0.37101075065350897,
        "LogLoss": 0.46967005565482434,
        "RMSE(bins)": 0.12184118802377526,
        "ICI": 0.07316759617955733
    },
    "user": 18727,
    "size": 24625
}