{
    "metrics": {
        "RMSE": 0.3559704340791809,
        "LogLoss": 0.42508832014768383,
        "RMSE(bins)": 0.09537290770006286,
        "ICI": 0.07404370504961838
    },
    "user": 18722,
    "size": 19180
}