{
    "metrics": {
        "RMSE": 0.555556063401516,
        "LogLoss": 1.836689574699777,
        "RMSE(bins)": 0.392662380802538,
        "ICI": 0.34138744643969543
    },
    "user": 18818,
    "size": 14350
}