{
    "metrics": {
        "RMSE": 0.5798690532154136,
        "LogLoss": 0.9528915678189753,
        "RMSE(bins)": 0.31631323965087493,
        "ICI": 0.24980376351978056
    },
    "user": 18898,
    "size": 640
}