{
    "SM2": {
        "RMSE": 0.4943793613227708,
        "LogLoss": 0.8893010386306787,
        "RMSE(bins)": 0.2441151876630774
    },
    "user": 18951,
    "size": 1305
}