{
    "SM2": {
        "RMSE": 0.4107930883290918,
        "LogLoss": 0.5487690417867866,
        "RMSE(bins)": 0.19031435247390763,
        "ICI": 0.10563248577885098
    },
    "user": 19079,
    "size": 3755
}