{
    "SM2": {
        "RMSE": 0.3192655098027054,
        "LogLoss": 0.3771792138206639,
        "RMSE(bins)": 0.13917795512126607
    },
    "user": 19253,
    "size": 51285
}