{
    "metrics": {
        "RMSE": 0.6363735796921169,
        "LogLoss": 1.022625909449658,
        "RMSE(bins)": 0.6266929952920447,
        "ICI": 0.6140941417027145
    },
    "user": 19289,
    "size": 2370
}