{
    "SM2": {
        "RMSE": 0.38752767179774705,
        "LogLoss": 0.5089314270003725,
        "RMSE(bins)": 0.10579444037828196
    },
    "user": 19298,
    "size": 8400
}