{
    "SM2": {
        "RMSE": 0.4078420473012832,
        "LogLoss": 0.5268930439666388,
        "RMSE(bins)": 0.10296984167328141
    },
    "user": 19294,
    "size": 24235
}