{
    "SM2": {
        "RMSE": 0.3417038837148887,
        "LogLoss": 0.4970613329962621,
        "RMSE(bins)": 0.23868779459838815,
        "ICI": 0.11112876113554473
    },
    "user": 19500,
    "size": 56120
}