{
    "SM2": {
        "RMSE": 0.24886484975341094,
        "LogLoss": 0.40000700180502047,
        "RMSE(bins)": 0.16932387147521752,
        "ICI": 0.10475649865248805
    },
    "user": 19516,
    "size": 55625
}