{
    "SM2": {
        "RMSE": 0.3413024837309835,
        "LogLoss": 0.39240512513786013,
        "RMSE(bins)": 0.12007367710699733
    },
    "user": 19568,
    "size": 58635
}