{
    "metrics": {
        "RMSE": 0.6041392052990379,
        "LogLoss": 1.6607961873431092,
        "RMSE(bins)": 0.46185909058243774,
        "ICI": 0.32521123981712036
    },
    "user": 19622,
    "size": 1205
}