{
    "SM2": {
        "RMSE": 0.43208965412450967,
        "LogLoss": 0.6647105891238789,
        "RMSE(bins)": 0.1942735724578496
    },
    "user": 19620,
    "size": 3035
}