{
    "SM2": {
        "RMSE": 0.43746119724751037,
        "LogLoss": 0.614877740151701,
        "RMSE(bins)": 0.24578741691691325
    },
    "user": 19626,
    "size": 6655
}