{
    "SM2": {
        "RMSE": 0.423512305859314,
        "LogLoss": 0.5442730523829629,
        "RMSE(bins)": 0.1817338769959299
    },
    "user": 19681,
    "size": 3680
}