{
    "metrics": {
        "RMSE": 0.23447811802307972,
        "LogLoss": 0.22470306112252436,
        "RMSE(bins)": 0.1937195575845094,
        "ICI": 0.1471203475571358
    },
    "user": 1972,
    "size": 10575
}