{
    "SM2": {
        "RMSE": 0.5781867895823678,
        "LogLoss": 1.093862276273083,
        "RMSE(bins)": 0.29974324064873353
    },
    "user": 19801,
    "size": 6970
}