{
    "metrics": {
        "RMSE": 0.2943542414123275,
        "LogLoss": 0.30870404748925423,
        "RMSE(bins)": 0.23322672183171664,
        "ICI": 0.15070656914133293
    },
    "user": 19971,
    "size": 15155
}