{
    "metrics": {
        "RMSE": 0.33343479569355283,
        "LogLoss": 0.4235020789003256,
        "RMSE(bins)": 0.10190296480390533,
        "ICI": 0.0702706948267383
    },
    "user": 2,
    "size": 127515
}