{
    "SM2": {
        "RMSE": 0.4022517344129491,
        "LogLoss": 0.6877870394350107,
        "RMSE(bins)": 0.19266443669357358,
        "ICI": 0.09782670561034096
    },
    "user": 2341,
    "size": 1575
}