{
    "SM2": {
        "RMSE": 0.3165690322038057,
        "LogLoss": 0.661329732015711,
        "RMSE(bins)": 0.2902232117916614
    },
    "user": 2342,
    "size": 9025
}