{
    "metrics": {
        "RMSE": 0.3995215583135815,
        "LogLoss": 0.5724656411779008,
        "RMSE(bins)": 0.2239401545225498,
        "ICI": 0.1942597689465263
    },
    "user": 2356,
    "size": 21190
}