{
    "metrics": {
        "RMSE": 0.3891012870376593,
        "LogLoss": 0.48007489010677884,
        "RMSE(bins)": 0.14272474410090463,
        "ICI": 0.07014123986590125
    },
    "user": 2408,
    "size": 3675
}