{
    "SM2": {
        "RMSE": 0.36982249116824917,
        "LogLoss": 0.47586280545223564,
        "RMSE(bins)": 0.21147128847957508
    },
    "user": 2435,
    "size": 25895
}