{
    "metrics": {
        "RMSE": 0.394749987006653,
        "LogLoss": 0.5725088011013235,
        "RMSE(bins)": 0.08907603992338266,
        "ICI": 0.10061369077060607
    },
    "user": 2448,
    "size": 260800
}