{
    "metrics": {
        "RMSE": 0.5848445465630586,
        "LogLoss": 4.391592937702402,
        "RMSE(bins)": 0.46359976944107695,
        "ICI": 0.3297994259281693
    },
    "user": 2455,
    "size": 725
}