{
    "SM2": {
        "RMSE": 0.19994899841042785,
        "LogLoss": 0.1897663572177757,
        "RMSE(bins)": 0.1484016117224498
    },
    "user": 2641,
    "size": 10700
}