{
    "SM2": {
        "RMSE": 0.4010906529619289,
        "LogLoss": 0.5954414476604742,
        "RMSE(bins)": 0.16316085031752645
    },
    "user": 2655,
    "size": 12245
}