{
    "metrics": {
        "RMSE": 0.3759754438464224,
        "LogLoss": 0.5301659607919347,
        "RMSE(bins)": 0.33558497523706793,
        "ICI": 0.28957689374735684
    },
    "user": 2729,
    "size": 4245
}