{
    "metrics": {
        "RMSE": 0.32294127962952923,
        "LogLoss": 0.3454206297593311,
        "RMSE(bins)": 0.07716639332122217,
        "ICI": 0.04767563412112486
    },
    "user": 2739,
    "size": 76500
}