{
    "metrics": {
        "RMSE": 0.4214475155196988,
        "LogLoss": 0.638526048249293,
        "RMSE(bins)": 0.2445157826920718,
        "ICI": 0.14586381490038486
    },
    "user": 2780,
    "size": 16680
}