{
    "SM2": {
        "RMSE": 0.5827761703089877,
        "LogLoss": 9.721261571322795,
        "RMSE(bins)": 0.45520469374786443
    },
    "user": 2915,
    "size": 560
}