{
    "metrics": {
        "RMSE": 0.24699861732079217,
        "LogLoss": 0.2411969705010465,
        "RMSE(bins)": 0.08716472941760027,
        "ICI": 0.05673303305596217
    },
    "user": 2943,
    "size": 50325
}