{
    "SM2": {
        "RMSE": 0.36602106230477804,
        "LogLoss": 0.46997391608964106,
        "RMSE(bins)": 0.18532917682339464
    },
    "user": 3008,
    "size": 10330
}