{
    "metrics": {
        "RMSE": 0.32529430134049303,
        "LogLoss": 0.3941527622543596,
        "RMSE(bins)": 0.1629616473277448,
        "ICI": 0.07885955306752633
    },
    "user": 3019,
    "size": 17610
}