{
    "SM2": {
        "RMSE": 0.43200336939831313,
        "LogLoss": 0.5933853132065587,
        "RMSE(bins)": 0.12096100409349428
    },
    "user": 3163,
    "size": 49455
}