{
    "SM2": {
        "RMSE": 0.4380755046844122,
        "LogLoss": 0.6243715324169248,
        "RMSE(bins)": 0.19731128181796048
    },
    "user": 3356,
    "size": 51980
}