{
    "SM2": {
        "RMSE": 0.3856647953001248,
        "LogLoss": 0.5484713325143219,
        "RMSE(bins)": 0.11791798865093107
    },
    "user": 3361,
    "size": 10130
}