{
    "SM2": {
        "RMSE": 0.18433525130332204,
        "LogLoss": 0.18427438579291774,
        "RMSE(bins)": 0.18412463053360978,
        "ICI": 0.16340191976761248
    },
    "user": 3443,
    "size": 37275
}