{
    "SM2": {
        "RMSE": 0.23035754608166664,
        "LogLoss": 0.22014351971007773,
        "RMSE(bins)": 0.08421892950835846
    },
    "user": 3478,
    "size": 8210
}