{
    "SM2": {
        "RMSE": 0.3974212519932736,
        "LogLoss": 0.813455921705064,
        "RMSE(bins)": 0.3000823540289809
    },
    "user": 3595,
    "size": 2305
}