{
    "metrics": {
        "RMSE": 0.47480925109309846,
        "LogLoss": 0.6742213699902961,
        "RMSE(bins)": 0.2378484344616945,
        "ICI": 0.14342648184456094
    },
    "user": 36,
    "size": 11605
}