{
    "SM2": {
        "RMSE": 0.36002211647353777,
        "LogLoss": 0.41609453027527593,
        "RMSE(bins)": 0.20339741171213566,
        "ICI": 0.12675678428161946
    },
    "user": 3752,
    "size": 26200
}