{
    "SM2": {
        "RMSE": 0.4899707840932566,
        "LogLoss": 1.0341618257800436,
        "RMSE(bins)": 0.40336621000808043
    },
    "user": 3794,
    "size": 13730
}