{
    "SM2": {
        "RMSE": 0.36620621890672,
        "LogLoss": 0.5065423117679979,
        "RMSE(bins)": 0.15288416060357315
    },
    "user": 3873,
    "size": 3925
}