{
    "metrics": {
        "RMSE": 0.5953717334117709,
        "LogLoss": 2.9502570815844895,
        "RMSE(bins)": 0.34720034007158507,
        "ICI": 0.3270551289042082
    },
    "user": 4147,
    "size": 38180
}