{
    "metrics": {
        "RMSE": 0.20265720876964116,
        "LogLoss": 0.1788328372935969,
        "RMSE(bins)": 0.09712647779752237,
        "ICI": 0.07452426362069199
    },
    "user": 4180,
    "size": 9360
}