{
    "metrics": {
        "RMSE": 0.3406311315070617,
        "LogLoss": 0.4810163401141912,
        "RMSE(bins)": 0.2275783765966372,
        "ICI": 0.1354002298601091
    },
    "user": 4217,
    "size": 101420
}