{
    "SM2": {
        "RMSE": 0.40021621198978063,
        "LogLoss": 0.7100123749089345,
        "RMSE(bins)": 0.2975463915839616
    },
    "user": 423,
    "size": 44360
}