{
    "metrics": {
        "RMSE": 0.464262026813993,
        "LogLoss": 0.7702075803369306,
        "RMSE(bins)": 0.28526113156855787,
        "ICI": 0.16712122147164685
    },
    "user": 4231,
    "size": 2115
}