{
    "metrics": {
        "RMSE": 0.713119329176393,
        "LogLoss": 1.5434477152421917,
        "RMSE(bins)": 0.6887003701043984,
        "ICI": 0.6170006609235523
    },
    "user": 4261,
    "size": 2690
}