{
    "SM2": {
        "RMSE": 0.3992816280551192,
        "LogLoss": 0.5042140358695023,
        "RMSE(bins)": 0.10699293618382985
    },
    "user": 4311,
    "size": 22085
}