{
    "metrics": {
        "RMSE": 0.26667188292638627,
        "LogLoss": 0.3492406106397971,
        "RMSE(bins)": 0.13666257212294325,
        "ICI": 0.05818358539014313
    },
    "user": 4348,
    "size": 44635
}