{
    "SM2": {
        "RMSE": 0.37211293090005876,
        "LogLoss": 0.7134031532599278,
        "RMSE(bins)": 0.2589331876608654
    },
    "user": 451,
    "size": 4955
}