{
    "SM2": {
        "RMSE": 0.5779891149548653,
        "LogLoss": 0.9842048470615311,
        "RMSE(bins)": 0.30436488829991143
    },
    "user": 4585,
    "size": 1425
}