{
    "SM2": {
        "RMSE": 0.3637972526842312,
        "LogLoss": 0.6461908645236877,
        "RMSE(bins)": 0.23317004263082
    },
    "user": 4642,
    "size": 12350
}