{
    "metrics": {
        "RMSE": 0.43801688748267065,
        "LogLoss": 0.8325533686356149,
        "RMSE(bins)": 0.2933827679125415,
        "ICI": 0.193762633812974
    },
    "user": 4645,
    "size": 3860
}