{
    "SM2": {
        "RMSE": 0.39460482557793786,
        "LogLoss": 0.516760009584411,
        "RMSE(bins)": 0.32575602667520615
    },
    "user": 4661,
    "size": 9080
}