{
    "SM2": {
        "RMSE": 0.41924285572615894,
        "LogLoss": 0.5921682101292545,
        "RMSE(bins)": 0.35517586940479545
    },
    "user": 4661,
    "size": 9535
}