{
    "SM2": {
        "RMSE": 0.27500179363281607,
        "LogLoss": 0.2999571954642441,
        "RMSE(bins)": 0.1306593754475225
    },
    "user": 4677,
    "size": 54160
}