{
    "metrics": {
        "RMSE": 0.3920478438099884,
        "LogLoss": 0.7747088734407365,
        "RMSE(bins)": 0.26260269232938477,
        "ICI": 0.18867950455257493
    },
    "user": 4699,
    "size": 18525
}