{
    "metrics": {
        "RMSE": 0.48225917307404603,
        "LogLoss": 0.8139488398430738,
        "RMSE(bins)": 0.24436251646143956,
        "ICI": 0.17173466569260154
    },
    "user": 471,
    "size": 8865
}