{
    "SM2": {
        "RMSE": 0.43607983675696,
        "LogLoss": 0.7250495272136624,
        "RMSE(bins)": 0.2008292282403975,
        "ICI": 0.1351149491947714
    },
    "user": 4733,
    "size": 9935
}