{
    "metrics": {
        "RMSE": 0.29101722745492736,
        "LogLoss": 0.3208831949322257,
        "RMSE(bins)": 0.08504137768980351,
        "ICI": 0.06002536921493625
    },
    "user": 4756,
    "size": 43485
}