{
    "metrics": {
        "RMSE": 0.2594554000286658,
        "LogLoss": 0.2722585640553087,
        "RMSE(bins)": 0.15263669609359837,
        "ICI": 0.12015432017672527
    },
    "user": 476,
    "size": 34580
}