{
    "metrics": {
        "RMSE": 0.3076140343458288,
        "LogLoss": 0.31556273874667157,
        "RMSE(bins)": 0.19360356754250085,
        "ICI": 0.10881282882018672
    },
    "user": 4882,
    "size": 20125
}