{
    "SM2": {
        "RMSE": 0.4527195705896836,
        "LogLoss": 1.4974365757560197,
        "RMSE(bins)": 0.38544293837898264
    },
    "user": 4885,
    "size": 28995
}