{
    "SM2": {
        "RMSE": 0.3426814033141945,
        "LogLoss": 0.40924580436858554,
        "RMSE(bins)": 0.17437553924155663
    },
    "user": 4924,
    "size": 79660
}