{
    "SM2": {
        "RMSE": 0.5632135591646299,
        "LogLoss": 1.2143062751230151,
        "RMSE(bins)": 0.3988510352264061
    },
    "user": 4940,
    "size": 725
}