{
    "SM2": {
        "RMSE": 0.35560116901578154,
        "LogLoss": 0.4295797705721473,
        "RMSE(bins)": 0.11473726090843721
    },
    "user": 4960,
    "size": 4590
}