{
    "metrics": {
        "RMSE": 0.5725019864850198,
        "LogLoss": 1.2231703175938726,
        "RMSE(bins)": 0.30598163665055694,
        "ICI": 0.2750104906274395
    },
    "user": 5006,
    "size": 9640
}