{
    "SM2": {
        "RMSE": 0.24600157618727153,
        "LogLoss": 0.23580230395546142,
        "RMSE(bins)": 0.1794088663005301
    },
    "user": 5015,
    "size": 4455
}