{
    "SM2": {
        "RMSE": 0.31871369976192787,
        "LogLoss": 0.34895200433709905,
        "RMSE(bins)": 0.1606327749485945,
        "ICI": 0.08128739837939013
    },
    "user": 5023,
    "size": 2510
}