{
    "metrics": {
        "RMSE": 0.5227422745074282,
        "LogLoss": 1.3554965829740007,
        "RMSE(bins)": 0.25826791246900194,
        "ICI": 0.22379882348921062
    },
    "user": 5027,
    "size": 26355
}