{
    "SM2": {
        "RMSE": 0.7283095376340308,
        "LogLoss": 19.11880744987953,
        "RMSE(bins)": 0.5304347826086957
    },
    "user": 5084,
    "size": 115
}