{
    "metrics": {
        "RMSE": 0.49179113799574414,
        "LogLoss": 0.7269617293903526,
        "RMSE(bins)": 0.2992709756950374,
        "ICI": 0.2608278374057617
    },
    "user": 5104,
    "size": 5105
}