{
    "SM2": {
        "RMSE": 0.4461201060845014,
        "LogLoss": 0.9388323856160626,
        "RMSE(bins)": 0.3925332215863005
    },
    "user": 5129,
    "size": 7880
}