{
    "SM2": {
        "RMSE": 0.378917578998912,
        "LogLoss": 0.5243301219819901,
        "RMSE(bins)": 0.17295759832669286
    },
    "user": 5154,
    "size": 56730
}