{
    "metrics": {
        "RMSE": 0.5197951467629299,
        "LogLoss": 1.0005824326161916,
        "RMSE(bins)": 0.2160257106175328,
        "ICI": 0.17449408854003956
    },
    "user": 5183,
    "size": 11875
}