{
    "metrics": {
        "RMSE": 0.25321586342144703,
        "LogLoss": 0.2458267889319527,
        "RMSE(bins)": 0.14355887465188832,
        "ICI": 0.10137137849829912
    },
    "user": 519,
    "size": 6520
}