{
    "SM2": {
        "RMSE": 0.6858188323951512,
        "LogLoss": 1.6240230236425586,
        "RMSE(bins)": 0.6843645890436904
    },
    "user": 5212,
    "size": 4780
}