{
    "SM2": {
        "RMSE": 0.5396544304879038,
        "LogLoss": 0.8510677822863181,
        "RMSE(bins)": 0.24211616786260096
    },
    "user": 5227,
    "size": 12920
}