{
    "metrics": {
        "RMSE": 0.15801603952022578,
        "LogLoss": 0.13072732919313743,
        "RMSE(bins)": 0.0831541260523494,
        "ICI": 0.06819537928451874
    },
    "user": 5273,
    "size": 10310
}