{
    "metrics": {
        "RMSE": 0.48553467932870487,
        "LogLoss": 0.8734536713221968,
        "RMSE(bins)": 0.23645802690521403,
        "ICI": 0.17926986201054573
    },
    "user": 5300,
    "size": 5995
}