{
    "metrics": {
        "RMSE": 0.3410858643577006,
        "LogLoss": 0.5122985861392526,
        "RMSE(bins)": 0.12703929720988197,
        "ICI": 0.08428629727341085
    },
    "user": 5376,
    "size": 22585
}