{
    "metrics": {
        "RMSE": 0.47163229602807993,
        "LogLoss": 0.799556382190058,
        "RMSE(bins)": 0.35527976642906495,
        "ICI": 0.2601887071389903
    },
    "user": 5378,
    "size": 1820
}