{
    "SM2": {
        "RMSE": 0.3967391945683847,
        "LogLoss": 0.5108859901320593,
        "RMSE(bins)": 0.13466493218767892
    },
    "user": 5416,
    "size": 22335
}