{
    "SM2": {
        "RMSE": 0.5165270541778174,
        "LogLoss": 1.5105375617113355,
        "RMSE(bins)": 0.34550910621868935
    },
    "user": 5458,
    "size": 9215
}