{
    "SM2": {
        "RMSE": 0.40410627818191724,
        "LogLoss": 0.8389637224357988,
        "RMSE(bins)": 0.293166427798108,
        "ICI": 0.14421644024195807
    },
    "user": 5459,
    "size": 4610
}