{
    "SM2": {
        "RMSE": 0.27062646942697327,
        "LogLoss": 0.29855773792793155,
        "RMSE(bins)": 0.1731085781558078
    },
    "user": 5489,
    "size": 63190
}