{
    "SM2": {
        "RMSE": 0.43188516749482303,
        "LogLoss": 0.6023440131697408,
        "RMSE(bins)": 0.11264397410828658
    },
    "user": 5495,
    "size": 68975
}