{
    "SM2": {
        "RMSE": 0.46507633273741783,
        "LogLoss": 0.7247800752825824,
        "RMSE(bins)": 0.14948600245083826
    },
    "user": 5508,
    "size": 8525
}