{
    "SM2": {
        "RMSE": 0.4177079310982415,
        "LogLoss": 1.0240247863535017,
        "RMSE(bins)": 0.17946776347939672
    },
    "user": 5513,
    "size": 3045
}