{
    "metrics": {
        "RMSE": 0.40928929247609186,
        "LogLoss": 3.5914954574159705,
        "RMSE(bins)": 0.3985087703059515,
        "ICI": 0.26233867378663456
    },
    "user": 552,
    "size": 10645
}