{
    "SM2": {
        "RMSE": 0.5407270804047638,
        "LogLoss": 1.2568058304001617,
        "RMSE(bins)": 0.3309499851187284
    },
    "user": 5596,
    "size": 11120
}