{
    "metrics": {
        "RMSE": 0.43746872205744536,
        "LogLoss": 0.5891193022246183,
        "RMSE(bins)": 0.14153572276183607,
        "ICI": 0.0986467846604085
    },
    "user": 5745,
    "size": 3600
}