{
    "metrics": {
        "RMSE": 0.3819503862524312,
        "LogLoss": 0.49203798200255655,
        "RMSE(bins)": 0.2438108367729996,
        "ICI": 0.18351254787131538
    },
    "user": 5752,
    "size": 5120
}