{
    "SM2": {
        "RMSE": 0.4786426624882566,
        "LogLoss": 1.4496306297610326,
        "RMSE(bins)": 0.2773486484191728
    },
    "user": 5819,
    "size": 765
}