{
    "SM2": {
        "RMSE": 0.5286522144562025,
        "LogLoss": 1.1797244604477248,
        "RMSE(bins)": 0.2901423622351283
    },
    "user": 586,
    "size": 22040
}