{
    "metrics": {
        "RMSE": 0.4132402178981709,
        "LogLoss": 0.6182882550749577,
        "RMSE(bins)": 0.33868519635725863,
        "ICI": 0.27031682635227133
    },
    "user": 5877,
    "size": 12200
}