{
    "metrics": {
        "RMSE": 0.40714741795355563,
        "LogLoss": 0.7376280829121692,
        "RMSE(bins)": 0.3346267946386131,
        "ICI": 0.24645295009906049
    },
    "user": 6009,
    "size": 33985
}