{
    "SM2": {
        "RMSE": 0.4755072062374708,
        "LogLoss": 0.7050811162379612,
        "RMSE(bins)": 0.24555733874496377
    },
    "user": 6012,
    "size": 1615
}