{
    "metrics": {
        "RMSE": 0.4030550663479639,
        "LogLoss": 0.5552493808930183,
        "RMSE(bins)": 0.15269267360815508,
        "ICI": 0.08293406017230702
    },
    "user": 6033,
    "size": 7975
}