{
    "SM2": {
        "RMSE": 0.44391683483743505,
        "LogLoss": 0.6790389377985019,
        "RMSE(bins)": 0.2569338071839125,
        "ICI": 0.15422105822650523
    },
    "user": 6067,
    "size": 7495
}