{
    "SM2": {
        "RMSE": 0.2487949693299321,
        "LogLoss": 0.24978316953948643,
        "RMSE(bins)": 0.05944901334530852
    },
    "user": 6144,
    "size": 74590
}