{
    "metrics": {
        "RMSE": 0.36840294407116975,
        "LogLoss": 0.4355345007946263,
        "RMSE(bins)": 0.12990045223726762,
        "ICI": 0.08282640487267753
    },
    "user": 6157,
    "size": 9650
}