{
    "metrics": {
        "RMSE": 0.34579655825978367,
        "LogLoss": 0.4255169210721287,
        "RMSE(bins)": 0.15771509811402812,
        "ICI": 0.07997778319528195
    },
    "user": 6209,
    "size": 24795
}