{
    "metrics": {
        "RMSE": 0.38758418527661154,
        "LogLoss": 0.4762512224615121,
        "RMSE(bins)": 0.1591549776235975,
        "ICI": 0.08826806123170054
    },
    "user": 6220,
    "size": 96010
}