{
    "metrics": {
        "RMSE": 0.49103470605674154,
        "LogLoss": 0.9464137126567144,
        "RMSE(bins)": 0.20010135940256848,
        "ICI": 0.1509376163547673
    },
    "user": 6224,
    "size": 81170
}