{
    "metrics": {
        "RMSE": 0.421368703449191,
        "LogLoss": 0.5573730780828147,
        "RMSE(bins)": 0.14412102959630868,
        "ICI": 0.1197963889426361
    },
    "user": 6304,
    "size": 1965
}