{
    "metrics": {
        "RMSE": 0.4844016800392633,
        "LogLoss": 1.0758252393975296,
        "RMSE(bins)": 0.3533661425183763,
        "ICI": 0.26646661149937034
    },
    "user": 6315,
    "size": 38840
}