{
    "SM2": {
        "RMSE": 0.15590678150529524,
        "LogLoss": 0.1301801151170631,
        "RMSE(bins)": 0.12157856877121653
    },
    "user": 6351,
    "size": 56435
}