{
    "SM2": {
        "RMSE": 0.18287519210751907,
        "LogLoss": 0.15556206155158642,
        "RMSE(bins)": 0.1375114701465409
    },
    "user": 637,
    "size": 14550
}