{
    "SM2": {
        "RMSE": 0.4164781707697567,
        "LogLoss": 0.6659062750812783,
        "RMSE(bins)": 0.18628349000462857
    },
    "user": 6392,
    "size": 4900
}