{
    "SM2": {
        "RMSE": 0.33089220394067487,
        "LogLoss": 0.4544871069705614,
        "RMSE(bins)": 0.24980678058528408,
        "ICI": 0.1659213085738587
    },
    "user": 6407,
    "size": 11275
}