{
    "SM2": {
        "RMSE": 0.33255558745137065,
        "LogLoss": 0.4568441206999968,
        "RMSE(bins)": 0.2022436526934118
    },
    "user": 6425,
    "size": 29945
}