{
    "SM2": {
        "RMSE": 0.47555128996067286,
        "LogLoss": 1.1395011831810318,
        "RMSE(bins)": 0.367925715291696
    },
    "user": 6436,
    "size": 2505
}