{
    "SM2": {
        "RMSE": 0.38562592692181413,
        "LogLoss": 0.49302138893706765,
        "RMSE(bins)": 0.1169977425167218
    },
    "user": 6474,
    "size": 88935
}