{
    "SM2": {
        "RMSE": 0.3281202135116328,
        "LogLoss": 0.8171029172381593,
        "RMSE(bins)": 0.23554784297967382
    },
    "user": 6487,
    "size": 23600
}