{
    "SM2": {
        "RMSE": 0.18852819405364435,
        "LogLoss": 0.1686826159506909,
        "RMSE(bins)": 0.06702042445303039
    },
    "user": 6599,
    "size": 194395
}