{
    "SM2": {
        "RMSE": 0.2764671302220322,
        "LogLoss": 0.29581955976468455,
        "RMSE(bins)": 0.136765600973511
    },
    "user": 6615,
    "size": 30440
}