{
    "metrics": {
        "RMSE": 0.4195072203617179,
        "LogLoss": 0.5381953627767969,
        "RMSE(bins)": 0.09691052702939762,
        "ICI": 0.08322653007870406
    },
    "user": 6644,
    "size": 6220
}