{
    "SM2": {
        "RMSE": 0.3479676467742104,
        "LogLoss": 0.5238383661067793,
        "RMSE(bins)": 0.12506349360927593
    },
    "user": 667,
    "size": 6625
}