{
    "metrics": {
        "RMSE": 0.4409265175071541,
        "LogLoss": 0.7068387752410223,
        "RMSE(bins)": 0.17671708177318993,
        "ICI": 0.10913203721755484
    },
    "user": 6708,
    "size": 3135
}