{
    "SM2": {
        "RMSE": 0.47251052136636523,
        "LogLoss": 1.1380798228557742,
        "RMSE(bins)": 0.34922917021015604
    },
    "user": 6798,
    "size": 3075
}