{
    "SM2": {
        "RMSE": 0.39565540581909125,
        "LogLoss": 0.6327183083070468,
        "RMSE(bins)": 0.37740964003047056
    },
    "user": 6812,
    "size": 5790
}