{
    "metrics": {
        "RMSE": 0.3920824116248411,
        "LogLoss": 0.5180717217876165,
        "RMSE(bins)": 0.10660660535905539,
        "ICI": 0.08475159409373774
    },
    "user": 6861,
    "size": 54800
}