{
    "SM2": {
        "RMSE": 0.21273910574892774,
        "LogLoss": 0.18618129850915174,
        "RMSE(bins)": 0.21197811925439675
    },
    "user": 6953,
    "size": 6260
}