{
    "metrics": {
        "RMSE": 0.4658839093055616,
        "LogLoss": 0.7860732834483481,
        "RMSE(bins)": 0.14549842151953518,
        "ICI": 0.11966799488781009
    },
    "user": 6981,
    "size": 27510
}