{
    "SM2": {
        "RMSE": 0.49673849143123494,
        "LogLoss": 1.9210073533434255,
        "RMSE(bins)": 0.4002439005272245
    },
    "user": 7080,
    "size": 4875
}