{
    "SM2": {
        "RMSE": 0.41375108540945854,
        "LogLoss": 0.5577392459092371,
        "RMSE(bins)": 0.12977123101724033,
        "ICI": 0.0981477714066369
    },
    "user": 7169,
    "size": 7785
}