{
    "SM2": {
        "RMSE": 0.48274458220596594,
        "LogLoss": 1.0580806371517528,
        "RMSE(bins)": 0.3381219898292326
    },
    "user": 7261,
    "size": 8545
}