{
    "metrics": {
        "RMSE": 0.530599343252356,
        "LogLoss": 0.8719517768529548,
        "RMSE(bins)": 0.2581288954426181,
        "ICI": 0.2310716282235153
    },
    "user": 727,
    "size": 9510
}