{
    "metrics": {
        "RMSE": 0.45160566953499154,
        "LogLoss": 0.5980944616348929,
        "RMSE(bins)": 0.10841092441427995,
        "ICI": 0.09097805823228772
    },
    "user": 7280,
    "size": 1620
}