{
    "SM2": {
        "RMSE": 0.33500922376487213,
        "LogLoss": 0.38099044405105603,
        "RMSE(bins)": 0.23398714745187957,
        "ICI": 0.15851001553973854
    },
    "user": 7353,
    "size": 12595
}