{
    "SM2": {
        "RMSE": 0.32264716792175463,
        "LogLoss": 0.42794578741572215,
        "RMSE(bins)": 0.13039587462465466
    },
    "user": 7408,
    "size": 142320
}