{
    "SM2": {
        "RMSE": 0.47729235319550517,
        "LogLoss": 0.8626191369373404,
        "RMSE(bins)": 0.29088342546664636
    },
    "user": 7409,
    "size": 7160
}