{
    "SM2": {
        "RMSE": 0.1625381639828934,
        "LogLoss": 0.15916372661931005,
        "RMSE(bins)": 0.11149411506036831
    },
    "user": 7447,
    "size": 87565
}