{
    "SM2": {
        "RMSE": 0.5149645098473095,
        "LogLoss": 2.1296091367572196,
        "RMSE(bins)": 0.2510176863843434
    },
    "user": 7452,
    "size": 79315
}