{
    "metrics": {
        "RMSE": 0.4073055398804248,
        "LogLoss": 0.6735303145986437,
        "RMSE(bins)": 0.2506946021529908,
        "ICI": 0.16443888338835996
    },
    "user": 7457,
    "size": 7750
}