{
    "metrics": {
        "RMSE": 0.5081820000442686,
        "LogLoss": 0.8152990918742102,
        "RMSE(bins)": 0.16992007373255577,
        "ICI": 0.1566331735229164
    },
    "user": 747,
    "size": 50300
}