{
    "SM2": {
        "RMSE": 0.808518214085566,
        "LogLoss": 4.451486491279709,
        "RMSE(bins)": 0.7955244745928034,
        "ICI": 0.7100801320793942
    },
    "user": 7519,
    "size": 1570
}