{
    "SM2": {
        "RMSE": 0.4689810526023989,
        "LogLoss": 0.7353144832043284,
        "RMSE(bins)": 0.22268486740929133,
        "ICI": 0.12667965119445712
    },
    "user": 7526,
    "size": 1665
}