{
    "SM2": {
        "RMSE": 0.35722231608893784,
        "LogLoss": 0.4227592367075906,
        "RMSE(bins)": 0.21963061670805456
    },
    "user": 7638,
    "size": 6040
}