{
    "SM2": {
        "RMSE": 0.3770692014924115,
        "LogLoss": 0.522342780730943,
        "RMSE(bins)": 0.11338893653001765
    },
    "user": 7652,
    "size": 4365
}