{
    "SM2": {
        "RMSE": 0.2910846757244509,
        "LogLoss": 0.3001675700196605,
        "RMSE(bins)": 0.08864115577187678
    },
    "user": 7692,
    "size": 3175
}