{
    "SM2": {
        "RMSE": 0.45812861269609206,
        "LogLoss": 0.8064607594468294,
        "RMSE(bins)": 0.25964756719682786,
        "ICI": 0.16024350141900812
    },
    "user": 7833,
    "size": 2940
}