{
    "SM2": {
        "RMSE": 0.5243839366295174,
        "LogLoss": 1.7942702339089198,
        "RMSE(bins)": 0.32466911593004355
    },
    "user": 7912,
    "size": 11615
}