{
    "SM2": {
        "RMSE": 0.23400500626056284,
        "LogLoss": 0.22305444898754048,
        "RMSE(bins)": 0.04934895279318385
    },
    "user": 7929,
    "size": 64995
}