{
    "metrics": {
        "RMSE": 0.25246750991755007,
        "LogLoss": 0.2498589348081838,
        "RMSE(bins)": 0.07836750201588762,
        "ICI": 0.056057131640953994
    },
    "user": 7986,
    "size": 73075
}