{
    "SM2": {
        "RMSE": 0.4281107669075569,
        "LogLoss": 0.611005696319962,
        "RMSE(bins)": 0.273309969020854
    },
    "user": 7991,
    "size": 106360
}