{
    "SM2": {
        "RMSE": 0.40434540866463414,
        "LogLoss": 0.5119999019180409,
        "RMSE(bins)": 0.17836259252216097
    },
    "user": 7996,
    "size": 2975
}