{
    "SM2": {
        "RMSE": 0.3544455564904273,
        "LogLoss": 0.5061636805194026,
        "RMSE(bins)": 0.18299513516196242
    },
    "user": 8090,
    "size": 8995
}