{
    "SM2": {
        "RMSE": 0.39750166553587685,
        "LogLoss": 0.5695358267300785,
        "RMSE(bins)": 0.12789216951858146
    },
    "user": 8134,
    "size": 160200
}