{
    "metrics": {
        "RMSE": 0.2400230812515661,
        "LogLoss": 0.2514381139778062,
        "RMSE(bins)": 0.10120421106947203,
        "ICI": 0.05514381592876341
    },
    "user": 8140,
    "size": 11825
}