{
    "metrics": {
        "RMSE": 0.2809854736361721,
        "LogLoss": 0.2797607501165468,
        "RMSE(bins)": 0.0703931359735832,
        "ICI": 0.029855987430174598
    },
    "user": 8269,
    "size": 68510
}