{
    "SM2": {
        "RMSE": 0.4424743264827667,
        "LogLoss": 0.8742052414196594,
        "RMSE(bins)": 0.31277544792115636
    },
    "user": 8270,
    "size": 20565
}