{
    "SM2": {
        "RMSE": 0.2761234856103706,
        "LogLoss": 0.31803955698566755,
        "RMSE(bins)": 0.12536614153340173
    },
    "user": 8360,
    "size": 16600
}