{
    "SM2": {
        "RMSE": 0.6725864296169507,
        "LogLoss": 3.001558094687481,
        "RMSE(bins)": 0.5011759433122797,
        "ICI": 0.4449250787921701
    },
    "user": 8389,
    "size": 7105
}