{
    "metrics": {
        "RMSE": 0.3572357505858389,
        "LogLoss": 0.41890817177097506,
        "RMSE(bins)": 0.08679573444687472,
        "ICI": 0.04788577613377464
    },
    "user": 8496,
    "size": 2730
}