{
    "metrics": {
        "RMSE": 0.22821976522528004,
        "LogLoss": 0.23675747579169248,
        "RMSE(bins)": 0.17993671572041278,
        "ICI": 0.07041466356344947
    },
    "user": 8524,
    "size": 11825
}