{
    "SM2": {
        "RMSE": 0.4535403716107193,
        "LogLoss": 0.7394194083296605,
        "RMSE(bins)": 0.15381766765956387
    },
    "user": 8618,
    "size": 34790
}