{
    "metrics": {
        "RMSE": 0.4069283302310965,
        "LogLoss": 0.6450495221858256,
        "RMSE(bins)": 0.37513711076905687,
        "ICI": 0.3258747907895628
    },
    "user": 864,
    "size": 7110
}