{
    "SM2": {
        "RMSE": 0.5824511014589842,
        "LogLoss": 1.3681449887797024,
        "RMSE(bins)": 0.4715586969552811,
        "ICI": 0.33754694175423594
    },
    "user": 8680,
    "size": 3240
}