{
    "metrics": {
        "RMSE": 0.26550770765686865,
        "LogLoss": 0.2661940929646494,
        "RMSE(bins)": 0.07193639187846029,
        "ICI": 0.044660386032387187
    },
    "user": 8775,
    "size": 136665
}