{
    "metrics": {
        "RMSE": 0.1532731413196215,
        "LogLoss": 0.12834440798732555,
        "RMSE(bins)": 0.12815705450338313,
        "ICI": 0.11117363619239078
    },
    "user": 8807,
    "size": 1890
}