{
    "SM2": {
        "RMSE": 0.28868379136367955,
        "LogLoss": 0.3176065783037186,
        "RMSE(bins)": 0.2233881487196487
    },
    "user": 888,
    "size": 3910
}