{
    "metrics": {
        "RMSE": 0.35014547981915456,
        "LogLoss": 0.40739318967679794,
        "RMSE(bins)": 0.06543939303335773,
        "ICI": 0.05647614160343666
    },
    "user": 8924,
    "size": 21265
}