{
    "SM2": {
        "RMSE": 0.17037414991999988,
        "LogLoss": 0.16122912585687402,
        "RMSE(bins)": 0.1260498191518128,
        "ICI": 0.07873808001164126
    },
    "user": 9036,
    "size": 13365
}