{
    "metrics": {
        "RMSE": 0.50945490362892,
        "LogLoss": 0.7802569420110942,
        "RMSE(bins)": 0.3713501201663219,
        "ICI": 0.2848406794934148
    },
    "user": 9043,
    "size": 9125
}