{
    "metrics": {
        "RMSE": 0.4068679487365212,
        "LogLoss": 0.5509533536248378,
        "RMSE(bins)": 0.10326555446077004,
        "ICI": 0.0805826138724427
    },
    "user": 9068,
    "size": 13930
}