{
    "metrics": {
        "RMSE": 0.49820492515759807,
        "LogLoss": 1.3010904369933296,
        "RMSE(bins)": 0.2215755216681308,
        "ICI": 0.15240832842489174
    },
    "user": 9103,
    "size": 1540
}