{
    "metrics": {
        "RMSE": 0.3848550984660864,
        "LogLoss": 0.5505984344708679,
        "RMSE(bins)": 0.19375935979707337,
        "ICI": 0.12859288151824494
    },
    "user": 9115,
    "size": 5730
}