{
    "metrics": {
        "RMSE": 0.23415590757476626,
        "LogLoss": 0.22475169342229245,
        "RMSE(bins)": 0.14460200635460546,
        "ICI": 0.08342060532953752
    },
    "user": 9148,
    "size": 42390
}