{
    "metrics": {
        "RMSE": 0.3362999919127723,
        "LogLoss": 0.4122159844552775,
        "RMSE(bins)": 0.11699402520904713,
        "ICI": 0.09056166623917392
    },
    "user": 9213,
    "size": 18825
}