{
    "SM2": {
        "RMSE": 0.4166105485006801,
        "LogLoss": 0.6555872054364185,
        "RMSE(bins)": 0.19632119358709457
    },
    "user": 9285,
    "size": 41200
}