{
    "SM2": {
        "RMSE": 0.13521874508836942,
        "LogLoss": 0.11614687480004574,
        "RMSE(bins)": 0.13478698270056044
    },
    "user": 9343,
    "size": 11300
}