{
    "SM2": {
        "RMSE": 0.40896690474085384,
        "LogLoss": 0.9111182981906858,
        "RMSE(bins)": 0.34937587126018343
    },
    "user": 9363,
    "size": 4555
}