{
    "metrics": {
        "RMSE": 0.3830858984820262,
        "LogLoss": 0.6271457743025437,
        "RMSE(bins)": 0.1915055514759495,
        "ICI": 0.10739610796049094
    },
    "user": 9400,
    "size": 18860
}