{
    "SM2": {
        "RMSE": 0.4379889150329477,
        "LogLoss": 0.6326125842668362,
        "RMSE(bins)": 0.23949651287314816,
        "ICI": 0.15518600631787474
    },
    "user": 9444,
    "size": 4075
}