{
    "SM2": {
        "RMSE": 0.22823976591282227,
        "LogLoss": 0.23755279485160638,
        "RMSE(bins)": 0.1269724692977757
    },
    "user": 9473,
    "size": 87325
}