{
    "metrics": {
        "RMSE": 0.4690391027572231,
        "LogLoss": 1.3285795124425392,
        "RMSE(bins)": 0.376913821038762,
        "ICI": 0.2708556914176566
    },
    "user": 9482,
    "size": 2735
}