{
    "SM2": {
        "RMSE": 0.5664466362972679,
        "LogLoss": 2.8091158707758064,
        "RMSE(bins)": 0.3742542982338226
    },
    "user": 956,
    "size": 6175
}