{
    "metrics": {
        "RMSE": 0.4087362209897715,
        "LogLoss": 0.5967309091386582,
        "RMSE(bins)": 0.12292193120062624,
        "ICI": 0.0937391592058345
    },
    "user": 9596,
    "size": 7330
}