{
    "SM2": {
        "RMSE": 0.4122279401539099,
        "LogLoss": 0.6046981640958349,
        "RMSE(bins)": 0.23010848820075558
    },
    "user": 9603,
    "size": 7175
}