{
    "SM2": {
        "RMSE": 0.47292502393367114,
        "LogLoss": 0.7987538705743059,
        "RMSE(bins)": 0.2083039215291181,
        "ICI": 0.13532291516093195
    },
    "user": 9626,
    "size": 7005
}