{
    "SM2": {
        "RMSE": 0.43018686436620873,
        "LogLoss": 0.8371612669278387,
        "RMSE(bins)": 0.21421687025379593
    },
    "user": 9643,
    "size": 1050
}