{
    "SM2": {
        "RMSE": 0.49777973750430515,
        "LogLoss": 0.8273703531162995,
        "RMSE(bins)": 0.34952950651236725
    },
    "user": 9648,
    "size": 860
}