{
    "metrics": {
        "RMSE": 0.5199550199980517,
        "LogLoss": 1.4142415938252522,
        "RMSE(bins)": 0.3510025314337949,
        "ICI": 0.24494374053120493
    },
    "user": 9671,
    "size": 62200
}