{
    "SM2": {
        "RMSE": 0.42477760559763267,
        "LogLoss": 0.8734935007074631,
        "RMSE(bins)": 0.2878254558771163
    },
    "user": 9677,
    "size": 3865
}