{
    "metrics": {
        "RMSE": 0.11599587952865839,
        "LogLoss": 0.09513716366655714,
        "RMSE(bins)": 0.1004569036083548,
        "ICI": 0.08526631409804071
    },
    "user": 9681,
    "size": 5290
}