{
    "SM2": {
        "RMSE": 0.39330484674876925,
        "LogLoss": 0.7134249673413603,
        "RMSE(bins)": 0.2072667764295827
    },
    "user": 9687,
    "size": 12300
}