{
    "SM2": {
        "RMSE": 0.5284535014084356,
        "LogLoss": 0.8068443733215357,
        "RMSE(bins)": 0.27107075895080285
    },
    "user": 9690,
    "size": 700
}