{
    "SM2": {
        "RMSE": 0.2699986766078786,
        "LogLoss": 0.3075906337612342,
        "RMSE(bins)": 0.10746110385767417
    },
    "user": 9699,
    "size": 95300
}