{
    "metrics": {
        "RMSE": 0.5247430974594192,
        "LogLoss": 0.9458945488105139,
        "RMSE(bins)": 0.18556831211036726,
        "ICI": 0.1922697733763553
    },
    "user": 9776,
    "size": 9105
}