{
    "metrics": {
        "RMSE": 0.44693952521102204,
        "LogLoss": 0.9012009552364537,
        "RMSE(bins)": 0.2839240870523155,
        "ICI": 0.20597259316319283
    },
    "user": 9814,
    "size": 4360
}