{
    "metrics": {
        "RMSE": 0.6147782073034989,
        "LogLoss": 1.8913381659922106,
        "RMSE(bins)": 0.4392820706223289,
        "ICI": 0.333849608653583
    },
    "user": 9862,
    "size": 1235
}