{
    "metrics": {
        "RMSE": 0.3763044940061369,
        "LogLoss": 0.5282457618156329,
        "RMSE(bins)": 0.12020929495548631,
        "ICI": 0.08312548616732793
    },
    "user": 9910,
    "size": 10055
}