{
    "metrics": {
        "RMSE": 0.47254602515836164,
        "LogLoss": 0.8546660515731971,
        "RMSE(bins)": 0.23191438254788663,
        "ICI": 0.1464006752888483
    },
    "user": 9945,
    "size": 4710
}