{
    "metrics": {
        "RMSE": 0.32042922683995445,
        "LogLoss": 0.5260088919399599,
        "RMSE(bins)": 0.19974649223332136,
        "ICI": 0.10300979762950949
    },
    "user": 9984,
    "size": 8160
}