{
    "SM2": {
        "RMSE": 0.3651015376527086,
        "LogLoss": 0.42603672412808086,
        "RMSE(bins)": 0.18842473122873407
    },
    "user": "949cfae",
    "size": 2035
}