{
    "SM2": {
        "RMSE": 0.4281326757107111,
        "LogLoss": 0.5701471073119715,
        "RMSE(bins)": 0.1390581005544157
    },
    "user": "9c35a5d",
    "size": 18260
}