{
    "metrics": {
        "RMSE": 0.37751121639596535,
        "LogLoss": 0.523687568608067,
        "RMSE(bins)": 0.19477371463125606,
        "ICI": 0.11164755472245667
    },
    "user": 10019,
    "size": 7305
}