{
    "LSTM": {
        "RMSE": 0.40172315483167187,
        "LogLoss": 0.6242599695458327,
        "RMSE(bins)": 0.29801667077100774
    },
    "user": 10012,
    "size": 4120
}