{
    "LSTM": {
        "RMSE": 0.4227375127531858,
        "LogLoss": 0.5660934455532378,
        "RMSE(bins)": 0.10826704028968102
    },
    "user": 10104,
    "size": 252795
}