{
    "LSTM": {
        "RMSE": 0.2932029104704651,
        "LogLoss": 0.3156851293447731,
        "RMSE(bins)": 0.1255546929894878
    },
    "user": 10172,
    "size": 7485
}