{
    "metrics": {
        "RMSE": 0.3165844096912885,
        "LogLoss": 0.3422915467159504,
        "RMSE(bins)": 0.06579718899846174,
        "ICI": 0.01932393115256789
    },
    "user": 103,
    "size": 13830
}