{
    "metrics": {
        "RMSE": 0.5116484154923908,
        "LogLoss": 0.7143850649545656,
        "RMSE(bins)": 0.4439250304285059,
        "ICI": 0.3822458562515761
    },
    "user": 10392,
    "size": 1945
}