{
    "LSTM": {
        "RMSE": 0.41858594178567565,
        "LogLoss": 0.5651751297530738,
        "RMSE(bins)": 0.11082727983121275
    },
    "user": 10414,
    "size": 223830
}