{
    "metrics": {
        "RMSE": 0.1267501417718734,
        "LogLoss": 0.10023730995174543,
        "RMSE(bins)": 0.08263431991973118,
        "ICI": 0.05793133057869467
    },
    "user": 10463,
    "size": 15825
}