{
    "LSTM": {
        "RMSE": 0.4479490541686144,
        "LogLoss": 0.7337630300869477,
        "RMSE(bins)": 0.22877107433107538,
        "ICI": 0.16944967185610146
    },
    "user": 1054,
    "size": 6290
}