{
    "LSTM": {
        "RMSE": 0.4534042435383022,
        "LogLoss": 0.7164170934283484,
        "RMSE(bins)": 0.21553257525908692
    },
    "user": 10647,
    "size": 9665
}