{
    "metrics": {
        "RMSE": 0.3266020739542922,
        "LogLoss": 0.3698112221848634,
        "RMSE(bins)": 0.034222144493712636,
        "ICI": 0.023874089984432308
    },
    "user": 10667,
    "size": 41930
}