{
    "LSTM": {
        "RMSE": 0.2649701554589568,
        "LogLoss": 0.2741106120567072,
        "RMSE(bins)": 0.05166521272062306
    },
    "user": 10705,
    "size": 8785
}