{
    "LSTM": {
        "RMSE": 0.2554864893204574,
        "LogLoss": 0.2638433084503083,
        "RMSE(bins)": 0.07468529008487546
    },
    "user": 10730,
    "size": 45970
}