{
    "LSTM": {
        "RMSE": 0.47523651194500033,
        "LogLoss": 0.8494640884046265,
        "RMSE(bins)": 0.26325895985486825
    },
    "user": 10923,
    "size": 5075
}