{
    "LSTM": {
        "RMSE": 0.33486821052787535,
        "LogLoss": 0.3799382189123356,
        "RMSE(bins)": 0.30256401353015155
    },
    "user": 11016,
    "size": 3150
}