{
    "LSTM": {
        "RMSE": 0.5389364589716548,
        "LogLoss": 0.9442483770796931,
        "RMSE(bins)": 0.33606381918361355,
        "ICI": 0.2547934328384492
    },
    "user": 11231,
    "size": 2310
}