{
    "LSTM": {
        "RMSE": 0.16671858717763108,
        "LogLoss": 0.1232686768127812,
        "RMSE(bins)": 0.025972580543596496
    },
    "user": 1127,
    "size": 163650
}