{
    "LSTM": {
        "RMSE": 0.38822208190600643,
        "LogLoss": 0.6432267018698856,
        "RMSE(bins)": 0.3095467911773749
    },
    "user": 11327,
    "size": 2200
}