{
    "LSTM": {
        "RMSE": 0.48834114038036214,
        "LogLoss": 0.7689181489316438,
        "RMSE(bins)": 0.24341146059493984
    },
    "user": 11408,
    "size": 5025
}