{
    "LSTM": {
        "RMSE": 0.7661794897240622,
        "LogLoss": 3.0297102477747706,
        "RMSE(bins)": 0.6771084571492297
    },
    "user": 11495,
    "size": 100
}