{
    "LSTM": {
        "RMSE": 0.33945712170641523,
        "LogLoss": 0.3915852999940743,
        "RMSE(bins)": 0.08752561822751131
    },
    "user": 11688,
    "size": 11225
}