{
    "LSTM": {
        "RMSE": 0.39287229908055993,
        "LogLoss": 0.624236363727322,
        "RMSE(bins)": 0.20824628634446138,
        "ICI": 0.10105625132867807
    },
    "user": 11956,
    "size": 16110
}