{
    "LSTM": {
        "RMSE": 0.37062558748321056,
        "LogLoss": 0.4649985214941856,
        "RMSE(bins)": 0.08263144758682046
    },
    "user": 1207,
    "size": 437770
}