{
    "metrics": {
        "RMSE": 0.42451337621685886,
        "LogLoss": 0.5673582661205768,
        "RMSE(bins)": 0.10233659695608907,
        "ICI": 0.07689981331327643
    },
    "user": 12183,
    "size": 5795
}