{
    "LSTM": {
        "RMSE": 0.24031652841009876,
        "LogLoss": 0.21879136495140034,
        "RMSE(bins)": 0.07960411227041445,
        "ICI": 0.05589729867229772
    },
    "user": 12233,
    "size": 67810
}