{
    "LSTM": {
        "RMSE": 0.24884151169892774,
        "LogLoss": 0.22804296064305501,
        "RMSE(bins)": 0.09250191341586413
    },
    "user": 12233,
    "size": 68415
}