{
    "LSTM": {
        "RMSE": 0.3686987259789233,
        "LogLoss": 0.5637947392248209,
        "RMSE(bins)": 0.10328493144181247
    },
    "user": 12269,
    "size": 4520
}