{
    "LSTM": {
        "RMSE": 0.619220185999093,
        "LogLoss": 2.0659558165365994,
        "RMSE(bins)": 0.5441971502743168
    },
    "user": 1227,
    "size": 340
}