{
    "LSTM": {
        "RMSE": 0.3634184286425687,
        "LogLoss": 0.44845007547353444,
        "RMSE(bins)": 0.12084729361810795
    },
    "user": 12359,
    "size": 4965
}