{
    "LSTM": {
        "RMSE": 0.5577530539020965,
        "LogLoss": 1.0577026351898449,
        "RMSE(bins)": 0.29323717862676213
    },
    "user": 1238,
    "size": 23660
}