{
    "metrics": {
        "RMSE": 0.2684496705337895,
        "LogLoss": 0.29342778636676387,
        "RMSE(bins)": 0.06646203981013735,
        "ICI": 0.04368089259882346
    },
    "user": 12406,
    "size": 8750
}