{
    "LSTM": {
        "RMSE": 0.259824913881097,
        "LogLoss": 0.2544646362847677,
        "RMSE(bins)": 0.03955397416889125
    },
    "user": 12421,
    "size": 60910
}