{
    "LSTM": {
        "RMSE": 0.2592820992868169,
        "LogLoss": 0.2123951772751113,
        "RMSE(bins)": 0.16799827017020774
    },
    "user": 12450,
    "size": 9685
}