{
    "LSTM": {
        "RMSE": 0.42667602384915515,
        "LogLoss": 0.6018475205555508,
        "RMSE(bins)": 0.15774610052076224
    },
    "user": 12473,
    "size": 8205
}