{
    "LSTM": {
        "RMSE": 0.3578700875902446,
        "LogLoss": 0.4216677915536915,
        "RMSE(bins)": 0.05911774910043628
    },
    "user": 12501,
    "size": 80620
}