{
    "LSTM": {
        "RMSE": 0.39349035438340435,
        "LogLoss": 0.5202267930549337,
        "RMSE(bins)": 0.1332467362507179,
        "ICI": 0.09544837705787365
    },
    "user": 12520,
    "size": 11025
}