{
    "LSTM": {
        "RMSE": 0.29807059286495174,
        "LogLoss": 0.32033153527039576,
        "RMSE(bins)": 0.10651073252238988
    },
    "user": 12591,
    "size": 47360
}