{
    "LSTM": {
        "RMSE": 0.3445198298381101,
        "LogLoss": 0.4429637817197954,
        "RMSE(bins)": 0.24432636216274398
    },
    "user": 12624,
    "size": 6070
}