{
    "LSTM": {
        "RMSE": 0.4726102268104447,
        "LogLoss": 0.7038278609310873,
        "RMSE(bins)": 0.30465343383700444,
        "ICI": 0.20834874296268616
    },
    "user": 12678,
    "size": 3225
}