{
    "metrics": {
        "RMSE": 0.2519763243046621,
        "LogLoss": 0.24244380146626865,
        "RMSE(bins)": 0.030448987702986232,
        "ICI": 0.00980790441438978
    },
    "user": 12739,
    "size": 24600
}