{
    "LSTM": {
        "RMSE": 0.4268309828579768,
        "LogLoss": 0.6160057340718488,
        "RMSE(bins)": 0.10096072286122018,
        "ICI": 0.06528355069078742
    },
    "user": 12749,
    "size": 7060
}