{
    "LSTM": {
        "RMSE": 0.2633776963511023,
        "LogLoss": 0.2578793911656543,
        "RMSE(bins)": 0.03091552697789104
    },
    "user": 12788,
    "size": 114670
}