{
    "LSTM": {
        "RMSE": 0.6690290674041051,
        "LogLoss": 1.8857776620770432,
        "RMSE(bins)": 0.6154515429672567
    },
    "user": 12840,
    "size": 960
}