{
    "LSTM": {
        "RMSE": 0.1816732904754313,
        "LogLoss": 0.1546344162699368,
        "RMSE(bins)": 0.1631054742934327
    },
    "user": 12869,
    "size": 5780
}