{
    "LSTM": {
        "RMSE": 0.42065449117747217,
        "LogLoss": 0.715219860465611,
        "RMSE(bins)": 0.1763866519390686
    },
    "user": 12876,
    "size": 48315
}