{
    "metrics": {
        "RMSE": 0.24676547032173154,
        "LogLoss": 0.23704756414549005,
        "RMSE(bins)": 0.040346748797324666,
        "ICI": 0.019591008058625275
    },
    "user": 13046,
    "size": 62635
}