{
    "LSTM": {
        "RMSE": 0.26740852618866073,
        "LogLoss": 0.27428211922595414,
        "RMSE(bins)": 0.0770048264148328,
        "ICI": 0.048658599521460295
    },
    "user": 13170,
    "size": 55100
}