{
    "LSTM": {
        "RMSE": 0.34222743952750984,
        "LogLoss": 0.3938907541288394,
        "RMSE(bins)": 0.049464916662252195
    },
    "user": 13179,
    "size": 16185
}