{
    "LSTM": {
        "RMSE": 0.611415891761905,
        "LogLoss": 2.501201746041363,
        "RMSE(bins)": 0.4430249650105628
    },
    "user": 13274,
    "size": 1395
}