{
    "LSTM": {
        "RMSE": 0.38130987470697114,
        "LogLoss": 0.5173058894111309,
        "RMSE(bins)": 0.19381337969043982,
        "ICI": 0.13167168035045942
    },
    "user": 13296,
    "size": 12140
}