{
    "LSTM": {
        "RMSE": 0.4597629823637302,
        "LogLoss": 0.6425481127087672,
        "RMSE(bins)": 0.13127087295959244,
        "ICI": 0.09610297644897005
    },
    "user": 13323,
    "size": 8200
}