{
    "metrics": {
        "RMSE": 0.21817672704834942,
        "LogLoss": 0.19613471364302784,
        "RMSE(bins)": 0.07958923286085626,
        "ICI": 0.03829449507678303
    },
    "user": 13432,
    "size": 4150
}