{
    "LSTM": {
        "RMSE": 0.4905986073050491,
        "LogLoss": 0.8720196671957234,
        "RMSE(bins)": 0.20766564770153162
    },
    "user": 13559,
    "size": 80565
}