{
    "LSTM": {
        "RMSE": 0.28595609901900937,
        "LogLoss": 0.3039497728082462,
        "RMSE(bins)": 0.042731760786868855,
        "ICI": 0.028342798839744002
    },
    "user": 13662,
    "size": 77940
}