{
    "metrics": {
        "RMSE": 0.5026021260455074,
        "LogLoss": 0.8305902931935353,
        "RMSE(bins)": 0.22076037941553645,
        "ICI": 0.14685883179006012
    },
    "user": 13935,
    "size": 10325
}