{
    "LSTM": {
        "RMSE": 0.2915554678571291,
        "LogLoss": 0.3305407000071039,
        "RMSE(bins)": 0.05801434593328294
    },
    "user": 13990,
    "size": 33060
}