{
    "LSTM": {
        "RMSE": 0.4023766992574605,
        "LogLoss": 0.6139804663474949,
        "RMSE(bins)": 0.20195325745390522
    },
    "user": 13996,
    "size": 73730
}