{
    "LSTM": {
        "RMSE": 0.21123748897466038,
        "LogLoss": 0.18336217868659466,
        "RMSE(bins)": 0.20616291111343985
    },
    "user": 14058,
    "size": 7830
}