{
    "LSTM": {
        "RMSE": 0.45753372135041903,
        "LogLoss": 0.6806906465244392,
        "RMSE(bins)": 0.22295350690379726
    },
    "user": 14067,
    "size": 4785
}