{
    "LSTM": {
        "RMSE": 0.5389458126452955,
        "LogLoss": 0.9908614386140742,
        "RMSE(bins)": 0.26779139568821586
    },
    "user": 14191,
    "size": 10490
}