{
    "LSTM": {
        "RMSE": 0.47248811789815787,
        "LogLoss": 1.2796050931021068,
        "RMSE(bins)": 0.20651471753249195,
        "ICI": 0.14503060846573024
    },
    "user": 14233,
    "size": 36235
}