{
    "LSTM": {
        "RMSE": 0.43615642431680446,
        "LogLoss": 0.7113130173096494,
        "RMSE(bins)": 0.14937590992625807,
        "ICI": 0.1273050293534637
    },
    "user": 14250,
    "size": 49855
}