{
    "LSTM": {
        "RMSE": 0.3728654246940708,
        "LogLoss": 0.4585672924013252,
        "RMSE(bins)": 0.0739565938479544
    },
    "user": 14291,
    "size": 31990
}