{
    "LSTM": {
        "RMSE": 0.37718400647721445,
        "LogLoss": 0.6133158011992005,
        "RMSE(bins)": 0.10845759753707217
    },
    "user": 14352,
    "size": 8220
}