{
    "metrics": {
        "RMSE": 0.44275233131960956,
        "LogLoss": 0.5994025660630466,
        "RMSE(bins)": 0.2003359747504609,
        "ICI": 0.14979408343539022
    },
    "user": 1443,
    "size": 775
}