{
    "LSTM": {
        "RMSE": 0.17559923494669782,
        "LogLoss": 0.14302193945903025,
        "RMSE(bins)": 0.05332030403052281
    },
    "user": 14599,
    "size": 15660
}