{
    "LSTM": {
        "RMSE": 0.33272638591399223,
        "LogLoss": 0.8218296300868625,
        "RMSE(bins)": 0.22424504509973042,
        "ICI": 0.11643629601974526
    },
    "user": 14647,
    "size": 5735
}