{
    "metrics": {
        "RMSE": 0.3700454395472798,
        "LogLoss": 0.44184774782012687,
        "RMSE(bins)": 0.09678441832388923,
        "ICI": 0.050372165999209025
    },
    "user": 14673,
    "size": 16575
}