{
    "metrics": {
        "RMSE": 0.359029231978583,
        "LogLoss": 0.4548897614112539,
        "RMSE(bins)": 0.09197685162246425,
        "ICI": 0.06129722112980744
    },
    "user": 14898,
    "size": 19050
}