{
    "LSTM": {
        "RMSE": 0.4222070303395572,
        "LogLoss": 0.5823534038465934,
        "RMSE(bins)": 0.09370418487250523
    },
    "user": 14980,
    "size": 101120
}