{
    "LSTM": {
        "RMSE": 0.43363739259085654,
        "LogLoss": 0.613518067724352,
        "RMSE(bins)": 0.16723623385780068,
        "ICI": 0.10567732722841348
    },
    "user": 15044,
    "size": 3640
}