{
    "metrics": {
        "RMSE": 0.4602710278235868,
        "LogLoss": 0.6606995350551709,
        "RMSE(bins)": 0.15315039136728015,
        "ICI": 0.10385403615525139
    },
    "user": 15077,
    "size": 8580
}