{
    "LSTM": {
        "RMSE": 0.44471501065649255,
        "LogLoss": 0.7711933471447271,
        "RMSE(bins)": 0.13430416009993867,
        "ICI": 0.08773899484218177
    },
    "user": 15395,
    "size": 47705
}