{
    "LSTM": {
        "RMSE": 0.29395730488860394,
        "LogLoss": 0.3079430203892545,
        "RMSE(bins)": 0.04025621380710584
    },
    "user": 15407,
    "size": 96785
}