{
    "LSTM": {
        "RMSE": 0.29562628830042387,
        "LogLoss": 0.31077959769891206,
        "RMSE(bins)": 0.042594775320011255
    },
    "user": 15407,
    "size": 99585
}