{
    "LSTM": {
        "RMSE": 0.3011268105149145,
        "LogLoss": 0.3177265947933429,
        "RMSE(bins)": 0.11933643525198072
    },
    "user": 15436,
    "size": 13880
}