{
    "LSTM": {
        "RMSE": 0.24229082172279046,
        "LogLoss": 0.24059947064780002,
        "RMSE(bins)": 0.2247551088690261
    },
    "user": 1546,
    "size": 2275
}