{
    "LSTM": {
        "RMSE": 0.29906824526427506,
        "LogLoss": 0.325904620645747,
        "RMSE(bins)": 0.05754580756580335,
        "ICI": 0.03115623098860888
    },
    "user": 15469,
    "size": 78935
}