{
    "LSTM": {
        "RMSE": 0.3691838337364861,
        "LogLoss": 0.46021083312982813,
        "RMSE(bins)": 0.2551001078524019
    },
    "user": 15483,
    "size": 2480
}