{
    "LSTM": {
        "RMSE": 0.5456416151937085,
        "LogLoss": 1.1218855362729214,
        "RMSE(bins)": 0.2544101337126957
    },
    "user": 1555,
    "size": 7735
}