{
    "LSTM": {
        "RMSE": 0.3881465519772393,
        "LogLoss": 0.5125090647015548,
        "RMSE(bins)": 0.08558004995149798
    },
    "user": 15815,
    "size": 5960
}