{
    "LSTM": {
        "RMSE": 0.2946449738380753,
        "LogLoss": 0.3149844717421129,
        "RMSE(bins)": 0.12049549030222162
    },
    "user": 16086,
    "size": 48705
}