{
    "LSTM": {
        "RMSE": 0.4864319645836718,
        "LogLoss": 0.7005739157096459,
        "RMSE(bins)": 0.2661672068006535
    },
    "user": 16257,
    "size": 2055
}