{
    "LSTM": {
        "RMSE": 0.2892345058161363,
        "LogLoss": 0.3004841606726579,
        "RMSE(bins)": 0.03453007554721687
    },
    "user": 16303,
    "size": 340510
}