{
    "LSTM": {
        "RMSE": 0.29022671280601603,
        "LogLoss": 0.31821765519023126,
        "RMSE(bins)": 0.1208993654754958,
        "ICI": 0.0747274714558337
    },
    "user": 16345,
    "size": 7535
}