{
    "LSTM": {
        "RMSE": 0.20039021722284567,
        "LogLoss": 0.1786564684409215,
        "RMSE(bins)": 0.05969899352861875
    },
    "user": 1636,
    "size": 52215
}