{
    "LSTM": {
        "RMSE": 0.28762624134501064,
        "LogLoss": 0.30587695321664904,
        "RMSE(bins)": 0.020239529733571234
    },
    "user": 16363,
    "size": 76980
}