{
    "metrics": {
        "RMSE": 0.4528062182292371,
        "LogLoss": 0.8164416468440427,
        "RMSE(bins)": 0.13391418921549397,
        "ICI": 0.08567712732287525
    },
    "user": 16404,
    "size": 9370
}