{
    "LSTM": {
        "RMSE": 0.48358581594156247,
        "LogLoss": 0.7555551850131965,
        "RMSE(bins)": 0.14848588299551596
    },
    "user": 16449,
    "size": 9660
}