{
    "LSTM": {
        "RMSE": 0.508787261537996,
        "LogLoss": 0.8638919938444607,
        "RMSE(bins)": 0.17199534424003032
    },
    "user": 16494,
    "size": 49860
}