{
    "LSTM": {
        "RMSE": 0.4867440616587303,
        "LogLoss": 0.9263350461837851,
        "RMSE(bins)": 0.2191073879958296
    },
    "user": 16573,
    "size": 2390
}