{
    "LSTM": {
        "RMSE": 0.40277455896735365,
        "LogLoss": 0.609141909627084,
        "RMSE(bins)": 0.1064085419473593
    },
    "user": 16623,
    "size": 13490
}