{
    "LSTM": {
        "RMSE": 0.4004083922864684,
        "LogLoss": 0.669970349687741,
        "RMSE(bins)": 0.1733726219020843
    },
    "user": 16673,
    "size": 21525
}