{
    "LSTM": {
        "RMSE": 0.36380000377000804,
        "LogLoss": 0.45294030621795167,
        "RMSE(bins)": 0.1252803560527923,
        "ICI": 0.08054689064642585
    },
    "user": 16753,
    "size": 35985
}