{
    "LSTM": {
        "RMSE": 0.5741476102163806,
        "LogLoss": 2.216615785553632,
        "RMSE(bins)": 0.3082113163554052
    },
    "user": 16784,
    "size": 3130
}