{
    "LSTM": {
        "RMSE": 0.21904715818289744,
        "LogLoss": 0.3527127005695837,
        "RMSE(bins)": 0.04785455518118098
    },
    "user": 1678,
    "size": 80640
}