{
    "metrics": {
        "RMSE": 0.2884707530780485,
        "LogLoss": 0.31691280963128926,
        "RMSE(bins)": 0.047067445426510424,
        "ICI": 0.03450613692429857
    },
    "user": 168,
    "size": 18640
}