{
    "LSTM": {
        "RMSE": 0.5090140951344679,
        "LogLoss": 0.8631605890485878,
        "RMSE(bins)": 0.48844647055972973
    },
    "user": 16810,
    "size": 1140
}