{
    "LSTM": {
        "RMSE": 0.3905262167601231,
        "LogLoss": 0.5166913181672513,
        "RMSE(bins)": 0.07968462416252671
    },
    "user": 16898,
    "size": 45365
}