{
    "LSTM": {
        "RMSE": 0.5332275243201109,
        "LogLoss": 0.9366470499022845,
        "RMSE(bins)": 0.28758152917060165
    },
    "user": 17037,
    "size": 10075
}