{
    "LSTM": {
        "RMSE": 0.36180622167667525,
        "LogLoss": 0.4566693613856388,
        "RMSE(bins)": 0.1164724360377864
    },
    "user": 17064,
    "size": 115705
}