{
    "LSTM": {
        "RMSE": 0.4099930627749116,
        "LogLoss": 0.5368768226911604,
        "RMSE(bins)": 0.2360847609268733
    },
    "user": 17081,
    "size": 4195
}