{
    "LSTM": {
        "RMSE": 0.447617126524442,
        "LogLoss": 0.606925068562114,
        "RMSE(bins)": 0.1010560789271032
    },
    "user": 17117,
    "size": 37785
}