{
    "LSTM": {
        "RMSE": 0.5113381015251592,
        "LogLoss": 0.9576304396591989,
        "RMSE(bins)": 0.27140378049843217
    },
    "user": 17114,
    "size": 1695
}