{
    "LSTM": {
        "RMSE": 0.38144183709568164,
        "LogLoss": 0.5215223062035641,
        "RMSE(bins)": 0.12312410746782676
    },
    "user": 17184,
    "size": 8390
}