{
    "LSTM": {
        "RMSE": 0.2448202348616108,
        "LogLoss": 0.22504708724720404,
        "RMSE(bins)": 0.021215036200496633,
        "ICI": 0.007059403944011898
    },
    "user": 17187,
    "size": 97920
}