{
    "LSTM": {
        "RMSE": 0.23912625189772746,
        "LogLoss": 0.26761338858829903,
        "RMSE(bins)": 0.0752195074340337
    },
    "user": 17197,
    "size": 119020
}