{
    "LSTM": {
        "RMSE": 0.3770021479095826,
        "LogLoss": 0.44300873940270313,
        "RMSE(bins)": 0.3220847135544779
    },
    "user": 17263,
    "size": 2080
}