{
    "LSTM": {
        "RMSE": 0.18623880988235278,
        "LogLoss": 0.14387971287576293,
        "RMSE(bins)": 0.02449086888235182
    },
    "user": 17414,
    "size": 45845
}