{
    "LSTM": {
        "RMSE": 0.19806884487521045,
        "LogLoss": 0.1661912726525244,
        "RMSE(bins)": 0.05860291054636697
    },
    "user": 17614,
    "size": 45375
}