{
    "LSTM": {
        "RMSE": 0.30939081556485765,
        "LogLoss": 0.35196812751294404,
        "RMSE(bins)": 0.07278403234101857
    },
    "user": 17669,
    "size": 6435
}