{
    "LSTM": {
        "RMSE": 0.2399299161989687,
        "LogLoss": 0.27778426085503327,
        "RMSE(bins)": 0.2318316682331252
    },
    "user": 17709,
    "size": 11570
}