{
    "LSTM": {
        "RMSE": 0.47204315637516686,
        "LogLoss": 0.6688566545795863,
        "RMSE(bins)": 0.10559615585514949
    },
    "user": 17725,
    "size": 40875
}