{
    "LSTM": {
        "RMSE": 0.40752846113072877,
        "LogLoss": 0.6084209120848084,
        "RMSE(bins)": 0.1222971073014712,
        "ICI": 0.09879917032962598
    },
    "user": 17797,
    "size": 128165
}