{
    "LSTM": {
        "RMSE": 0.3924336577246852,
        "LogLoss": 0.5770246461271634,
        "RMSE(bins)": 0.23318557372309606
    },
    "user": 18029,
    "size": 4335
}