{
    "LSTM": {
        "RMSE": 0.2623960964387689,
        "LogLoss": 0.2690737651046737,
        "RMSE(bins)": 0.034578671415020225
    },
    "user": 18130,
    "size": 34475
}