{
    "LSTM": {
        "RMSE": 0.5560823801866526,
        "LogLoss": 1.0695354686996128,
        "RMSE(bins)": 0.42776181921336104
    },
    "user": 18148,
    "size": 1685
}