{
    "LSTM": {
        "RMSE": 0.3695257560474382,
        "LogLoss": 0.5115129480958162,
        "RMSE(bins)": 0.15330650530460008
    },
    "user": 18145,
    "size": 3535
}