{
    "LSTM": {
        "RMSE": 0.27120000465307004,
        "LogLoss": 0.283945987147233,
        "RMSE(bins)": 0.045195774558165626,
        "ICI": 0.018192434248181923
    },
    "user": 18151,
    "size": 199835
}