{
    "metrics": {
        "RMSE": 0.506613136218808,
        "LogLoss": 0.810807478994096,
        "RMSE(bins)": 0.2065387083850085,
        "ICI": 0.16689806772502505
    },
    "user": 18180,
    "size": 3485
}