{
    "LSTM": {
        "RMSE": 0.358666308172227,
        "LogLoss": 0.4274490561064651,
        "RMSE(bins)": 0.11062912363424168
    },
    "user": 18328,
    "size": 2325
}