{
    "LSTM": {
        "RMSE": 0.2888803326901697,
        "LogLoss": 0.3051793259897347,
        "RMSE(bins)": 0.04436331533250004
    },
    "user": 18409,
    "size": 69825
}