{
    "LSTM": {
        "RMSE": 0.3436005372415657,
        "LogLoss": 0.4176561221250703,
        "RMSE(bins)": 0.08261948491572628,
        "ICI": 0.04943800457365877
    },
    "user": 18428,
    "size": 162205
}