{
    "metrics": {
        "RMSE": 0.3629662906010582,
        "LogLoss": 0.4620235001960664,
        "RMSE(bins)": 0.15423068185546737,
        "ICI": 0.07283493488208927
    },
    "user": 18503,
    "size": 20655
}