{
    "LSTM": {
        "RMSE": 0.23657325659935757,
        "LogLoss": 0.21764472242253952,
        "RMSE(bins)": 0.12144681510313084
    },
    "user": 1862,
    "size": 36945
}