{
    "LSTM": {
        "RMSE": 0.48471721055576666,
        "LogLoss": 1.0008509022954382,
        "RMSE(bins)": 0.4128632500608922,
        "ICI": 0.2700797774708817
    },
    "user": 18631,
    "size": 2365
}