{
    "LSTM": {
        "RMSE": 0.36951377320083056,
        "LogLoss": 0.7552037039526622,
        "RMSE(bins)": 0.18833067801659503
    },
    "user": 18709,
    "size": 1685
}