{
    "LSTM": {
        "RMSE": 0.3901059101416996,
        "LogLoss": 0.5290234418355828,
        "RMSE(bins)": 0.11869739984547165
    },
    "user": 18776,
    "size": 28130
}