{
    "metrics": {
        "RMSE": 0.37437867069592207,
        "LogLoss": 0.47081888883570283,
        "RMSE(bins)": 0.13294969076025612,
        "ICI": 0.07757796386784088
    },
    "user": 18936,
    "size": 3715
}