{
    "LSTM": {
        "RMSE": 0.4676615428552687,
        "LogLoss": 0.7692973508747206,
        "RMSE(bins)": 0.30044156301424874
    },
    "user": 19077,
    "size": 9400
}