{
    "LSTM": {
        "RMSE": 0.33428878127166145,
        "LogLoss": 0.3751913996046758,
        "RMSE(bins)": 0.2842563748427423,
        "ICI": 0.24160394647950453
    },
    "user": 19151,
    "size": 3440
}