{
    "metrics": {
        "RMSE": 0.3354744175086655,
        "LogLoss": 0.36902176484986443,
        "RMSE(bins)": 0.08740299851882892,
        "ICI": 0.03751067394503495
    },
    "user": 19194,
    "size": 28480
}