{
    "LSTM": {
        "RMSE": 0.4162755696550153,
        "LogLoss": 0.5604985054041844,
        "RMSE(bins)": 0.07479606831810134,
        "ICI": 0.05826818281295775
    },
    "user": 19257,
    "size": 33805
}