{
    "LSTM": {
        "RMSE": 0.3673129190645795,
        "LogLoss": 0.49042663186496505,
        "RMSE(bins)": 0.13125372160469756,
        "ICI": 0.0821204569333902
    },
    "user": 19339,
    "size": 21155
}