{
    "LSTM": {
        "RMSE": 0.3993765039122205,
        "LogLoss": 0.5483357639912175,
        "RMSE(bins)": 0.10725963191055897
    },
    "user": 19414,
    "size": 78080
}