{
    "LSTM": {
        "RMSE": 0.05187152151807269,
        "LogLoss": 0.03039032853962693,
        "RMSE(bins)": 0.03174275381475247
    },
    "user": 19484,
    "size": 12005
}