{
    "LSTM": {
        "RMSE": 0.5271193891096432,
        "LogLoss": 1.7965873894470328,
        "RMSE(bins)": 0.47541377653154554
    },
    "user": 19512,
    "size": 3280
}