{
    "LSTM": {
        "RMSE": 0.1285277180062088,
        "LogLoss": 0.0818656637112701,
        "RMSE(bins)": 0.0580164731617107,
        "ICI": 0.0166427658392634
    },
    "user": 19574,
    "size": 57475
}