{
    "LSTM": {
        "RMSE": 0.4970043176784217,
        "LogLoss": 1.2235365669934404,
        "RMSE(bins)": 0.24295717589159307
    },
    "user": 19587,
    "size": 625
}