{
    "LSTM": {
        "RMSE": 0.3438344450647149,
        "LogLoss": 0.4443434549636704,
        "RMSE(bins)": 0.07524137309036605
    },
    "user": 19706,
    "size": 14800
}