{
    "LSTM": {
        "RMSE": 0.6398630991044794,
        "LogLoss": 2.8431691977367577,
        "RMSE(bins)": 0.567108896706142,
        "ICI": 0.4704479245117855
    },
    "user": 19835,
    "size": 1180
}