{
    "LSTM": {
        "RMSE": 0.35635685438816317,
        "LogLoss": 0.44820224721770463,
        "RMSE(bins)": 0.20029645957219652,
        "ICI": 0.0962901446409955
    },
    "user": 19848,
    "size": 3750
}