{
    "LSTM": {
        "RMSE": 0.3613230466105862,
        "LogLoss": 0.4370957387219666,
        "RMSE(bins)": 0.05873735200389761
    },
    "user": 19961,
    "size": 51915
}