{
    "LSTM": {
        "RMSE": 0.12562778174145328,
        "LogLoss": 0.08375548305589457,
        "RMSE(bins)": 0.05115987602937172
    },
    "user": 1999,
    "size": 84640
}