{
    "metrics": {
        "RMSE": 0.2248149729808624,
        "LogLoss": 0.21142479864470545,
        "RMSE(bins)": 0.10662372430735868,
        "ICI": 0.0616287289864237
    },
    "user": 2006,
    "size": 13015
}