{
    "LSTM": {
        "RMSE": 0.3295907284093307,
        "LogLoss": 0.362705633769699,
        "RMSE(bins)": 0.0877684892612936,
        "ICI": 0.031220066270363427
    },
    "user": 2040,
    "size": 72610
}