{
    "LSTM": {
        "RMSE": 0.560355180681703,
        "LogLoss": 3.053950820383175,
        "RMSE(bins)": 0.2986579220350452
    },
    "user": 2083,
    "size": 3515
}