{
    "LSTM": {
        "RMSE": 0.40226812461299055,
        "LogLoss": 0.5242055057612693,
        "RMSE(bins)": 0.08086574128916832,
        "ICI": 0.05753357622283036
    },
    "user": 2436,
    "size": 102615
}