{
    "LSTM": {
        "RMSE": 0.36681872370445934,
        "LogLoss": 0.5390059356224665,
        "RMSE(bins)": 0.12109113831732964
    },
    "user": 2444,
    "size": 30845
}