{
    "LSTM": {
        "RMSE": 0.48758458039299885,
        "LogLoss": 0.7230756410436091,
        "RMSE(bins)": 0.17666592613902035,
        "ICI": 0.1559721212652357
    },
    "user": 2454,
    "size": 32610
}