{
    "LSTM": {
        "RMSE": 0.3250443399743502,
        "LogLoss": 0.3801248582681889,
        "RMSE(bins)": 0.04889991579626463,
        "ICI": 0.032621026257273616
    },
    "user": 2494,
    "size": 17915
}