{
    "LSTM": {
        "RMSE": 0.5397384039737801,
        "LogLoss": 0.982666694074537,
        "RMSE(bins)": 0.3267578601902004
    },
    "user": 2838,
    "size": 3815
}