{
    "LSTM": {
        "RMSE": 0.5947737490686305,
        "LogLoss": 3.367747376425624,
        "RMSE(bins)": 0.33696263566829276
    },
    "user": 2904,
    "size": 285
}