{
    "LSTM": {
        "RMSE": 0.4584801688746028,
        "LogLoss": 0.8196742229941747,
        "RMSE(bins)": 0.2223611648686493,
        "ICI": 0.18007276897807176
    },
    "user": 3039,
    "size": 18745
}