{
    "LSTM": {
        "RMSE": 0.3291116534208031,
        "LogLoss": 0.3989604349959209,
        "RMSE(bins)": 0.08195507567889664
    },
    "user": 3065,
    "size": 18550
}