{
    "LSTM": {
        "RMSE": 0.30493958755332995,
        "LogLoss": 0.4433663477640297,
        "RMSE(bins)": 0.2727938136266269
    },
    "user": 3076,
    "size": 3255
}