{
    "LSTM": {
        "RMSE": 0.282203322453729,
        "LogLoss": 0.30513861453427366,
        "RMSE(bins)": 0.11570245875262179
    },
    "user": 3123,
    "size": 51320
}