{
    "LSTM": {
        "RMSE": 0.25411451212750163,
        "LogLoss": 0.25018519782098336,
        "RMSE(bins)": 0.12667702536327638
    },
    "user": 3143,
    "size": 7390
}