{
    "metrics": {
        "RMSE": 0.35579848355461635,
        "LogLoss": 0.42290619479245894,
        "RMSE(bins)": 0.10153856896882142,
        "ICI": 0.036390044215989494
    },
    "user": 3153,
    "size": 23635
}