{
    "LSTM": {
        "RMSE": 0.25628852353913,
        "LogLoss": 0.2519622212940276,
        "RMSE(bins)": 0.1556187042538085
    },
    "user": 3276,
    "size": 9620
}