{
    "LSTM": {
        "RMSE": 0.3977358849279015,
        "LogLoss": 0.5006473475097444,
        "RMSE(bins)": 0.08732513277062502
    },
    "user": 3440,
    "size": 21680
}