{
    "metrics": {
        "RMSE": 0.23121601800693153,
        "LogLoss": 0.20222836090219248,
        "RMSE(bins)": 0.19119330343102484,
        "ICI": 0.10901679021776453
    },
    "user": 3497,
    "size": 7715
}