{
    "LSTM": {
        "RMSE": 0.4219209478002848,
        "LogLoss": 0.5381071330468075,
        "RMSE(bins)": 0.285953152718285,
        "ICI": 0.18736953023704642
    },
    "user": 3572,
    "size": 5420
}