{
    "LSTM": {
        "RMSE": 0.3973573329967248,
        "LogLoss": 0.5231535085463157,
        "RMSE(bins)": 0.07438204309415247,
        "ICI": 0.0558309769338786
    },
    "user": 3628,
    "size": 39735
}