{
    "LSTM": {
        "RMSE": 0.418131057782544,
        "LogLoss": 0.5725203100229068,
        "RMSE(bins)": 0.08988268602108049
    },
    "user": 3790,
    "size": 39145
}