{
    "LSTM": {
        "RMSE": 0.36314122997459053,
        "LogLoss": 0.4320568150755044,
        "RMSE(bins)": 0.16096470100266044
    },
    "user": 3844,
    "size": 3860
}