{
    "LSTM": {
        "RMSE": 0.438123460230926,
        "LogLoss": 0.8097132436929266,
        "RMSE(bins)": 0.13296914881840527
    },
    "user": 3937,
    "size": 37190
}