{
    "metrics": {
        "RMSE": 0.27348677577205566,
        "LogLoss": 0.2885151277582696,
        "RMSE(bins)": 0.07029245342894908,
        "ICI": 0.032821750060703585
    },
    "user": 3943,
    "size": 30470
}