{
    "LSTM": {
        "RMSE": 0.28413617269935243,
        "LogLoss": 0.30633817768382204,
        "RMSE(bins)": 0.042517082359095716,
        "ICI": 0.030974968952031914
    },
    "user": 4295,
    "size": 106470
}