{
    "metrics": {
        "RMSE": 0.6076673048627194,
        "LogLoss": 2.2674836081357332,
        "RMSE(bins)": 0.477305629170277,
        "ICI": 0.42258576754111277
    },
    "user": 4350,
    "size": 2240
}