{
    "LSTM": {
        "RMSE": 0.3253334300938415,
        "LogLoss": 0.39209169338892846,
        "RMSE(bins)": 0.10230404802710724,
        "ICI": 0.07319097099226256
    },
    "user": 4518,
    "size": 23830
}