{
    "LSTM": {
        "RMSE": 0.39705887692123853,
        "LogLoss": 0.6908900767143323,
        "RMSE(bins)": 0.17935366104807432
    },
    "user": 4559,
    "size": 14680
}