{
    "LSTM": {
        "RMSE": 0.4328627516864268,
        "LogLoss": 0.6553100981887402,
        "RMSE(bins)": 0.24053363843818198
    },
    "user": 4732,
    "size": 7820
}