{
    "LSTM": {
        "RMSE": 0.39211526239324634,
        "LogLoss": 0.4905966527930651,
        "RMSE(bins)": 0.12041285808325498
    },
    "user": 4757,
    "size": 9240
}