{
    "metrics": {
        "RMSE": 0.5028759298125286,
        "LogLoss": 0.7561313205365856,
        "RMSE(bins)": 0.19429982028974443,
        "ICI": 0.1804449681247186
    },
    "user": 4870,
    "size": 5885
}