{
    "LSTM": {
        "RMSE": 0.4238966495268736,
        "LogLoss": 0.6805356031201687,
        "RMSE(bins)": 0.2778850565243332
    },
    "user": 4949,
    "size": 14995
}