{
    "LSTM": {
        "RMSE": 0.18719515426752828,
        "LogLoss": 0.16747254689377666,
        "RMSE(bins)": 0.18326133652773557
    },
    "user": 4991,
    "size": 2845
}