{
    "LSTM": {
        "RMSE": 0.46800167570890855,
        "LogLoss": 0.8021308666642687,
        "RMSE(bins)": 0.2018510971630073
    },
    "user": 504,
    "size": 2610
}