{
    "LSTM": {
        "RMSE": 0.42975561330355494,
        "LogLoss": 0.5588535103392815,
        "RMSE(bins)": 0.09596108405633551
    },
    "user": 5077,
    "size": 1850
}