{
    "LSTM": {
        "RMSE": 0.42874771532153916,
        "LogLoss": 0.6110738027266389,
        "RMSE(bins)": 0.09419701604274502
    },
    "user": 5162,
    "size": 16815
}