{
    "LSTM": {
        "RMSE": 0.35855583799538926,
        "LogLoss": 0.43778505498456655,
        "RMSE(bins)": 0.06952604557347167,
        "ICI": 0.0532919584291927
    },
    "user": 5235,
    "size": 15430
}