{
    "metrics": {
        "RMSE": 0.26934009514764506,
        "LogLoss": 0.2667442790888838,
        "RMSE(bins)": 0.19561037466445183,
        "ICI": 0.12580351964496872
    },
    "user": 5243,
    "size": 8570
}