{
    "LSTM": {
        "RMSE": 0.4929045786567357,
        "LogLoss": 0.8348778240024036,
        "RMSE(bins)": 0.28490618581015187
    },
    "user": 5261,
    "size": 7275
}