{
    "LSTM": {
        "RMSE": 0.39511599596849173,
        "LogLoss": 0.5190917360130806,
        "RMSE(bins)": 0.14491813403985399
    },
    "user": 5297,
    "size": 7935
}