{
    "LSTM": {
        "RMSE": 0.1928470202031383,
        "LogLoss": 0.15951932070478816,
        "RMSE(bins)": 0.032544296663665664
    },
    "user": 5454,
    "size": 71520
}