{
    "LSTM": {
        "RMSE": 0.6073003700047095,
        "LogLoss": 1.2797085334283465,
        "RMSE(bins)": 0.4172569931237725,
        "ICI": 0.3428268717751062
    },
    "user": 5532,
    "size": 1695
}