{
    "LSTM": {
        "RMSE": 0.35390676479061595,
        "LogLoss": 0.4256102027058635,
        "RMSE(bins)": 0.1122641159238032,
        "ICI": 0.08000734675926165
    },
    "user": 5589,
    "size": 605
}