{
    "LSTM": {
        "RMSE": 0.33639878003138235,
        "LogLoss": 0.37943001179409175,
        "RMSE(bins)": 0.10755321470326391
    },
    "user": 5651,
    "size": 26060
}