{
    "LSTM": {
        "RMSE": 0.26899882893952287,
        "LogLoss": 0.2806747658607292,
        "RMSE(bins)": 0.03071638821557212,
        "ICI": 0.017159209858730606
    },
    "user": 5833,
    "size": 23425
}