{
    "LSTM": {
        "RMSE": 0.4741913814766334,
        "LogLoss": 0.7858187197013662,
        "RMSE(bins)": 0.3772975161725,
        "ICI": 0.24745959576282034
    },
    "user": 5917,
    "size": 2410
}