{
    "LSTM": {
        "RMSE": 0.14685226987914296,
        "LogLoss": 0.11467553797878569,
        "RMSE(bins)": 0.0707660462230125
    },
    "user": 5954,
    "size": 16690
}