{
    "LSTM": {
        "RMSE": 0.49155168956277967,
        "LogLoss": 0.7663935933727631,
        "RMSE(bins)": 0.2984097831272198
    },
    "user": 6033,
    "size": 7675
}