{
    "LSTM": {
        "RMSE": 0.398460300379074,
        "LogLoss": 0.5154502725338564,
        "RMSE(bins)": 0.10209874052587616
    },
    "user": 605,
    "size": 23275
}