{
    "LSTM": {
        "RMSE": 0.42746868514612124,
        "LogLoss": 0.6623348610243525,
        "RMSE(bins)": 0.15771448262072493
    },
    "user": 6071,
    "size": 11745
}