{
    "metrics": {
        "RMSE": 0.5566783966307981,
        "LogLoss": 1.6431388939247926,
        "RMSE(bins)": 0.28974441051240096,
        "ICI": 0.2362854036826986
    },
    "user": 617,
    "size": 1940
}