{
    "LSTM": {
        "RMSE": 0.2295916395298308,
        "LogLoss": 0.21677931285199054,
        "RMSE(bins)": 0.030626214966308917
    },
    "user": 623,
    "size": 38535
}