{
    "metrics": {
        "RMSE": 0.5698208571961756,
        "LogLoss": 1.3040315314540047,
        "RMSE(bins)": 0.38166862366100274,
        "ICI": 0.3034468168190866
    },
    "user": 626,
    "size": 1875
}