{
    "LSTM": {
        "RMSE": 0.2957389591286327,
        "LogLoss": 0.3196239660126633,
        "RMSE(bins)": 0.05785598543539162,
        "ICI": 0.026409098877248
    },
    "user": 6305,
    "size": 12640
}