{
    "metrics": {
        "RMSE": 0.619480762237303,
        "LogLoss": 1.972812935126212,
        "RMSE(bins)": 0.3909738680900868,
        "ICI": 0.3629459848202376
    },
    "user": 6355,
    "size": 4300
}