{
    "metrics": {
        "RMSE": 0.6016307062410279,
        "LogLoss": 1.064614981009046,
        "RMSE(bins)": 0.381888596265918,
        "ICI": 0.28719017717561124
    },
    "user": 645,
    "size": 1000
}