{
    "LSTM": {
        "RMSE": 0.5089621138184092,
        "LogLoss": 0.8153063460172439,
        "RMSE(bins)": 0.20144512332855413
    },
    "user": 6496,
    "size": 5245
}