{
    "metrics": {
        "RMSE": 0.44161591569655556,
        "LogLoss": 0.5917060667631698,
        "RMSE(bins)": 0.20498664220136262,
        "ICI": 0.15154641329698862
    },
    "user": 6511,
    "size": 3020
}