{
    "metrics": {
        "RMSE": 0.21548189300747567,
        "LogLoss": 0.19260576298621995,
        "RMSE(bins)": 0.2146652126893301,
        "ICI": 0.1590839126425569
    },
    "user": 6532,
    "size": 3485
}