{
    "metrics": {
        "RMSE": 0.38014878684682807,
        "LogLoss": 0.5145969383930586,
        "RMSE(bins)": 0.13826787228962226,
        "ICI": 0.09087818843131351
    },
    "user": 6654,
    "size": 5770
}