{
    "LSTM": {
        "RMSE": 0.2446069533486691,
        "LogLoss": 0.24770543034252235,
        "RMSE(bins)": 0.09998477023839655
    },
    "user": 6749,
    "size": 10315
}