{
    "LSTM": {
        "RMSE": 0.37830576792314213,
        "LogLoss": 0.4877628248586129,
        "RMSE(bins)": 0.0670000298747192
    },
    "user": 6822,
    "size": 157940
}