{
    "metrics": {
        "RMSE": 0.22287704421150667,
        "LogLoss": 0.21289575400101202,
        "RMSE(bins)": 0.03592652150491307,
        "ICI": 0.0231830956526849
    },
    "user": 6896,
    "size": 16505
}