{
    "LSTM": {
        "RMSE": 0.3366714400714755,
        "LogLoss": 0.3928242630331862,
        "RMSE(bins)": 0.056408957798280125
    },
    "user": 6995,
    "size": 166750
}