{
    "LSTM": {
        "RMSE": 0.3826697774859653,
        "LogLoss": 0.5605706161665848,
        "RMSE(bins)": 0.10843019504400996
    },
    "user": 7040,
    "size": 4025
}