{
    "LSTM": {
        "RMSE": 0.37508263655338864,
        "LogLoss": 0.48848312440716557,
        "RMSE(bins)": 0.14877788721867688,
        "ICI": 0.0830749918763749
    },
    "user": 7345,
    "size": 10410
}