{
    "LSTM": {
        "RMSE": 0.37576156657246834,
        "LogLoss": 0.4581912125817213,
        "RMSE(bins)": 0.06621774375610816
    },
    "user": 7486,
    "size": 29180
}