{
    "LSTM": {
        "RMSE": 0.13278681863761396,
        "LogLoss": 0.0909687888032154,
        "RMSE(bins)": 0.1319838483495438
    },
    "user": 7496,
    "size": 17740
}