{
    "LSTM": {
        "RMSE": 0.3922146130515446,
        "LogLoss": 0.5696470081368495,
        "RMSE(bins)": 0.24466035339276718
    },
    "user": 7499,
    "size": 4275
}