{
    "metrics": {
        "RMSE": 0.32381589061438193,
        "LogLoss": 0.34531374800929837,
        "RMSE(bins)": 0.02311327895393148,
        "ICI": 0.013360122961766021
    },
    "user": 7673,
    "size": 89820
}