{
    "LSTM": {
        "RMSE": 0.3555834492040305,
        "LogLoss": 0.4641877843429923,
        "RMSE(bins)": 0.0882146232552824
    },
    "user": 7743,
    "size": 25170
}