{
    "metrics": {
        "RMSE": 0.4669840003459434,
        "LogLoss": 0.7476730397536888,
        "RMSE(bins)": 0.24086486487689246,
        "ICI": 0.18156067181242097
    },
    "user": 7805,
    "size": 10310
}