{
    "LSTM": {
        "RMSE": 0.43310266226014055,
        "LogLoss": 0.6041610715493781,
        "RMSE(bins)": 0.2783069909632409
    },
    "user": 7808,
    "size": 1690
}