{
    "LSTM": {
        "RMSE": 0.32674779894042577,
        "LogLoss": 0.5470055348536984,
        "RMSE(bins)": 0.18803814453519568
    },
    "user": 7945,
    "size": 18825
}