{
    "metrics": {
        "RMSE": 0.45998590928535277,
        "LogLoss": 0.6709071364823448,
        "RMSE(bins)": 0.400198068667833,
        "ICI": 0.26980361300070077
    },
    "user": 7960,
    "size": 3510
}