{
    "LSTM": {
        "RMSE": 0.4054767903593206,
        "LogLoss": 0.5333638874918539,
        "RMSE(bins)": 0.07893436275310116
    },
    "user": 8072,
    "size": 11250
}