{
    "LSTM": {
        "RMSE": 0.5658798045885772,
        "LogLoss": 1.1824433519481836,
        "RMSE(bins)": 0.31965928391925347
    },
    "user": 8145,
    "size": 7705
}