{
    "LSTM": {
        "RMSE": 0.2500143284690906,
        "LogLoss": 0.2447725902630645,
        "RMSE(bins)": 0.051301506748282724,
        "ICI": 0.03237269210566655
    },
    "user": 8368,
    "size": 103380
}