{
    "metrics": {
        "RMSE": 0.5114856988888954,
        "LogLoss": 0.8266980525430551,
        "RMSE(bins)": 0.19672340683095738,
        "ICI": 0.1369954092161612
    },
    "user": 8391,
    "size": 14720
}