{
    "LSTM": {
        "RMSE": 0.22999801807134265,
        "LogLoss": 0.20874435837593025,
        "RMSE(bins)": 0.016110762271519037
    },
    "user": 8742,
    "size": 79365
}