{
    "LSTM": {
        "RMSE": 0.4175460088404624,
        "LogLoss": 0.595115872024807,
        "RMSE(bins)": 0.10036997603561046
    },
    "user": 8785,
    "size": 60860
}