{
    "LSTM": {
        "RMSE": 0.46561144923956244,
        "LogLoss": 0.6378007223707305,
        "RMSE(bins)": 0.18889072634296777
    },
    "user": 8817,
    "size": 1835
}