{
    "LSTM": {
        "RMSE": 0.21594479307900588,
        "LogLoss": 0.19148335461773316,
        "RMSE(bins)": 0.13320826131026106
    },
    "user": 8919,
    "size": 8345
}