{
    "LSTM": {
        "RMSE": 0.24681684527170228,
        "LogLoss": 0.27962353532779216,
        "RMSE(bins)": 0.06631477000132244
    },
    "user": 9046,
    "size": 115770
}