{
    "LSTM": {
        "RMSE": 0.4342019895747974,
        "LogLoss": 0.6302346515248453,
        "RMSE(bins)": 0.1231277260036242
    },
    "user": 9212,
    "size": 256110
}