{
    "LSTM": {
        "RMSE": 0.3438381372462,
        "LogLoss": 0.4242610129192189,
        "RMSE(bins)": 0.08285629839730191
    },
    "user": 9272,
    "size": 6855
}