{
    "LSTM": {
        "RMSE": 0.3278789130211055,
        "LogLoss": 0.4100557169186254,
        "RMSE(bins)": 0.09781831145752654
    },
    "user": 9281,
    "size": 21180
}