{
    "metrics": {
        "RMSE": 0.35750164083980607,
        "LogLoss": 0.4409101775930741,
        "RMSE(bins)": 0.08580877077706836,
        "ICI": 0.05464441805132055
    },
    "user": 9311,
    "size": 20255
}