{
    "LSTM": {
        "RMSE": 0.3360907044087278,
        "LogLoss": 0.3784135030227048,
        "RMSE(bins)": 0.04217476363217503
    },
    "user": 9383,
    "size": 6740
}