{
    "LSTM": {
        "RMSE": 0.4992314383983183,
        "LogLoss": 0.8176764112246316,
        "RMSE(bins)": 0.20974058811399393
    },
    "user": 9422,
    "size": 26145
}