{
    "LSTM": {
        "RMSE": 0.23151961389050035,
        "LogLoss": 0.24037310096190162,
        "RMSE(bins)": 0.09097083552353138,
        "ICI": 0.03466879449797547
    },
    "user": 978,
    "size": 111915
}