{
    "LSTM": {
        "RMSE": 0.5970193378097642,
        "LogLoss": 1.0407559633140846,
        "RMSE(bins)": 0.41845366161438735,
        "ICI": 0.3716433665907087
    },
    "user": 9976,
    "size": 1165
}