{
    "LSTM": {
        "RMSE": 0.31465265895605454,
        "LogLoss": 0.3598676596054099,
        "RMSE(bins)": 0.054546167102076125
    },
    "user": "9b56e87",
    "size": 23165
}