{
    "LSTM": {
        "RMSE": 0.4452765788428783,
        "LogLoss": 0.6513953977238075,
        "RMSE(bins)": 0.19240212706436083
    },
    "user": "7e4e533",
    "size": 50075
}