{
    "metrics": {
        "RMSE": 0.12535293797141286,
        "LogLoss": 0.0815437208523707,
        "RMSE(bins)": 0.04099546967015535,
        "ICI": 0.01333915296224471
    },
    "user": 10062,
    "size": 35890
}