{
    "metrics": {
        "RMSE": 0.33214248343223557,
        "LogLoss": 0.38181307428929334,
        "RMSE(bins)": 0.15367924691045623,
        "ICI": 0.08421794448735134
    },
    "user": 10079,
    "size": 2935
}