{
    "metrics": {
        "RMSE": 0.31751899813888357,
        "LogLoss": 0.32551419122168046,
        "RMSE(bins)": 0.05949038231290496,
        "ICI": 0.018510038713864196
    },
    "user": 10240,
    "size": 76490
}