{
    "metrics": {
        "RMSE": 0.3843864001007483,
        "LogLoss": 0.49249137478116084,
        "RMSE(bins)": 0.07869376180668167,
        "ICI": 0.06349946771818446
    },
    "user": 10373,
    "size": 12625
}