{
    "metrics": {
        "RMSE": 0.5732585739487028,
        "LogLoss": 1.137505018383376,
        "RMSE(bins)": 0.33242234248303504,
        "ICI": 0.2763765979514273
    },
    "user": 10562,
    "size": 1350
}