{
    "metrics": {
        "RMSE": 0.22528224128425337,
        "LogLoss": 0.18284689563989645,
        "RMSE(bins)": 0.09506210722743266,
        "ICI": 0.026422394146795456
    },
    "user": 10621,
    "size": 14695
}