{
    "metrics": {
        "RMSE": 0.5324413358150395,
        "LogLoss": 0.8991842022397623,
        "RMSE(bins)": 0.29174186359033794,
        "ICI": 0.23685192833964583
    },
    "user": 10928,
    "size": 3095
}