{
    "metrics": {
        "RMSE": 0.526224377694819,
        "LogLoss": 1.0130233333635956,
        "RMSE(bins)": 0.24887566945062267,
        "ICI": 0.21513112318418784
    },
    "user": 11009,
    "size": 9925
}