{
    "metrics": {
        "RMSE": 0.46878140332854284,
        "LogLoss": 0.7320501473357117,
        "RMSE(bins)": 0.13862855906376664,
        "ICI": 0.11632130090839453
    },
    "user": 11123,
    "size": 5615
}