{
    "metrics": {
        "RMSE": 0.4304840064979223,
        "LogLoss": 0.6677445498389262,
        "RMSE(bins)": 0.18199108559915636,
        "ICI": 0.13978003240342055
    },
    "user": 11194,
    "size": 8540
}