{
    "metrics": {
        "RMSE": 0.43303463023314537,
        "LogLoss": 0.6068530699043813,
        "RMSE(bins)": 0.13613033353269402,
        "ICI": 0.10903173619281499
    },
    "user": 1132,
    "size": 4660
}