{
    "metrics": {
        "RMSE": 0.3401155252862596,
        "LogLoss": 0.39772735621142963,
        "RMSE(bins)": 0.05673972709596454,
        "ICI": 0.027652872294667903
    },
    "user": 11507,
    "size": 115220
}