{
    "metrics": {
        "RMSE": 0.11470067703393824,
        "LogLoss": 0.06938356098560623,
        "RMSE(bins)": 0.029814416358526913,
        "ICI": 0.012269138182190768
    },
    "user": 11535,
    "size": 13660
}