{
    "metrics": {
        "RMSE": 0.2202131614070809,
        "LogLoss": 0.22710624424084816,
        "RMSE(bins)": 0.07220828839318502,
        "ICI": 0.04522116062805791
    },
    "user": 1158,
    "size": 18550
}