{
    "metrics": {
        "RMSE": 0.4496034959168863,
        "LogLoss": 0.6478190565047331,
        "RMSE(bins)": 0.19346710682403942,
        "ICI": 0.16237838149941014
    },
    "user": 11601,
    "size": 3520
}