{
    "metrics": {
        "RMSE": 0.05713215069279881,
        "LogLoss": 0.025275664109411775,
        "RMSE(bins)": 0.01343545875291821,
        "ICI": 0.0064430887811639
    },
    "user": 11666,
    "size": 5200
}