{
    "metrics": {
        "RMSE": 0.28060636014257184,
        "LogLoss": 0.3013487613513452,
        "RMSE(bins)": 0.04360208238332906,
        "ICI": 0.030179865350161844
    },
    "user": 11859,
    "size": 115275
}