{
    "metrics": {
        "RMSE": 0.2609158801157703,
        "LogLoss": 0.25696277673961015,
        "RMSE(bins)": 0.025956918466419846,
        "ICI": 0.013995004259923635
    },
    "user": 11854,
    "size": 91140
}