{
    "metrics": {
        "RMSE": 0.4491491609038749,
        "LogLoss": 0.6308297249586364,
        "RMSE(bins)": 0.10687537413443476,
        "ICI": 0.08595783445870563
    },
    "user": 11975,
    "size": 18875
}