{
    "metrics": {
        "RMSE": 0.4744899214918634,
        "LogLoss": 0.9026918368110501,
        "RMSE(bins)": 0.24136607195704204,
        "ICI": 0.18045147061492708
    },
    "user": 1252,
    "size": 9230
}