{
    "metrics": {
        "RMSE": 0.3136071076031768,
        "LogLoss": 0.34199207995356423,
        "RMSE(bins)": 0.11563947128217913,
        "ICI": 0.0857706595950159
    },
    "user": 12582,
    "size": 4630
}