{
    "metrics": {
        "RMSE": 0.13032361163760764,
        "LogLoss": 0.09277952170698815,
        "RMSE(bins)": 0.07428914710937905,
        "ICI": 0.03549748987074326
    },
    "user": 1259,
    "size": 18560
}