{
    "metrics": {
        "RMSE": 0.4836128648399132,
        "LogLoss": 0.8415467655584303,
        "RMSE(bins)": 0.2127490775757182,
        "ICI": 0.16263424093092851
    },
    "user": 126,
    "size": 40905
}