{
    "metrics": {
        "RMSE": 0.4324707297538,
        "LogLoss": 0.7886712095836744,
        "RMSE(bins)": 0.15628754181066398,
        "ICI": 0.08671449299821665
    },
    "user": 12676,
    "size": 19650
}