{
    "metrics": {
        "RMSE": 0.26243524920458067,
        "LogLoss": 0.38152555406168226,
        "RMSE(bins)": 0.07538815415667603,
        "ICI": 0.07411215575232567
    },
    "user": 1309,
    "size": 9370
}