{
    "metrics": {
        "RMSE": 0.4517990301996691,
        "LogLoss": 1.0326946061983053,
        "RMSE(bins)": 0.2759706919255036,
        "ICI": 0.1911520536751813
    },
    "user": 13166,
    "size": 5500
}