{
    "metrics": {
        "RMSE": 0.13284879195729116,
        "LogLoss": 0.3632488456864647,
        "RMSE(bins)": 0.09742977156675524,
        "ICI": 0.02572744736802345
    },
    "user": 13364,
    "size": 3405
}