{
    "metrics": {
        "RMSE": 0.4152075640627122,
        "LogLoss": 0.5950126512616386,
        "RMSE(bins)": 0.13852725343507596,
        "ICI": 0.09891356558463289
    },
    "user": 13446,
    "size": 4335
}