{
    "metrics": {
        "RMSE": 0.490501098462985,
        "LogLoss": 0.7187938358657747,
        "RMSE(bins)": 0.36299368539733584,
        "ICI": 0.2336927680247298
    },
    "user": 13487,
    "size": 5800
}