{
    "metrics": {
        "RMSE": 0.3282584239649944,
        "LogLoss": 0.3741680610633384,
        "RMSE(bins)": 0.09136445085788011,
        "ICI": 0.04894390794880263
    },
    "user": 13602,
    "size": 10350
}