{
    "metrics": {
        "RMSE": 0.288849190464744,
        "LogLoss": 0.3586228610831264,
        "RMSE(bins)": 0.08000219566564978,
        "ICI": 0.05030522259974364
    },
    "user": 13682,
    "size": 9540
}