{
    "metrics": {
        "RMSE": 0.35776731576165616,
        "LogLoss": 0.43531858584145594,
        "RMSE(bins)": 0.06687973679889389,
        "ICI": 0.04760855835035818
    },
    "user": 14042,
    "size": 11450
}