{
    "metrics": {
        "RMSE": 0.4415288884061846,
        "LogLoss": 0.8215560028730247,
        "RMSE(bins)": 0.17041048576187587,
        "ICI": 0.11585020449367812
    },
    "user": 14064,
    "size": 15230
}