{
    "metrics": {
        "RMSE": 0.27003970645244224,
        "LogLoss": 0.2760640943799856,
        "RMSE(bins)": 0.15290278208060543,
        "ICI": 0.05146934398737963
    },
    "user": 14124,
    "size": 12735
}