{
    "metrics": {
        "RMSE": 0.42374345364455235,
        "LogLoss": 1.3397294498156553,
        "RMSE(bins)": 0.24336578597615655,
        "ICI": 0.16408487542552103
    },
    "user": 14251,
    "size": 2190
}