{
    "metrics": {
        "RMSE": 0.33395103818516136,
        "LogLoss": 0.40824192159669553,
        "RMSE(bins)": 0.08035586228866623,
        "ICI": 0.055259237286516986
    },
    "user": 14474,
    "size": 30780
}