{
    "metrics": {
        "RMSE": 0.3661031928994373,
        "LogLoss": 0.45593457917164426,
        "RMSE(bins)": 0.08317916704900301,
        "ICI": 0.04745054436153112
    },
    "user": 14493,
    "size": 73760
}