{
    "metrics": {
        "RMSE": 0.49548892234895486,
        "LogLoss": 0.9034033937707533,
        "RMSE(bins)": 0.1524834206119843,
        "ICI": 0.1332715803111761
    },
    "user": 14504,
    "size": 5320
}