{
    "metrics": {
        "RMSE": 0.36371957833674234,
        "LogLoss": 0.4498495386514913,
        "RMSE(bins)": 0.06475476727399299,
        "ICI": 0.05495075125555497
    },
    "user": 1485,
    "size": 80705
}