{
    "metrics": {
        "RMSE": 0.3309346515557255,
        "LogLoss": 0.37946071491603656,
        "RMSE(bins)": 0.053275949639153136,
        "ICI": 0.036453888670176404
    },
    "user": 14896,
    "size": 205245
}