{
    "metrics": {
        "RMSE": 0.20869755452491762,
        "LogLoss": 0.17945114066472723,
        "RMSE(bins)": 0.03658271089292306,
        "ICI": 0.015313985607189265
    },
    "user": 1501,
    "size": 2925
}