{
    "metrics": {
        "RMSE": 0.21660593507789933,
        "LogLoss": 0.18796945845031468,
        "RMSE(bins)": 0.054876773051684515,
        "ICI": 0.03378469207561752
    },
    "user": 15065,
    "size": 13930
}