{
    "metrics": {
        "RMSE": 0.41351785301553706,
        "LogLoss": 0.5363746306007019,
        "RMSE(bins)": 0.07829170797062596,
        "ICI": 0.04474907754850935
    },
    "user": 15202,
    "size": 67850
}