{
    "metrics": {
        "RMSE": 0.24926462298363877,
        "LogLoss": 0.25895348723384876,
        "RMSE(bins)": 0.07944763611603141,
        "ICI": 0.03233599196570462
    },
    "user": 15255,
    "size": 29840
}