{
    "metrics": {
        "RMSE": 0.07088169006368672,
        "LogLoss": 0.04265949558400839,
        "RMSE(bins)": 0.04937282545836984,
        "ICI": 0.02519456775643998
    },
    "user": 15355,
    "size": 2235
}