{
    "metrics": {
        "RMSE": 0.2188627437710323,
        "LogLoss": 0.1885666274691958,
        "RMSE(bins)": 0.03406932519677995,
        "ICI": 0.013762034970401498
    },
    "user": 1539,
    "size": 173980
}