{
    "metrics": {
        "RMSE": 0.1576856632384653,
        "LogLoss": 0.1165618279145153,
        "RMSE(bins)": 0.04409012418967457,
        "ICI": 0.027129153170639558
    },
    "user": 15412,
    "size": 28750
}