{
    "metrics": {
        "RMSE": 0.36351035137629173,
        "LogLoss": 0.4410493019356763,
        "RMSE(bins)": 0.07125046322392321,
        "ICI": 0.057160730026096215
    },
    "user": 1559,
    "size": 16235
}