{
    "metrics": {
        "RMSE": 0.3833505814903308,
        "LogLoss": 0.5001796744837002,
        "RMSE(bins)": 0.14492846783440627,
        "ICI": 0.0790292212236549
    },
    "user": 15790,
    "size": 30060
}