{
    "metrics": {
        "RMSE": 0.35510208079112704,
        "LogLoss": 0.472072562360061,
        "RMSE(bins)": 0.11177482035680156,
        "ICI": 0.05795200485555977
    },
    "user": 15911,
    "size": 5875
}