{
    "metrics": {
        "RMSE": 0.4051142500855846,
        "LogLoss": 0.5379626710633832,
        "RMSE(bins)": 0.09007396193121883,
        "ICI": 0.06918135335405562
    },
    "user": 15959,
    "size": 13845
}