{
    "metrics": {
        "RMSE": 0.149834728573125,
        "LogLoss": 0.10610429969178549,
        "RMSE(bins)": 0.05114883802056565,
        "ICI": 0.010649009081828191
    },
    "user": 15956,
    "size": 1830
}