{
    "metrics": {
        "RMSE": 0.4987316668017288,
        "LogLoss": 0.8294298968340789,
        "RMSE(bins)": 0.28320872954796783,
        "ICI": 0.16809956341834603
    },
    "user": 15952,
    "size": 2920
}