{
    "metrics": {
        "RMSE": 0.3864351525198077,
        "LogLoss": 0.5233664315635651,
        "RMSE(bins)": 0.09531035172426962,
        "ICI": 0.04728116176892153
    },
    "user": 15995,
    "size": 115935
}