{
    "metrics": {
        "RMSE": 0.4228504700682938,
        "LogLoss": 0.5410871517471993,
        "RMSE(bins)": 0.09218532362399229,
        "ICI": 0.03903298294821254
    },
    "user": 1626,
    "size": 10105
}