{
    "metrics": {
        "RMSE": 0.2875095526903773,
        "LogLoss": 0.3246584509546952,
        "RMSE(bins)": 0.07384367785508937,
        "ICI": 0.05971217279024886
    },
    "user": 16373,
    "size": 19600
}