{
    "metrics": {
        "RMSE": 0.18480595190263038,
        "LogLoss": 0.15471576751085472,
        "RMSE(bins)": 0.02554220235517917,
        "ICI": 0.016198509551967874
    },
    "user": 16451,
    "size": 171095
}