{
    "metrics": {
        "RMSE": 0.40991850481009545,
        "LogLoss": 0.653580997899937,
        "RMSE(bins)": 0.2842898248947732,
        "ICI": 0.2060142096965753
    },
    "user": 16615,
    "size": 6685
}