{
    "metrics": {
        "RMSE": 0.20599962240197242,
        "LogLoss": 0.1548704775496661,
        "RMSE(bins)": 0.040799094407841394,
        "ICI": 0.01519522473859726
    },
    "user": 16711,
    "size": 93530
}