{
    "metrics": {
        "RMSE": 0.2859400584881839,
        "LogLoss": 0.3235441641749822,
        "RMSE(bins)": 0.06871911509751016,
        "ICI": 0.030367071808031595
    },
    "user": 16888,
    "size": 103245
}