{
    "metrics": {
        "RMSE": 0.30223848087589317,
        "LogLoss": 0.38430239951407363,
        "RMSE(bins)": 0.08128227745002967,
        "ICI": 0.05591795956037028
    },
    "user": 16919,
    "size": 22950
}