{
    "metrics": {
        "RMSE": 0.4778208275515827,
        "LogLoss": 1.6087837634899285,
        "RMSE(bins)": 0.22283903435731814,
        "ICI": 0.13501458328156846
    },
    "user": 16975,
    "size": 2090
}