{
    "metrics": {
        "RMSE": 0.484551648744203,
        "LogLoss": 0.810851099226174,
        "RMSE(bins)": 0.2207910290987583,
        "ICI": 0.16784612099032387
    },
    "user": 16999,
    "size": 2765
}