{
    "metrics": {
        "RMSE": 0.3294111126560413,
        "LogLoss": 0.4111840028519418,
        "RMSE(bins)": 0.12332008827742005,
        "ICI": 0.07603465128578106
    },
    "user": 17004,
    "size": 2735
}