{
    "metrics": {
        "RMSE": 0.43353758887766086,
        "LogLoss": 0.9346831403243374,
        "RMSE(bins)": 0.23120065126483666,
        "ICI": 0.18732383592806076
    },
    "user": 17101,
    "size": 2510
}