{
    "metrics": {
        "RMSE": 0.23141408201629474,
        "LogLoss": 0.21315341505443186,
        "RMSE(bins)": 0.06197111104007697,
        "ICI": 0.039697441187750704
    },
    "user": 17306,
    "size": 28020
}