{
    "metrics": {
        "RMSE": 0.34164342889294397,
        "LogLoss": 0.4093611027554591,
        "RMSE(bins)": 0.07252602755431252,
        "ICI": 0.055528192138549266
    },
    "user": 17428,
    "size": 118940
}