{
    "metrics": {
        "RMSE": 0.2768718871040203,
        "LogLoss": 0.283652247503675,
        "RMSE(bins)": 0.06385446429535155,
        "ICI": 0.030989466431700998
    },
    "user": 17621,
    "size": 85615
}