{
    "metrics": {
        "RMSE": 0.4280251004485843,
        "LogLoss": 0.7126526516132312,
        "RMSE(bins)": 0.16602506390836455,
        "ICI": 0.12795961623226887
    },
    "user": 17716,
    "size": 52895
}