{
    "metrics": {
        "RMSE": 0.009765438690260936,
        "LogLoss": 0.002589569233587744,
        "RMSE(bins)": 0.0028785618085941144,
        "ICI": 0.0019879307027215066
    },
    "user": 17814,
    "size": 36030
}