{
    "metrics": {
        "RMSE": 0.17998797118979568,
        "LogLoss": 0.14707907527549066,
        "RMSE(bins)": 0.05027202449218572,
        "ICI": 0.023377436226442918
    },
    "user": 17918,
    "size": 51125
}