{
    "metrics": {
        "RMSE": 0.24321237284205918,
        "LogLoss": 0.2523584462381833,
        "RMSE(bins)": 0.05845299004262804,
        "ICI": 0.030922292675712067
    },
    "user": 17941,
    "size": 11880
}