{
    "metrics": {
        "RMSE": 0.23207081359991572,
        "LogLoss": 0.21021372875116312,
        "RMSE(bins)": 0.030590048487871196,
        "ICI": 0.014439506838597752
    },
    "user": 18109,
    "size": 303365
}