{
    "metrics": {
        "RMSE": 0.4014081788280761,
        "LogLoss": 0.643807327634229,
        "RMSE(bins)": 0.14439041391663635,
        "ICI": 0.1259352527502115
    },
    "user": 18175,
    "size": 4315
}