{
    "metrics": {
        "RMSE": 0.3292962671538654,
        "LogLoss": 0.39091404530811225,
        "RMSE(bins)": 0.07333897561617052,
        "ICI": 0.04397748314824966
    },
    "user": 18189,
    "size": 116485
}