{
    "metrics": {
        "RMSE": 0.4447803770893241,
        "LogLoss": 0.6038090322917807,
        "RMSE(bins)": 0.14236777794952643,
        "ICI": 0.1097523313349336
    },
    "user": 18263,
    "size": 20110
}