{
    "metrics": {
        "RMSE": 0.26726915871255846,
        "LogLoss": 0.2837601469971368,
        "RMSE(bins)": 0.05310630857087819,
        "ICI": 0.035607764513831464
    },
    "user": 18275,
    "size": 16385
}