{
    "metrics": {
        "RMSE": 0.5478922060049711,
        "LogLoss": 1.20547931844756,
        "RMSE(bins)": 0.2568136230802453,
        "ICI": 0.24161334424465503
    },
    "user": 1833,
    "size": 6075
}