{
    "metrics": {
        "RMSE": 0.43609247847894106,
        "LogLoss": 0.7785311757802073,
        "RMSE(bins)": 0.15332932386488468,
        "ICI": 0.12465023063162871
    },
    "user": 18376,
    "size": 9415
}