{
    "metrics": {
        "RMSE": 0.2638393846929495,
        "LogLoss": 0.2769024716113375,
        "RMSE(bins)": 0.08914114062334295,
        "ICI": 0.060603923463313926
    },
    "user": 18407,
    "size": 20625
}