{
    "metrics": {
        "RMSE": 0.4902313354379559,
        "LogLoss": 0.8287957102985225,
        "RMSE(bins)": 0.16880494558809017,
        "ICI": 0.15883441511032254
    },
    "user": 18492,
    "size": 5855
}