{
    "metrics": {
        "RMSE": 0.29607406851738305,
        "LogLoss": 0.321526571705222,
        "RMSE(bins)": 0.058834208729886144,
        "ICI": 0.03069865753278237
    },
    "user": 18515,
    "size": 48915
}