{
    "metrics": {
        "RMSE": 0.5784369540972155,
        "LogLoss": 1.3284250878410866,
        "RMSE(bins)": 0.38784862357354066,
        "ICI": 0.3611413932487268
    },
    "user": 18533,
    "size": 70
}