{
    "metrics": {
        "RMSE": 0.36214456216046154,
        "LogLoss": 0.43813277409440443,
        "RMSE(bins)": 0.06476684628023263,
        "ICI": 0.04217735864601435
    },
    "user": 18557,
    "size": 36360
}