{
    "metrics": {
        "RMSE": 0.40839358777303025,
        "LogLoss": 0.5652607781809164,
        "RMSE(bins)": 0.08812002993074247,
        "ICI": 0.06295897804413542
    },
    "user": 18578,
    "size": 7395
}