{
    "metrics": {
        "RMSE": 0.3613540272632955,
        "LogLoss": 0.4350468959358848,
        "RMSE(bins)": 0.06615204647656611,
        "ICI": 0.03453772135934202
    },
    "user": 1884,
    "size": 58250
}