{
    "metrics": {
        "RMSE": 0.5218385113783867,
        "LogLoss": 1.5867637655888955,
        "RMSE(bins)": 0.3182113470997082,
        "ICI": 0.21296153633952786
    },
    "user": 18911,
    "size": 3155
}