{
    "metrics": {
        "RMSE": 0.48287332053812765,
        "LogLoss": 0.7591518431482707,
        "RMSE(bins)": 0.18716858524759813,
        "ICI": 0.13524277759153616
    },
    "user": 19110,
    "size": 70820
}