{
    "metrics": {
        "RMSE": 0.37651688023191077,
        "LogLoss": 0.46718958409046873,
        "RMSE(bins)": 0.0914870643907133,
        "ICI": 0.05858804545996138
    },
    "user": 19117,
    "size": 71650
}