{
    "metrics": {
        "RMSE": 0.30769957024823374,
        "LogLoss": 0.33830109708344447,
        "RMSE(bins)": 0.05561043119959845,
        "ICI": 0.03866977284159245
    },
    "user": 19177,
    "size": 130145
}