{
    "metrics": {
        "RMSE": 0.1352425545339567,
        "LogLoss": 0.09495159252825168,
        "RMSE(bins)": 0.02098245781063448,
        "ICI": 0.014678161588623099
    },
    "user": 19312,
    "size": 77980
}