{
    "metrics": {
        "RMSE": 0.31197494266446196,
        "LogLoss": 0.35722839824548,
        "RMSE(bins)": 0.0600807641522322,
        "ICI": 0.027776035090719044
    },
    "user": 1937,
    "size": 110305
}