{
    "metrics": {
        "RMSE": 0.2820338506035252,
        "LogLoss": 0.2995858948560066,
        "RMSE(bins)": 0.08652415264996693,
        "ICI": 0.04484347516719272
    },
    "user": 19385,
    "size": 44910
}