{
    "metrics": {
        "RMSE": 0.18994139331712578,
        "LogLoss": 0.1548100663806462,
        "RMSE(bins)": 0.0645899659136952,
        "ICI": 0.045139817217588585
    },
    "user": 19427,
    "size": 53310
}