{
    "metrics": {
        "RMSE": 0.12857534257283293,
        "LogLoss": 0.09370067779304915,
        "RMSE(bins)": 0.029692105234756287,
        "ICI": 0.021855966129447475
    },
    "user": 19460,
    "size": 3630
}