{
    "metrics": {
        "RMSE": 0.4195947245813369,
        "LogLoss": 0.5522780582182424,
        "RMSE(bins)": 0.10094015811962255,
        "ICI": 0.09430280088156347
    },
    "user": 19466,
    "size": 3975
}