{
    "metrics": {
        "RMSE": 0.41516960698104605,
        "LogLoss": 0.5213219490961579,
        "RMSE(bins)": 0.13088833827715568,
        "ICI": 0.08888938833134521
    },
    "user": 19553,
    "size": 3145
}