{
    "metrics": {
        "RMSE": 0.27461892393758336,
        "LogLoss": 0.27329559631172334,
        "RMSE(bins)": 0.05084634954478755,
        "ICI": 0.012919274063654678
    },
    "user": 19608,
    "size": 10500
}