{
    "metrics": {
        "RMSE": 0.4101323396177462,
        "LogLoss": 0.5303686520727197,
        "RMSE(bins)": 0.11737422556066192,
        "ICI": 0.08948813065417223
    },
    "user": 19652,
    "size": 36125
}