{
    "metrics": {
        "RMSE": 0.3351448256190079,
        "LogLoss": 0.4235525408052207,
        "RMSE(bins)": 0.0747987214525942,
        "ICI": 0.03579331544315423
    },
    "user": 19706,
    "size": 15275
}