{
    "metrics": {
        "RMSE": 0.28579085377524366,
        "LogLoss": 0.3059342270125554,
        "RMSE(bins)": 0.07653882784456892,
        "ICI": 0.0316748813092613
    },
    "user": 19828,
    "size": 36870
}