{
    "metrics": {
        "RMSE": 0.3157346447763501,
        "LogLoss": 0.38519243355319177,
        "RMSE(bins)": 0.06704657545420978,
        "ICI": 0.03740292668091431
    },
    "user": 2004,
    "size": 5410
}