{
    "metrics": {
        "RMSE": 0.03987676726752873,
        "LogLoss": 0.013705832814545939,
        "RMSE(bins)": 0.007532503475714247,
        "ICI": 0.0032349461276524683
    },
    "user": 2213,
    "size": 48260
}