{
    "metrics": {
        "RMSE": 0.3783017299824282,
        "LogLoss": 0.4584816114508676,
        "RMSE(bins)": 0.09590354363161857,
        "ICI": 0.030253078389059544
    },
    "user": 2510,
    "size": 11785
}