{
    "metrics": {
        "RMSE": 0.3341811496258729,
        "LogLoss": 0.39677982197665246,
        "RMSE(bins)": 0.10601836883685145,
        "ICI": 0.04944213110455985
    },
    "user": 2847,
    "size": 42825
}