{
    "metrics": {
        "RMSE": 0.45734365655908793,
        "LogLoss": 0.668151606005173,
        "RMSE(bins)": 0.16847834188249564,
        "ICI": 0.11529422894562978
    },
    "user": 2876,
    "size": 1915
}