{
    "metrics": {
        "RMSE": 0.22714937755920137,
        "LogLoss": 0.20499485695541095,
        "RMSE(bins)": 0.07369271233962248,
        "ICI": 0.03142953402445107
    },
    "user": 2908,
    "size": 44700
}