{
    "metrics": {
        "RMSE": 0.3563025065786621,
        "LogLoss": 0.48211324800006433,
        "RMSE(bins)": 0.163988395648819,
        "ICI": 0.08732326652040301
    },
    "user": 3188,
    "size": 4360
}