{
    "metrics": {
        "RMSE": 0.3512857010617822,
        "LogLoss": 0.5045868813494016,
        "RMSE(bins)": 0.23196682473866692,
        "ICI": 0.09587084000777175
    },
    "user": 3331,
    "size": 1590
}