{
    "metrics": {
        "RMSE": 0.4312692668868686,
        "LogLoss": 0.6361299500594149,
        "RMSE(bins)": 0.15524339259548364,
        "ICI": 0.10306193923528725
    },
    "user": 3345,
    "size": 37095
}