{
    "metrics": {
        "RMSE": 0.6298310847546482,
        "LogLoss": 1.0891512794367577,
        "RMSE(bins)": 0.4083697788510975,
        "ICI": 0.3984709106833244
    },
    "user": 3453,
    "size": 550
}