{
    "metrics": {
        "RMSE": 0.1439793318153567,
        "LogLoss": 0.1024320381843063,
        "RMSE(bins)": 0.022837074683384636,
        "ICI": 0.008249478109322054
    },
    "user": 346,
    "size": 22250
}