{
    "metrics": {
        "RMSE": 0.40309727866744993,
        "LogLoss": 0.5184910763892344,
        "RMSE(bins)": 0.09724700618184733,
        "ICI": 0.06355261302200031
    },
    "user": 3482,
    "size": 2920
}