{
    "metrics": {
        "RMSE": 0.27037465168033165,
        "LogLoss": 0.2748631638461234,
        "RMSE(bins)": 0.08277866921766168,
        "ICI": 0.04133282148312427
    },
    "user": 3510,
    "size": 35610
}