{
    "metrics": {
        "RMSE": 0.2760194581252165,
        "LogLoss": 0.29518274836030833,
        "RMSE(bins)": 0.07701461401647786,
        "ICI": 0.05979260502102024
    },
    "user": 3540,
    "size": 60205
}