{
    "metrics": {
        "RMSE": 0.41983552136169344,
        "LogLoss": 0.5760011540247848,
        "RMSE(bins)": 0.1321209068603888,
        "ICI": 0.07167375261380642
    },
    "user": 3881,
    "size": 2700
}