{
    "metrics": {
        "RMSE": 0.42371755254907506,
        "LogLoss": 0.7486516260940482,
        "RMSE(bins)": 0.15593854328617765,
        "ICI": 0.1127738043674291
    },
    "user": 400,
    "size": 2055
}