{
    "metrics": {
        "RMSE": 0.40769495744109735,
        "LogLoss": 0.5774529755336814,
        "RMSE(bins)": 0.21999148073582547,
        "ICI": 0.13115443837984112
    },
    "user": 4042,
    "size": 3285
}