{
    "metrics": {
        "RMSE": 0.496076952087937,
        "LogLoss": 0.8422609476260488,
        "RMSE(bins)": 0.23353762618460852,
        "ICI": 0.14793936228878293
    },
    "user": 4222,
    "size": 67565
}