{
    "metrics": {
        "RMSE": 0.1285363518524421,
        "LogLoss": 0.08005282720352835,
        "RMSE(bins)": 0.03037245501765627,
        "ICI": 0.004971660608754278
    },
    "user": 4349,
    "size": 3865
}