{
    "metrics": {
        "RMSE": 0.34643862167393036,
        "LogLoss": 0.42136362152339135,
        "RMSE(bins)": 0.09217338032404232,
        "ICI": 0.06658424025848328
    },
    "user": 4384,
    "size": 13140
}