{
    "metrics": {
        "RMSE": 0.37567997794867347,
        "LogLoss": 0.4730722897583431,
        "RMSE(bins)": 0.1507768694101538,
        "ICI": 0.08310154298009743
    },
    "user": 440,
    "size": 22050
}