{
    "metrics": {
        "RMSE": 0.37438264411090044,
        "LogLoss": 0.453383858939381,
        "RMSE(bins)": 0.13653216126959147,
        "ICI": 0.06676621837171329
    },
    "user": 4436,
    "size": 12720
}