{
    "metrics": {
        "RMSE": 0.17909793016455522,
        "LogLoss": 0.14495393127780476,
        "RMSE(bins)": 0.03289286391306862,
        "ICI": 0.014525507479223957
    },
    "user": 4546,
    "size": 3665
}