{
    "metrics": {
        "RMSE": 0.4325739206038222,
        "LogLoss": 0.5786421219197799,
        "RMSE(bins)": 0.07701094230352153,
        "ICI": 0.06594468688158031
    },
    "user": 4579,
    "size": 70110
}