{
    "metrics": {
        "RMSE": 0.270251211232538,
        "LogLoss": 0.26797107975091083,
        "RMSE(bins)": 0.08275599082696761,
        "ICI": 0.029499302015935595
    },
    "user": 46,
    "size": 41380
}