{
    "metrics": {
        "RMSE": 0.46261962310499366,
        "LogLoss": 0.7856938114763106,
        "RMSE(bins)": 0.18462994428181184,
        "ICI": 0.14625390553689213
    },
    "user": 4668,
    "size": 815
}