{
    "metrics": {
        "RMSE": 0.30065297687702525,
        "LogLoss": 0.36796150352097384,
        "RMSE(bins)": 0.11743920145075705,
        "ICI": 0.08344302372411672
    },
    "user": 4676,
    "size": 1720
}