{
    "metrics": {
        "RMSE": 0.4154482210141013,
        "LogLoss": 0.5562963962445362,
        "RMSE(bins)": 0.09097282948915751,
        "ICI": 0.07464554396236954
    },
    "user": 4894,
    "size": 10370
}