{
    "metrics": {
        "RMSE": 0.09428581560729175,
        "LogLoss": 0.06444480453058932,
        "RMSE(bins)": 0.03161488374485651,
        "ICI": 0.02117549170895445
    },
    "user": 4984,
    "size": 1070
}