{
    "metrics": {
        "RMSE": 0.43060605897680176,
        "LogLoss": 0.6509445431199161,
        "RMSE(bins)": 0.10812224688118274,
        "ICI": 0.07589714915072099
    },
    "user": 500,
    "size": 15175
}