{
    "metrics": {
        "RMSE": 0.4111345229946461,
        "LogLoss": 0.5658618706686266,
        "RMSE(bins)": 0.26033296021499386,
        "ICI": 0.15641248274719854
    },
    "user": 5112,
    "size": 7775
}