{
    "metrics": {
        "RMSE": 0.22150965988244523,
        "LogLoss": 0.1917519346751103,
        "RMSE(bins)": 0.07542225413253283,
        "ICI": 0.032271102432955286
    },
    "user": 5317,
    "size": 2120
}