{
    "metrics": {
        "RMSE": 0.35818013000164617,
        "LogLoss": 0.5714762966993485,
        "RMSE(bins)": 0.22044641550100283,
        "ICI": 0.11825816328584954
    },
    "user": 542,
    "size": 3500
}