{
    "metrics": {
        "RMSE": 0.4183461298192467,
        "LogLoss": 0.5666017906692449,
        "RMSE(bins)": 0.15235602074350885,
        "ICI": 0.11142404167876542
    },
    "user": 5543,
    "size": 5160
}