{
    "metrics": {
        "RMSE": 0.07233779708009021,
        "LogLoss": 0.028929990172958928,
        "RMSE(bins)": 0.016912675865400333,
        "ICI": 0.005112659060128646
    },
    "user": 5544,
    "size": 258770
}