{
    "metrics": {
        "RMSE": 0.2890349217163896,
        "LogLoss": 0.31096864593932383,
        "RMSE(bins)": 0.07404940636270811,
        "ICI": 0.04291433948139738
    },
    "user": 5591,
    "size": 13005
}