{
    "metrics": {
        "RMSE": 0.3705023058590413,
        "LogLoss": 0.5247160229162627,
        "RMSE(bins)": 0.13720045186894347,
        "ICI": 0.1029937246172927
    },
    "user": 5641,
    "size": 68575
}