{
    "metrics": {
        "RMSE": 0.4039658505767482,
        "LogLoss": 0.5576280952234802,
        "RMSE(bins)": 0.11747266758320297,
        "ICI": 0.09853495085785755
    },
    "user": 578,
    "size": 95815
}