{
    "metrics": {
        "RMSE": 0.4105926428164763,
        "LogLoss": 0.62617274743294,
        "RMSE(bins)": 0.15774659026511698,
        "ICI": 0.12400306145684042
    },
    "user": 5879,
    "size": 2280
}