{
    "metrics": {
        "RMSE": 0.36522813559274353,
        "LogLoss": 0.46141997519663736,
        "RMSE(bins)": 0.07757229284473299,
        "ICI": 0.05479709933126877
    },
    "user": 595,
    "size": 227830
}