{
    "metrics": {
        "RMSE": 0.3571713820958841,
        "LogLoss": 0.43306219045879946,
        "RMSE(bins)": 0.23292596330617124,
        "ICI": 0.08252425274575191
    },
    "user": 6184,
    "size": 16660
}