{
    "metrics": {
        "RMSE": 0.4188252953247028,
        "LogLoss": 0.6002646715390043,
        "RMSE(bins)": 0.1216594387942223,
        "ICI": 0.08192139965192485
    },
    "user": 6343,
    "size": 91660
}