{
    "metrics": {
        "RMSE": 0.3712880089885578,
        "LogLoss": 0.4511938108921762,
        "RMSE(bins)": 0.08566180051584668,
        "ICI": 0.05539239547084937
    },
    "user": 6359,
    "size": 7235
}