{
    "metrics": {
        "RMSE": 0.06144034569236809,
        "LogLoss": 0.03588212592611869,
        "RMSE(bins)": 0.030246543604970248,
        "ICI": 0.0251067814900301
    },
    "user": 6394,
    "size": 395
}