{
    "metrics": {
        "RMSE": 0.16581717406061475,
        "LogLoss": 0.12568485523006231,
        "RMSE(bins)": 0.02953504689211083,
        "ICI": 0.011071754226418996
    },
    "user": 6552,
    "size": 7045
}