{
    "metrics": {
        "RMSE": 0.36653508831004156,
        "LogLoss": 0.42484266131681464,
        "RMSE(bins)": 0.07857588455399542,
        "ICI": 0.045725735153975364
    },
    "user": 6591,
    "size": 3635
}