{
    "metrics": {
        "RMSE": 0.5062414190036778,
        "LogLoss": 0.7625727346518093,
        "RMSE(bins)": 0.20199309011026112,
        "ICI": 0.16709779684607082
    },
    "user": 6645,
    "size": 3890
}