{
    "metrics": {
        "RMSE": 0.39598263101748443,
        "LogLoss": 0.4965476704447766,
        "RMSE(bins)": 0.05115728193411432,
        "ICI": 0.035204005540462296
    },
    "user": 6732,
    "size": 19815
}