{
    "metrics": {
        "RMSE": 0.3053600112528432,
        "LogLoss": 0.4225645549612099,
        "RMSE(bins)": 0.08748751638130929,
        "ICI": 0.07077894840661628
    },
    "user": 6736,
    "size": 20555
}