{
    "metrics": {
        "RMSE": 0.49010385511240934,
        "LogLoss": 0.7919329741927352,
        "RMSE(bins)": 0.13989989688352647,
        "ICI": 0.11931005853895174
    },
    "user": 674,
    "size": 16670
}