{
    "metrics": {
        "RMSE": 0.40789357682675303,
        "LogLoss": 0.5226176561749312,
        "RMSE(bins)": 0.13262464898621368,
        "ICI": 0.06650922015919405
    },
    "user": 6755,
    "size": 166070
}