{
    "metrics": {
        "RMSE": 0.3402983596535794,
        "LogLoss": 0.3923848187438966,
        "RMSE(bins)": 0.13488908247802658,
        "ICI": 0.06836473078736349
    },
    "user": 6788,
    "size": 11760
}