{
    "metrics": {
        "RMSE": 0.3284538909451038,
        "LogLoss": 0.38142634171328316,
        "RMSE(bins)": 0.10274668772598226,
        "ICI": 0.0473824616359087
    },
    "user": 687,
    "size": 10235
}