{
    "metrics": {
        "RMSE": 0.40503113866057483,
        "LogLoss": 0.6055251916988179,
        "RMSE(bins)": 0.15893343667181428,
        "ICI": 0.1048221855595749
    },
    "user": 690,
    "size": 6255
}