{
    "metrics": {
        "RMSE": 0.08394666546177604,
        "LogLoss": 0.04998008371522118,
        "RMSE(bins)": 0.020820943801406207,
        "ICI": 0.014365821181023945
    },
    "user": 7049,
    "size": 2485
}