{
    "metrics": {
        "RMSE": 0.3266316687912876,
        "LogLoss": 0.456621884452983,
        "RMSE(bins)": 0.1069623261076608,
        "ICI": 0.06727944141618881
    },
    "user": 7381,
    "size": 142790
}