{
    "metrics": {
        "RMSE": 0.36606579406980555,
        "LogLoss": 0.4741573158135667,
        "RMSE(bins)": 0.1057897637905334,
        "ICI": 0.06929463506034227
    },
    "user": 7546,
    "size": 14485
}