{
    "metrics": {
        "RMSE": 0.3709464874108481,
        "LogLoss": 0.5101045908548738,
        "RMSE(bins)": 0.2433588849604968,
        "ICI": 0.1819133313280147
    },
    "user": 7609,
    "size": 11970
}