{
    "metrics": {
        "RMSE": 0.05254385135600605,
        "LogLoss": 0.024186791173601403,
        "RMSE(bins)": 0.018887305544696403,
        "ICI": 0.013992341581585787
    },
    "user": 7779,
    "size": 33975
}