{
    "metrics": {
        "RMSE": 0.3504556979226365,
        "LogLoss": 0.4185140855280838,
        "RMSE(bins)": 0.1161866817808813,
        "ICI": 0.025798162129137166
    },
    "user": 7790,
    "size": 29865
}