{
    "metrics": {
        "RMSE": 0.37028175951447495,
        "LogLoss": 0.464338249858982,
        "RMSE(bins)": 0.06811637076634439,
        "ICI": 0.035408478936581514
    },
    "user": 8134,
    "size": 156705
}