{
    "metrics": {
        "RMSE": 0.18502445470383108,
        "LogLoss": 0.14291522975705054,
        "RMSE(bins)": 0.0682531597354763,
        "ICI": 0.055945116693847774
    },
    "user": 8302,
    "size": 22460
}