{
    "metrics": {
        "RMSE": 0.42125505097999233,
        "LogLoss": 0.6198381167626312,
        "RMSE(bins)": 0.15570017887849227,
        "ICI": 0.10271904147895256
    },
    "user": 8552,
    "size": 27530
}