{
    "metrics": {
        "RMSE": 0.49680046748550455,
        "LogLoss": 0.775030805240861,
        "RMSE(bins)": 0.1751136561548759,
        "ICI": 0.15826191973434056
    },
    "user": 8835,
    "size": 10045
}