{
    "metrics": {
        "RMSE": 0.3915920607361494,
        "LogLoss": 0.4912045760860976,
        "RMSE(bins)": 0.10990191072399678,
        "ICI": 0.06621851638325793
    },
    "user": 8881,
    "size": 4340
}