{
    "metrics": {
        "RMSE": 0.35268758145342827,
        "LogLoss": 0.4176778888776896,
        "RMSE(bins)": 0.0676753541120988,
        "ICI": 0.03265551758346752
    },
    "user": 9053,
    "size": 44820
}