{
    "metrics": {
        "RMSE": 0.3911504076064064,
        "LogLoss": 0.5050736622303352,
        "RMSE(bins)": 0.07977633151766485,
        "ICI": 0.0594377463548332
    },
    "user": 9144,
    "size": 296235
}