{
    "metrics": {
        "RMSE": 0.3447292512217465,
        "LogLoss": 0.5239479438334274,
        "RMSE(bins)": 0.13321910789168764,
        "ICI": 0.0909831064042371
    },
    "user": 9227,
    "size": 2910
}