{
    "metrics": {
        "RMSE": 0.37337932722718786,
        "LogLoss": 0.5006673502278352,
        "RMSE(bins)": 0.14176009368553907,
        "ICI": 0.09042513463063974
    },
    "user": 9348,
    "size": 15865
}