{
    "metrics": {
        "RMSE": 0.4023690654753346,
        "LogLoss": 0.5504475745064819,
        "RMSE(bins)": 0.17175250378796897,
        "ICI": 0.11072135120551047
    },
    "user": 9358,
    "size": 16045
}