{
    "metrics": {
        "RMSE": 0.3067064109315962,
        "LogLoss": 0.3590919804320659,
        "RMSE(bins)": 0.07556949998395665,
        "ICI": 0.060042773243147246
    },
    "user": 9359,
    "size": 45240
}