{
    "metrics": {
        "RMSE": 0.4734568475568161,
        "LogLoss": 0.8040000647814162,
        "RMSE(bins)": 0.14724340599766672,
        "ICI": 0.09876808207288694
    },
    "user": 9438,
    "size": 14480
}