{
    "metrics": {
        "RMSE": 0.3142324718797737,
        "LogLoss": 0.35442450170361567,
        "RMSE(bins)": 0.052416062613600045,
        "ICI": 0.03480800092641108
    },
    "user": 9490,
    "size": 30480
}