{
    "metrics": {
        "RMSE": 0.322165669120241,
        "LogLoss": 0.4560718665255577,
        "RMSE(bins)": 0.11572815008086244,
        "ICI": 0.09061760081409083
    },
    "user": 9491,
    "size": 6465
}