{
    "metrics": {
        "RMSE": 0.1364785279937572,
        "LogLoss": 0.08958888885342321,
        "RMSE(bins)": 0.027725236539001906,
        "ICI": 0.01068217942252056
    },
    "user": 957,
    "size": 21495
}