{
    "metrics": {
        "RMSE": 0.31325877357181753,
        "LogLoss": 0.38423240949503384,
        "RMSE(bins)": 0.10628815063304024,
        "ICI": 0.07080239620370928
    },
    "user": 9646,
    "size": 86440
}