{
    "metrics": {
        "RMSE": 0.35879827101244166,
        "LogLoss": 0.4629799184113627,
        "RMSE(bins)": 0.13028313700623906,
        "ICI": 0.08117028238783307
    },
    "user": 9694,
    "size": 11580
}