{
    "metrics": {
        "RMSE": 0.2696981425051559,
        "LogLoss": 0.2989172796558869,
        "RMSE(bins)": 0.053766752344942846,
        "ICI": 0.05714666976928055
    },
    "user": 9975,
    "size": 13130
}