{
    "metrics": {
        "RMSE": 0.33413336887921974,
        "LogLoss": 0.3732480712822021,
        "RMSE(bins)": 0.01788488546070753,
        "ICI": 0.01119888992221692,
        "RMSE(bins)Ratings": {
            "1": 0.07303941943806216,
            "2": 0.022027263880687615,
            "3": 0.02189578478010614,
            "4": 0.08895509478632596
        }
    },
    "user": 10195,
    "size": 47280,
    "weights": [
        0.587,
        0.7953,
        2.9825,
        4.1259,
        4.659,
        0.321,
        0.6318,
        0.0194,
        1.884,
        0.3771,
        1.0864,
        2.5347,
        0.01,
        0.2232,
        0.5696,
        0.2444,
        2.5958,
        0.1777
    ]
}