{
    "metrics": {
        "RMSE": 0.314998373344241,
        "LogLoss": 0.34049659051757436,
        "RMSE(bins)": 0.01650465081442069,
        "ICI": 0.011595053487782229,
        "RMSE(bins)Ratings": {
            "1": 0.030073441373677096,
            "2": 0.03419555990556136,
            "3": 0.013250406392639058,
            "4": 0.1776010832722073
        }
    },
    "user": 10276,
    "size": 258560,
    "weights": [
        0.3234,
        0.6331,
        1.7336,
        10.9501,
        3.9316,
        2.2778,
        2.3946,
        0.0,
        1.8528,
        0.2097,
        1.2127,
        2.7116,
        0.013,
        0.2812,
        1.6886,
        0.1682,
        3.3566,
        0.3466
    ]
}