{
    "metrics": {
        "RMSE": 0.21923585412306265,
        "LogLoss": 0.2033837359474489,
        "RMSE(bins)": 0.047184155451586954,
        "ICI": 0.028216383697244482,
        "RMSE(bins)Ratings": {
            "1": 0.09970884138574666,
            "2": 0.05047364293238516,
            "3": 0.057748595601793046,
            "4": 0.11389289075676369
        }
    },
    "user": 10724,
    "size": 13945,
    "weights": [
        5.1701,
        30.855,
        56.4622,
        56.4622,
        5.4991,
        1.3646,
        1.4721,
        0.0068,
        1.5643,
        0.3819,
        0.9695,
        2.5074,
        0.0503,
        0.6848,
        1.7684,
        0.0,
        3.3009,
        0.1523
    ]
}