{
    "metrics": {
        "RMSE": 0.2979727389383153,
        "LogLoss": 0.31657576510221574,
        "RMSE(bins)": 0.029629205237491626,
        "ICI": 0.019005728067669526,
        "RMSE(bins)Ratings": {
            "1": 0.04763499454776528,
            "2": 0.1135426391869218,
            "3": 0.09915757443318668,
            "4": 0.030529529667082157
        }
    },
    "user": 10769,
    "size": 13850,
    "weights": [
        0.5614,
        0.6813,
        0.9107,
        2.8855,
        5.5247,
        0.942,
        0.6385,
        0.2358,
        1.2134,
        0.494,
        0.6639,
        2.2299,
        0.0473,
        0.4132,
        1.4834,
        0.0,
        2.3919,
        0.2102
    ]
}