{
    "metrics": {
        "RMSE": 0.5497370170746616,
        "LogLoss": 0.8765450914925855,
        "RMSE(bins)": 0.26388841382797024,
        "ICI": 0.24029888903220037,
        "RMSE(bins)Ratings": {
            "1": 0.32282474447320153,
            "2": 0.4106336874117235,
            "3": 0.4227130529178666
        }
    },
    "user": 1112,
    "size": 1455,
    "weights": [
        0.1457,
        0.1457,
        2.2063,
        2.2063,
        5.2828,
        1.3041,
        0.9254,
        0.0,
        1.447,
        0.1,
        0.8231,
        2.0239,
        0.1895,
        0.2094,
        1.4082,
        0.135,
        2.7849,
        0.257
    ]
}