{
    "metrics": {
        "RMSE": 0.13022218831814047,
        "LogLoss": 0.08721762517156106,
        "RMSE(bins)": 0.025003817341803593,
        "ICI": 0.01138843192347054,
        "RMSE(bins)Ratings": {
            "1": 0.07649079436595495,
            "2": 0.026670239734355984,
            "3": 0.028640528757774487,
            "4": 0.024188278162962464
        }
    },
    "user": 11414,
    "size": 29010,
    "weights": [
        0.8674,
        3.7412,
        16.904,
        16.904,
        4.3634,
        1.2103,
        1.0886,
        0.0271,
        2.5809,
        0.1181,
        1.8732,
        2.0538,
        0.1367,
        0.3601,
        1.3118,
        0.1124,
        3.584,
        0.2753
    ]
}