{
    "metrics": {
        "RMSE": 0.30046814834076524,
        "LogLoss": 0.3036452028946245,
        "RMSE(bins)": 0.07311550509858919,
        "ICI": 0.0335454224496705,
        "RMSE(bins)Ratings": {
            "1": 0.1241496048648797,
            "2": 0.19036350010142744,
            "3": 0.09875994061168288,
            "4": 0.03281969062249995
        }
    },
    "user": 1170,
    "size": 11680,
    "weights": [
        0.3653,
        0.6726,
        2.2192,
        3.5601,
        5.6993,
        1.4317,
        0.7095,
        0.034,
        0.9932,
        0.5083,
        0.4464,
        2.1369,
        0.0345,
        0.2619,
        2.0,
        0.2236,
        2.2256,
        0.2116
    ]
}