{
    "metrics": {
        "RMSE": 0.46937971379598176,
        "LogLoss": 0.6437507127558297,
        "RMSE(bins)": 0.08623624835445404,
        "ICI": 0.06989354176617658,
        "RMSE(bins)Ratings": {
            "1": 0.16072160865900692,
            "2": 0.1712710259654065,
            "3": 0.05379933940917963,
            "4": 0.1884661663696978
        }
    },
    "user": 11788,
    "size": 2860,
    "weights": [
        0.2144,
        0.6095,
        2.9215,
        10.0894,
        5.5223,
        1.4863,
        1.0378,
        0.0,
        1.207,
        0.2661,
        0.5841,
        2.0929,
        0.1253,
        0.2899,
        1.2641,
        0.3849,
        2.2691,
        0.1367
    ]
}