{
    "metrics": {
        "RMSE": 0.3443295586363525,
        "LogLoss": 0.39704336429204634,
        "RMSE(bins)": 0.04515168298826353,
        "ICI": 0.03422633484757382,
        "RMSE(bins)Ratings": {
            "1": 0.07725228541130018,
            "2": 0.10157254917676362,
            "3": 0.044504425365734145,
            "4": 0.06234887202851369
        }
    },
    "user": 12049,
    "size": 173280,
    "weights": [
        0.1193,
        0.2122,
        0.5032,
        0.895,
        5.6296,
        1.1731,
        0.9114,
        0.015,
        1.3196,
        0.1,
        0.8443,
        1.8903,
        0.01,
        0.2323,
        1.6931,
        0.3218,
        2.1053,
        0.3811
    ]
}