{
    "metrics": {
        "RMSE": 0.2859430732761224,
        "LogLoss": 0.2984887819072887,
        "RMSE(bins)": 0.02774486077086097,
        "ICI": 0.015324568263400765,
        "RMSE(bins)Ratings": {
            "1": 0.08392763386633467,
            "2": 0.1686905288671281,
            "3": 0.034691225371470305,
            "4": 0.021099555643757827
        }
    },
    "user": 1229,
    "size": 68855,
    "weights": [
        0.3786,
        0.6278,
        1.2996,
        9.6753,
        4.9815,
        1.7716,
        1.4668,
        0.0644,
        1.8721,
        0.1912,
        1.2674,
        2.2995,
        0.0198,
        0.2104,
        2.0,
        0.1727,
        1.8101,
        0.2342
    ]
}