{
    "metrics": {
        "RMSE": 0.18607415262537966,
        "LogLoss": 0.14732735691258184,
        "RMSE(bins)": 0.03653419245824545,
        "ICI": 0.018430558023271787,
        "RMSE(bins)Ratings": {
            "1": 0.10994297540530894,
            "2": 0.13300268145354302,
            "3": 0.03362659105652341,
            "4": 0.0762801684585776
        }
    },
    "user": 12477,
    "size": 22025,
    "weights": [
        0.6907,
        2.6254,
        5.0119,
        18.1072,
        4.4657,
        0.1,
        2.1345,
        0.0892,
        2.448,
        0.1036,
        1.7819,
        2.3257,
        0.0566,
        0.3267,
        2.0,
        0.0,
        1.9187,
        0.076
    ]
}