{
    "metrics": {
        "RMSE": 0.4072926244048309,
        "LogLoss": 0.5112753004909039,
        "RMSE(bins)": 0.06220329055880905,
        "ICI": 0.04216147805683692,
        "RMSE(bins)Ratings": {
            "1": 0.11853094720588153,
            "2": 0.04335113907370642,
            "3": 0.06002163028141943,
            "4": 0.13844077621311304
        }
    },
    "user": 12793,
    "size": 17355,
    "weights": [
        0.2034,
        0.6149,
        1.0743,
        11.8559,
        5.3564,
        0.1001,
        0.8898,
        0.1126,
        1.507,
        0.1845,
        0.8676,
        1.9669,
        0.1323,
        0.2193,
        1.6054,
        0.4982,
        2.7192,
        0.0497
    ]
}