{
    "metrics": {
        "RMSE": 0.33251702176037923,
        "LogLoss": 0.36363413890474405,
        "RMSE(bins)": 0.05679203332914481,
        "ICI": 0.03457649177149068,
        "RMSE(bins)Ratings": {
            "1": 0.07769444846599372,
            "2": 0.05018814839273837,
            "3": 0.1697358428809812,
            "4": 0.14724485539795543
        }
    },
    "user": 12998,
    "size": 74720,
    "weights": [
        0.0971,
        0.182,
        0.4671,
        10.0383,
        5.868,
        0.8812,
        0.9559,
        0.1551,
        1.2135,
        0.2561,
        0.6245,
        0.8397,
        0.1809,
        0.8922,
        1.1627,
        0.8751,
        2.568,
        0.4293
    ]
}