{
    "metrics": {
        "RMSE": 0.3474451255738456,
        "LogLoss": 0.39972296635130633,
        "RMSE(bins)": 0.027229620763793386,
        "ICI": 0.016273246606305327,
        "RMSE(bins)Ratings": {
            "1": 0.0678570638392549,
            "2": 0.06435902123847004,
            "3": 0.02421068728186046,
            "4": 0.07150974577312535
        }
    },
    "user": 13246,
    "size": 11745,
    "weights": [
        0.4027,
        0.5128,
        2.4357,
        3.9836,
        5.6645,
        1.8406,
        1.0164,
        0.1458,
        1.4257,
        0.1975,
        0.8388,
        2.1236,
        0.0655,
        0.3296,
        1.4108,
        0.1059,
        2.4159,
        0.2599
    ]
}