{
    "metrics": {
        "RMSE": 0.3367078130386004,
        "LogLoss": 0.3696281458066965,
        "RMSE(bins)": 0.06597643958941433,
        "ICI": 0.03692096377868056,
        "RMSE(bins)Ratings": {
            "1": 0.09907047878663226,
            "2": 0.06099486072690339,
            "3": 0.11219528048973397,
            "4": 0.16660982361910595
        }
    },
    "user": 13320,
    "size": 12060,
    "weights": [
        0.5695,
        4.8221,
        5.6765,
        23.7229,
        5.0983,
        1.0944,
        1.6853,
        0.0557,
        1.9302,
        0.1451,
        1.2935,
        2.2981,
        0.021,
        0.3565,
        1.7951,
        0.7138,
        2.7259,
        0.2467
    ]
}