{
    "metrics": {
        "RMSE": 0.30182711305988863,
        "LogLoss": 0.3201475731938877,
        "RMSE(bins)": 0.055499603318686946,
        "ICI": 0.04339762430660724,
        "RMSE(bins)Ratings": {
            "1": 0.051285549282365485,
            "2": 0.07155457173802947,
            "3": 0.043694366487330924,
            "4": 0.04769147230650388
        }
    },
    "user": 13356,
    "size": 6220,
    "weights": [
        0.0201,
        0.0724,
        0.4944,
        1.7791,
        5.5202,
        0.8787,
        1.0481,
        0.0,
        1.2737,
        0.1026,
        0.646,
        2.1034,
        0.0643,
        0.411,
        1.43,
        0.3623,
        2.2537,
        0.5898
    ]
}