{
    "metrics": {
        "RMSE": 0.275602036600537,
        "LogLoss": 0.2713624101368245,
        "RMSE(bins)": 0.07405815332851069,
        "ICI": 0.039253923208700366,
        "RMSE(bins)Ratings": {
            "1": 0.23292922037041802,
            "2": 0.12630067004658116,
            "3": 0.0494695655553301
        }
    },
    "user": 13466,
    "size": 4020,
    "weights": [
        0.6495,
        1.3667,
        31.9488,
        100.0,
        4.8452,
        1.229,
        0.8416,
        0.1633,
        1.9721,
        0.1,
        1.3195,
        2.1363,
        0.0511,
        0.2171,
        1.6095,
        0.0137,
        3.2208,
        0.2788
    ]
}