{
    "metrics": {
        "RMSE": 0.22212003556642762,
        "LogLoss": 0.19790177895624875,
        "RMSE(bins)": 0.032340608659222954,
        "ICI": 0.02142633107164875,
        "RMSE(bins)Ratings": {
            "1": 0.1108925602433707,
            "2": 0.051237683482596955,
            "3": 0.029505088253256734,
            "4": 0.04135212687078497
        }
    },
    "user": 13617,
    "size": 4810,
    "weights": [
        1.7773,
        4.2998,
        16.18,
        16.18,
        5.2298,
        1.1846,
        1.1354,
        0.0738,
        1.5669,
        0.1671,
        0.9512,
        2.2569,
        0.01,
        0.4813,
        1.4808,
        0.0,
        2.5578,
        0.1358
    ]
}