{
    "metrics": {
        "RMSE": 0.4598964281618139,
        "LogLoss": 0.6268322745063254,
        "RMSE(bins)": 0.09730798764797254,
        "ICI": 0.08187860986788677,
        "RMSE(bins)Ratings": {
            "1": 0.1396426600003922,
            "2": 0.13564189699731335,
            "3": 0.06163571942533203,
            "4": 0.5927820633648476
        }
    },
    "user": 1370,
    "size": 57585,
    "weights": [
        0.0557,
        1.1759,
        1.1759,
        1.1759,
        5.7231,
        1.8285,
        1.6404,
        0.2511,
        1.4482,
        0.3753,
        0.8148,
        1.8613,
        0.1634,
        0.2536,
        1.3313,
        0.4122,
        2.5785,
        0.057
    ]
}