{
    "metrics": {
        "RMSE": 0.2885769089289999,
        "LogLoss": 0.29378145834460506,
        "RMSE(bins)": 0.029352582634170305,
        "ICI": 0.014342283008583437,
        "RMSE(bins)Ratings": {
            "1": 0.03358038038444689,
            "2": 0.038858385391876894,
            "3": 0.1600131526845345,
            "4": 0.27798733957821514
        }
    },
    "user": 14297,
    "size": 50935,
    "weights": [
        0.5664,
        0.9223,
        1.9166,
        3.1209,
        4.541,
        0.6167,
        0.9873,
        0.0,
        1.9435,
        0.1038,
        1.1746,
        2.3631,
        0.0865,
        0.4323,
        1.2988,
        0.6349,
        2.4787,
        0.6131
    ]
}