{
    "metrics": {
        "RMSE": 0.3433568409068729,
        "LogLoss": 0.38527357657947636,
        "RMSE(bins)": 0.029496264429765214,
        "ICI": 0.019118130258484634,
        "RMSE(bins)Ratings": {
            "1": 0.0728994403751128,
            "2": 0.0523143790459826,
            "3": 0.034904942572027226,
            "4": 0.06624200991298791
        }
    },
    "user": 14406,
    "size": 43815,
    "weights": [
        0.4563,
        1.2546,
        4.2049,
        12.5742,
        5.1466,
        1.2036,
        1.0452,
        0.0,
        1.7105,
        0.2017,
        1.1037,
        2.3831,
        0.0451,
        0.2717,
        1.3191,
        0.3216,
        4.0,
        0.3685
    ]
}