{
    "metrics": {
        "RMSE": 0.41375632420306363,
        "LogLoss": 0.5237976044630478,
        "RMSE(bins)": 0.07835332960712096,
        "ICI": 0.05973679168063214,
        "RMSE(bins)Ratings": {
            "1": 0.1141866629915243,
            "2": 0.10228230351076843,
            "3": 0.08507231294201281,
            "4": 0.17979247484585356
        }
    },
    "user": 14630,
    "size": 44290,
    "weights": [
        0.5243,
        1.071,
        3.75,
        6.672,
        5.1559,
        1.5744,
        1.5578,
        0.0437,
        1.8039,
        0.1043,
        1.0384,
        2.5127,
        0.01,
        0.2663,
        0.3958,
        0.013,
        3.9966,
        0.3039
    ]
}