{
    "metrics": {
        "RMSE": 0.31690540122659666,
        "LogLoss": 0.3546266630206817,
        "RMSE(bins)": 0.11726835794714817,
        "ICI": 0.06993423170699774,
        "RMSE(bins)Ratings": {
            "1": 0.21570242514428398,
            "2": 0.31865197484741337,
            "3": 0.13184159971889547,
            "4": 0.2596236284182671
        }
    },
    "user": 14967,
    "size": 4645,
    "weights": [
        0.8323,
        2.0696,
        8.1149,
        30.7168,
        5.0343,
        1.3595,
        1.028,
        0.0169,
        1.8853,
        0.1,
        1.2366,
        2.2279,
        0.0106,
        0.3448,
        1.7614,
        0.3306,
        3.0213,
        0.38
    ]
}