{
    "metrics": {
        "RMSE": 0.3305835471372294,
        "LogLoss": 0.36747459248110226,
        "RMSE(bins)": 0.06326462187749272,
        "ICI": 0.029892219843334965,
        "RMSE(bins)Ratings": {
            "1": 0.16538072115032432,
            "2": 0.12281173113825064,
            "3": 0.08577326295167545,
            "4": 0.26062949259293416
        }
    },
    "user": 1507,
    "size": 3675,
    "weights": [
        0.4416,
        3.4438,
        3.4438,
        3.4438,
        5.1282,
        1.1361,
        0.826,
        0.0439,
        1.6109,
        0.4604,
        0.9981,
        2.2232,
        0.0357,
        0.3831,
        1.5383,
        0.2397,
        3.0146,
        0.0837
    ]
}