{
    "metrics": {
        "RMSE": 0.3835301739675062,
        "LogLoss": 0.4685692768179872,
        "RMSE(bins)": 0.024668616010275878,
        "ICI": 0.012486877975632475,
        "RMSE(bins)Ratings": {
            "1": 0.03621220421166395,
            "2": 0.1385084339007325,
            "3": 0.02701863465036101,
            "4": 0.19078265947833034
        }
    },
    "user": 15168,
    "size": 47050,
    "weights": [
        0.3607,
        0.3607,
        1.3733,
        71.5063,
        5.2002,
        0.8506,
        0.9249,
        0.0462,
        1.2524,
        0.2361,
        0.6135,
        2.0879,
        0.028,
        0.3565,
        1.5309,
        0.045,
        3.9758,
        0.5416
    ]
}