{
    "metrics": {
        "RMSE": 0.47931050917402834,
        "LogLoss": 0.664242878485865,
        "RMSE(bins)": 0.1287580560066324,
        "ICI": 0.10024029799752447,
        "RMSE(bins)Ratings": {
            "1": 0.15493996674985447,
            "2": 0.11967260213808445,
            "3": 0.1227507272752198,
            "4": 0.0944233379999021
        }
    },
    "user": 15306,
    "size": 109880,
    "weights": [
        0.5216,
        0.752,
        1.0254,
        2.7142,
        5.9016,
        1.3506,
        1.5974,
        0.2857,
        0.8185,
        0.6574,
        0.5542,
        2.1777,
        0.01,
        0.214,
        1.3087,
        0.2979,
        1.7871,
        0.0745
    ]
}