{
    "metrics": {
        "RMSE": 0.43134105315824295,
        "LogLoss": 0.5576616735952161,
        "RMSE(bins)": 0.053710374221669764,
        "ICI": 0.042829368406906106,
        "RMSE(bins)Ratings": {
            "1": 0.07529502445170347,
            "2": 0.0486920466622937,
            "3": 0.03640172012839004,
            "4": 0.06952708778428232
        }
    },
    "user": 15313,
    "size": 182980,
    "weights": [
        0.1182,
        0.3681,
        2.4108,
        26.704,
        3.4266,
        1.5723,
        0.3941,
        0.0,
        1.0114,
        0.3258,
        0.6752,
        2.223,
        0.0927,
        0.4454,
        1.999,
        0.6485,
        1.0,
        0.1834
    ]
}