{
    "metrics": {
        "RMSE": 0.22540224233120576,
        "LogLoss": 0.2053894211879372,
        "RMSE(bins)": 0.0117886184878423,
        "ICI": 0.007817302940341888,
        "RMSE(bins)Ratings": {
            "1": 0.05370135222848468,
            "2": 0.015134464430601726,
            "3": 0.009502741045689902,
            "4": 0.015351219919402834
        }
    },
    "user": 15628,
    "size": 281155,
    "weights": [
        0.3799,
        0.7453,
        2.0483,
        5.628,
        7.4976,
        3.7514,
        0.9385,
        0.0101,
        1.9458,
        0.1106,
        1.5871,
        2.1376,
        0.01,
        0.265,
        2.0,
        0.2799,
        1.5293,
        0.5137
    ]
}