{
    "metrics": {
        "RMSE": 0.3290402101202747,
        "LogLoss": 0.36846177641456657,
        "RMSE(bins)": 0.02688550623046376,
        "ICI": 0.019346521771927177,
        "RMSE(bins)Ratings": {
            "1": 0.0599454440858777,
            "2": 0.057275183016040704,
            "3": 0.02412801421436126,
            "4": 0.04658067637172888
        }
    },
    "user": 15731,
    "size": 21710,
    "weights": [
        0.6049,
        1.7055,
        3.2683,
        19.5296,
        5.1264,
        0.904,
        1.3146,
        0.0027,
        1.5998,
        0.5058,
        1.0169,
        2.2053,
        0.038,
        0.3224,
        1.6776,
        0.1013,
        4.0,
        0.5215
    ]
}