{
    "metrics": {
        "RMSE": 0.39724521474247343,
        "LogLoss": 0.48447619969960254,
        "RMSE(bins)": 0.04179574758656191,
        "ICI": 0.0256895910988415,
        "RMSE(bins)Ratings": {
            "1": 0.07427215787878345,
            "2": 0.2394595147466806,
            "3": 0.07941461715626517,
            "4": 0.18562207806733522
        }
    },
    "user": 16404,
    "size": 9370,
    "weights": [
        0.1233,
        0.4749,
        3.5878,
        13.8147,
        4.8948,
        1.0785,
        0.8998,
        0.0,
        1.5796,
        0.1152,
        0.9867,
        2.1045,
        0.11,
        0.2824,
        1.7615,
        0.1089,
        3.0046,
        0.2453
    ]
}