{
    "metrics": {
        "RMSE": 0.36097948703677,
        "LogLoss": 0.4991812113411682,
        "RMSE(bins)": 0.09108979333098995,
        "ICI": 0.074344129911327,
        "RMSE(bins)Ratings": {
            "1": 0.12048141348899037,
            "2": 0.0896299802015213,
            "3": 0.09049155711113645,
            "4": 0.2776607321753802
        }
    },
    "user": 16465,
    "size": 26015,
    "weights": [
        0.5481,
        0.5495,
        27.2539,
        27.2539,
        5.1543,
        0.337,
        1.2238,
        0.1337,
        1.4536,
        0.6745,
        0.7414,
        2.5624,
        0.01,
        0.18,
        1.3287,
        0.183,
        1.5331,
        0.8641
    ]
}