{
    "metrics": {
        "RMSE": 0.3758514099663408,
        "LogLoss": 0.44198503322932386,
        "RMSE(bins)": 0.03255612965975329,
        "ICI": 0.023594133159730125,
        "RMSE(bins)Ratings": {
            "1": 0.09113734455445954,
            "2": 0.012344979539431294,
            "3": 0.0764585579575429,
            "4": 0.2084209389458744
        }
    },
    "user": 1648,
    "size": 56580,
    "weights": [
        0.2853,
        0.2853,
        1.0382,
        3.5696,
        5.6604,
        1.9688,
        0.7719,
        0.1301,
        1.3276,
        0.1,
        0.7571,
        1.9288,
        0.167,
        0.3101,
        1.9997,
        0.6005,
        1.0444,
        0.3787
    ]
}