{
    "metrics": {
        "RMSE": 0.2989220587885581,
        "LogLoss": 0.3125144499496937,
        "RMSE(bins)": 0.054510986586776757,
        "ICI": 0.033377044358228705,
        "RMSE(bins)Ratings": {
            "1": 0.11803579007537182,
            "2": 0.09107558218872067,
            "3": 0.07455625795062568,
            "4": 0.05059922269878651
        }
    },
    "user": 1656,
    "size": 9630,
    "weights": [
        0.5946,
        0.8008,
        5.5759,
        15.0854,
        4.8759,
        0.9759,
        1.0703,
        0.0,
        1.8017,
        0.1842,
        1.1788,
        2.1701,
        0.091,
        0.2361,
        1.5412,
        0.262,
        2.6331,
        0.2276
    ]
}