{
    "metrics": {
        "RMSE": 0.316541981525839,
        "LogLoss": 0.33436147110809245,
        "RMSE(bins)": 0.04400008956748517,
        "ICI": 0.019758212824760337,
        "RMSE(bins)Ratings": {
            "1": 0.09453076617909716,
            "2": 0.1178716598529127,
            "3": 0.053998505610811015,
            "4": 0.07870836810738341
        }
    },
    "user": 16795,
    "size": 4700,
    "weights": [
        0.6513,
        11.4361,
        12.8915,
        19.2988,
        5.1214,
        1.3717,
        0.8599,
        0.1214,
        1.7626,
        0.1,
        1.0951,
        2.2785,
        0.025,
        0.4266,
        1.5404,
        0.1063,
        3.3343,
        0.4987
    ]
}