{
    "metrics": {
        "RMSE": 0.487422528376265,
        "LogLoss": 0.6864147514486871,
        "RMSE(bins)": 0.23565609031095303,
        "ICI": 0.1447277088985802,
        "RMSE(bins)Ratings": {
            "1": 0.2254857299992969,
            "2": 0.3932204681911133,
            "3": 0.4008381014316093,
            "4": 0.01321457031462037
        }
    },
    "user": 16887,
    "size": 1125,
    "weights": [
        0.4163,
        0.4163,
        0.4163,
        7.9731,
        5.3443,
        1.1138,
        0.7921,
        0.0279,
        1.3685,
        0.1015,
        0.7446,
        2.0328,
        0.1474,
        0.2353,
        1.2392,
        0.1295,
        3.0047,
        0.1123
    ]
}