{
    "metrics": {
        "RMSE": 0.2860393847583031,
        "LogLoss": 0.2988690595894008,
        "RMSE(bins)": 0.03579015831552944,
        "ICI": 0.029057084258605256,
        "RMSE(bins)Ratings": {
            "1": 0.08912770342341915,
            "2": 0.06619899773763373,
            "3": 0.023705710337240053,
            "4": 0.021505702747048366
        }
    },
    "user": 17217,
    "size": 21160,
    "weights": [
        0.263,
        1.2349,
        3.5878,
        17.6894,
        5.348,
        1.5909,
        1.2967,
        0.0015,
        1.9889,
        0.2012,
        1.4319,
        2.6864,
        0.0102,
        0.2805,
        2.0,
        0.1116,
        2.7059,
        0.4541
    ]
}