{
    "metrics": {
        "RMSE": 0.09462484922306792,
        "LogLoss": 0.05361260332214008,
        "RMSE(bins)": 0.020757622504504747,
        "ICI": 0.006797885950009493,
        "RMSE(bins)Ratings": {
            "1": 0.04581342649200694,
            "2": 0.031101136489115767,
            "3": 0.020204473843661284,
            "4": 0.015941213352444885
        }
    },
    "user": 17423,
    "size": 27560,
    "weights": [
        1.8029,
        11.3751,
        16.7604,
        30.7952,
        3.9706,
        0.965,
        1.1816,
        0.0503,
        2.9682,
        0.1417,
        2.1471,
        1.9932,
        0.172,
        0.4021,
        1.6822,
        0.0903,
        3.3101,
        0.1186
    ]
}