{
    "metrics": {
        "RMSE": 0.19416854110912518,
        "LogLoss": 0.15994455625013324,
        "RMSE(bins)": 0.037918805443769195,
        "ICI": 0.015461163203467245,
        "RMSE(bins)Ratings": {
            "1": 0.07673079248565955,
            "2": 0.1077780757289435,
            "3": 0.03947870376796361,
            "4": 0.036651451889683606
        }
    },
    "user": 17481,
    "size": 4690,
    "weights": [
        3.7025,
        7.7515,
        15.9579,
        25.8246,
        4.8004,
        0.8059,
        0.5926,
        0.2358,
        1.9514,
        0.1572,
        1.3317,
        2.4222,
        0.0327,
        0.5947,
        1.6306,
        0.0,
        3.0691,
        0.0951
    ]
}