{
    "metrics": {
        "RMSE": 0.34377510066884204,
        "LogLoss": 0.38847812285196215,
        "RMSE(bins)": 0.05851955939042137,
        "ICI": 0.04029825398032769,
        "RMSE(bins)Ratings": {
            "1": 0.13219060266923874,
            "2": 0.09736476613578704,
            "3": 0.09907569185920173,
            "4": 0.07568353955668806
        }
    },
    "user": 17603,
    "size": 2530,
    "weights": [
        0.1711,
        0.9131,
        4.7187,
        10.6248,
        5.1895,
        1.1965,
        0.8075,
        0.0419,
        1.6067,
        0.1184,
        0.9886,
        2.1773,
        0.0502,
        0.3517,
        1.4559,
        0.3068,
        2.6707,
        0.1538
    ]
}