{
    "metrics": {
        "RMSE": 0.38100158775567844,
        "LogLoss": 0.4558861736587828,
        "RMSE(bins)": 0.05288875080605648,
        "ICI": 0.04071105596142547,
        "RMSE(bins)Ratings": {
            "1": 0.10354231949124694,
            "2": 0.08318793112297566,
            "3": 0.0326719134549265,
            "4": 0.04768906247381161
        }
    },
    "user": 17637,
    "size": 11315,
    "weights": [
        0.1301,
        0.5282,
        2.8141,
        8.585,
        5.461,
        1.8386,
        0.9633,
        0.2261,
        1.7516,
        0.2312,
        1.0761,
        2.0348,
        0.1438,
        0.2556,
        1.4689,
        0.1127,
        3.6419,
        0.0943
    ]
}