{
    "metrics": {
        "RMSE": 0.14743805979181374,
        "LogLoss": 0.1030374907496696,
        "RMSE(bins)": 0.02417318578264271,
        "ICI": 0.01203119853543707,
        "RMSE(bins)Ratings": {
            "1": 0.10225277679931678,
            "2": 0.030236650608957538,
            "3": 0.037774570501906725,
            "4": 0.02073926303919824
        }
    },
    "user": 17742,
    "size": 25445,
    "weights": [
        1.6906,
        17.1722,
        17.1722,
        23.6958,
        5.1376,
        1.3382,
        0.9529,
        0.0052,
        1.6544,
        0.1304,
        1.0207,
        2.1166,
        0.0341,
        0.3144,
        1.4627,
        0.1006,
        3.466,
        0.5204
    ]
}