{
    "metrics": {
        "RMSE": 0.38070815737499664,
        "LogLoss": 0.46119703595690886,
        "RMSE(bins)": 0.09765592809345351,
        "ICI": 0.02790899969750562,
        "RMSE(bins)Ratings": {
            "1": 0.1726154318413712,
            "2": 0.18852531621256197,
            "3": 0.18820181716269688,
            "4": 0.2237427363087124
        }
    },
    "user": 17891,
    "size": 1015,
    "weights": [
        0.4859,
        1.2546,
        5.3453,
        23.7112,
        5.2962,
        1.2867,
        0.8611,
        0.0028,
        1.608,
        0.1,
        1.0167,
        2.1361,
        0.0776,
        0.3185,
        1.3642,
        0.3768,
        2.6947,
        0.1192
    ]
}