{
    "metrics": {
        "RMSE": 0.07733900816522908,
        "LogLoss": 0.03460581815644652,
        "RMSE(bins)": 0.008614566421743618,
        "ICI": 0.0030715557649378224,
        "RMSE(bins)Ratings": {
            "1": 0.13793038402506827,
            "2": 0.08026962723509325,
            "3": 0.00893960154813228,
            "4": 0.019831847965447714
        }
    },
    "user": 18293,
    "size": 76245,
    "weights": [
        41.924,
        42.1924,
        42.5983,
        42.5983,
        1.0,
        0.1,
        2.1696,
        0.0293,
        3.0,
        0.1,
        2.5,
        1.9806,
        0.01,
        0.2016,
        2.0,
        0.9145,
        4.0,
        0.5916
    ]
}