{
    "metrics": {
        "RMSE": 0.27909786589861046,
        "LogLoss": 0.3002067604416805,
        "RMSE(bins)": 0.08029258328201418,
        "ICI": 0.04886697420326112,
        "RMSE(bins)Ratings": {
            "1": 0.08298396167170834,
            "2": 0.1417984117523245,
            "3": 0.07143076567109076,
            "4": 0.03772126620151869
        }
    },
    "user": 18413,
    "size": 78170,
    "weights": [
        2.2911,
        2.4639,
        13.193,
        100.0,
        4.4955,
        0.1,
        2.1389,
        0.0,
        2.0971,
        0.1837,
        1.4617,
        1.8497,
        0.0697,
        0.32,
        2.0,
        0.1071,
        3.0211,
        0.7839
    ]
}