{
    "metrics": {
        "RMSE": 0.07248031297485986,
        "LogLoss": 0.051744948163080784,
        "RMSE(bins)": 0.06131167013502853,
        "ICI": 0.04300315679409507,
        "RMSE(bins)Ratings": {
            "1": 0.02119714805020619,
            "2": 0.06153556925259906,
            "3": 0.054425116518579904,
            "4": 0.03630963997618369
        }
    },
    "user": 19335,
    "size": 2725,
    "weights": [
        47.9636,
        36.9202,
        24.934,
        36.9202,
        4.5937,
        1.0956,
        0.7452,
        0.2417,
        2.1321,
        0.1,
        1.4844,
        2.4681,
        0.01,
        0.6558,
        1.6908,
        0.7006,
        3.2249,
        0.5963
    ]
}