{
    "metrics": {
        "RMSE": 0.31991704070371063,
        "LogLoss": 0.35232654138772496,
        "RMSE(bins)": 0.02789401509972431,
        "ICI": 0.012117258012550662,
        "RMSE(bins)Ratings": {
            "1": 0.07482094211765473,
            "2": 0.17496710468796775,
            "3": 0.030132799553774816,
            "4": 0.9230207348575741
        }
    },
    "user": 19422,
    "size": 10305,
    "weights": [
        0.4256,
        1.2546,
        12.0263,
        54.2689,
        4.9124,
        1.2351,
        0.9783,
        0.0,
        2.1306,
        0.1,
        1.4472,
        2.3614,
        0.05,
        0.4405,
        1.9953,
        0.0,
        2.4041,
        0.2224
    ]
}