{
    "metrics": {
        "RMSE": 0.03183925752173945,
        "LogLoss": 0.007589361335174515,
        "RMSE(bins)": 0.006001533179830574,
        "ICI": 0.0016534857831711602,
        "RMSE(bins)Ratings": {
            "1": 0.18385697340715573,
            "2": 0.0019446916698765847,
            "3": 0.0020353130950878182,
            "4": 0.0028560042557401744
        }
    },
    "user": 1947,
    "size": 338670,
    "weights": [
        1.2407,
        2.385,
        6.3565,
        40.1129,
        1.0,
        4.9569,
        0.1142,
        0.1066,
        3.0,
        0.1,
        2.5,
        1.7551,
        0.01,
        0.2024,
        1.9998,
        0.2727,
        4.0,
        0.6136
    ]
}