{
    "metrics": {
        "RMSE": 0.038973213117709654,
        "LogLoss": 0.012906081680927134,
        "RMSE(bins)": 0.02684710196249827,
        "ICI": 0.007198800437652959,
        "RMSE(bins)Ratings": {
            "1": 0.2850616488809435,
            "2": 0.011648570234018484,
            "3": 0.024980926616019847,
            "4": 0.03712939631760013
        }
    },
    "user": 19718,
    "size": 76340,
    "weights": [
        0.4379,
        3.1008,
        58.4184,
        58.4184,
        3.0372,
        3.6132,
        0.4584,
        0.0,
        3.0,
        0.1,
        2.5,
        2.0762,
        0.0374,
        0.3863,
        1.9872,
        1.0,
        3.9284,
        0.2042
    ]
}