{
    "metrics": {
        "RMSE": 0.40225193768926754,
        "LogLoss": 0.5262212747975696,
        "RMSE(bins)": 0.15690064584146984,
        "ICI": 0.09920260414768191,
        "RMSE(bins)Ratings": {
            "1": 0.2761511368006088,
            "2": 0.2226474398553045,
            "3": 0.0746159105876723,
            "4": 0.2437829529807728
        }
    },
    "user": 19874,
    "size": 23810,
    "weights": [
        1.3454,
        2.3402,
        5.369,
        13.3753,
        5.9916,
        2.2555,
        1.8557,
        0.1394,
        1.567,
        0.1031,
        0.9596,
        2.0054,
        0.0912,
        0.2316,
        2.0,
        0.997,
        3.4097,
        0.515
    ]
}