{
    "metrics": {
        "RMSE": 0.23297558065573773,
        "LogLoss": 0.21863204661918206,
        "RMSE(bins)": 0.12675069153773177,
        "ICI": 0.058479291369157936,
        "RMSE(bins)Ratings": {
            "1": 0.21117604345015284,
            "2": 0.07853989176484624,
            "3": 0.07587328765056398,
            "4": 0.0953675099570946
        }
    },
    "user": 2033,
    "size": 2980,
    "weights": [
        4.3664,
        4.3664,
        4.3664,
        19.5555,
        5.0474,
        1.1281,
        0.7148,
        0.2299,
        1.6562,
        0.1666,
        1.0387,
        2.306,
        0.01,
        0.4932,
        1.5974,
        0.3263,
        2.4986,
        0.0717
    ]
}