{
    "metrics": {
        "RMSE": 0.31035144959052685,
        "LogLoss": 0.3411466266015964,
        "RMSE(bins)": 0.09706959973777803,
        "ICI": 0.0566734445324197,
        "RMSE(bins)Ratings": {
            "1": 0.16223021266509013,
            "2": 0.12871405528143634,
            "3": 0.10015346128629697,
            "4": 0.21887176331592517
        }
    },
    "user": 2055,
    "size": 4755,
    "weights": [
        0.8831,
        2.171,
        8.3673,
        33.3343,
        5.1043,
        1.1303,
        0.823,
        0.0465,
        1.629,
        0.135,
        1.0045,
        2.132,
        0.0839,
        0.3204,
        1.3547,
        0.219,
        2.7849,
        0.2
    ]
}