{
    "metrics": {
        "RMSE": 0.31103353194977645,
        "LogLoss": 0.3366173108210958,
        "RMSE(bins)": 0.09426287025859248,
        "ICI": 0.03679539632196023,
        "RMSE(bins)Ratings": {
            "1": 0.2666908566524745,
            "2": 0.37123979069059465,
            "3": 0.13967136318261603,
            "4": 0.22426984897247987
        }
    },
    "user": 255,
    "size": 730,
    "weights": [
        1.3771,
        1.9169,
        3.3554,
        7.9731,
        5.1045,
        1.2206,
        0.6601,
        0.2069,
        1.6188,
        0.1806,
        0.9777,
        2.1585,
        0.2,
        0.3583,
        1.1368,
        0.0427,
        2.5787,
        0.1092
    ]
}