{
    "metrics": {
        "RMSE": 0.34005549108957334,
        "LogLoss": 0.38846705523427955,
        "RMSE(bins)": 0.04338944943384787,
        "ICI": 0.030311107296720773,
        "RMSE(bins)Ratings": {
            "1": 0.049729579316484036,
            "2": 0.060158498089631696,
            "3": 0.052517689970128886,
            "4": 0.39894111446597175
        }
    },
    "user": 2646,
    "size": 142600,
    "weights": [
        0.7036,
        0.7036,
        1.0683,
        23.4469,
        6.231,
        2.7001,
        1.5714,
        0.0934,
        1.5848,
        0.1841,
        1.2113,
        2.4489,
        0.0338,
        0.2653,
        1.975,
        0.1923,
        3.9812,
        0.8649
    ]
}