{
    "metrics": {
        "RMSE": 0.15210163555871697,
        "LogLoss": 0.10692258882301528,
        "RMSE(bins)": 0.010135809476097872,
        "ICI": 0.002237754880042231,
        "RMSE(bins)Ratings": {
            "1": 0.024019473040092842,
            "2": 0.046494273585881,
            "3": 0.0011834544170658912,
            "4": 0.018923538161551345
        }
    },
    "user": 2676,
    "size": 134520,
    "weights": [
        1.8297,
        3.6655,
        10.3934,
        10.3934,
        4.5151,
        2.2117,
        3.5106,
        0.0001,
        2.7022,
        0.2253,
        2.04,
        2.1659,
        0.0399,
        0.5096,
        1.9966,
        0.0,
        3.2187,
        0.299
    ]
}