{
    "metrics": {
        "RMSE": 0.3368407828610901,
        "LogLoss": 0.410863187843049,
        "RMSE(bins)": 0.21733127862676052,
        "ICI": 0.10888306741507403,
        "RMSE(bins)Ratings": {
            "1": 0.24520214484044683,
            "2": 0.25867350905822634,
            "3": 0.47956320891363236,
            "4": 0.5661222425045991
        }
    },
    "user": 2681,
    "size": 2280,
    "weights": [
        1.0728,
        3.8426,
        26.048,
        93.2989,
        5.1887,
        0.8066,
        0.544,
        0.319,
        1.5162,
        0.3002,
        0.8867,
        2.4442,
        0.01,
        0.6261,
        1.6628,
        0.0874,
        2.9544,
        0.0
    ]
}