{
    "metrics": {
        "RMSE": 0.34004749344022045,
        "LogLoss": 0.37464150919957406,
        "RMSE(bins)": 0.04241120748118829,
        "ICI": 0.014304336359179154,
        "RMSE(bins)Ratings": {
            "1": 0.12009916584725659,
            "2": 0.03501899478733626,
            "3": 0.08191774725246681,
            "4": 0.10126730731031618
        }
    },
    "user": 3153,
    "size": 23635,
    "weights": [
        0.1341,
        0.3319,
        1.5964,
        7.9731,
        5.2875,
        1.2977,
        1.4706,
        0.0628,
        1.7714,
        0.1266,
        1.1553,
        2.1243,
        0.0737,
        0.3164,
        1.6393,
        0.3374,
        3.3125,
        0.191
    ]
}