{
    "metrics": {
        "RMSE": 0.07645342222708866,
        "LogLoss": 0.048672127367935636,
        "RMSE(bins)": 0.07345412020546259,
        "ICI": 0.04331178152127566,
        "RMSE(bins)Ratings": {
            "3": 0.059409758330372466
        }
    },
    "user": 3557,
    "size": 2300,
    "weights": [
        11.6005,
        25.9244,
        74.1363,
        100.0,
        4.7139,
        1.1303,
        1.0845,
        0.0,
        2.0213,
        0.1,
        1.388,
        2.132,
        0.0839,
        0.3204,
        1.3547,
        0.219,
        3.0919,
        0.2
    ]
}