{
    "metrics": {
        "RMSE": 0.2631855603802521,
        "LogLoss": 0.25637118777046014,
        "RMSE(bins)": 0.04875732906346127,
        "ICI": 0.012812024007749357,
        "RMSE(bins)Ratings": {
            "1": 0.12971374763098312,
            "2": 0.12633194306931134,
            "3": 0.08593093689184977,
            "4": 0.07065669340726702
        }
    },
    "user": 357,
    "size": 3685,
    "weights": [
        0.2249,
        0.5545,
        2.1463,
        13.4723,
        4.7624,
        0.596,
        1.1106,
        0.1249,
        2.0515,
        0.154,
        1.4365,
        2.4243,
        0.01,
        0.5194,
        1.8653,
        0.1678,
        3.2993,
        0.2469
    ]
}