{
    "metrics": {
        "RMSE": 0.18015589679214739,
        "LogLoss": 0.1453840475553528,
        "RMSE(bins)": 0.07246908533786793,
        "ICI": 0.05343188484121775,
        "RMSE(bins)Ratings": {
            "1": 0.2179625230539546,
            "2": 0.08371800799749803,
            "3": 0.05323375374332434,
            "4": 0.06552116595099121
        }
    },
    "user": 3604,
    "size": 5225,
    "weights": [
        0.4685,
        2.2035,
        3.5263,
        8.9326,
        4.8626,
        1.3734,
        0.8226,
        0.0,
        1.944,
        0.1,
        1.3013,
        2.1644,
        0.0768,
        0.3996,
        1.6774,
        0.2544,
        2.739,
        0.5286
    ]
}