{
    "metrics": {
        "RMSE": 0.3880869612656901,
        "LogLoss": 0.47668238824459397,
        "RMSE(bins)": 0.04369019038190078,
        "ICI": 0.031019338618491345,
        "RMSE(bins)Ratings": {
            "1": 0.07301978890007345,
            "2": 0.059938792355448,
            "3": 0.05246673589586483,
            "4": 0.05268088012388451
        }
    },
    "user": 3805,
    "size": 18455,
    "weights": [
        0.6572,
        1.1774,
        2.2889,
        7.0659,
        5.5966,
        1.5853,
        0.5956,
        0.0914,
        1.2989,
        0.4584,
        0.7109,
        2.0833,
        0.0633,
        0.2744,
        1.4163,
        0.2662,
        2.0971,
        0.327
    ]
}