{
    "metrics": {
        "RMSE": 0.34122549594615326,
        "LogLoss": 0.3839075075298948,
        "RMSE(bins)": 0.03066344205687344,
        "ICI": 0.021983878025472362,
        "RMSE(bins)Ratings": {
            "1": 0.08069952318551071,
            "2": 0.031135103564259133,
            "3": 0.04655566902835518,
            "4": 0.033499715179526254
        }
    },
    "user": 4706,
    "size": 86070,
    "weights": [
        0.0969,
        0.4166,
        1.6718,
        7.9731,
        3.9358,
        1.1646,
        0.5016,
        0.0,
        1.4331,
        0.1138,
        0.8191,
        2.3503,
        0.0102,
        0.1985,
        2.0,
        0.4503,
        3.7406,
        0.2542
    ]
}