{
    "metrics": {
        "RMSE": 0.34248824054864957,
        "LogLoss": 0.39541747869491967,
        "RMSE(bins)": 0.07401659020359332,
        "ICI": 0.03811975768185145,
        "RMSE(bins)Ratings": {
            "1": 0.1989807630249106,
            "2": 0.19644280665525427,
            "3": 0.05267486079170416
        }
    },
    "user": 5303,
    "size": 7745,
    "weights": [
        0.2849,
        0.5963,
        1.8056,
        3.7791,
        5.0071,
        1.2472,
        0.9377,
        0.0,
        1.6308,
        0.1,
        0.9781,
        2.1516,
        0.0816,
        0.3907,
        1.2284,
        0.219,
        2.7849,
        0.4734
    ]
}