{
    "metrics": {
        "RMSE": 0.28846143641929717,
        "LogLoss": 0.29532651873687443,
        "RMSE(bins)": 0.029780641302123965,
        "ICI": 0.009061375089798408,
        "RMSE(bins)Ratings": {
            "1": 0.049830798583860234,
            "2": 0.05439262600296985,
            "3": 0.048640711930042636,
            "4": 0.07036110747517525
        }
    },
    "user": 5339,
    "size": 50280,
    "weights": [
        0.7036,
        0.8638,
        1.1749,
        3.9285,
        5.8556,
        1.951,
        1.6507,
        0.0287,
        1.708,
        0.2733,
        1.0774,
        1.7256,
        0.1683,
        0.7544,
        0.7433,
        0.394,
        3.0629,
        0.5059
    ]
}