{
    "metrics": {
        "RMSE": 0.40555634457320194,
        "LogLoss": 0.5039248840068629,
        "RMSE(bins)": 0.04389609691444431,
        "ICI": 0.03043252080328314,
        "RMSE(bins)Ratings": {
            "1": 0.08491744591326691,
            "2": 0.3908501660745239,
            "3": 0.04208050328248081,
            "4": 0.19108958879002444
        }
    },
    "user": 55,
    "size": 47665,
    "weights": [
        0.1853,
        0.2925,
        0.58,
        0.9156,
        5.2513,
        1.4344,
        1.583,
        0.0505,
        1.7167,
        0.1,
        0.9055,
        2.0146,
        0.1052,
        0.364,
        1.9879,
        1.0,
        1.5415,
        0.3609
    ]
}