{
    "metrics": {
        "RMSE": 0.17271136634057757,
        "LogLoss": 0.12243717404143596,
        "RMSE(bins)": 0.03585233055617021,
        "ICI": 0.016202161927903212,
        "RMSE(bins)Ratings": {
            "1": 0.10728233341780785,
            "2": 0.07721109388013705,
            "3": 0.028732885159930298,
            "4": 0.010098680365468682
        }
    },
    "user": 5751,
    "size": 25550,
    "weights": [
        1.2226,
        1.7943,
        9.1867,
        12.3092,
        4.5534,
        1.7321,
        1.5485,
        0.0,
        2.3313,
        0.1,
        1.6517,
        2.0109,
        0.2,
        0.4158,
        1.4858,
        0.0222,
        2.5748,
        0.3524
    ]
}