{
    "metrics": {
        "RMSE": 0.4423495268322031,
        "LogLoss": 0.6178875807355589,
        "RMSE(bins)": 0.14049192426536186,
        "ICI": 0.11389948461994787,
        "RMSE(bins)Ratings": {
            "1": 0.20775815651688542,
            "2": 0.22417056896493257,
            "3": 0.1605939566503044,
            "4": 0.15968631847143275
        }
    },
    "user": 6015,
    "size": 2940,
    "weights": [
        0.519,
        0.519,
        2.7797,
        7.9731,
        5.5309,
        1.5441,
        1.0269,
        0.0754,
        1.2008,
        0.584,
        0.5602,
        2.1458,
        0.0209,
        0.2946,
        1.1994,
        0.1356,
        2.3643,
        0.2335
    ]
}