{
    "metrics": {
        "RMSE": 0.23518113123652365,
        "LogLoss": 0.19732450855525369,
        "RMSE(bins)": 0.18408370228952708,
        "ICI": 0.08630852256380844,
        "RMSE(bins)Ratings": {
            "1": 0.3933991354390346,
            "2": 0.22978387336244305,
            "3": 0.15432493590104462,
            "4": 0.09137507388303448
        }
    },
    "user": 6286,
    "size": 30990,
    "weights": [
        0.2513,
        1.9953,
        44.6381,
        100.0,
        5.3541,
        1.6336,
        2.0583,
        0.3304,
        2.0442,
        0.3313,
        1.3589,
        1.7498,
        0.1993,
        0.1486,
        0.9797,
        0.0222,
        4.0,
        0.8405
    ]
}