{
    "metrics": {
        "RMSE": 0.4090432207912373,
        "LogLoss": 0.5112866457079502,
        "RMSE(bins)": 0.07999948375918756,
        "ICI": 0.0566203160405099,
        "RMSE(bins)Ratings": {
            "1": 0.1410494253984005,
            "2": 0.09272911078505978,
            "3": 0.09404998547577782,
            "4": 0.11370489256744648
        }
    },
    "user": 6350,
    "size": 2040,
    "weights": [
        0.1692,
        0.2523,
        0.4595,
        5.5759,
        5.2737,
        1.1179,
        0.8919,
        0.0594,
        1.447,
        0.43,
        0.8259,
        2.1453,
        0.0711,
        0.3306,
        1.4847,
        0.2147,
        2.4144,
        0.3024
    ]
}