{
    "metrics": {
        "RMSE": 0.3113339314132693,
        "LogLoss": 0.33151889368072324,
        "RMSE(bins)": 0.11964388740732035,
        "ICI": 0.061223153229956466,
        "RMSE(bins)Ratings": {
            "1": 0.1822458664969856,
            "2": 0.24320332509471485,
            "3": 0.1551890764472878,
            "4": 0.21619340405674017
        }
    },
    "user": 6649,
    "size": 4575,
    "weights": [
        0.855,
        2.0941,
        8.0259,
        30.1996,
        4.9314,
        1.51,
        0.7681,
        0.0,
        1.8659,
        0.1,
        1.2228,
        2.1976,
        0.0167,
        0.386,
        1.4641,
        0.2497,
        3.07,
        0.4086
    ]
}