{
    "metrics": {
        "RMSE": 0.44963994539996255,
        "LogLoss": 0.5959296488282154,
        "RMSE(bins)": 0.0756692453275402,
        "ICI": 0.05997114296145643,
        "RMSE(bins)Ratings": {
            "1": 0.09233700051441475,
            "2": 0.09957307228140946,
            "3": 0.08710451992972948,
            "4": 0.037899966727675476
        }
    },
    "user": 674,
    "size": 16670,
    "weights": [
        0.1136,
        0.3342,
        1.6872,
        2.4175,
        5.7148,
        1.4682,
        0.6232,
        0.0127,
        1.1464,
        0.3404,
        0.6279,
        2.1466,
        0.0238,
        0.2453,
        1.5589,
        0.7569,
        1.9954,
        0.3315
    ]
}