{
    "metrics": {
        "RMSE": 0.493369245521447,
        "LogLoss": 0.7057403988469875,
        "RMSE(bins)": 0.13443927899535602,
        "ICI": 0.11230330815088306,
        "RMSE(bins)Ratings": {
            "1": 0.15873770851018865,
            "2": 0.16316119384460465,
            "3": 0.12136735953684646,
            "4": 0.17179581270827618
        }
    },
    "user": 683,
    "size": 5850,
    "weights": [
        0.0712,
        0.1141,
        0.1833,
        1.1545,
        5.7097,
        1.414,
        1.2143,
        0.159,
        1.0779,
        0.2675,
        0.4728,
        2.0126,
        0.1436,
        0.2476,
        1.4708,
        0.1824,
        1.9413,
        0.0857
    ]
}