{
    "metrics": {
        "RMSE": 0.2681678417284441,
        "LogLoss": 0.2684930960795235,
        "RMSE(bins)": 0.023395765541810967,
        "ICI": 0.013183672607860547,
        "RMSE(bins)Ratings": {
            "1": 0.05811153939160836,
            "2": 0.042875589335643206,
            "3": 0.01231148873581706,
            "4": 0.024903170906729815
        }
    },
    "user": 6833,
    "size": 86295,
    "weights": [
        0.2243,
        2.4598,
        3.5666,
        4.7082,
        6.1627,
        1.4598,
        0.4837,
        0.0154,
        2.1838,
        0.4309,
        1.2648,
        2.1711,
        0.0672,
        0.4369,
        2.0,
        0.5325,
        1.0232,
        0.4839
    ]
}