{
    "metrics": {
        "RMSE": 0.3648201212606025,
        "LogLoss": 0.42365419328578546,
        "RMSE(bins)": 0.03937877013072057,
        "ICI": 0.03352257355510361,
        "RMSE(bins)Ratings": {
            "1": 0.07488782523224191,
            "2": 0.07597396170602558,
            "3": 0.0310451877812162,
            "4": 0.048453272627902784
        }
    },
    "user": 7296,
    "size": 100485,
    "weights": [
        0.2496,
        0.9549,
        7.1463,
        25.9472,
        2.8533,
        1.6687,
        1.5659,
        0.0001,
        1.4728,
        0.1054,
        1.1007,
        2.2782,
        0.0782,
        0.2258,
        1.5042,
        0.1856,
        4.0,
        0.2191
    ]
}