{
    "metrics": {
        "RMSE": 0.3260572853256833,
        "LogLoss": 0.36084244313313646,
        "RMSE(bins)": 0.01908688507633903,
        "ICI": 0.01093000921835249,
        "RMSE(bins)Ratings": {
            "1": 0.055897667167816606,
            "2": 0.0453501958908241,
            "3": 0.024444809120900586,
            "4": 0.08302466796765036
        }
    },
    "user": 7335,
    "size": 19305,
    "weights": [
        0.3842,
        1.6095,
        4.3333,
        12.9277,
        5.5708,
        1.5389,
        1.1067,
        0.0538,
        1.6122,
        0.2718,
        1.0225,
        2.229,
        0.0699,
        0.3766,
        1.9909,
        0.2292,
        2.0639,
        0.341
    ]
}