{
    "metrics": {
        "RMSE": 0.33245230777004575,
        "LogLoss": 0.35886812939142054,
        "RMSE(bins)": 0.07535416049947205,
        "ICI": 0.015363457762178147,
        "RMSE(bins)Ratings": {
            "1": 0.1740118833908664,
            "2": 0.16875589488013665,
            "3": 0.3536613285851958,
            "4": 0.07360333425840927
        }
    },
    "user": 7337,
    "size": 1500,
    "weights": [
        0.5646,
        0.7934,
        1.3215,
        7.8305,
        5.2291,
        1.3124,
        0.8582,
        0.0,
        1.5203,
        0.1,
        0.8857,
        2.1583,
        0.0634,
        0.3432,
        1.4807,
        0.0892,
        2.7181,
        0.3865
    ]
}