{
    "metrics": {
        "RMSE": 0.31878725890269033,
        "LogLoss": 0.3476069798622704,
        "RMSE(bins)": 0.039681667984747294,
        "ICI": 0.019150378680462057,
        "RMSE(bins)Ratings": {
            "1": 0.09606012741046958,
            "3": 0.04315113981335602,
            "4": 0.036698068201872054
        }
    },
    "user": 7418,
    "size": 2380,
    "weights": [
        0.4798,
        1.0729,
        3.5878,
        8.023,
        5.1749,
        1.1997,
        0.8096,
        0.0454,
        1.531,
        0.1977,
        0.9055,
        2.4525,
        0.01,
        0.6174,
        1.6929,
        0.219,
        2.9994,
        0.2589
    ]
}