{
    "metrics": {
        "RMSE": 0.2601726026968422,
        "LogLoss": 0.251249368018559,
        "RMSE(bins)": 0.05981402720295024,
        "ICI": 0.028383800064285477,
        "RMSE(bins)Ratings": {
            "1": 0.0992590382321448,
            "2": 0.06868034831899121,
            "3": 0.0543546231711919,
            "4": 0.09944312080795074
        }
    },
    "user": 7549,
    "size": 28460,
    "weights": [
        1.0557,
        15.9586,
        19.3868,
        29.2776,
        5.1968,
        1.3708,
        2.464,
        0.0268,
        1.9582,
        0.1935,
        1.3645,
        2.3833,
        0.1442,
        0.6022,
        1.9875,
        0.0,
        3.5001,
        0.5082
    ]
}