{
    "metrics": {
        "RMSE": 0.3754008361325376,
        "LogLoss": 0.44887217184511363,
        "RMSE(bins)": 0.09719023338912347,
        "ICI": 0.0608653152027512,
        "RMSE(bins)Ratings": {
            "1": 0.15285689743944583,
            "2": 0.3558712231062524,
            "3": 0.09127184409158211
        }
    },
    "user": 7637,
    "size": 3460,
    "weights": [
        0.4653,
        0.7975,
        1.0904,
        7.9731,
        5.0286,
        1.0807,
        0.8992,
        0.0158,
        1.7104,
        0.2215,
        1.0368,
        2.3323,
        0.01,
        0.5188,
        1.3852,
        0.3905,
        3.0282,
        0.3452
    ]
}