{
    "metrics": {
        "RMSE": 0.13651013318519878,
        "LogLoss": 0.10270855397253988,
        "RMSE(bins)": 0.037508794326271064,
        "ICI": 0.02347133035700434,
        "RMSE(bins)Ratings": {
            "1": 0.10779277770009327,
            "2": 0.03813028902438069,
            "3": 0.03939836818837234,
            "4": 0.038049441345020814
        }
    },
    "user": 8012,
    "size": 3185,
    "weights": [
        2.6296,
        2.6296,
        9.9786,
        15.7535,
        4.7411,
        0.7863,
        0.6787,
        0.2405,
        2.0003,
        0.1,
        1.3711,
        2.4691,
        0.01,
        0.6567,
        1.647,
        0.6427,
        2.5909,
        0.1076
    ]
}