{
    "metrics": {
        "RMSE": 0.4778528678391912,
        "LogLoss": 0.6585832442391357,
        "RMSE(bins)": 0.09344120038082424,
        "ICI": 0.07252120155489325,
        "RMSE(bins)Ratings": {
            "1": 0.1380699955614607,
            "2": 0.29358913037763096,
            "3": 0.13426349363615894,
            "4": 0.1015291111629369
        }
    },
    "user": 8170,
    "size": 19160,
    "weights": [
        0.1647,
        0.2158,
        0.3234,
        2.9117,
        5.974,
        1.8347,
        1.4551,
        0.1258,
        1.2747,
        0.2509,
        0.7373,
        2.2079,
        0.0255,
        0.2813,
        1.5,
        0.0579,
        2.1203,
        0.5072
    ]
}