{
    "metrics": {
        "RMSE": 0.0774780163695542,
        "LogLoss": 0.03587595628937586,
        "RMSE(bins)": 0.055490276198233414,
        "ICI": 0.01672247060542785,
        "RMSE(bins)Ratings": {
            "1": 0.16608108515555478,
            "2": 0.06849637767629829,
            "3": 0.01281369943673017,
            "4": 0.0031032616709239357
        }
    },
    "user": 8362,
    "size": 4090,
    "weights": [
        0.2627,
        0.5871,
        1.679,
        3.7312,
        4.7755,
        1.5603,
        0.7526,
        0.2078,
        2.0137,
        0.1,
        1.3829,
        2.0115,
        0.1521,
        0.1954,
        1.4566,
        0.5379,
        3.31,
        0.2969
    ]
}