{
    "metrics": {
        "RMSE": 0.3363560350216061,
        "LogLoss": 0.36791643927972595,
        "RMSE(bins)": 0.07289607004618873,
        "ICI": 0.04247013805991742,
        "RMSE(bins)Ratings": {
            "1": 0.10149971804242684,
            "2": 0.09009797278387496,
            "3": 0.06356269997589063,
            "4": 0.06734510149245612
        }
    },
    "user": 8566,
    "size": 14285,
    "weights": [
        0.8313,
        1.314,
        10.0062,
        17.4897,
        4.832,
        1.1664,
        0.7377,
        0.0,
        1.9591,
        0.1001,
        1.1772,
        2.0898,
        0.0347,
        0.2404,
        0.8896,
        0.1909,
        2.4902,
        0.2493
    ]
}