{
    "metrics": {
        "RMSE": 0.32161448502161233,
        "LogLoss": 0.3737882903748678,
        "RMSE(bins)": 0.06918412231794437,
        "ICI": 0.0565880628931216,
        "RMSE(bins)Ratings": {
            "1": 0.08893886343151594,
            "2": 0.1361025503970999,
            "3": 0.03726556412395978
        }
    },
    "user": 8668,
    "size": 76230,
    "weights": [
        0.8376,
        1.6751,
        4.7368,
        9.4722,
        5.2227,
        0.1002,
        2.2019,
        0.1854,
        1.6246,
        0.123,
        1.0838,
        2.0351,
        0.0987,
        0.2549,
        1.9896,
        0.0004,
        4.0,
        0.2324
    ]
}