{
    "metrics": {
        "RMSE": 0.4855968362582066,
        "LogLoss": 0.6657360755607356,
        "RMSE(bins)": 0.09570720954480905,
        "ICI": 0.06987020951860101,
        "RMSE(bins)Ratings": {
            "1": 0.1417106478485026,
            "2": 0.0951875457325457,
            "3": 0.11869955034703152,
            "4": 0.1309115793551066
        }
    },
    "user": 8689,
    "size": 14395,
    "weights": [
        0.2703,
        0.2703,
        1.5425,
        4.9256,
        5.4435,
        1.5215,
        0.9009,
        0.2582,
        1.2745,
        0.1,
        0.6826,
        2.2603,
        0.1652,
        0.503,
        1.5268,
        0.2534,
        2.4326,
        0.5176
    ]
}