{
    "metrics": {
        "RMSE": 0.30241649186300806,
        "LogLoss": 0.32287400472676686,
        "RMSE(bins)": 0.07427497814525628,
        "ICI": 0.0357995062504866,
        "RMSE(bins)Ratings": {
            "1": 0.1215012700120388,
            "2": 0.08662068412061302,
            "3": 0.1094748950115894,
            "4": 0.13803551492966215
        }
    },
    "user": 8801,
    "size": 6790,
    "weights": [
        0.2258,
        1.28,
        17.2704,
        17.2704,
        5.2153,
        1.0657,
        0.8231,
        0.1716,
        1.5185,
        0.318,
        0.8985,
        2.4902,
        0.01,
        0.6822,
        1.6541,
        0.0819,
        3.0519,
        0.2486
    ]
}