{
    "metrics": {
        "RMSE": 0.15432237607759478,
        "LogLoss": 0.10574384328414406,
        "RMSE(bins)": 0.05492904984017359,
        "ICI": 0.0308554771602102,
        "RMSE(bins)Ratings": {
            "1": 0.2637625341128028,
            "2": 0.056672826290918944,
            "3": 0.05551210959741712,
            "4": 0.02107443810122295
        }
    },
    "user": 9656,
    "size": 5855,
    "weights": [
        0.6497,
        1.3885,
        4.3379,
        7.9731,
        4.7566,
        1.6615,
        0.7748,
        0.1021,
        2.1079,
        0.1,
        1.461,
        2.2618,
        0.0245,
        0.5078,
        1.695,
        0.7908,
        3.4039,
        0.4769
    ]
}