{
    "metrics": {
        "RMSE": 0.3607996955836656,
        "LogLoss": 0.4187881846780674,
        "RMSE(bins)": 0.05234092217330447,
        "ICI": 0.02038531790024978,
        "RMSE(bins)Ratings": {
            "1": 0.10926890016373239,
            "2": 0.18277800073654854,
            "3": 0.06484062197666098,
            "4": 0.12868289630917978
        }
    },
    "user": 9678,
    "size": 2910,
    "weights": [
        0.154,
        0.5839,
        4.3097,
        7.9731,
        5.368,
        1.3861,
        1.1104,
        0.0241,
        1.5305,
        0.4251,
        0.9305,
        2.1756,
        0.0316,
        0.3298,
        1.5134,
        0.2736,
        2.9482,
        0.2343
    ]
}