{
    "metrics": {
        "RMSE": 0.20676841841230242,
        "LogLoss": 0.1831886410899223,
        "RMSE(bins)": 0.026357624783962558,
        "ICI": 0.016096840498279023,
        "RMSE(bins)Ratings": {
            "1": 0.10866137610074801,
            "2": 0.08424322319385169,
            "3": 0.029050979190692695,
            "4": 0.017001284569997232
        }
    },
    "user": 9707,
    "size": 11120,
    "weights": [
        3.9438,
        10.7365,
        58.9884,
        100.0,
        4.5663,
        0.6571,
        0.9685,
        0.0436,
        2.2714,
        0.1211,
        1.6312,
        2.269,
        0.0739,
        0.4604,
        1.7756,
        0.067,
        3.8223,
        0.36
    ]
}