{
    "metrics": {
        "RMSE": 0.2520508542974471,
        "LogLoss": 0.23305393154611978,
        "RMSE(bins)": 0.03370508041210154,
        "ICI": 0.009603130572810856,
        "RMSE(bins)Ratings": {
            "1": 0.06234202178023037,
            "2": 0.06368635130634359,
            "3": 0.029925064453776563,
            "4": 0.030002906147656598
        }
    },
    "user": 9891,
    "size": 28210,
    "weights": [
        0.9976,
        2.1333,
        6.671,
        19.7185,
        4.9351,
        1.0464,
        1.5205,
        0.007,
        2.0317,
        0.2126,
        1.4571,
        2.1915,
        0.0796,
        0.5216,
        1.8674,
        0.1555,
        3.9981,
        0.404
    ]
}