{
    "metrics": {
        "RMSE": 0.40856393721085965,
        "LogLoss": 0.5142996158898763,
        "RMSE(bins)": 0.09551815052572148,
        "ICI": 0.046025838472576526
    },
    "user": 1000,
    "size": 22155,
    "weights": [
        0.2612,
        0.8003,
        0.9394,
        5.1016,
        5.2096,
        1.3491,
        0.5958,
        0.3043,
        1.4399,
        0.0851,
        0.9035,
        1.9826,
        0.1818,
        0.2462,
        1.4697,
        0.2684,
        2.6256
    ]
}