{
    "metrics": {
        "RMSE": 0.15527843421422538,
        "LogLoss": 0.1097591869570667,
        "RMSE(bins)": 0.016262117954803368,
        "ICI": 0.0024837138990010817
    },
    "user": 10078,
    "size": 89030,
    "weights": [
        1.204,
        1.6103,
        11.4399,
        27.7697,
        5.4273,
        1.838,
        1.9354,
        0.0287,
        2.5937,
        0.1239,
        1.9483,
        1.8301,
        0.0805,
        0.3197,
        2.0,
        0.047,
        4.0
    ]
}