{
    "FSRS-4.5": {
        "RMSE": 0.11492882355504637,
        "LogLoss": 0.07996549103485612,
        "RMSE(bins)": 0.032555302531868474,
        "RMSE(bins)Ratings": {
            "1": 0.07336006719979937,
            "2": 0.037059220432480014,
            "3": 0.032547942096267546,
            "4": 0.031251106721532425
        }
    },
    "user": 10097,
    "size": 3655,
    "weights": [
        1.521,
        2.5618,
        5.5993,
        9.4305,
        4.6338,
        1.4591,
        0.5651,
        0.2399,
        2.0512,
        0.1,
        1.4022,
        2.3299,
        0.0101,
        0.4877,
        1.5576,
        0.5231,
        3.1623
    ]
}