{
    "metrics": {
        "RMSE": 0.1819343353602353,
        "LogLoss": 0.14835894280366926,
        "RMSE(bins)": 0.013848324041476564,
        "ICI": 0.007316560950124165
    },
    "user": 10101,
    "size": 208565,
    "weights": [
        2.5226,
        3.4352,
        5.4587,
        5.4587,
        5.5069,
        2.3145,
        1.0414,
        0.1173,
        2.5662,
        0.4482,
        2.0084,
        1.693,
        0.0599,
        0.526,
        2.9994,
        0.2249,
        1.4001
    ]
}