{
    "metrics": {
        "RMSE": 0.3399103550477001,
        "LogLoss": 0.384449398405867,
        "RMSE(bins)": 0.04036586301382458,
        "ICI": 0.011098758645463927
    },
    "user": 10195,
    "size": 48585,
    "weights": [
        0.6111,
        1.4075,
        3.2603,
        4.9701,
        4.9901,
        0.7293,
        0.8255,
        0.0125,
        1.955,
        0.346,
        1.1209,
        2.3382,
        0.0192,
        0.24,
        0.0959,
        0.214,
        2.3846
    ]
}