{
    "metrics": {
        "RMSE": 0.41893262196564024,
        "LogLoss": 0.5348505878650577,
        "RMSE(bins)": 0.061512751616520533,
        "ICI": 0.0369194923950264
    },
    "user": 10204,
    "size": 20230,
    "weights": [
        0.1762,
        0.4293,
        2.069,
        2.069,
        5.4474,
        1.0562,
        0.4114,
        0.0812,
        1.1608,
        0.2863,
        0.5544,
        2.0315,
        0.1602,
        0.3473,
        1.0197,
        0.6005,
        1.7444
    ]
}