{
    "FSRS-4.5": {
        "RMSE": 0.45608105800189735,
        "LogLoss": 0.6031504680758116,
        "RMSE(bins)": 0.16921203461882867,
        "RMSE(bins)Ratings": {
            "1": 0.22169764468328412,
            "2": 0.10689294090427215,
            "3": 0.033055009250180865,
            "4": 0.26783822756313297
        }
    },
    "user": 10280,
    "size": 13300,
    "weights": [
        0.1,
        0.1,
        3.6112,
        3.7894,
        5.1383,
        1.4686,
        0.6046,
        0.1036,
        1.4558,
        0.1,
        0.85,
        1.7689,
        0.2,
        0.01,
        0.9376,
        0.2083,
        3.7206
    ]
}