{
    "FSRS-4.5": {
        "RMSE": 0.33735740993301316,
        "LogLoss": 0.384190868432768,
        "RMSE(bins)": 0.024388274909040886,
        "RMSE(bins)Ratings": {
            "1": 0.04977820607704235,
            "2": 0.08180869179813924,
            "3": 0.011102973699475074,
            "4": 0.06230790635125897
        }
    },
    "user": 10281,
    "size": 100615,
    "weights": [
        0.3781,
        0.3781,
        1.9298,
        5.52,
        5.2776,
        1.5333,
        1.3786,
        0.0001,
        1.7359,
        0.2893,
        1.0586,
        1.9247,
        0.0916,
        0.2931,
        1.6849,
        0.1668,
        2.7162
    ]
}