{
    "FSRS-4.5": {
        "RMSE": 0.06948868289578328,
        "LogLoss": 0.04482642578732184,
        "RMSE(bins)": 0.049704250888983594,
        "RMSE(bins)Ratings": {
            "1": 0.012936636383768439,
            "2": 0.051961387663625444,
            "3": 0.05539976765147603,
            "4": 0.033816986302772294
        }
    },
    "user": 10305,
    "size": 2980,
    "weights": [
        2.1267,
        5.8289,
        10.2399,
        43.4802,
        4.6269,
        0.5631,
        0.5177,
        0.3638,
        2.0502,
        0.1,
        1.4061,
        2.5474,
        0.01,
        0.6642,
        1.6449,
        0.616,
        3.095
    ]
}