{
    "FSRS-4.5": {
        "RMSE": 0.35181334000741504,
        "LogLoss": 0.3886257414963609,
        "RMSE(bins)": 0.05682247813538049,
        "RMSE(bins)Ratings": {
            "1": 0.11393969786688185,
            "3": 0.04363736987650517
        }
    },
    "user": 10314,
    "size": 5370,
    "weights": [
        0.1556,
        0.8187,
        9.8845,
        52.0193,
        5.1806,
        1.1825,
        0.9806,
        0.0557,
        1.5991,
        0.1,
        0.9552,
        2.1394,
        0.0656,
        0.3025,
        1.434,
        0.4908,
        2.69
    ]
}