{
    "FSRS-4.5": {
        "RMSE": 0.35338840855538156,
        "LogLoss": 0.4125952149013083,
        "RMSE(bins)": 0.04544702744350085,
        "RMSE(bins)Ratings": {
            "1": 0.09457159340010064,
            "2": 0.07933738905110464,
            "3": 0.042730014178681046,
            "4": 0.027850143540257687
        }
    },
    "user": 10346,
    "size": 34615,
    "weights": [
        0.3161,
        0.5407,
        1.6317,
        5.8634,
        5.5073,
        1.2841,
        0.5191,
        0.0021,
        1.3152,
        0.2803,
        0.7822,
        2.3618,
        0.0121,
        0.2239,
        1.9996,
        0.2086,
        2.0109
    ]
}