{
    "metrics": {
        "RMSE": 0.36514134873063636,
        "LogLoss": 0.4279659799072493,
        "RMSE(bins)": 0.07490598530419833,
        "ICI": 0.025259432029711953
    },
    "user": 10416,
    "size": 4520,
    "weights": [
        0.1654,
        0.3417,
        1.0145,
        1.0145,
        5.5454,
        1.4718,
        1.017,
        0.0074,
        1.5121,
        0.1,
        0.8805,
        2.1138,
        0.0817,
        0.3613,
        1.3284,
        0.6379,
        2.6276
    ]
}