{
    "FSRS-4.5": {
        "RMSE": 0.3410171729953541,
        "LogLoss": 0.3878026240025805,
        "RMSE(bins)": 0.04471065116256283,
        "RMSE(bins)Ratings": {
            "1": 0.06136017362518212,
            "2": 0.031273751670264874,
            "3": 0.05174861734523804,
            "4": 0.08762401759514853
        }
    },
    "user": 1042,
    "size": 43405,
    "weights": [
        0.3018,
        0.5587,
        1.4072,
        10.0217,
        5.5541,
        1.8734,
        0.9469,
        0.0058,
        1.4308,
        0.1,
        0.8401,
        1.9935,
        0.1102,
        0.3583,
        1.4444,
        0.5561,
        3.2394
    ]
}