{
    "metrics": {
        "RMSE": 0.23354488021347405,
        "LogLoss": 0.21217840617387926,
        "RMSE(bins)": 0.10162945606212677,
        "ICI": 0.03487814380699748,
        "RMSE(bins)Ratings": {
            "1": 0.13162511741348865,
            "2": 0.14130381130718517,
            "3": 0.12865975048808165,
            "4": 0.02412511094610856
        }
    },
    "user": 10452,
    "size": 3700,
    "weights": [
        0.1344,
        0.4999,
        3.5878,
        13.3492,
        4.7456,
        1.5226,
        0.6188,
        0.25,
        2.0028,
        0.1,
        1.3631,
        2.3079,
        0.0114,
        0.4971,
        1.4902,
        0.1738,
        3.167
    ]
}