{
    "metrics": {
        "RMSE": 0.35367226096338794,
        "LogLoss": 0.40597180173049185,
        "RMSE(bins)": 0.10914213803325226,
        "ICI": 0.029912925289854984
    },
    "user": 10472,
    "size": 2715,
    "weights": [
        0.2098,
        1.7671,
        43.1895,
        100.0,
        5.0188,
        0.9983,
        0.7177,
        0.1055,
        1.7402,
        0.2445,
        1.1259,
        2.0855,
        0.121,
        0.2524,
        1.2919,
        0.3196,
        2.7832
    ]
}