{
    "FSRS-4.5": {
        "RMSE": 0.3068506618696911,
        "LogLoss": 0.32396771450628453,
        "RMSE(bins)": 0.11457764401819534,
        "RMSE(bins)Ratings": {
            "1": 0.1504659219386738,
            "2": 0.14956186641979588,
            "3": 0.15004911586406702,
            "4": 0.15926093741139757
        }
    },
    "user": 105,
    "size": 2275,
    "weights": [
        0.4552,
        1.0086,
        3.3264,
        10.3288,
        4.7435,
        1.0571,
        0.6493,
        0.2229,
        1.9306,
        0.1,
        1.2966,
        2.3126,
        0.0168,
        0.389,
        1.5537,
        0.4152,
        3.0429
    ]
}