{
    "metrics": {
        "RMSE": 0.3057270337331709,
        "LogLoss": 0.32983935275228393,
        "RMSE(bins)": 0.07384672123937283,
        "ICI": 0.025303831922167563
    },
    "user": 10510,
    "size": 2495,
    "weights": [
        0.5405,
        1.4436,
        1.8424,
        10.9355,
        4.8693,
        0.9256,
        0.7365,
        0.1991,
        1.9012,
        0.0061,
        1.278,
        2.3133,
        0.01,
        0.5108,
        1.6411,
        0.1571,
        3.0895
    ]
}