{
    "FSRS-4.5": {
        "RMSE": 0.3779824664521707,
        "LogLoss": 0.45374010723034225,
        "RMSE(bins)": 0.029853389294139217,
        "RMSE(bins)Ratings": {
            "1": 0.06919981585281199,
            "2": 0.10860671372185353,
            "3": 0.05486266696303966,
            "4": 0.15189044850445202
        }
    },
    "user": 10632,
    "size": 20150,
    "weights": [
        0.0761,
        0.3426,
        3.2749,
        7.9731,
        5.5431,
        1.6812,
        0.6604,
        0.0078,
        1.2812,
        0.4909,
        0.9067,
        1.8172,
        0.1892,
        0.2301,
        0.8606,
        0.7154,
        2.1784
    ]
}