{
    "metrics": {
        "RMSE": 0.26096392582246514,
        "LogLoss": 0.24996808040573057,
        "RMSE(bins)": 0.04498338483799521,
        "ICI": 0.0172787563497319
    },
    "user": 10643,
    "size": 129925,
    "weights": [
        1.0337,
        2.584,
        10.2127,
        34.6681,
        5.5543,
        2.0267,
        1.7677,
        0.0818,
        2.2953,
        0.1029,
        1.565,
        2.2002,
        0.0808,
        0.3229,
        1.1212,
        0.3193,
        3.9908
    ]
}