{
    "metrics": {
        "RMSE": 0.210722385322563,
        "LogLoss": 0.18209177404660384,
        "RMSE(bins)": 0.0439752548046859,
        "ICI": 0.027226265595009253
    },
    "user": 10694,
    "size": 35270,
    "weights": [
        0.5438,
        1.7792,
        10.529,
        10.548,
        5.0096,
        1.6889,
        0.694,
        0.003,
        1.7819,
        0.1791,
        1.1432,
        1.9479,
        0.1607,
        0.3292,
        1.5509,
        0.1555,
        1.3267
    ]
}