{
    "FSRS-4.5": {
        "RMSE": 0.30305310890012066,
        "LogLoss": 0.2994103020588037,
        "RMSE(bins)": 0.08104028515720696,
        "RMSE(bins)Ratings": {
            "1": 0.32131715476833783,
            "3": 0.6587746158107223,
            "4": 0.05728105682147211
        }
    },
    "user": 10695,
    "size": 1305,
    "weights": [
        0.7052,
        0.7052,
        1.1469,
        5.52,
        5.1,
        1.02,
        0.78,
        0.06,
        1.57,
        0.14,
        0.94,
        2.16,
        0.06,
        0.31,
        1.34,
        0.21,
        2.69
    ]
}