{
    "metrics": {
        "RMSE": 0.37815656703445666,
        "LogLoss": 0.45403556632898756,
        "RMSE(bins)": 0.05495004581430795,
        "ICI": 0.03793451474528482,
        "RMSE(bins)Ratings": {
            "1": 0.07546062038890591,
            "2": 0.03508621427020054,
            "3": 0.04321111011730357,
            "4": 0.12218330190407913
        }
    },
    "user": 10707,
    "size": 96380,
    "weights": [
        0.7868,
        0.9062,
        2.1786,
        28.9473,
        5.5037,
        1.1271,
        0.6174,
        0.001,
        1.5037,
        0.1,
        1.2198,
        1.51,
        0.0111,
        0.3935,
        0.6732,
        0.3001,
        1.0296
    ]
}