{
    "metrics": {
        "RMSE": 0.4200169142414924,
        "LogLoss": 0.5341131618890483,
        "RMSE(bins)": 0.11359788235889196,
        "ICI": 0.07378754348130642
    },
    "user": 10741,
    "size": 5825,
    "weights": [
        0.8376,
        1.0369,
        1.4281,
        11.1818,
        5.2159,
        1.1052,
        1.104,
        0.0,
        1.5057,
        0.541,
        0.8957,
        2.0835,
        0.1277,
        0.2853,
        1.2798,
        0.4759,
        2.6032
    ]
}