{
    "metrics": {
        "RMSE": 0.3172017076563085,
        "LogLoss": 0.3410582080861257,
        "RMSE(bins)": 0.13877479014370414,
        "ICI": 0.07139431440508483
    },
    "user": 10773,
    "size": 9705,
    "weights": [
        2.9337,
        2.9337,
        13.2466,
        13.2466,
        5.0925,
        1.1979,
        0.7174,
        0.2548,
        1.6766,
        0.2051,
        1.0964,
        2.0143,
        0.1836,
        0.2571,
        1.3245,
        0.0,
        2.2466
    ]
}