{
    "metrics": {
        "RMSE": 0.3470360831559234,
        "LogLoss": 0.39205962229107627,
        "RMSE(bins)": 0.03602578138730295,
        "ICI": 0.017357887980756857
    },
    "user": 10796,
    "size": 290335,
    "weights": [
        0.2918,
        0.7617,
        3.2125,
        46.8537,
        4.9919,
        1.0002,
        0.7834,
        0.0,
        0.4325,
        0.0845,
        1.3445,
        2.13,
        0.1144,
        0.5457,
        0.056,
        0.3777,
        5.9945
    ]
}