{
    "metrics": {
        "RMSE": 0.2817307996324346,
        "LogLoss": 0.2890110773746349,
        "RMSE(bins)": 0.0542727525505438,
        "ICI": 0.025606140800800238
    },
    "user": 10868,
    "size": 10600,
    "weights": [
        0.3939,
        3.5456,
        8.2606,
        14.5175,
        4.9999,
        1.2057,
        1.0614,
        0.0,
        1.858,
        0.1089,
        1.2362,
        2.2108,
        0.0393,
        0.3236,
        1.8799,
        0.1771,
        3.7189
    ]
}