{
    "FSRS-4.5": {
        "RMSE": 0.29019239599485014,
        "LogLoss": 0.30266539394412245,
        "RMSE(bins)": 0.05759562150429909,
        "RMSE(bins)Ratings": {
            "1": 0.13932598842103086,
            "2": 0.1589983930833715,
            "3": 0.04781326409589001,
            "4": 0.11639992843859136
        }
    },
    "user": 10871,
    "size": 8315,
    "weights": [
        0.8654,
        3.921,
        9.5663,
        17.3368,
        5.0194,
        1.007,
        0.727,
        0.0011,
        2.0171,
        0.6325,
        1.3795,
        1.9731,
        0.191,
        0.172,
        1.1244,
        0.2685,
        3.4377
    ]
}