{
    "metrics": {
        "RMSE": 0.4353541700608602,
        "LogLoss": 0.5656074012425889,
        "RMSE(bins)": 0.040927853605833064,
        "ICI": 0.031998062800084645,
        "RMSE(bins)Ratings": {
            "1": 0.0618268771786725,
            "2": 0.09555070905688734,
            "3": 0.0435411653260356,
            "4": 0.17057497765483962
        }
    },
    "user": 10881,
    "size": 168180,
    "weights": [
        0.1547,
        0.4439,
        2.1587,
        6.8761,
        6.2673,
        0.8907,
        0.2116,
        0.0366,
        0.9212,
        0.1217,
        0.8081,
        1.3802,
        0.1475,
        0.5188,
        0.8929,
        0.9985,
        3.2653
    ]
}