{
    "metrics": {
        "RMSE": 0.36933464042218334,
        "LogLoss": 0.4328883763247102,
        "RMSE(bins)": 0.10359424968249592,
        "ICI": 0.049380204792001316
    },
    "user": 10898,
    "size": 9825,
    "weights": [
        1.1822,
        1.9403,
        3.9035,
        8.817,
        5.4011,
        0.5072,
        0.7411,
        0.4271,
        1.2219,
        0.6876,
        0.6121,
        2.3768,
        0.0386,
        0.6265,
        1.7929,
        0.1777,
        2.612
    ]
}