{
    "FSRS-4.5": {
        "RMSE": 0.24839946643509297,
        "LogLoss": 0.2345260062529017,
        "RMSE(bins)": 0.06683780352156506,
        "ICI": 0.05020339905141119,
        "RMSE(bins)Ratings": {
            "1": 0.12704540714278706,
            "2": 0.06530769056912213,
            "3": 0.05506815859645543,
            "4": 0.14951228350539056
        }
    },
    "user": 10969,
    "size": 9875,
    "weights": [
        0.2831,
        3.6761,
        3.6761,
        8.7162,
        5.0968,
        1.5036,
        0.8262,
        0.0,
        1.8221,
        0.1,
        1.1698,
        2.089,
        0.111,
        0.3326,
        1.1107,
        0.4509,
        2.1394
    ]
}