{
    "FSRS-4.5": {
        "RMSE": 0.29074247846029877,
        "LogLoss": 0.2963757180113212,
        "RMSE(bins)": 0.04260685974467753,
        "RMSE(bins)Ratings": {
            "1": 0.12356565433361873,
            "2": 0.09385449834780601,
            "3": 0.058205148656807794,
            "4": 0.2591747965762433
        }
    },
    "user": 11001,
    "size": 2980,
    "weights": [
        0.3035,
        0.6061,
        1.7105,
        9.4005,
        5.0337,
        1.3666,
        0.8951,
        0.0,
        1.7545,
        0.1,
        1.1338,
        2.1702,
        0.1094,
        0.3434,
        1.4877,
        0.146,
        2.6244
    ]
}