{
    "metrics": {
        "RMSE": 0.14624168339277882,
        "LogLoss": 0.10889762973959471,
        "RMSE(bins)": 0.051577584890972035,
        "ICI": 0.019015977563462558
    },
    "user": 11017,
    "size": 3210,
    "weights": [
        0.6437,
        2.1421,
        13.004,
        20.3691,
        5.1043,
        1.1303,
        0.823,
        0.0465,
        1.629,
        0.135,
        1.0045,
        2.132,
        0.0839,
        0.3204,
        1.3547,
        0.219,
        2.7849
    ]
}