{
    "FSRS-4.5": {
        "RMSE": 0.14922844455404483,
        "LogLoss": 0.1141493118439129,
        "RMSE(bins)": 0.041322001964029194,
        "RMSE(bins)Ratings": {
            "1": 0.11513522462759614,
            "2": 0.15411701514237006,
            "3": 0.04108246858200177,
            "4": 0.02848368756367234
        }
    },
    "user": 11016,
    "size": 3150,
    "weights": [
        1.3263,
        3.237,
        12.3424,
        30.1236,
        4.6419,
        0.7304,
        0.5704,
        0.2661,
        2.0453,
        0.1,
        1.4005,
        2.3265,
        0.0174,
        0.4513,
        1.5707,
        0.0297,
        3.1468
    ]
}