{
    "FSRS-4.5": {
        "RMSE": 0.19872158508042087,
        "LogLoss": 0.15613677293578596,
        "RMSE(bins)": 0.034199670413555254,
        "RMSE(bins)Ratings": {
            "1": 0.08042115417222115,
            "2": 0.04692498383979378,
            "3": 0.011227136209683606,
            "4": 0.044912958473841726
        }
    },
    "user": 11030,
    "size": 16830,
    "weights": [
        0.4408,
        1.0773,
        4.2312,
        7.9731,
        4.5795,
        1.3101,
        0.9879,
        0.0,
        2.4695,
        0.1,
        1.7251,
        2.3778,
        0.0862,
        0.6379,
        1.7089,
        0.1871,
        2.7072
    ]
}