{
    "FSRS-4.5": {
        "RMSE": 0.1075449872390872,
        "LogLoss": 0.052822176953546726,
        "RMSE(bins)": 0.01633566134394956,
        "RMSE(bins)Ratings": {
            "1": 0.09416032388584393,
            "2": 0.020694555085965953,
            "3": 0.023530799836386597,
            "4": 0.012056281043807269
        }
    },
    "user": 11124,
    "size": 175965,
    "weights": [
        0.254,
        0.6891,
        3.0784,
        27.5758,
        4.1926,
        2.1334,
        1.108,
        0.0076,
        2.9406,
        0.1,
        1.1376,
        1.6602,
        0.0105,
        0.1806,
        2.0,
        0.0944,
        4.0
    ]
}