{
    "metrics": {
        "RMSE": 0.44268246988960075,
        "LogLoss": 0.5745201252154838,
        "RMSE(bins)": 0.07444909283690797,
        "ICI": 0.059748706553622404,
        "RMSE(bins)Ratings": {
            "1": 0.09009819524314254,
            "2": 0.08808814684580206,
            "3": 0.07936635112259728,
            "4": 0.0987400076487033
        }
    },
    "user": 1113,
    "size": 7280,
    "weights": [
        0.1782,
        0.3736,
        1.1348,
        2.38,
        5.1538,
        1.3986,
        0.7709,
        0.0418,
        1.4941,
        0.1,
        0.846,
        2.0395,
        0.1759,
        0.2508,
        1.3153,
        0.4445,
        2.7908
    ]
}