{
    "metrics": {
        "RMSE": 0.42226218852651604,
        "LogLoss": 0.5561101639068105,
        "RMSE(bins)": 0.13041759244832063,
        "ICI": 0.1015179743456993
    },
    "user": 11194,
    "size": 15755,
    "weights": [
        10.4997,
        18.764,
        44.8278,
        44.8278,
        5.274,
        1.6184,
        0.5653,
        0.097,
        1.3859,
        0.6491,
        0.7595,
        1.9943,
        0.1743,
        0.2325,
        0.9568,
        0.4214,
        2.4363
    ]
}