{
    "FSRS-4.5": {
        "RMSE": 0.33204276962104523,
        "LogLoss": 0.3647318489348938,
        "RMSE(bins)": 0.02842722088691806,
        "RMSE(bins)Ratings": {
            "1": 0.06277251968068727,
            "2": 0.057444247923345085,
            "3": 0.04280330059962223,
            "4": 0.027792510271526016
        }
    },
    "user": 11215,
    "size": 12455,
    "weights": [
        0.2938,
        0.4277,
        0.7512,
        7.9731,
        5.225,
        0.9708,
        0.8142,
        0.0133,
        1.6592,
        0.1036,
        1.0546,
        2.0338,
        0.1366,
        0.3169,
        1.1975,
        0.3542,
        3.08
    ]
}