{
    "FSRS-4.5": {
        "RMSE": 0.33792407647654277,
        "LogLoss": 0.38985749619160864,
        "RMSE(bins)": 0.054381623555988454,
        "RMSE(bins)Ratings": {
            "1": 0.12889920029074117,
            "2": 0.038239289247427935,
            "3": 0.09014465464672028,
            "4": 0.17723482604914662
        }
    },
    "user": 1122,
    "size": 66315,
    "weights": [
        0.2835,
        0.6182,
        1.9903,
        13.5648,
        5.5368,
        0.7367,
        0.4633,
        0.0443,
        1.5215,
        0.263,
        0.8272,
        2.0196,
        0.1082,
        0.2869,
        0.9281,
        0.9812,
        1.3303
    ]
}