{
    "FSRS-4.5": {
        "RMSE": 0.3216167847148114,
        "LogLoss": 0.347981561525883,
        "RMSE(bins)": 0.04558758372262261,
        "RMSE(bins)Ratings": {
            "1": 0.08423599655205474,
            "2": 0.027950012706515943,
            "3": 0.19989446887247342,
            "4": 0.2838178719271002
        }
    },
    "user": 11242,
    "size": 13880,
    "weights": [
        2.3557,
        2.3557,
        4.0752,
        10.2414,
        5.0833,
        0.9091,
        0.6688,
        0.2261,
        1.5566,
        0.3925,
        0.9364,
        2.1312,
        0.1102,
        0.3555,
        0.9767,
        0.496,
        2.4706
    ]
}