{
    "FSRS-4.5": {
        "RMSE": 0.27223387225707696,
        "LogLoss": 0.2594871518144242,
        "RMSE(bins)": 0.050481977840321664,
        "RMSE(bins)Ratings": {
            "1": 0.1363082924354969,
            "2": 0.01752115651424839,
            "4": 0.6749288030653997
        }
    },
    "user": 11272,
    "size": 39550,
    "weights": [
        0.1426,
        0.1426,
        0.8243,
        2.6557,
        4.4554,
        0.1121,
        1.0591,
        0.0005,
        1.9326,
        0.1,
        1.0634,
        1.6385,
        0.183,
        0.3382,
        0.4639,
        0.8495,
        2.7849
    ]
}