{
    "metrics": {
        "RMSE": 0.3481371584891095,
        "LogLoss": 0.4068872171791976,
        "RMSE(bins)": 0.04084149163447065,
        "ICI": 0.02704846145209731
    },
    "user": 11387,
    "size": 76200,
    "weights": [
        0.3778,
        0.4862,
        1.7108,
        24.6186,
        5.9587,
        0.6123,
        1.252,
        0.0083,
        1.5733,
        0.2542,
        0.9947,
        1.7524,
        0.084,
        0.3804,
        2.2365,
        0.1437,
        2.8176
    ]
}