{
    "metrics": {
        "RMSE": 0.32431141828815524,
        "LogLoss": 0.3616146304007623,
        "RMSE(bins)": 0.0476212923976634,
        "ICI": 0.0252306817117291
    },
    "user": 11447,
    "size": 19150,
    "weights": [
        0.819,
        0.9559,
        1.5756,
        6.4667,
        5.7419,
        2.2539,
        1.0878,
        0.0089,
        1.2236,
        0.0056,
        0.6321,
        2.0544,
        0.1346,
        0.3613,
        1.2834,
        0.0,
        2.5233
    ]
}