{
    "metrics": {
        "RMSE": 0.047518556820423885,
        "LogLoss": 0.024976787762395026,
        "RMSE(bins)": 0.019401682992585233,
        "ICI": 0.013783557555551176
    },
    "user": 11463,
    "size": 6170,
    "weights": [
        1.3397,
        8.8889,
        51.6138,
        51.6138,
        4.7083,
        0.841,
        0.6113,
        0.2507,
        2.0305,
        0.0,
        1.3994,
        2.4206,
        0.01,
        0.6072,
        1.6418,
        0.5058,
        3.1971
    ]
}