{
    "metrics": {
        "RMSE": 0.43061132984709144,
        "LogLoss": 0.5586569611618791,
        "RMSE(bins)": 0.06878006194536265,
        "ICI": 0.04832799658190174
    },
    "user": 11517,
    "size": 46975,
    "weights": [
        0.2357,
        0.6577,
        1.5577,
        3.8479,
        5.4922,
        1.2645,
        0.5519,
        0.1135,
        1.0835,
        0.4375,
        0.5592,
        2.0059,
        0.0428,
        0.2401,
        1.283,
        0.2607,
        3.2347
    ]
}