{
    "metrics": {
        "RMSE": 0.34465897705313825,
        "LogLoss": 0.3965130276583501,
        "RMSE(bins)": 0.04176158320813998,
        "ICI": 0.031771267985099404
    },
    "user": 11580,
    "size": 101210,
    "weights": [
        0.5768,
        0.8181,
        0.8181,
        4.1914,
        5.1092,
        1.3763,
        1.965,
        0.0163,
        1.5447,
        0.4918,
        0.918,
        2.144,
        0.0128,
        0.1659,
        2.3994,
        0.0849,
        3.5315
    ]
}