{
    "FSRS-4.5": {
        "RMSE": 0.37378416626329936,
        "LogLoss": 0.4479709006285977,
        "RMSE(bins)": 0.055809900814946155,
        "RMSE(bins)Ratings": {
            "1": 0.037848648787891556,
            "2": 0.07555492033511335,
            "3": 0.05167232933666934,
            "4": 0.15078723932972116
        }
    },
    "user": 11660,
    "size": 27455,
    "weights": [
        0.3928,
        0.7511,
        4.0059,
        12.2282,
        5.2091,
        1.233,
        0.934,
        0.0,
        1.4173,
        0.6517,
        0.826,
        2.1672,
        0.1437,
        0.4625,
        1.916,
        0.0627,
        2.69
    ]
}