{
    "FSRS-4.5": {
        "RMSE": 0.4351492607644629,
        "LogLoss": 0.5775716515692892,
        "RMSE(bins)": 0.2601256037847215,
        "ICI": 0.12333713854752222,
        "RMSE(bins)Ratings": {
            "1": 0.2783228619888736,
            "2": 0.622886501315381,
            "3": 0.3526350261847002
        }
    },
    "user": 11741,
    "size": 1730,
    "weights": [
        0.1318,
        0.1318,
        22.3399,
        100.0,
        5.2948,
        1.0806,
        0.892,
        0.0097,
        1.4281,
        0.3268,
        0.8042,
        1.9784,
        0.2,
        0.1397,
        1.3308,
        0.0221,
        2.7849
    ]
}