{
    "metrics": {
        "RMSE": 0.3414766560402802,
        "LogLoss": 0.38830568451409647,
        "RMSE(bins)": 0.09465944488566098,
        "ICI": 0.03389296126264559
    },
    "user": 11786,
    "size": 7055,
    "weights": [
        0.2066,
        0.3902,
        1.0128,
        10.9355,
        5.0045,
        1.0519,
        0.7955,
        0.0,
        1.5834,
        0.1702,
        0.9821,
        2.1028,
        0.094,
        0.2823,
        1.7278,
        0.5549,
        2.5598
    ]
}