{
    "FSRS-4.5": {
        "RMSE": 0.2980598299291811,
        "LogLoss": 0.30510510794448925,
        "RMSE(bins)": 0.027488407418668762,
        "RMSE(bins)Ratings": {
            "1": 0.06704025233744634,
            "2": 0.05916859826066262,
            "3": 0.038709640311470214,
            "4": 0.018419541821659634
        }
    },
    "user": 1181,
    "size": 33020,
    "weights": [
        0.1,
        1.5095,
        1.7138,
        9.2479,
        4.9137,
        0.9554,
        1.2791,
        0.0,
        1.3507,
        0.123,
        0.7887,
        2.0581,
        0.1005,
        0.3445,
        1.697,
        0.3215,
        4.0
    ]
}