{
    "metrics": {
        "RMSE": 0.41501146858434595,
        "LogLoss": 0.5200839021880416,
        "RMSE(bins)": 0.08390963467164711,
        "ICI": 0.021240046181350662
    },
    "user": 11813,
    "size": 10045,
    "weights": [
        0.3273,
        0.8147,
        3.1996,
        7.9731,
        5.1952,
        1.4457,
        0.7441,
        0.0,
        1.4262,
        0.1703,
        0.8057,
        2.1213,
        0.1016,
        0.3726,
        1.0723,
        0.3531,
        3.7512
    ]
}