{
    "metrics": {
        "RMSE": 0.16304857985681695,
        "LogLoss": 0.11853578456873223,
        "RMSE(bins)": 0.022189395180313418,
        "ICI": 0.006549392336842679
    },
    "user": 11857,
    "size": 65460,
    "weights": [
        0.8329,
        2.7697,
        10.2139,
        28.9002,
        3.9012,
        2.7138,
        1.705,
        0.0,
        2.4509,
        0.2037,
        1.7885,
        1.9473,
        0.0731,
        0.395,
        2.3614,
        0.0,
        2.6311
    ]
}