{
    "FSRS-4.5": {
        "RMSE": 0.3429325278571086,
        "LogLoss": 0.37980936056411935,
        "RMSE(bins)": 0.05143957663986351,
        "RMSE(bins)Ratings": {
            "1": 0.12429281002493209,
            "2": 0.16596570116369283,
            "3": 0.05030457254058295,
            "4": 0.10945041944514423
        }
    },
    "user": 11933,
    "size": 5395,
    "weights": [
        0.1938,
        0.9549,
        4.8779,
        14.4685,
        4.6949,
        1.0922,
        0.8191,
        0.0,
        1.8751,
        0.1,
        1.2187,
        2.0418,
        0.1966,
        0.2902,
        1.0998,
        0.0508,
        3.0475
    ]
}