{
    "metrics": {
        "RMSE": 0.3718889401247308,
        "LogLoss": 0.4357670246295329,
        "RMSE(bins)": 0.06593510953830778,
        "ICI": 0.012899754950176746
    },
    "user": 12078,
    "size": 32545,
    "weights": [
        0.276,
        0.8389,
        4.5743,
        27.6773,
        5.1655,
        0.861,
        0.6312,
        0.0972,
        1.5136,
        0.2058,
        0.7832,
        1.9498,
        0.0809,
        0.2175,
        1.3167,
        0.6523,
        2.9839
    ]
}