{
    "metrics": {
        "RMSE": 0.2883142882144176,
        "LogLoss": 0.29782610710870056,
        "RMSE(bins)": 0.028679408215253062,
        "ICI": 0.01390571888655552
    },
    "user": 12110,
    "size": 147675,
    "weights": [
        0.2341,
        0.5103,
        1.642,
        13.2871,
        4.1406,
        2.2741,
        2.4795,
        0.0,
        2.2708,
        0.3358,
        1.1983,
        3.1677,
        0.0167,
        0.2515,
        0.8219,
        0.0427,
        4.0
    ]
}