{
    "FSRS-4.5": {
        "RMSE": 0.331222512701579,
        "LogLoss": 0.3671491427539221,
        "RMSE(bins)": 0.03888343865740765,
        "RMSE(bins)Ratings": {
            "1": 0.13238392129227858,
            "2": 0.6913111933676683,
            "3": 0.04192137659734741
        }
    },
    "user": 12127,
    "size": 4150,
    "weights": [
        0.5517,
        1.0811,
        2.9659,
        5.8124,
        5.1586,
        1.0594,
        0.7974,
        0.0754,
        1.5117,
        0.1222,
        0.8835,
        2.1016,
        0.118,
        0.27,
        1.1485,
        0.368,
        2.69
    ]
}