{
    "metrics": {
        "RMSE": 0.2650056042539139,
        "LogLoss": 0.2628225327484947,
        "RMSE(bins)": 0.0434009859857845,
        "ICI": 0.019303728338961375
    },
    "user": 12122,
    "size": 1156405,
    "weights": [
        0.5788,
        1.6189,
        4.1386,
        4.3094,
        7.9051,
        0.5524,
        0.2998,
        0.0,
        2.0431,
        0.0,
        1.0361,
        1.3223,
        0.0151,
        0.2594,
        1.529,
        0.5278,
        3.1301
    ]
}