{
    "FSRS-4.5": {
        "RMSE": 0.3291845972018275,
        "LogLoss": 0.3748836327253185,
        "RMSE(bins)": 0.0695154830584532,
        "RMSE(bins)Ratings": {
            "1": 0.19603871609689294,
            "2": 0.04238353032192071,
            "3": 0.05141765230786445,
            "4": 0.10886573665266323
        }
    },
    "user": 12205,
    "size": 116565,
    "weights": [
        0.6048,
        3.81,
        3.81,
        10.2752,
        4.2806,
        1.2617,
        1.3001,
        0.0035,
        2.2067,
        0.4063,
        1.3846,
        1.1737,
        0.1671,
        0.1285,
        2.0,
        0.7584,
        4.0
    ]
}