{
    "FSRS-4.5": {
        "RMSE": 0.4000119510628715,
        "LogLoss": 0.49568120477083716,
        "RMSE(bins)": 0.06616145353804366,
        "ICI": 0.03456463881667032,
        "RMSE(bins)Ratings": {
            "1": 0.10979985700794107,
            "2": 0.11750541764526,
            "3": 0.3674940747352065,
            "4": 0.05639008686347863
        }
    },
    "user": 12203,
    "size": 23940,
    "weights": [
        0.2893,
        1.3438,
        1.9342,
        3.5021,
        5.482,
        0.7068,
        0.5648,
        0.2132,
        1.2166,
        0.2795,
        0.5938,
        2.0645,
        0.0628,
        0.2706,
        1.1557,
        0.9801,
        3.0513
    ]
}