{
    "metrics": {
        "RMSE": 0.3577871918988469,
        "LogLoss": 0.4116300064283018,
        "RMSE(bins)": 0.09437359001981134,
        "ICI": 0.028236227538789967
    },
    "user": 12235,
    "size": 7840,
    "weights": [
        1.0035,
        1.9029,
        4.9693,
        9.4234,
        5.3887,
        1.6861,
        0.6323,
        0.0898,
        1.4292,
        0.3376,
        0.8209,
        2.1118,
        0.0826,
        0.2888,
        0.9819,
        0.1306,
        2.7849
    ]
}