{
    "FSRS-4.5": {
        "RMSE": 0.46032877681841694,
        "LogLoss": 0.623419214810636,
        "RMSE(bins)": 0.08429243740013823,
        "RMSE(bins)Ratings": {
            "1": 0.06972501878284036,
            "2": 0.12080549549201224,
            "3": 0.12162505230488581,
            "4": 0.10720196829870805
        }
    },
    "user": 12243,
    "size": 46220,
    "weights": [
        0.4229,
        0.6968,
        1.0707,
        2.4646,
        5.4783,
        0.6206,
        1.1144,
        0.035,
        0.8211,
        0.2131,
        0.4584,
        2.1325,
        0.0805,
        0.3137,
        1.1288,
        0.0858,
        1.3413
    ]
}