{
    "FSRS-4.5": {
        "RMSE": 0.3513878787958993,
        "LogLoss": 0.41249677782908195,
        "RMSE(bins)": 0.04073819975401077,
        "RMSE(bins)Ratings": {
            "1": 0.07621840086871985,
            "2": 0.08875483387924188,
            "3": 0.026164776808584457,
            "4": 0.07631178447855523
        }
    },
    "user": 12253,
    "size": 11310,
    "weights": [
        1.3047,
        1.3047,
        5.0305,
        6.4197,
        5.3846,
        1.6635,
        1.2991,
        0.0,
        1.4724,
        0.1045,
        0.8559,
        2.2051,
        0.0223,
        0.3282,
        0.8768,
        0.0464,
        3.2729
    ]
}