{
    "FSRS-4.5": {
        "RMSE": 0.3293924727032985,
        "LogLoss": 0.37834422184755867,
        "RMSE(bins)": 0.06403980294659119,
        "RMSE(bins)Ratings": {
            "1": 0.08064750114276957,
            "2": 0.06034413303351895,
            "3": 0.03482091990566165,
            "4": 0.13410577016917155
        }
    },
    "user": 12279,
    "size": 24380,
    "weights": [
        3.2049,
        4.97,
        9.5975,
        13.193,
        5.389,
        1.1381,
        0.9264,
        0.054,
        1.5133,
        0.2569,
        0.8963,
        2.1391,
        0.0856,
        0.3001,
        2.0,
        0.0035,
        2.6896
    ]
}