{
    "FSRS-4.5": {
        "RMSE": 0.2587527548533018,
        "LogLoss": 0.24651418526665225,
        "RMSE(bins)": 0.05763172562251361,
        "ICI": 0.02139686154965441,
        "RMSE(bins)Ratings": {
            "1": 0.22897926064310514,
            "2": 0.06315867059833451,
            "3": 0.036673600107166346,
            "4": 0.020167008602173003
        }
    },
    "user": 12361,
    "size": 2645,
    "weights": [
        0.01,
        0.055,
        1.0895,
        7.9731,
        4.8445,
        1.3281,
        0.6616,
        0.2296,
        1.9242,
        0.1,
        1.2874,
        1.9909,
        0.2,
        0.196,
        1.2277,
        0.3698,
        3.096
    ]
}