{
    "metrics": {
        "RMSE": 0.16576332298301386,
        "LogLoss": 0.11174689628988714,
        "RMSE(bins)": 0.08821654908468739,
        "ICI": 0.027533195993505757
    },
    "user": 12409,
    "size": 4795,
    "weights": [
        12.7233,
        12.7233,
        12.7233,
        12.7233,
        4.951,
        1.3165,
        0.6782,
        0.1931,
        1.7834,
        0.0186,
        1.1628,
        2.257,
        0.01,
        0.4518,
        1.4836,
        0.3351,
        2.9938
    ]
}