{
    "metrics": {
        "RMSE": 0.25258644912631395,
        "LogLoss": 0.24123310808333082,
        "RMSE(bins)": 0.04682490896894172,
        "ICI": 0.012444089926034728
    },
    "user": 12407,
    "size": 26565,
    "weights": [
        0.608,
        1.0568,
        2.4217,
        19.7051,
        5.0759,
        1.0853,
        0.3072,
        0.0285,
        1.8793,
        0.136,
        1.2834,
        2.0617,
        0.1443,
        0.4535,
        0.4662,
        0.2616,
        3.8135
    ]
}