{
    "FSRS-4.5": {
        "RMSE": 0.4097213680641793,
        "LogLoss": 0.5171168756387795,
        "RMSE(bins)": 0.1105509585804863,
        "RMSE(bins)Ratings": {
            "1": 0.14440238827017718,
            "2": 0.17177518623028867,
            "3": 0.06876610326728794,
            "4": 0.09126579649483786
        }
    },
    "user": 12413,
    "size": 4750,
    "weights": [
        0.4434,
        0.5543,
        10.7463,
        10.7463,
        4.9663,
        0.8754,
        0.8365,
        0.0597,
        1.7469,
        0.1327,
        1.0968,
        2.1835,
        0.0343,
        0.2896,
        1.3728,
        0.0541,
        3.1179
    ]
}