{
    "FSRS-4.5": {
        "RMSE": 0.40492309051072195,
        "LogLoss": 0.5077606213592862,
        "RMSE(bins)": 0.04169275945116566,
        "RMSE(bins)Ratings": {
            "1": 0.10755090367624658,
            "2": 0.05424164062360181,
            "3": 0.03493784619837201,
            "4": 0.14452256186144544
        }
    },
    "user": 1245,
    "size": 66840,
    "weights": [
        0.2448,
        0.7713,
        1.9136,
        8.89,
        5.4359,
        1.3348,
        0.5113,
        0.0892,
        1.5183,
        0.4038,
        0.8791,
        2.4039,
        0.0434,
        0.1554,
        0.01,
        0.1668,
        4.0
    ]
}