{
    "FSRS-4.5": {
        "RMSE": 0.2927082766723264,
        "LogLoss": 0.2872208826213498,
        "RMSE(bins)": 0.08448119383318427,
        "RMSE(bins)Ratings": {
            "1": 0.1380743706941249,
            "2": 0.18551326128200432,
            "3": 0.052955872931206203,
            "4": 0.042295165179157226
        }
    },
    "user": 12543,
    "size": 57985,
    "weights": [
        0.5878,
        2.0121,
        16.7715,
        16.7715,
        4.8767,
        0.7189,
        1.3146,
        0.074,
        2.0193,
        0.1,
        1.4363,
        2.0763,
        0.0662,
        0.3089,
        1.9921,
        0.0731,
        4.0
    ]
}