{
    "FSRS-4.5": {
        "RMSE": 0.3040420834820494,
        "LogLoss": 0.3613643429793445,
        "RMSE(bins)": 0.06847962784105088,
        "ICI": 0.05490140570772484,
        "RMSE(bins)Ratings": {
            "1": 0.11461679857246859,
            "2": 0.16586625398759236,
            "3": 0.06218393000777472,
            "4": 0.21665388966842417
        }
    },
    "user": 12564,
    "size": 10335,
    "weights": [
        4.6662,
        18.658,
        24.2667,
        38.1941,
        5.1549,
        1.0206,
        0.9141,
        0.1993,
        1.6215,
        0.2786,
        1.0176,
        2.1535,
        0.0385,
        0.3168,
        1.3437,
        0.0,
        2.6376
    ]
}