{
    "FSRS-4.5": {
        "RMSE": 0.1974709790326887,
        "LogLoss": 0.1707222480126021,
        "RMSE(bins)": 0.05052838038527352,
        "RMSE(bins)Ratings": {
            "1": 0.21302983271037992,
            "2": 0.06474047210302127,
            "3": 0.07645697640544087,
            "4": 0.051767525912471295
        }
    },
    "user": 12634,
    "size": 850,
    "weights": [
        0.2838,
        0.8632,
        4.5788,
        9.083,
        4.9809,
        1.1392,
        0.6643,
        0.1729,
        1.6895,
        0.1,
        1.0591,
        2.2768,
        0.01,
        0.4258,
        1.4578,
        0.3281,
        2.8093
    ]
}