{
    "FSRS-4.5": {
        "RMSE": 0.4926105952608311,
        "LogLoss": 0.7219689055644126,
        "RMSE(bins)": 0.19255379791008198,
        "RMSE(bins)Ratings": {
            "1": 0.26026528421567147,
            "2": 0.17974525951759956,
            "3": 0.5135126547377902,
            "4": 0.05227573962580501
        }
    },
    "user": 12671,
    "size": 1065,
    "weights": [
        0.1573,
        0.1882,
        0.5715,
        7.8452,
        5.2231,
        1.2746,
        0.7776,
        0.0735,
        1.4837,
        0.1098,
        0.8596,
        1.9881,
        0.199,
        0.1751,
        1.2591,
        0.2975,
        2.5665
    ]
}