{
    "metrics": {
        "RMSE": 0.13487539246806313,
        "LogLoss": 0.08882951793264587,
        "RMSE(bins)": 0.016730298978039796,
        "ICI": 0.006381929005854324,
        "RMSE(bins)Ratings": {
            "1": 0.06822061721189623,
            "2": 0.09501806872015861,
            "3": 0.052002713212611,
            "4": 0.012819842794774126
        }
    },
    "user": 12682,
    "size": 7435,
    "weights": [
        4.342,
        7.0009,
        7.6908,
        21.9591,
        4.7853,
        1.4473,
        0.9026,
        0.0161,
        1.9612,
        0.1,
        1.3314,
        2.2232,
        0.01,
        0.4239,
        1.4218,
        0.3223,
        3.1047
    ]
}