{
    "FSRS-4.5": {
        "RMSE": 0.44985861555289186,
        "LogLoss": 0.5991446729926543,
        "RMSE(bins)": 0.11186218446490069,
        "RMSE(bins)Ratings": {
            "1": 0.15398542374312638,
            "2": 0.04775543486250757,
            "3": 0.10322804756810046,
            "4": 0.2267975736488462
        }
    },
    "user": 12694,
    "size": 21465,
    "weights": [
        0.4528,
        0.9252,
        2.702,
        2.702,
        5.2113,
        0.8218,
        0.6676,
        0.2894,
        1.4496,
        0.3651,
        0.7389,
        1.7634,
        0.2,
        0.01,
        0.8525,
        0.5217,
        1.8525
    ]
}