{
    "metrics": {
        "RMSE": 0.29454199550001314,
        "LogLoss": 0.3097857100743125,
        "RMSE(bins)": 0.05084737217698706,
        "ICI": 0.00967767167044893
    },
    "user": 12728,
    "size": 8215,
    "weights": [
        1.2439,
        2.1614,
        4.9506,
        8.6021,
        5.029,
        1.2693,
        0.7285,
        0.0236,
        1.7818,
        0.2469,
        1.1638,
        2.1589,
        0.0356,
        0.3259,
        1.1357,
        0.2442,
        2.8237
    ]
}