{
    "metrics": {
        "RMSE": 0.3022175641124814,
        "LogLoss": 0.31675697888020526,
        "RMSE(bins)": 0.023225489183845337,
        "ICI": 0.014819138905143123,
        "RMSE(bins)Ratings": {
            "1": 0.04183158929218855,
            "2": 0.04207153331559499,
            "3": 0.028415278220966723,
            "4": 0.022506709109335967
        }
    },
    "user": 12757,
    "size": 97760,
    "weights": [
        0.378,
        0.6738,
        1.6034,
        4.5303,
        4.8354,
        1.7068,
        0.5987,
        0.0008,
        1.4372,
        0.1241,
        0.8595,
        1.9312,
        0.0319,
        0.2853,
        1.3678,
        0.4048,
        2.7417
    ]
}