{
    "FSRS-4.5": {
        "RMSE": 0.3864961465319652,
        "LogLoss": 0.46666206932598886,
        "RMSE(bins)": 0.03680529117086188,
        "RMSE(bins)Ratings": {
            "1": 0.053148311125076134,
            "2": 0.05717464444845487,
            "3": 0.01887152720387859,
            "4": 0.4725790521356229
        }
    },
    "user": 12778,
    "size": 34255,
    "weights": [
        0.4724,
        0.8523,
        2.0657,
        2.0657,
        5.3632,
        1.2389,
        1.447,
        0.0067,
        1.8114,
        0.2325,
        1.1882,
        2.0145,
        0.1156,
        0.2228,
        1.7916,
        0.135,
        2.5104
    ]
}