{
    "metrics": {
        "RMSE": 0.3324047417739348,
        "LogLoss": 0.37620427065590994,
        "RMSE(bins)": 0.0326595934034366,
        "ICI": 0.021787904587441245
    },
    "user": 1278,
    "size": 18965,
    "weights": [
        0.3461,
        0.5562,
        1.5673,
        2.9431,
        5.1297,
        0.761,
        0.6331,
        0.0116,
        1.346,
        0.0802,
        0.7569,
        2.1192,
        0.0295,
        0.2682,
        1.8816,
        0.2087,
        1.9451
    ]
}