{
    "metrics": {
        "RMSE": 0.38150980916450994,
        "LogLoss": 0.46973324569400304,
        "RMSE(bins)": 0.08302048029074538,
        "ICI": 0.057834217420346286
    },
    "user": 12784,
    "size": 113490,
    "weights": [
        0.4109,
        1.5373,
        1.7214,
        25.8485,
        5.5344,
        1.8318,
        1.0636,
        0.306,
        1.5296,
        0.1,
        0.8525,
        1.8027,
        0.0645,
        0.2191,
        1.9923,
        0.4972,
        3.8179
    ]
}