{
    "FSRS-4.5": {
        "RMSE": 0.3834706112537541,
        "LogLoss": 0.46538190905223686,
        "RMSE(bins)": 0.04875178286278068,
        "RMSE(bins)Ratings": {
            "1": 0.0720743393166713,
            "2": 0.5231271373186219,
            "3": 0.04945675860014526,
            "4": 0.2761839337884507
        }
    },
    "user": 12899,
    "size": 38235,
    "weights": [
        0.2275,
        0.5226,
        8.0091,
        49.4186,
        5.0946,
        1.4487,
        0.6666,
        0.0005,
        1.9537,
        0.2891,
        1.0848,
        1.9876,
        0.1497,
        0.2935,
        0.9187,
        0.726,
        1.1899
    ]
}