{
    "metrics": {
        "RMSE": 0.35663641679512686,
        "LogLoss": 0.40464490222398153,
        "RMSE(bins)": 0.14892807696492769,
        "ICI": 0.08446003330886503
    },
    "user": 12890,
    "size": 3610,
    "weights": [
        0.7386,
        1.2546,
        8.7673,
        11.1263,
        5.1696,
        1.0858,
        0.744,
        0.186,
        1.529,
        0.3833,
        0.9154,
        2.2735,
        0.0101,
        0.4296,
        1.4815,
        0.3206,
        2.6312
    ]
}