{
    "FSRS-4.5": {
        "RMSE": 0.44535712715052844,
        "LogLoss": 0.580131599129889,
        "RMSE(bins)": 0.03573140892958035,
        "RMSE(bins)Ratings": {
            "1": 0.057778185825661334,
            "2": 0.09769465623468393,
            "3": 0.061751304008065534,
            "4": 0.14068511764036887
        }
    },
    "user": 12918,
    "size": 7575,
    "weights": [
        0.0844,
        0.5463,
        0.5463,
        0.5463,
        5.3926,
        1.4349,
        0.6648,
        0.0173,
        1.3838,
        0.3697,
        0.7887,
        2.0381,
        0.1921,
        0.3325,
        1.0401,
        0.5543,
        2.1534
    ]
}