{
    "FSRS-4.5": {
        "RMSE": 0.3938896438506753,
        "LogLoss": 0.4911264224744877,
        "RMSE(bins)": 0.04548809126683492,
        "RMSE(bins)Ratings": {
            "1": 0.051507732464387626,
            "2": 0.08348452758791294,
            "3": 0.062185193946987266,
            "4": 0.02872085700180155
        }
    },
    "user": 12931,
    "size": 71775,
    "weights": [
        0.4311,
        0.9457,
        3.6193,
        3.6193,
        5.7111,
        1.5025,
        0.9255,
        0.0,
        1.1668,
        0.5298,
        0.6921,
        2.2297,
        0.0137,
        0.2335,
        1.9964,
        0.2791,
        2.2721
    ]
}