{
    "metrics": {
        "RMSE": 0.481271861319628,
        "LogLoss": 0.7514010763871845,
        "RMSE(bins)": 0.24718189967495252,
        "ICI": 0.21500721868483894
    },
    "user": 12967,
    "size": 1215,
    "weights": [
        0.6141,
        1.3173,
        4.1386,
        10.9355,
        5.2638,
        1.0816,
        0.9823,
        0.0,
        1.5096,
        0.2535,
        0.8969,
        2.2239,
        0.01,
        0.4271,
        1.5787,
        0.1035,
        2.7039
    ]
}