{
    "metrics": {
        "RMSE": 0.3897913462679129,
        "LogLoss": 0.46264106191860666,
        "RMSE(bins)": 0.08863136120712918,
        "ICI": 0.053291556740191995
    },
    "user": 12971,
    "size": 2860,
    "weights": [
        5.4297,
        9.2506,
        20.2372,
        20.2372,
        5.4246,
        1.4025,
        1.0254,
        0.0,
        1.3438,
        0.4323,
        0.7255,
        2.4622,
        0.01,
        0.6582,
        1.7863,
        0.0402,
        2.406
    ]
}