{
    "FSRS-4.5": {
        "RMSE": 0.2592571189585343,
        "LogLoss": 0.2389410800325212,
        "RMSE(bins)": 0.04669039794564525,
        "ICI": 0.02707209527079688,
        "RMSE(bins)Ratings": {
            "1": 0.1016079671712205,
            "2": 0.11869636183300197,
            "3": 0.056890509070456764,
            "4": 0.032936607509015586
        }
    },
    "user": 13003,
    "size": 11325,
    "weights": [
        0.861,
        1.8026,
        3.5878,
        16.4955,
        5.3842,
        1.5679,
        1.141,
        0.0,
        1.7066,
        0.1,
        1.1023,
        2.1316,
        0.0566,
        0.276,
        1.5569,
        0.3815,
        3.1593
    ]
}