{
    "metrics": {
        "RMSE": 0.42040955720725504,
        "LogLoss": 0.5465275392262532,
        "RMSE(bins)": 0.08353067612335593,
        "ICI": 0.046461142223430965
    },
    "user": 13016,
    "size": 6345,
    "weights": [
        0.4441,
        0.7408,
        1.5958,
        4.1524,
        5.551,
        1.5636,
        1.159,
        0.2078,
        1.2517,
        0.4686,
        0.6359,
        2.2051,
        0.0168,
        0.3795,
        1.252,
        0.1148,
        2.5701
    ]
}