{
    "FSRS-4.5": {
        "RMSE": 0.2784682817791315,
        "LogLoss": 0.2749665301262023,
        "RMSE(bins)": 0.10040725691621313,
        "RMSE(bins)Ratings": {
            "1": 0.15219193177306778,
            "3": 0.026451131853165527,
            "4": 0.041773907523103525
        }
    },
    "user": 13028,
    "size": 5825,
    "weights": [
        1.7338,
        1.7338,
        13.4912,
        52.9763,
        4.9462,
        1.0291,
        0.6486,
        0.2643,
        1.7922,
        0.1,
        1.1656,
        2.1559,
        0.0432,
        0.2581,
        1.4975,
        0.143,
        3.3201
    ]
}