{
    "metrics": {
        "RMSE": 0.3239764866370626,
        "LogLoss": 0.35184076170120887,
        "RMSE(bins)": 0.04705205160322131,
        "ICI": 0.007173732332536063
    },
    "user": 13069,
    "size": 230535,
    "weights": [
        0.0825,
        0.1655,
        0.4705,
        0.5474,
        5.86,
        0.1282,
        0.4022,
        0.038,
        0.8049,
        0.0201,
        0.6,
        0.9834,
        0.1829,
        0.8299,
        0.7054,
        1.0,
        1.0002
    ]
}