{
    "FSRS-4.5": {
        "RMSE": 0.18536089726647947,
        "LogLoss": 0.14771537912233473,
        "RMSE(bins)": 0.03149169604711975,
        "RMSE(bins)Ratings": {
            "1": 0.13172733209119952,
            "2": 0.14062473072197168,
            "3": 0.08187037693650635,
            "4": 0.023464836491169323
        }
    },
    "user": 13066,
    "size": 6370,
    "weights": [
        0.7343,
        0.8338,
        1.0089,
        11.7962,
        5.0799,
        1.1332,
        1.0367,
        0.154,
        1.6644,
        0.1,
        1.0341,
        2.09,
        0.0322,
        0.1857,
        1.6995,
        0.0447,
        2.8323
    ]
}