{
    "metrics": {
        "RMSE": 0.10274179719749321,
        "LogLoss": 0.05520385763915798,
        "RMSE(bins)": 0.01872286458478939,
        "ICI": 0.00806700523650023
    },
    "user": 1307,
    "size": 51125,
    "weights": [
        1.0872,
        2.9068,
        12.7081,
        33.5035,
        4.7222,
        2.4708,
        1.3622,
        0.0013,
        2.6028,
        0.0,
        1.8013,
        2.087,
        0.0689,
        0.2619,
        1.9905,
        0.0487,
        1.0281
    ]
}