{
    "metrics": {
        "RMSE": 0.3304534277845223,
        "LogLoss": 0.40990999582983656,
        "RMSE(bins)": 0.10826198980454944,
        "ICI": 0.07194416579136144
    },
    "user": 13172,
    "size": 60,
    "weights": [
        1.288,
        1.288,
        1.288,
        1.288,
        4.9873,
        1.0152,
        0.7081,
        0.1621,
        1.7472,
        0.015,
        1.1221,
        2.2504,
        0.01,
        0.4378,
        1.4733,
        0.3387,
        2.9043
    ]
}