{
    "metrics": {
        "RMSE": 0.15936945280626374,
        "LogLoss": 0.11712626018603166,
        "RMSE(bins)": 0.023104393775047874,
        "ICI": 0.013147995302517888
    },
    "user": 13198,
    "size": 7035,
    "weights": [
        1.1015,
        1.9664,
        6.2324,
        13.4476,
        4.6077,
        0.666,
        0.4502,
        0.3959,
        2.1673,
        0.1,
        1.5185,
        1.9588,
        0.1998,
        0.1587,
        1.261,
        0.6888,
        2.7849
    ]
}