{
    "metrics": {
        "RMSE": 0.2168118893463453,
        "LogLoss": 0.18928353093308017,
        "RMSE(bins)": 0.025002971525061996,
        "ICI": 0.01283928980958122
    },
    "user": 13224,
    "size": 112920,
    "weights": [
        0.5524,
        1.2507,
        4.2611,
        7.9731,
        4.1677,
        2.599,
        2.811,
        0.0,
        2.5589,
        0.289,
        1.7381,
        2.7868,
        0.0169,
        0.295,
        1.998,
        1.0,
        4.0
    ]
}