{
    "metrics": {
        "RMSE": 0.4705643574691759,
        "LogLoss": 0.6799203695348425,
        "RMSE(bins)": 0.24865407577834547,
        "ICI": 0.16148883066592246
    },
    "user": 13237,
    "size": 2520,
    "weights": [
        0.3432,
        0.7751,
        2.6306,
        7.9731,
        5.2896,
        1.2541,
        0.6181,
        0.2508,
        1.4286,
        0.3636,
        0.7997,
        2.111,
        0.1039,
        0.3151,
        1.2408,
        0.5142,
        2.8868
    ]
}