{
    "metrics": {
        "RMSE": 0.34879454969484125,
        "LogLoss": 0.4023104217271,
        "RMSE(bins)": 0.036743507200180554,
        "ICI": 0.01885743710287716
    },
    "user": 13246,
    "size": 11865,
    "weights": [
        0.4027,
        0.4685,
        2.5127,
        3.9844,
        5.5492,
        1.7566,
        0.7974,
        0.1966,
        1.4206,
        0.2206,
        0.809,
        2.0884,
        0.0739,
        0.3206,
        1.4503,
        0.1049,
        2.5937
    ]
}