{
    "metrics": {
        "RMSE": 0.18763531053217952,
        "LogLoss": 0.14630091287249244,
        "RMSE(bins)": 0.042575901275971814,
        "ICI": 0.009883956514245068
    },
    "user": 13244,
    "size": 2195,
    "weights": [
        1.2065,
        2.8645,
        22.7194,
        22.7194,
        4.928,
        0.8825,
        0.6834,
        0.195,
        1.7714,
        0.0829,
        1.153,
        2.2938,
        0.012,
        0.4308,
        1.5075,
        0.3548,
        2.9277
    ]
}