{
    "FSRS-4.5": {
        "RMSE": 0.26727896747878843,
        "LogLoss": 0.26538588422373494,
        "RMSE(bins)": 0.020717841941361472,
        "RMSE(bins)Ratings": {
            "1": 0.05888014313044515,
            "2": 0.04741663945835906,
            "3": 0.01940990643361575,
            "4": 0.02452062716822663
        }
    },
    "user": 13293,
    "size": 21175,
    "weights": [
        0.6748,
        1.17,
        2.6714,
        2.6714,
        5.1124,
        1.2196,
        1.6398,
        0.0,
        2.0721,
        0.2199,
        1.4129,
        2.1706,
        0.1873,
        0.6949,
        1.6223,
        0.0564,
        3.6076
    ]
}