{
    "metrics": {
        "RMSE": 0.41631721093637764,
        "LogLoss": 0.5326871318379809,
        "RMSE(bins)": 0.09560082891857896,
        "ICI": 0.07378698128000687
    },
    "user": 13301,
    "size": 17540,
    "weights": [
        0.3096,
        0.3096,
        1.4626,
        2.309,
        5.2346,
        1.4121,
        0.9508,
        0.0935,
        1.6149,
        0.0,
        1.003,
        2.0443,
        0.147,
        0.2896,
        1.6436,
        0.1116,
        1.9747
    ]
}