{
    "metrics": {
        "RMSE": 0.3407197081650255,
        "LogLoss": 0.3782563767750683,
        "RMSE(bins)": 0.07626107294220455,
        "ICI": 0.02921275509917669
    },
    "user": 13320,
    "size": 12060,
    "weights": [
        0.5701,
        4.8221,
        5.6765,
        23.7229,
        4.968,
        1.0149,
        1.0253,
        0.0,
        1.8431,
        0.0267,
        1.2375,
        2.1834,
        0.0567,
        0.344,
        1.6073,
        0.6453,
        2.7913
    ]
}