{
    "FSRS-4.5": {
        "RMSE": 0.22240453094836887,
        "LogLoss": 0.19946833605118502,
        "RMSE(bins)": 0.03118914800440828,
        "RMSE(bins)Ratings": {
            "1": 0.08581630950707765,
            "2": 0.039243165470266184,
            "3": 0.029916938073752883,
            "4": 0.057690384131431835
        }
    },
    "user": 13325,
    "size": 7220,
    "weights": [
        0.625,
        1.3286,
        4.1173,
        16.7158,
        4.8956,
        0.903,
        0.7223,
        0.1274,
        1.746,
        0.3363,
        1.1308,
        2.487,
        0.0533,
        0.5957,
        1.9281,
        0.5641,
        3.2413
    ]
}