{
    "FSRS-4.5": {
        "RMSE": 0.3739962622540879,
        "LogLoss": 0.4529395790053086,
        "RMSE(bins)": 0.0793662180456291,
        "ICI": 0.035559033927831836,
        "RMSE(bins)Ratings": {
            "1": 0.24377858454020834,
            "2": 0.22195859544797708,
            "3": 0.08207521214948396
        }
    },
    "user": 13366,
    "size": 2290,
    "weights": [
        0.6433,
        1.8311,
        1.8311,
        7.9731,
        5.1589,
        1.1911,
        0.7839,
        0.0845,
        1.5738,
        0.1,
        0.9511,
        2.1011,
        0.1114,
        0.2936,
        1.3427,
        0.1711,
        2.7849
    ]
}