{
    "FSRS-4.5": {
        "RMSE": 0.38012985853651804,
        "LogLoss": 0.45796128777299644,
        "RMSE(bins)": 0.07573165084032285,
        "RMSE(bins)Ratings": {
            "1": 0.11139173962289946,
            "2": 0.11656221990069687,
            "3": 0.038459225013048576,
            "4": 0.06260744027810303
        }
    },
    "user": 13392,
    "size": 84410,
    "weights": [
        0.1017,
        0.8318,
        2.8609,
        10.3538,
        4.8869,
        1.1189,
        0.8053,
        0.0017,
        2.0109,
        0.283,
        1.2036,
        2.1589,
        0.2,
        0.2929,
        1.4031,
        0.0347,
        4.0
    ]
}