{
    "FSRS-4.5": {
        "RMSE": 0.2749638004080258,
        "LogLoss": 0.2736203635687897,
        "RMSE(bins)": 0.04780718665774891,
        "ICI": 0.01572282785148639,
        "RMSE(bins)Ratings": {
            "1": 0.08270928695095534,
            "2": 0.043389888869373006,
            "3": 0.1404906952137414,
            "4": 0.08667677108203825
        }
    },
    "user": 13425,
    "size": 4010,
    "weights": [
        0.775,
        1.5697,
        4.5249,
        9.165,
        5.435,
        0.8745,
        0.4823,
        0.2428,
        1.2804,
        0.5814,
        0.6505,
        2.3781,
        0.01,
        0.602,
        1.6973,
        0.1791,
        2.3879
    ]
}