{
    "FSRS-4.5": {
        "RMSE": 0.231689128953052,
        "LogLoss": 0.2012106826780391,
        "RMSE(bins)": 0.17048601156490958,
        "RMSE(bins)Ratings": {
            "1": 0.3189252861563154,
            "2": 0.28179033723735797,
            "3": 0.1504854800782243,
            "4": 0.05870679685155411
        }
    },
    "user": 13440,
    "size": 22970,
    "weights": [
        1.2566,
        61.0344,
        61.0344,
        61.0344,
        4.1095,
        0.3893,
        0.4888,
        0.3127,
        2.6613,
        0.1,
        1.9403,
        2.47,
        0.0763,
        0.4096,
        1.8855,
        1.0,
        1.47
    ]
}