{
    "FSRS-4.5": {
        "RMSE": 0.3738131123835826,
        "LogLoss": 0.46644209760413863,
        "RMSE(bins)": 0.09422110414481573,
        "RMSE(bins)Ratings": {
            "1": 0.14812538503637868,
            "2": 0.08704225619244481,
            "3": 0.07737853908624535,
            "4": 0.08388743357446116
        }
    },
    "user": 13504,
    "size": 14400,
    "weights": [
        1.3259,
        1.9983,
        3.6971,
        8.4048,
        5.1691,
        0.9603,
        0.517,
        0.3128,
        1.4146,
        0.3853,
        0.7545,
        2.1695,
        0.0412,
        0.3302,
        1.2725,
        0.4391,
        3.0409
    ]
}