{
    "metrics": {
        "RMSE": 0.3859696739552984,
        "LogLoss": 0.4844422971704348,
        "RMSE(bins)": 0.08283236789976582,
        "ICI": 0.06617240753736035
    },
    "user": 13536,
    "size": 6870,
    "weights": [
        1.8196,
        2.1865,
        2.3773,
        8.8257,
        5.3275,
        1.3431,
        0.7666,
        0.1053,
        1.3719,
        0.5282,
        0.7825,
        2.2753,
        0.0273,
        0.4721,
        1.5612,
        0.2623,
        2.5364
    ]
}