{
    "metrics": {
        "RMSE": 0.5287459758980685,
        "LogLoss": 0.8234231833467944,
        "RMSE(bins)": 0.2266017627771404,
        "ICI": 0.164940319222008
    },
    "user": 13558,
    "size": 1585,
    "weights": [
        0.1113,
        0.1672,
        0.3082,
        0.4632,
        5.2653,
        1.2845,
        0.9578,
        0.0,
        1.4713,
        0.2291,
        0.8522,
        2.0556,
        0.1628,
        0.2391,
        1.2685,
        0.1685,
        2.6223
    ]
}