{
    "FSRS-4.5": {
        "RMSE": 0.2306177077341794,
        "LogLoss": 0.20197370406577425,
        "RMSE(bins)": 0.02558189884727046,
        "RMSE(bins)Ratings": {
            "1": 0.07169009327166495,
            "2": 0.22182182407903814,
            "3": 0.01536913241421774,
            "4": 0.030132321349038708
        }
    },
    "user": 13585,
    "size": 38810,
    "weights": [
        0.5233,
        0.5233,
        4.6362,
        5.52,
        4.4977,
        2.2406,
        2.5429,
        0.0,
        2.1271,
        0.1008,
        1.4205,
        1.7646,
        0.1925,
        0.4818,
        1.2117,
        1.0,
        4.0
    ]
}