{
    "FSRS-4.5": {
        "RMSE": 0.2192471516284114,
        "LogLoss": 0.18940899651709706,
        "RMSE(bins)": 0.03984992675862107,
        "ICI": 0.008914166181177501,
        "RMSE(bins)Ratings": {
            "1": 0.19956530872064124,
            "2": 0.10102210770502548,
            "3": 0.044633371508965805,
            "4": 0.012602202387568222
        }
    },
    "user": 13618,
    "size": 2485,
    "weights": [
        0.7404,
        1.5507,
        4.5713,
        7.9731,
        4.9237,
        0.8835,
        0.7484,
        0.1242,
        1.8241,
        0.1291,
        1.2136,
        2.0278,
        0.1456,
        0.1983,
        1.4886,
        0.318,
        3.0141
    ]
}