{
    "metrics": {
        "RMSE": 0.3687881970462148,
        "LogLoss": 0.4311293382419916,
        "RMSE(bins)": 0.05248782152724895,
        "ICI": 0.013947622730411982
    },
    "user": 13645,
    "size": 33505,
    "weights": [
        0.1587,
        4.1085,
        4.1085,
        29.1822,
        5.168,
        1.1857,
        0.9791,
        0.0,
        1.3969,
        0.0169,
        0.7614,
        1.9983,
        0.0701,
        0.2494,
        1.7609,
        0.219,
        3.1606
    ]
}