{
    "metrics": {
        "RMSE": 0.20845089267490613,
        "LogLoss": 0.18305672471975507,
        "RMSE(bins)": 0.05114383058810212,
        "ICI": 0.016196100612983395
    },
    "user": 13664,
    "size": 30705,
    "weights": [
        1.9178,
        2.4639,
        3.5878,
        43.64,
        5.049,
        2.0661,
        0.6447,
        0.448,
        1.744,
        0.2659,
        1.2002,
        2.1887,
        0.127,
        0.6535,
        0.0573,
        0.1418,
        2.4803
    ]
}