{
    "FSRS-4.5": {
        "RMSE": 0.3226502671499989,
        "LogLoss": 0.35998293404895065,
        "RMSE(bins)": 0.03980829378503909,
        "RMSE(bins)Ratings": {
            "1": 0.09008151461122879,
            "2": 0.09124386575003994,
            "3": 0.034387569702849084,
            "4": 0.030386225209770013
        }
    },
    "user": 13672,
    "size": 121955,
    "weights": [
        0.5276,
        0.5276,
        1.4422,
        12.5328,
        5.1361,
        0.9091,
        0.6767,
        0.0586,
        1.6139,
        0.28,
        1.0796,
        2.5718,
        0.0107,
        0.2348,
        1.1611,
        0.025,
        1.9726
    ]
}