{
    "metrics": {
        "RMSE": 0.2659919188490896,
        "LogLoss": 0.2585921039865669,
        "RMSE(bins)": 0.055112832937661824,
        "ICI": 0.01962421211878698
    },
    "user": 13682,
    "size": 9070,
    "weights": [
        1.9092,
        10.9395,
        100.0,
        100.0,
        5.1409,
        1.4198,
        0.8647,
        0.0,
        1.6065,
        0.0147,
        0.9963,
        2.0893,
        0.1047,
        0.2887,
        1.446,
        0.0613,
        2.8616
    ]
}