{
    "metrics": {
        "RMSE": 0.26226354978323213,
        "LogLoss": 0.2572649029460011,
        "RMSE(bins)": 0.01889788434108314,
        "ICI": 0.002221518788175393
    },
    "user": 13742,
    "size": 138780,
    "weights": [
        1.0047,
        2.1175,
        3.9118,
        12.8868,
        5.7004,
        1.2547,
        1.3416,
        0.0046,
        2.0771,
        0.3968,
        1.4724,
        1.1837,
        0.1446,
        0.6686,
        2.9932,
        0.0103,
        2.5125
    ]
}