{
    "metrics": {
        "RMSE": 0.22383788585955658,
        "LogLoss": 0.19617419380350715,
        "RMSE(bins)": 0.02723106957903203,
        "ICI": 0.010932071009668873
    },
    "user": 13760,
    "size": 291170,
    "weights": [
        3.2803,
        5.4131,
        25.3355,
        32.5086,
        4.4953,
        0.8406,
        1.6073,
        0.0,
        1.5626,
        0.0676,
        1.1067,
        0.6546,
        0.0276,
        0.6823,
        2.9863,
        0.8135,
        5.4926
    ]
}