{
    "metrics": {
        "RMSE": 0.21096151344608072,
        "LogLoss": 0.18069542858944845,
        "RMSE(bins)": 0.02830223629514246,
        "ICI": 0.019019265501688812
    },
    "user": 13789,
    "size": 209065,
    "weights": [
        1.148,
        2.1603,
        5.5767,
        19.3424,
        5.4113,
        1.4001,
        0.6614,
        0.1381,
        1.7933,
        0.1608,
        1.3717,
        1.2846,
        0.1133,
        0.5911,
        0.4147,
        0.3356,
        4.0
    ]
}