{
    "metrics": {
        "RMSE": 0.4568133848735693,
        "LogLoss": 0.6164081048388304,
        "RMSE(bins)": 0.1406147637389812,
        "ICI": 0.06238905737845438
    },
    "user": 13821,
    "size": 6520,
    "weights": [
        0.1622,
        0.3312,
        0.9661,
        1.9724,
        5.3874,
        1.2701,
        0.7215,
        0.0013,
        1.3329,
        0.3097,
        0.7385,
        2.0647,
        0.1061,
        0.2164,
        1.625,
        0.2863,
        2.5881
    ]
}