{
    "metrics": {
        "RMSE": 0.33564422684919476,
        "LogLoss": 0.3767158440547425,
        "RMSE(bins)": 0.04078133382108261,
        "ICI": 0.021216624974929352
    },
    "user": 13839,
    "size": 30175,
    "weights": [
        0.5606,
        0.6082,
        1.2622,
        4.8756,
        5.3653,
        1.1703,
        0.8684,
        0.0007,
        1.2787,
        0.2389,
        0.7369,
        2.0422,
        0.1778,
        0.4231,
        1.5199,
        0.7059,
        1.0845
    ]
}