{
    "metrics": {
        "RMSE": 0.2908142759430577,
        "LogLoss": 0.29207028396493095,
        "RMSE(bins)": 0.04285675717423959,
        "ICI": 0.013529669692812758
    },
    "user": 13836,
    "size": 5260,
    "weights": [
        0.3509,
        0.8893,
        3.5878,
        7.9731,
        4.9911,
        1.0253,
        1.0548,
        0.0151,
        1.8111,
        0.1,
        1.1873,
        2.1867,
        0.0387,
        0.3627,
        1.6245,
        0.5821,
        3.4938
    ]
}