{
    "metrics": {
        "RMSE": 0.3369391054167601,
        "LogLoss": 0.37931401908942125,
        "RMSE(bins)": 0.07785956421304802,
        "ICI": 0.012971545075480387
    },
    "user": 13841,
    "size": 146645,
    "weights": [
        0.4419,
        0.796,
        1.9241,
        10.9355,
        4.7978,
        1.1278,
        0.5808,
        0.1356,
        1.7784,
        0.2348,
        0.9967,
        2.8292,
        0.0107,
        0.2366,
        0.3604,
        0.4469,
        3.1035
    ]
}