{
    "FSRS-4.5": {
        "RMSE": 0.350893756034189,
        "LogLoss": 0.4063339827129667,
        "RMSE(bins)": 0.06105199175998329,
        "ICI": 0.04571030889094237,
        "RMSE(bins)Ratings": {
            "1": 0.042185193739011057,
            "2": 0.07541071569569374,
            "3": 0.07976318039322083,
            "4": 0.04666533343285085
        }
    },
    "user": 13903,
    "size": 108845,
    "weights": [
        0.5331,
        0.5374,
        0.5374,
        3.2901,
        4.7428,
        1.5906,
        0.6151,
        0.0,
        1.2026,
        0.4591,
        0.8389,
        2.3988,
        0.0652,
        0.2798,
        1.9586,
        0.46,
        2.4008
    ]
}