{
    "metrics": {
        "RMSE": 0.32508627714580296,
        "LogLoss": 0.3565956085179964,
        "RMSE(bins)": 0.03753407537774921,
        "ICI": 0.01993113541782863
    },
    "user": 13900,
    "size": 25180,
    "weights": [
        0.4174,
        2.0198,
        2.4246,
        10.9355,
        5.2981,
        1.5773,
        0.95,
        0.1558,
        1.7065,
        0.0,
        1.1048,
        2.1622,
        0.0338,
        0.2947,
        2.0514,
        0.153,
        2.6023
    ]
}