{
    "metrics": {
        "RMSE": 0.2724832760893815,
        "LogLoss": 0.27754566753791815,
        "RMSE(bins)": 0.031587239807587555,
        "ICI": 0.018221470461825637,
        "RMSE(bins)Ratings": {
            "1": 0.06287919500503039,
            "2": 0.15799181388120734,
            "3": 0.029442009657826257,
            "4": 0.10552738106414486
        }
    },
    "user": 13908,
    "size": 506785,
    "weights": [
        1.514,
        3.8497,
        15.6085,
        15.6085,
        3.9953,
        0.1121,
        1.7148,
        0.1306,
        0.7271,
        0.2973,
        1.0205,
        2.3263,
        0.0563,
        0.3057,
        2.0,
        0.0,
        1.0001
    ]
}