{
    "FSRS-4.5": {
        "RMSE": 0.32253535183502213,
        "LogLoss": 0.35900488100298117,
        "RMSE(bins)": 0.06555428317745335,
        "ICI": 0.045723480764331456,
        "RMSE(bins)Ratings": {
            "1": 0.10936002753113433,
            "2": 0.22042953898068365,
            "3": 0.07389403426643387,
            "4": 0.16081356886621767
        }
    },
    "user": 13928,
    "size": 4810,
    "weights": [
        0.3826,
        0.8098,
        2.4932,
        5.2766,
        5.4687,
        1.4909,
        0.9865,
        0.1062,
        1.4778,
        0.2588,
        0.8498,
        2.1182,
        0.0825,
        0.3569,
        1.4477,
        0.0,
        3.1214
    ]
}