{
    "metrics": {
        "RMSE": 0.10611667191893948,
        "LogLoss": 0.05999330195533738,
        "RMSE(bins)": 0.018355454268213157,
        "ICI": 0.004390645614650752
    },
    "user": 1396,
    "size": 248720,
    "weights": [
        32.9334,
        37.6153,
        37.6153,
        37.6153,
        3.8532,
        0.2783,
        0.5901,
        0.04,
        2.9997,
        0.0541,
        1.7349,
        2.4544,
        0.0401,
        0.5302,
        1.3003,
        0.1459,
        5.264
    ]
}