{
    "metrics": {
        "RMSE": 0.27167217811665995,
        "LogLoss": 0.2753286437784429,
        "RMSE(bins)": 0.04890363629957915,
        "ICI": 0.015559196552068626
    },
    "user": 14019,
    "size": 4905,
    "weights": [
        0.9766,
        0.9766,
        5.0116,
        14.9101,
        5.0103,
        0.6827,
        0.991,
        0.0,
        1.7365,
        0.1698,
        1.1148,
        2.2674,
        0.0118,
        0.424,
        1.5116,
        0.0477,
        3.1888
    ]
}