{
    "metrics": {
        "RMSE": 0.4732123926550286,
        "LogLoss": 0.6524469498781174,
        "RMSE(bins)": 0.13499582603327337,
        "ICI": 0.09470322991926061
    },
    "user": 14061,
    "size": 65175,
    "weights": [
        0.3218,
        1.7341,
        2.6943,
        7.748,
        5.5651,
        1.3189,
        0.6808,
        0.1866,
        1.2605,
        0.4863,
        0.7167,
        1.8279,
        0.1229,
        0.2184,
        1.6664,
        0.2276,
        1.0
    ]
}