{
    "metrics": {
        "RMSE": 0.30024140676583366,
        "LogLoss": 0.3238005661493393,
        "RMSE(bins)": 0.09498326781073027,
        "ICI": 0.03439503547535691
    },
    "user": 14087,
    "size": 156130,
    "weights": [
        0.4173,
        0.9523,
        3.2826,
        14.1496,
        5.3073,
        1.9133,
        1.0393,
        0.0113,
        2.2193,
        0.1755,
        1.1528,
        1.7323,
        0.0148,
        0.2128,
        2.7017,
        0.1452,
        3.545
    ]
}