{
    "FSRS-4.5": {
        "RMSE": 0.39030419057990035,
        "LogLoss": 0.4774578314412657,
        "RMSE(bins)": 0.06452401694653617,
        "RMSE(bins)Ratings": {
            "1": 0.07618345628792332,
            "2": 0.08525514044758445,
            "3": 0.07029078977714076,
            "4": 0.09418139455826578
        }
    },
    "user": 14107,
    "size": 49295,
    "weights": [
        0.5018,
        3.7753,
        31.1498,
        100.0,
        5.2807,
        1.2346,
        0.375,
        0.078,
        1.3581,
        0.1381,
        0.9131,
        1.883,
        0.1392,
        0.2169,
        1.4758,
        0.1542,
        1.356
    ]
}