{
    "metrics": {
        "RMSE": 0.3109000680445378,
        "LogLoss": 0.3323470941322431,
        "RMSE(bins)": 0.06221966026913004,
        "ICI": 0.025323145995238935
    },
    "user": 1413,
    "size": 7020,
    "weights": [
        0.636,
        1.2706,
        3.5878,
        7.9731,
        5.0639,
        1.1413,
        0.968,
        0.0,
        1.7645,
        0.4107,
        1.1442,
        2.3483,
        0.01,
        0.3976,
        1.39,
        0.1677,
        2.579
    ]
}