{
    "metrics": {
        "RMSE": 0.3367172322507653,
        "LogLoss": 0.3843661827462132,
        "RMSE(bins)": 0.0685850964738127,
        "ICI": 0.042630123390163754
    },
    "user": 14178,
    "size": 141470,
    "weights": [
        0.6655,
        0.7627,
        4.4383,
        67.2142,
        5.8052,
        1.521,
        1.1234,
        0.024,
        1.8567,
        0.4618,
        1.1308,
        1.0099,
        0.1862,
        0.6354,
        1.1285,
        0.1551,
        1.9554
    ]
}