{
    "FSRS-4.5": {
        "RMSE": 0.1904573864396275,
        "LogLoss": 0.1422617341329444,
        "RMSE(bins)": 0.050824283344794406,
        "ICI": 0.020899240046751037,
        "RMSE(bins)Ratings": {
            "1": 0.05463296461477831,
            "2": 0.05941785302939987,
            "3": 0.062362433795458694,
            "4": 0.029886606620963985
        }
    },
    "user": 14180,
    "size": 4325,
    "weights": [
        2.4171,
        11.276,
        20.4155,
        30.3272,
        5.07,
        0.9242,
        0.732,
        0.1646,
        1.628,
        0.2547,
        1.008,
        2.55,
        0.01,
        0.7054,
        1.7933,
        0.3474,
        3.2075
    ]
}