{
    "FSRS-4.5": {
        "RMSE": 0.3700036996710415,
        "LogLoss": 0.43903897554307464,
        "RMSE(bins)": 0.03634374101778728,
        "RMSE(bins)Ratings": {
            "1": 0.07598926564602172,
            "2": 0.0696577440885639,
            "3": 0.03348088645368097,
            "4": 0.02138560844654516
        }
    },
    "user": 14190,
    "size": 14805,
    "weights": [
        0.6519,
        0.74,
        5.6853,
        22.1359,
        5.2884,
        1.5968,
        0.5498,
        0.0,
        1.4893,
        0.4861,
        0.887,
        2.133,
        0.0914,
        0.3573,
        0.8899,
        0.145,
        2.4674
    ]
}