{
    "FSRS-4.5": {
        "RMSE": 0.03621361211422073,
        "LogLoss": 0.025511813377981734,
        "RMSE(bins)": 0.02450216987496543,
        "RMSE(bins)Ratings": {
            "1": 0.03783603276080183,
            "2": 0.027586759426959873,
            "3": 0.09677378940392252,
            "4": 0.02455234486158391
        }
    },
    "user": 14219,
    "size": 1425,
    "weights": [
        3.7326,
        3.7326,
        8.5984,
        23.572,
        4.9133,
        1.3226,
        0.9793,
        0.0011,
        1.8292,
        0.1,
        1.2008,
        2.2756,
        0.01,
        0.4447,
        1.5525,
        0.3808,
        2.9883
    ]
}