{
    "FSRS-4.5": {
        "RMSE": 0.3523439126142641,
        "LogLoss": 0.40604110092948636,
        "RMSE(bins)": 0.04564728169642953,
        "RMSE(bins)Ratings": {
            "1": 0.10686545097778778,
            "2": 0.05969278209375317,
            "3": 0.03348899525981937,
            "4": 0.1934593072688832
        }
    },
    "user": 14221,
    "size": 26785,
    "weights": [
        0.2827,
        0.4087,
        3.5878,
        4.095,
        5.4244,
        1.8724,
        0.7524,
        0.0883,
        1.8167,
        0.2514,
        1.1963,
        2.194,
        0.0223,
        0.3498,
        0.998,
        0.2542,
        1.1593
    ]
}