{
    "metrics": {
        "RMSE": 0.2826897552304869,
        "LogLoss": 0.2847985614697957,
        "RMSE(bins)": 0.11591550808500918,
        "ICI": 0.05808861551320556
    },
    "user": 1424,
    "size": 5120,
    "weights": [
        0.8688,
        2.1516,
        8.385,
        33.2253,
        4.9536,
        1.1716,
        0.7346,
        0.1013,
        1.795,
        0.0,
        1.1609,
        2.0971,
        0.1061,
        0.2792,
        1.4594,
        0.1837,
        3.0075
    ]
}