{
    "metrics": {
        "RMSE": 0.29577875071944265,
        "LogLoss": 0.30516160753415145,
        "RMSE(bins)": 0.0430255106115202,
        "ICI": 0.008608637143607866
    },
    "user": 14265,
    "size": 220140,
    "weights": [
        0.2881,
        3.2454,
        3.2454,
        7.9731,
        4.9308,
        0.1,
        1.0384,
        0.3311,
        1.5291,
        0.1001,
        0.7364,
        1.706,
        0.0637,
        0.2778,
        1.699,
        0.6407,
        1.2176
    ]
}