{
    "FSRS-4.5": {
        "RMSE": 0.23331259049576197,
        "LogLoss": 0.20821078682770422,
        "RMSE(bins)": 0.040447424926455575,
        "RMSE(bins)Ratings": {
            "1": 0.06351946640319575,
            "2": 0.02609613529700373,
            "3": 0.05164908777155249,
            "4": 0.020652509332381202
        }
    },
    "user": 14283,
    "size": 18375,
    "weights": [
        0.9306,
        0.9306,
        0.9306,
        16.4734,
        4.7334,
        0.4321,
        0.8985,
        0.0032,
        1.9793,
        0.1,
        1.315,
        2.0121,
        0.156,
        0.3544,
        1.206,
        0.5781,
        3.313
    ]
}