{
    "metrics": {
        "RMSE": 0.025575512064348924,
        "LogLoss": 0.008878390706506502,
        "RMSE(bins)": 0.006995893014157109,
        "ICI": 0.004891831933138121
    },
    "user": 14367,
    "size": 33725,
    "weights": [
        4.006,
        5.2104,
        11.4525,
        20.793,
        3.7156,
        0.656,
        0.3225,
        0.4984,
        3.0,
        0.1,
        2.5,
        2.4796,
        0.1393,
        0.8249,
        1.7482,
        1.0,
        4.0
    ]
}