{
    "FSRS-4.5": {
        "RMSE": 0.17245105376045078,
        "LogLoss": 0.12676386034412992,
        "RMSE(bins)": 0.06978364110200673,
        "RMSE(bins)Ratings": {
            "1": 0.20079708049842362,
            "2": 0.11501489742298955,
            "3": 0.07292542421262754,
            "4": 0.016140644905877452
        }
    },
    "user": 14384,
    "size": 10395,
    "weights": [
        1.7199,
        2.7261,
        5.4402,
        5.52,
        4.8132,
        0.5379,
        0.7955,
        0.2932,
        1.9403,
        0.1,
        1.2828,
        2.0859,
        0.1271,
        0.2661,
        1.2497,
        0.0244,
        3.7298
    ]
}