{
    "FSRS-4.5": {
        "RMSE": 0.4442734827089909,
        "LogLoss": 0.5926150231094461,
        "RMSE(bins)": 0.15284918533316694,
        "RMSE(bins)Ratings": {
            "1": 0.18685360281498126,
            "2": 0.16040732641777072,
            "3": 0.18531358216387991,
            "4": 0.2859825005489217
        }
    },
    "user": 14436,
    "size": 1485,
    "weights": [
        2.035,
        4.2122,
        8.2386,
        14.6582,
        5.0625,
        1.075,
        0.6817,
        0.1202,
        1.5533,
        0.2956,
        0.9049,
        2.2474,
        0.0106,
        0.3939,
        1.4346,
        0.1519,
        2.9056
    ]
}