{
    "FSRS-4.5": {
        "RMSE": 0.32543545051182504,
        "LogLoss": 0.36159936826635936,
        "RMSE(bins)": 0.04991573233560158,
        "RMSE(bins)Ratings": {
            "1": 0.08466105556830307,
            "2": 0.11190643273769546,
            "3": 0.08558945243781005,
            "4": 0.16849314316287764
        }
    },
    "user": 14479,
    "size": 6735,
    "weights": [
        2.3762,
        2.7762,
        9.9216,
        9.9216,
        5.0329,
        1.0051,
        0.6759,
        0.0942,
        1.6833,
        0.3154,
        1.0675,
        2.0979,
        0.1062,
        0.2874,
        1.052,
        0.074,
        3.2987
    ]
}