{
    "metrics": {
        "RMSE": 0.360464812094017,
        "LogLoss": 0.41989538173176266,
        "RMSE(bins)": 0.046209505539062806,
        "ICI": 0.021670530619944874
    },
    "user": 1452,
    "size": 244065,
    "weights": [
        0.439,
        2.1918,
        3.052,
        25.8228,
        1.4815,
        0.9865,
        1.1576,
        0.0,
        1.0014,
        0.1146,
        0.8542,
        0.9834,
        0.018,
        0.5018,
        1.693,
        0.5516,
        4.0
    ]
}