{
    "FSRS-4.5": {
        "RMSE": 0.3601779216830278,
        "LogLoss": 0.42114350271052586,
        "RMSE(bins)": 0.044692327011793875,
        "RMSE(bins)Ratings": {
            "1": 0.07951402935955376,
            "2": 0.045099930629514375,
            "3": 0.04620028838763774,
            "4": 0.08718948778595617
        }
    },
    "user": 14645,
    "size": 7110,
    "weights": [
        0.2888,
        0.3578,
        2.3962,
        4.4671,
        5.1908,
        1.179,
        0.925,
        0.088,
        1.6308,
        0.1198,
        1.0206,
        2.2411,
        0.0474,
        0.4265,
        1.4593,
        0.3489,
        2.4411
    ]
}