{
    "metrics": {
        "RMSE": 0.4214005483480124,
        "LogLoss": 0.5437142515801066,
        "RMSE(bins)": 0.09212870272575177,
        "ICI": 0.0589618691177951
    },
    "user": 14710,
    "size": 35670,
    "weights": [
        0.7739,
        0.7739,
        15.3031,
        100.0,
        5.0826,
        0.8434,
        0.6126,
        0.2426,
        1.5603,
        0.0009,
        0.9658,
        1.8202,
        0.1667,
        0.1543,
        2.2457,
        0.3624,
        4.6496
    ]
}