{
    "metrics": {
        "RMSE": 0.16313192749665978,
        "LogLoss": 0.149573175915762,
        "RMSE(bins)": 0.14527295506599822,
        "ICI": 0.12184116748670937
    },
    "user": 14725,
    "size": 4480,
    "weights": [
        1.9982,
        24.0025,
        58.7087,
        100.0,
        4.9842,
        1.0101,
        0.7046,
        0.1642,
        1.7491,
        0.1,
        1.1244,
        2.2502,
        0.01,
        0.4382,
        1.473,
        0.0989,
        2.905
    ]
}