{
    "metrics": {
        "RMSE": 0.5206224587579822,
        "LogLoss": 0.7958592990604043,
        "RMSE(bins)": 0.317781712708829,
        "ICI": 0.20265839021111906
    },
    "user": 14758,
    "size": 13325,
    "weights": [
        1.8401,
        5.4717,
        7.0309,
        45.4557,
        5.905,
        0.6033,
        1.5108,
        0.0,
        0.8625,
        0.7547,
        0.0847,
        1.834,
        0.1441,
        0.1195,
        1.3009,
        0.0028,
        2.3896
    ]
}