{
    "metrics": {
        "RMSE": 0.08778417835010326,
        "LogLoss": 0.04376323489321957,
        "RMSE(bins)": 0.03622978983132351,
        "ICI": 0.01526464475893221
    },
    "user": 14763,
    "size": 86575,
    "weights": [
        0.6189,
        2.5787,
        21.9296,
        33.152,
        4.2589,
        2.9169,
        1.8387,
        0.1046,
        3.0557,
        0.0,
        2.1309,
        1.9118,
        0.0196,
        0.2277,
        2.9992,
        0.4061,
        4.7871
    ]
}