{
    "metrics": {
        "RMSE": 0.3836351042397252,
        "LogLoss": 0.4521765997892105,
        "RMSE(bins)": 0.16965627287273144,
        "ICI": 0.10486024786538337
    },
    "user": 14807,
    "size": 11330,
    "weights": [
        0.8358,
        1.3818,
        2.937,
        50.3126,
        5.056,
        1.1933,
        0.5438,
        0.2243,
        1.6468,
        0.1848,
        1.0465,
        2.1438,
        0.0722,
        0.3645,
        1.2984,
        0.6128,
        1.9048
    ]
}