{
    "metrics": {
        "RMSE": 0.17118021182003698,
        "LogLoss": 0.14164986927205092,
        "RMSE(bins)": 0.0409798637285074,
        "ICI": 0.018793102072496612
    },
    "user": 14803,
    "size": 57925,
    "weights": [
        17.4276,
        21.8767,
        34.4195,
        34.4195,
        5.1317,
        0.1,
        1.3064,
        0.4326,
        1.5082,
        0.2808,
        0.9242,
        2.2547,
        0.0967,
        0.4019,
        2.9514,
        1.0,
        3.342
    ]
}