{
    "metrics": {
        "RMSE": 0.27007092214916356,
        "LogLoss": 0.2728635590288057,
        "RMSE(bins)": 0.07474643138671898,
        "ICI": 0.05244712253809168
    },
    "user": 14814,
    "size": 4015,
    "weights": [
        1.2223,
        2.2903,
        5.8748,
        7.9731,
        4.8931,
        0.6836,
        0.6737,
        0.2235,
        1.8337,
        0.1076,
        1.1932,
        2.2379,
        0.0717,
        0.4649,
        1.4934,
        0.3758,
        2.8271
    ]
}