{
    "FSRS-4.5": {
        "RMSE": 0.2880157207592112,
        "LogLoss": 0.2989393607497198,
        "RMSE(bins)": 0.017261633771834744,
        "ICI": 0.012246230400501663,
        "RMSE(bins)Ratings": {
            "1": 0.05649369295636433,
            "2": 0.05068752298080658,
            "3": 0.014910725420421732,
            "4": 0.009333783170282309
        }
    },
    "user": 14881,
    "size": 111115,
    "weights": [
        0.5134,
        0.654,
        1.4147,
        9.5199,
        6.3055,
        2.4751,
        1.6815,
        0.0,
        1.7103,
        0.2422,
        1.1452,
        1.7004,
        0.1061,
        0.3231,
        0.9997,
        0.3174,
        4.0
    ]
}