{
    "FSRS-4.5": {
        "RMSE": 0.37426686579846574,
        "LogLoss": 0.4517782449232685,
        "RMSE(bins)": 0.055478851645806286,
        "RMSE(bins)Ratings": {
            "1": 0.05699130155477258,
            "2": 0.061472836411253895,
            "3": 0.06032232561063271,
            "4": 0.09854360209910226
        }
    },
    "user": 14911,
    "size": 14740,
    "weights": [
        0.348,
        0.7332,
        0.7332,
        2.4668,
        5.2618,
        0.5117,
        0.9209,
        0.0092,
        1.2053,
        0.5149,
        0.6139,
        2.136,
        0.0486,
        0.3906,
        1.5776,
        0.2443,
        1.6788
    ]
}