{
    "FSRS-4.5": {
        "RMSE": 0.07136150279551823,
        "LogLoss": 0.05728208557885299,
        "RMSE(bins)": 0.04957345603381967,
        "RMSE(bins)Ratings": {
            "1": 0.16070558008900643,
            "2": 0.26528258181933034,
            "3": 0.0507269788953407
        }
    },
    "user": 14928,
    "size": 3340,
    "weights": [
        0.1902,
        5.9206,
        100.0,
        100.0,
        4.6157,
        0.6112,
        0.6753,
        0.3429,
        2.0675,
        0.1,
        1.4081,
        2.2204,
        0.0564,
        0.4066,
        1.3452,
        0.6255,
        2.69
    ]
}