{
    "FSRS-4.5": {
        "RMSE": 0.3781979237705073,
        "LogLoss": 0.4655900400954477,
        "RMSE(bins)": 0.10839346208470192,
        "RMSE(bins)Ratings": {
            "1": 0.14751624251205078,
            "2": 0.15250334450372421,
            "3": 0.17480900994262918,
            "4": 0.11265234258934628
        }
    },
    "user": 14930,
    "size": 4950,
    "weights": [
        0.3199,
        0.5934,
        1.9352,
        3.5468,
        5.4481,
        0.9687,
        1.0442,
        0.0039,
        1.2269,
        0.5397,
        0.5893,
        2.0918,
        0.0695,
        0.2945,
        1.4798,
        0.0164,
        2.4367
    ]
}