{
    "metrics": {
        "RMSE": 0.3656955766243503,
        "LogLoss": 0.42283405670266444,
        "RMSE(bins)": 0.05485201746838854,
        "ICI": 0.028336552921089563,
        "RMSE(bins)Ratings": {
            "1": 0.16041392381437336,
            "2": 0.09463749927754962,
            "3": 0.10048369008645186,
            "4": 0.15051930057003005
        }
    },
    "user": 14950,
    "size": 4950,
    "weights": [
        0.3372,
        0.7091,
        2.1621,
        4.5465,
        5.1129,
        1.1445,
        0.6372,
        0.2049,
        1.6184,
        0.2171,
        1.0156,
        2.0404,
        0.1609,
        0.2347,
        1.2625,
        0.6521,
        2.8593
    ]
}