{
    "metrics": {
        "RMSE": 0.14005997586421057,
        "LogLoss": 0.0991337780010669,
        "RMSE(bins)": 0.05359361378415564,
        "ICI": 0.02424566551558584
    },
    "user": 14970,
    "size": 26095,
    "weights": [
        2.168,
        11.4303,
        57.8981,
        57.8981,
        4.9318,
        0.773,
        0.7731,
        0.3487,
        1.7537,
        0.3012,
        1.1686,
        2.3063,
        0.1104,
        0.4592,
        1.4452,
        0.425,
        2.3603
    ]
}