{
    "metrics": {
        "RMSE": 0.22208528184224074,
        "LogLoss": 0.1955494000764085,
        "RMSE(bins)": 0.02883010680708645,
        "ICI": 0.013053700874793342
    },
    "user": 14971,
    "size": 3520,
    "weights": [
        0.7992,
        0.7992,
        0.7992,
        6.2325,
        5.0711,
        1.1396,
        0.7103,
        0.1976,
        1.6987,
        0.0921,
        1.0995,
        2.1881,
        0.1093,
        0.3587,
        1.6521,
        0.3685,
        2.6217
    ]
}