{
    "metrics": {
        "RMSE": 0.39678487874987645,
        "LogLoss": 0.5295620289128635,
        "RMSE(bins)": 0.17059262095680303,
        "ICI": 0.1324651202422027
    },
    "user": 14987,
    "size": 7190,
    "weights": [
        1.9277,
        1.9277,
        4.5006,
        4.5006,
        5.5737,
        1.2277,
        1.284,
        0.0,
        1.2233,
        0.4972,
        0.5758,
        1.9928,
        0.1903,
        0.2204,
        1.415,
        0.0,
        2.3984
    ]
}