{
    "metrics": {
        "RMSE": 0.33020944240663125,
        "LogLoss": 0.3784797722695281,
        "RMSE(bins)": 0.11680546033443309,
        "ICI": 0.06518352066452598
    },
    "user": 14994,
    "size": 2580,
    "weights": [
        2.1331,
        2.2932,
        7.8648,
        38.7488,
        4.8888,
        0.9255,
        0.7447,
        0.0,
        1.8468,
        0.1,
        1.2206,
        2.3066,
        0.01,
        0.4971,
        1.5093,
        0.3795,
        2.9935
    ]
}