{
    "metrics": {
        "RMSE": 0.25394018794874673,
        "LogLoss": 0.24499101682368032,
        "RMSE(bins)": 0.02883378121343762,
        "ICI": 0.016199942464925628
    },
    "user": 15029,
    "size": 62895,
    "weights": [
        0.2763,
        2.8969,
        2.9792,
        4.826,
        5.2377,
        1.3647,
        0.4145,
        0.2259,
        1.2587,
        0.0,
        0.7707,
        1.7269,
        0.1709,
        0.3869,
        1.0774,
        0.4894,
        2.7172
    ]
}