{
    "metrics": {
        "RMSE": 0.48541683788497175,
        "LogLoss": 0.6972243488413433,
        "RMSE(bins)": 0.16210713669856167,
        "ICI": 0.12834333854480715
    },
    "user": 15020,
    "size": 5940,
    "weights": [
        0.4022,
        0.4638,
        1.8842,
        4.1235,
        5.423,
        1.4502,
        1.086,
        0.0,
        1.3426,
        0.2556,
        0.7266,
        1.9679,
        0.1839,
        0.1827,
        1.3124,
        0.0061,
        2.6902
    ]
}