{
    "metrics": {
        "RMSE": 0.43952768425136746,
        "LogLoss": 0.591815103918754,
        "RMSE(bins)": 0.10931260597011959,
        "ICI": 0.08083972196322076
    },
    "user": 15096,
    "size": 2060,
    "weights": [
        0.2546,
        0.6097,
        1.2073,
        4.5186,
        5.3053,
        1.3153,
        1.0028,
        0.0,
        1.4464,
        0.1134,
        0.8356,
        2.1876,
        0.0119,
        0.3849,
        1.5426,
        0.0267,
        2.7451
    ]
}