{
    "FSRS-4.5": {
        "RMSE": 0.2583643567697013,
        "LogLoss": 0.24309904687534276,
        "RMSE(bins)": 0.06615327567885196,
        "RMSE(bins)Ratings": {
            "1": 0.16128828047778598,
            "2": 0.06101301401856738,
            "3": 0.05209791987801321,
            "4": 0.1528883160617808
        }
    },
    "user": 15151,
    "size": 37625,
    "weights": [
        0.6256,
        0.9724,
        7.2305,
        7.2305,
        4.8392,
        1.0384,
        0.4781,
        0.0116,
        1.9811,
        0.1118,
        1.2527,
        1.9376,
        0.0202,
        0.2428,
        1.3159,
        0.1437,
        1.0
    ]
}