{
    "metrics": {
        "RMSE": 0.03277325006944615,
        "LogLoss": 0.028991769310320357,
        "RMSE(bins)": 0.028438382776859727,
        "ICI": 0.028438382776446124
    },
    "user": 15164,
    "size": 50,
    "weights": [
        0.617,
        1.5624,
        4.4792,
        11.8355,
        5.0243,
        1.2006,
        0.8627,
        0.0362,
        1.749,
        0.0142,
        1.1364,
        2.1174,
        0.0839,
        0.3204,
        1.4676,
        0.219,
        2.8237
    ]
}