{
    "FSRS-4.5": {
        "RMSE": 0.4600050579480677,
        "LogLoss": 0.671558884559119,
        "RMSE(bins)": 0.19765635324166786,
        "ICI": 0.1239675313997432,
        "RMSE(bins)Ratings": {
            "1": 0.13219595840760345,
            "2": 0.18223303235222704,
            "3": 0.1209329312363861,
            "4": 0.07751164337393104
        }
    },
    "user": 15174,
    "size": 1555,
    "weights": [
        0.6268,
        1.2987,
        3.8729,
        7.9731,
        5.1744,
        1.2054,
        0.8454,
        0.0716,
        1.5612,
        0.1,
        0.9325,
        2.0408,
        0.1715,
        0.2298,
        1.2725,
        0.4371,
        2.9121
    ]
}