{
    "FSRS-4.5": {
        "RMSE": 0.4145106369667582,
        "LogLoss": 0.5221773458394119,
        "RMSE(bins)": 0.07640455029303339,
        "RMSE(bins)Ratings": {
            "1": 0.11611997708326756,
            "2": 0.15805983329305312,
            "3": 0.06884500500493618,
            "4": 0.09368353553953065
        }
    },
    "user": 15199,
    "size": 13830,
    "weights": [
        0.188,
        0.8679,
        1.9591,
        5.5456,
        5.1557,
        1.154,
        0.7885,
        0.015,
        1.3342,
        0.2384,
        0.7383,
        2.0717,
        0.169,
        0.2711,
        1.1135,
        0.9833,
        3.6567
    ]
}