{
    "metrics": {
        "RMSE": 0.4911889060014413,
        "LogLoss": 0.7054057658831531,
        "RMSE(bins)": 0.15742419906334282,
        "ICI": 0.11289556402377607
    },
    "user": 15235,
    "size": 1770,
    "weights": [
        0.1234,
        0.2744,
        0.5572,
        0.8935,
        5.3459,
        1.4015,
        1.0579,
        0.0,
        1.5459,
        0.0,
        0.9366,
        1.9841,
        0.1861,
        0.1814,
        1.3161,
        0.4085,
        3.0316
    ]
}