{
    "metrics": {
        "RMSE": 0.366784487142022,
        "LogLoss": 0.4355021445762489,
        "RMSE(bins)": 0.02487190877627212,
        "ICI": 0.014002653566824931,
        "RMSE(bins)Ratings": {
            "1": 0.04835280082923059,
            "2": 0.034984301931424856,
            "3": 0.020626396871440286,
            "4": 0.030201838821411645
        }
    },
    "user": 1524,
    "size": 103655,
    "weights": [
        0.3506,
        2.4794,
        4.1515,
        15.2583,
        5.0992,
        1.1757,
        0.3642,
        0.0,
        1.4953,
        0.3956,
        0.9091,
        2.3524,
        0.0524,
        0.2756,
        1.4928,
        0.2614,
        1.9795
    ]
}