{
    "FSRS-4.5": {
        "RMSE": 0.2418044622651237,
        "LogLoss": 0.23055787909498202,
        "RMSE(bins)": 0.05056553248773118,
        "RMSE(bins)Ratings": {
            "1": 0.11013183422446665,
            "2": 0.10150802748438599,
            "3": 0.050421474982163136,
            "4": 0.09867804133097174
        }
    },
    "user": 15255,
    "size": 29735,
    "weights": [
        2.1716,
        2.1716,
        6.3059,
        7.9731,
        5.1492,
        1.2897,
        1.4782,
        0.005,
        1.938,
        0.1908,
        1.3327,
        2.1593,
        0.037,
        0.2452,
        1.7829,
        0.0,
        2.6115
    ]
}