{
    "metrics": {
        "RMSE": 0.4871925557347814,
        "LogLoss": 0.6682284717153069,
        "RMSE(bins)": 0.06073689446581375,
        "ICI": 0.03791628794491042
    },
    "user": 15272,
    "size": 22040,
    "weights": [
        0.0281,
        0.0281,
        0.203,
        0.7296,
        6.7202,
        0.2353,
        1.1672,
        0.1108,
        1.0646,
        0.4152,
        0.595,
        1.9198,
        0.1767,
        0.2446,
        1.7269,
        0.2293,
        2.948
    ]
}