{
    "metrics": {
        "RMSE": 0.27238164058563735,
        "LogLoss": 0.27378587136752724,
        "RMSE(bins)": 0.037070088074858856,
        "ICI": 0.009159880153339527
    },
    "user": 15288,
    "size": 380190,
    "weights": [
        1.6576,
        3.0426,
        7.5661,
        10.9355,
        6.4055,
        0.1213,
        1.3577,
        0.0,
        1.1116,
        0.0048,
        1.333,
        0.7696,
        0.0104,
        0.6705,
        2.042,
        0.6981,
        4.897
    ]
}