{
    "FSRS-4.5": {
        "RMSE": 0.1958987235143997,
        "LogLoss": 0.1606688115093599,
        "RMSE(bins)": 0.030806187976816897,
        "ICI": 0.009094500711968956,
        "RMSE(bins)Ratings": {
            "1": 0.12312811568432605,
            "2": 0.03041465284285771,
            "3": 0.01886680056561759,
            "4": 0.032189912288642784
        }
    },
    "user": 15287,
    "size": 30280,
    "weights": [
        1.2616,
        9.5022,
        9.5022,
        19.8548,
        4.658,
        1.8629,
        1.0257,
        0.0,
        2.3056,
        0.1123,
        1.6717,
        1.8008,
        0.1981,
        0.4304,
        1.0931,
        0.1762,
        2.7868
    ]
}