{
    "metrics": {
        "RMSE": 0.2630416134391315,
        "LogLoss": 0.2463146226746752,
        "RMSE(bins)": 0.24708127498744098,
        "ICI": 0.17527225932712207,
        "RMSE(bins)Ratings": {
            "2": 0.33088966968318684,
            "3": 0.21905881299428678,
            "4": 0.408360433240189
        }
    },
    "user": 1537,
    "size": 655,
    "weights": [
        1.0788,
        4.3934,
        16.0655,
        57.0099,
        4.9843,
        1.0159,
        0.9428,
        0.0,
        1.7491,
        0.1,
        1.1245,
        2.0228,
        0.187,
        0.2063,
        1.4691,
        0.3386,
        2.905
    ]
}