{
    "FSRS-4.5": {
        "RMSE": 0.41869034079441586,
        "LogLoss": 0.5599593662085675,
        "RMSE(bins)": 0.09895205986609967,
        "RMSE(bins)Ratings": {
            "1": 0.07428118300036007,
            "2": 0.17323397418321673,
            "3": 0.10194208546064565,
            "4": 0.15749075471845023
        }
    },
    "user": 15428,
    "size": 11775,
    "weights": [
        0.6486,
        1.0471,
        3.0759,
        10.5272,
        5.4192,
        1.2035,
        0.3379,
        0.5,
        1.1334,
        0.6389,
        0.4942,
        2.1511,
        0.0556,
        0.3116,
        1.4024,
        0.0135,
        3.1685
    ]
}