{
    "FSRS-4.5": {
        "RMSE": 0.11987375308242398,
        "LogLoss": 0.07784594070081895,
        "RMSE(bins)": 0.01723656744067771,
        "RMSE(bins)Ratings": {
            "1": 0.05822859978845478,
            "2": 0.019416497675758385,
            "3": 0.02689279619598582,
            "4": 0.026012261116720333
        }
    },
    "user": 15437,
    "size": 4620,
    "weights": [
        0.1,
        0.1946,
        9.2359,
        100.0,
        4.5524,
        0.5697,
        0.3507,
        0.4541,
        2.1272,
        0.1,
        1.4804,
        2.7717,
        0.01,
        0.9,
        1.9107,
        0.5861,
        3.1281
    ]
}