{
    "metrics": {
        "RMSE": 0.13187204033244862,
        "LogLoss": 0.08970723485533258,
        "RMSE(bins)": 0.035665639563022884,
        "ICI": 0.025016306681155825,
        "RMSE(bins)Ratings": {
            "1": 0.19990129202804177,
            "2": 0.03571821151253447,
            "3": 0.03584748043589454,
            "4": 0.5470591006243264
        }
    },
    "user": 15449,
    "size": 2840,
    "weights": [
        2.1213,
        4.6037,
        10.0246,
        16.8411,
        4.815,
        0.8528,
        0.6322,
        0.2242,
        1.9217,
        0.1,
        1.2938,
        2.2576,
        0.0228,
        0.44,
        1.5065,
        0.4971,
        2.8751
    ]
}