{
    "FSRS-4.5": {
        "RMSE": 0.3996797353894181,
        "LogLoss": 0.48899946880081524,
        "RMSE(bins)": 0.022280845508834052,
        "ICI": 0.015865544046466416,
        "RMSE(bins)Ratings": {
            "1": 0.07278591873669571,
            "2": 0.031131111978100277,
            "3": 0.03945740951576761,
            "4": 0.02994567462741757
        }
    },
    "user": 15493,
    "size": 30035,
    "weights": [
        0.1857,
        0.3599,
        0.7626,
        2.1026,
        5.5282,
        1.4327,
        0.6236,
        0.1682,
        1.2979,
        0.1,
        0.6887,
        1.9307,
        0.14,
        0.1854,
        1.7702,
        0.6767,
        1.4972
    ]
}