{
    "metrics": {
        "RMSE": 0.2574899692992079,
        "LogLoss": 0.25018201645007937,
        "RMSE(bins)": 0.026250674688346978,
        "ICI": 0.01666225525879928,
        "RMSE(bins)Ratings": {
            "1": 0.03629812021111329,
            "2": 0.05569332133330701,
            "3": 0.029855115167278404,
            "4": 0.01579317295095097
        }
    },
    "user": 15543,
    "size": 23470,
    "weights": [
        0.1643,
        2.0577,
        2.7087,
        10.0216,
        5.3443,
        1.4363,
        1.3336,
        0.0,
        1.5699,
        0.5229,
        0.9902,
        2.3567,
        0.1119,
        0.5409,
        1.6916,
        0.2207,
        3.3901
    ]
}