{
    "FSRS-4.5": {
        "RMSE": 0.3219822369444022,
        "LogLoss": 0.35592419389851493,
        "RMSE(bins)": 0.028576853482869844,
        "RMSE(bins)Ratings": {
            "1": 0.06000231510345051,
            "2": 0.03536263277630077,
            "3": 0.027701521371806485,
            "4": 0.04298243221349358
        }
    },
    "user": 15563,
    "size": 29945,
    "weights": [
        0.6988,
        1.2271,
        2.8553,
        7.9731,
        5.2573,
        1.4948,
        1.1085,
        0.0,
        1.8044,
        0.2826,
        1.1342,
        2.1675,
        0.0445,
        0.4524,
        0.8993,
        0.22,
        1.0508
    ]
}