{
    "metrics": {
        "RMSE": 0.46113648814603125,
        "LogLoss": 0.6312872719133932,
        "RMSE(bins)": 0.1523426350138841,
        "ICI": 0.10892311277714954
    },
    "user": 15570,
    "size": 2145,
    "weights": [
        0.7063,
        1.2848,
        3.1523,
        21.8755,
        5.0372,
        1.0435,
        0.7366,
        0.1123,
        1.6745,
        0.1,
        1.0412,
        2.1185,
        0.0768,
        0.2919,
        1.2506,
        0.3473,
        2.961
    ]
}