{
    "metrics": {
        "RMSE": 0.5566012782656401,
        "LogLoss": 0.9312459053535131,
        "RMSE(bins)": 0.38332538689377826,
        "ICI": 0.33844799621089455
    },
    "user": 15615,
    "size": 1070,
    "weights": [
        0.01,
        0.0621,
        0.9601,
        15.9693,
        5.2244,
        1.0181,
        0.943,
        0.0944,
        1.5093,
        0.2535,
        0.8846,
        2.0133,
        0.2,
        0.2008,
        1.2351,
        0.3388,
        2.6651
    ]
}