{
    "FSRS-4.5": {
        "RMSE": 0.35453165376339263,
        "LogLoss": 0.4117589701711029,
        "RMSE(bins)": 0.023882047013945612,
        "RMSE(bins)Ratings": {
            "1": 0.05369109929071139,
            "2": 0.05526820701972119,
            "3": 0.013605556733409565,
            "4": 0.06887798883156784
        }
    },
    "user": 15621,
    "size": 79555,
    "weights": [
        0.1401,
        0.487,
        3.156,
        3.156,
        5.5184,
        1.0207,
        0.3593,
        0.0186,
        1.3101,
        0.1,
        0.8268,
        1.899,
        0.0514,
        0.4217,
        0.0259,
        0.4691,
        4.0
    ]
}