{
    "FSRS-4.5": {
        "RMSE": 0.3676189227692767,
        "LogLoss": 0.4370373897863483,
        "RMSE(bins)": 0.031143714582903652,
        "RMSE(bins)Ratings": {
            "1": 0.04936194815594566,
            "2": 0.03646729840453708,
            "3": 0.029399016148951074,
            "4": 0.05665165792255187
        }
    },
    "user": 15682,
    "size": 485660,
    "weights": [
        0.2771,
        0.2771,
        0.9946,
        4.504,
        6.0767,
        1.6322,
        0.6598,
        0.1167,
        1.188,
        0.4317,
        0.9607,
        2.1311,
        0.0182,
        0.3999,
        0.539,
        0.1819,
        1.3771
    ]
}