{
    "FSRS-4.5": {
        "RMSE": 0.40401950547702964,
        "LogLoss": 0.48460596573635556,
        "RMSE(bins)": 0.24631459005472026,
        "RMSE(bins)Ratings": {
            "1": 0.3964455365425219,
            "2": 0.26845058891199725,
            "3": 0.32632861727786433,
            "4": 0.14333297964232536
        }
    },
    "user": 15768,
    "size": 5135,
    "weights": [
        1.1085,
        1.315,
        1.6992,
        13.5012,
        4.7841,
        0.739,
        0.4967,
        0.3457,
        1.8949,
        0.1417,
        1.3036,
        2.1334,
        0.0798,
        0.2948,
        1.3331,
        0.6807,
        2.7697
    ]
}