{
    "metrics": {
        "RMSE": 0.3056132944054764,
        "LogLoss": 0.33369070469182605,
        "RMSE(bins)": 0.06222919476304947,
        "ICI": 0.03552863726559642
    },
    "user": 15782,
    "size": 8165,
    "weights": [
        3.229,
        4.5552,
        7.6324,
        14.0277,
        5.1967,
        0.8536,
        0.7835,
        0.0001,
        1.5054,
        0.3436,
        0.883,
        2.2548,
        0.01,
        0.3857,
        1.5126,
        0.3493,
        2.6227
    ]
}