{
    "FSRS-4.5": {
        "RMSE": 0.3286253962999248,
        "LogLoss": 0.3659862291354523,
        "RMSE(bins)": 0.041033157179688536,
        "RMSE(bins)Ratings": {
            "1": 0.08418160773468243,
            "2": 0.08868171114936287,
            "3": 0.040886681627701635,
            "4": 0.04520418354101549
        }
    },
    "user": 15871,
    "size": 9505,
    "weights": [
        0.1561,
        0.1561,
        0.6343,
        7.9731,
        5.4464,
        0.7211,
        1.0126,
        0.1704,
        1.4033,
        0.16,
        0.805,
        2.0623,
        0.0765,
        0.2371,
        1.8461,
        0.18,
        2.9821
    ]
}