{
    "FSRS-4.5": {
        "RMSE": 0.34603901334603815,
        "LogLoss": 0.38463993238178673,
        "RMSE(bins)": 0.11301889053400571,
        "ICI": 0.0761552364011738,
        "RMSE(bins)Ratings": {
            "1": 0.2251833282592284,
            "2": 0.13128676472734663,
            "3": 0.06899761104540073,
            "4": 0.09826493239996273
        }
    },
    "user": 15894,
    "size": 2125,
    "weights": [
        0.2015,
        0.8299,
        0.8299,
        12.9232,
        5.2938,
        1.1768,
        0.9534,
        0.0,
        1.4382,
        0.1,
        0.8123,
        2.146,
        0.0507,
        0.3339,
        1.3249,
        0.0342,
        2.9523
    ]
}