{
    "metrics": {
        "RMSE": 0.3253787787532827,
        "LogLoss": 0.3650706102006493,
        "RMSE(bins)": 0.20134781446498992,
        "ICI": 0.07184311034408174
    },
    "user": 15949,
    "size": 6840,
    "weights": [
        1.6089,
        1.6089,
        1.6089,
        1.6089,
        5.088,
        1.2819,
        0.676,
        0.2618,
        1.6692,
        0.4999,
        1.0647,
        2.0598,
        0.1114,
        0.283,
        1.2997,
        0.3309,
        2.4044
    ]
}