{
    "metrics": {
        "RMSE": 0.4020200859390587,
        "LogLoss": 0.504283373836162,
        "RMSE(bins)": 0.09667186742761255,
        "ICI": 0.06858471513701399
    },
    "user": 15973,
    "size": 13035,
    "weights": [
        0.2865,
        1.5115,
        1.5115,
        9.3086,
        5.1003,
        1.0688,
        0.4612,
        0.3808,
        1.5043,
        0.3351,
        0.8794,
        2.1489,
        0.1071,
        0.351,
        1.6007,
        0.3028,
        2.5152
    ]
}