{
    "FSRS-4.5": {
        "RMSE": 0.3738164874898798,
        "LogLoss": 0.4415691879499166,
        "RMSE(bins)": 0.06414600975052327,
        "RMSE(bins)Ratings": {
            "1": 0.13540413154813777,
            "2": 0.057863716822193705,
            "3": 0.031823601290277864,
            "4": 0.03822493231103843
        }
    },
    "user": 15995,
    "size": 112340,
    "weights": [
        0.1819,
        0.4249,
        0.9498,
        15.7273,
        4.8321,
        1.414,
        0.9621,
        0.1053,
        1.5555,
        0.1,
        0.8081,
        1.4948,
        0.1291,
        0.291,
        0.7275,
        0.2497,
        4.0
    ]
}