{
    "metrics": {
        "RMSE": 0.29362519086720873,
        "LogLoss": 0.29652879540034177,
        "RMSE(bins)": 0.029174984531713626,
        "ICI": 0.010936577026938918,
        "RMSE(bins)Ratings": {
            "1": 0.07862222982910257,
            "2": 0.5204951822610621,
            "3": 0.02115699824181333,
            "4": 0.05421918253979853
        }
    },
    "user": 1605,
    "size": 43715,
    "weights": [
        0.2307,
        0.5726,
        2.2388,
        7.9731,
        5.1544,
        1.8655,
        1.33,
        0.0,
        2.0669,
        0.1,
        1.2753,
        2.1075,
        0.0909,
        0.2601,
        1.9747,
        0.0,
        1.2599
    ]
}