{
    "FSRS-4.5": {
        "RMSE": 0.4652766367630999,
        "LogLoss": 0.6639077192362294,
        "RMSE(bins)": 0.16869820878015898,
        "RMSE(bins)Ratings": {
            "1": 0.1671597135673006,
            "2": 0.331094603516454,
            "3": 0.23925325843209871,
            "4": 0.15400058620795423
        }
    },
    "user": 16059,
    "size": 1435,
    "weights": [
        0.2565,
        0.7044,
        3.2052,
        6.9532,
        5.067,
        1.2285,
        0.9128,
        0.0,
        1.7584,
        0.1,
        1.0391,
        2.0957,
        0.1337,
        0.2591,
        1.2382,
        0.4003,
        2.8893
    ]
}