{
    "metrics": {
        "RMSE": 0.3873469077114443,
        "LogLoss": 0.47817381720101204,
        "RMSE(bins)": 0.0940765492711437,
        "ICI": 0.053673458214119195
    },
    "user": 16075,
    "size": 10235,
    "weights": [
        0.416,
        0.416,
        1.2949,
        6.1944,
        5.4298,
        1.3189,
        1.0635,
        0.0198,
        1.8164,
        0.1828,
        1.2327,
        2.0557,
        0.1021,
        0.2932,
        1.6225,
        0.2361,
        3.2366
    ]
}