{
    "FSRS-4.5": {
        "RMSE": 0.1862138701042316,
        "LogLoss": 0.13985807596130995,
        "RMSE(bins)": 0.09328704751280312,
        "ICI": 0.05370377364443056,
        "RMSE(bins)Ratings": {
            "1": 0.11062406396581337,
            "2": 0.05846897593891267,
            "3": 0.05848465434837827,
            "4": 0.030638118427213742
        }
    },
    "user": 16153,
    "size": 2735,
    "weights": [
        1.2747,
        2.4826,
        6.7482,
        18.0682,
        4.8388,
        0.9421,
        0.6881,
        0.1818,
        1.9141,
        0.1,
        1.2831,
        2.4098,
        0.01,
        0.5929,
        1.6333,
        0.4567,
        3.0745
    ]
}