{
    "FSRS-4.5": {
        "RMSE": 0.35428203308149114,
        "LogLoss": 0.40556794540768454,
        "RMSE(bins)": 0.03888555235757158,
        "RMSE(bins)Ratings": {
            "1": 0.0650339873017885,
            "2": 0.08256676693902819,
            "3": 0.028887311056180878,
            "4": 0.09320070860542504
        }
    },
    "user": 16165,
    "size": 100135,
    "weights": [
        0.1923,
        0.2169,
        2.0629,
        19.9407,
        5.0566,
        1.4781,
        0.7278,
        0.0058,
        1.8567,
        0.1022,
        1.1005,
        2.046,
        0.0963,
        0.3053,
        1.7643,
        0.2719,
        4.0
    ]
}