{
    "FSRS-4.5": {
        "RMSE": 0.39028764494510854,
        "LogLoss": 0.49048616418863356,
        "RMSE(bins)": 0.12461286045969874,
        "RMSE(bins)Ratings": {
            "1": 0.18706926994193201,
            "2": 0.09141837951126686,
            "3": 0.0741057928554601,
            "4": 0.09208629477616738
        }
    },
    "user": 16210,
    "size": 14590,
    "weights": [
        0.9808,
        4.1694,
        36.5421,
        42.7257,
        4.9516,
        0.7024,
        0.4516,
        0.5,
        1.6551,
        0.6911,
        0.9699,
        2.0124,
        0.1833,
        0.2475,
        1.0855,
        0.5435,
        2.1061
    ]
}