{
    "metrics": {
        "RMSE": 0.23485382932165944,
        "LogLoss": 0.21625313580035466,
        "RMSE(bins)": 0.024773092946040118,
        "ICI": 0.018726704624876387
    },
    "user": 16233,
    "size": 227115,
    "weights": [
        0.5509,
        1.2856,
        1.4065,
        2.2697,
        6.1147,
        1.2381,
        0.9374,
        0.0001,
        2.0312,
        0.0705,
        1.4963,
        1.4696,
        0.0799,
        0.4131,
        0.9738,
        0.7496,
        4.9262
    ]
}