{
    "FSRS-4.5": {
        "RMSE": 0.5011351968927601,
        "LogLoss": 0.7259950781891873,
        "RMSE(bins)": 0.19666258984535717,
        "RMSE(bins)Ratings": {
            "1": 0.24897830911778004,
            "2": 0.43410278079292974,
            "3": 0.15304852385107245,
            "4": 0.19444020755989433
        }
    },
    "user": 16267,
    "size": 2045,
    "weights": [
        0.2578,
        0.8788,
        1.527,
        7.9817,
        5.1214,
        1.2391,
        0.85,
        0.0,
        1.6535,
        0.1111,
        1.0233,
        2.0233,
        0.1913,
        0.2101,
        1.2434,
        0.1256,
        2.7057
    ]
}