{
    "FSRS-4.5": {
        "RMSE": 0.2865153428477358,
        "LogLoss": 0.2971949944392037,
        "RMSE(bins)": 0.04224673984701003,
        "RMSE(bins)Ratings": {
            "1": 0.06305429710051273,
            "2": 0.046584880546102485,
            "3": 0.05368934430264638,
            "4": 0.04994805131930696
        }
    },
    "user": 16288,
    "size": 118360,
    "weights": [
        1.3678,
        1.6416,
        1.9002,
        14.0619,
        5.2579,
        1.3893,
        0.917,
        0.1849,
        1.9873,
        0.5174,
        1.19,
        1.6865,
        0.0856,
        0.4643,
        0.668,
        0.1574,
        2.5338
    ]
}