{
    "metrics": {
        "RMSE": 0.33800028957927297,
        "LogLoss": 0.38070025940939367,
        "RMSE(bins)": 0.05252067874683729,
        "ICI": 0.022857223272955918
    },
    "user": 1630,
    "size": 21410,
    "weights": [
        0.1556,
        0.3404,
        1.1009,
        1.1009,
        5.1063,
        0.654,
        0.8434,
        0.006,
        1.6293,
        0.0056,
        0.9087,
        1.9474,
        0.1229,
        0.3344,
        0.7249,
        0.6952,
        1.4738
    ]
}