{
    "FSRS-4.5": {
        "RMSE": 0.28215853933353174,
        "LogLoss": 0.29166714341092614,
        "RMSE(bins)": 0.09917750144734346,
        "RMSE(bins)Ratings": {
            "1": 0.2757482343003518,
            "2": 0.09617930141877701,
            "3": 0.07680816359023851,
            "4": 0.10518980150871816
        }
    },
    "user": 16327,
    "size": 13365,
    "weights": [
        2.3787,
        2.6357,
        3.0742,
        52.9952,
        5.3327,
        1.1064,
        0.5037,
        0.392,
        1.3551,
        0.384,
        0.7792,
        2.2039,
        0.0154,
        0.4312,
        1.8713,
        0.1632,
        2.4502
    ]
}