{
    "metrics": {
        "RMSE": 0.3626428588376,
        "LogLoss": 0.425593646407182,
        "RMSE(bins)": 0.061462128079270754,
        "ICI": 0.03948035804521314
    },
    "user": 16399,
    "size": 26095,
    "weights": [
        0.6909,
        1.4436,
        4.3383,
        21.5358,
        5.0669,
        1.3026,
        0.5863,
        0.0577,
        1.6968,
        0.4317,
        1.0808,
        2.144,
        0.0861,
        0.3738,
        1.4966,
        0.0332,
        3.9079
    ]
}