{
    "FSRS-4.5": {
        "RMSE": 0.32118458069508476,
        "LogLoss": 0.351101971191045,
        "RMSE(bins)": 0.03739660862296418,
        "RMSE(bins)Ratings": {
            "1": 0.059431158395762025,
            "2": 0.07945613397625739,
            "3": 0.03933374258758861,
            "4": 0.032667582046338066
        }
    },
    "user": 16408,
    "size": 111655,
    "weights": [
        0.4007,
        1.5208,
        3.5478,
        13.4127,
        4.718,
        2.1331,
        2.1497,
        0.0,
        1.9885,
        0.2485,
        1.3058,
        2.6264,
        0.0559,
        0.2335,
        0.5754,
        0.0829,
        4.0
    ]
}