{
    "metrics": {
        "RMSE": 0.28995448231960763,
        "LogLoss": 0.31089466992264403,
        "RMSE(bins)": 0.07730015550433599,
        "ICI": 0.037688828036176895
    },
    "user": 16440,
    "size": 5145,
    "weights": [
        0.7032,
        0.7032,
        10.1673,
        10.1673,
        5.0262,
        1.3385,
        0.8349,
        0.0,
        1.7793,
        0.013,
        1.1377,
        2.1231,
        0.1104,
        0.3131,
        1.1204,
        0.4683,
        2.9624
    ]
}