{
    "FSRS-4.5": {
        "RMSE": 0.3772327974967752,
        "LogLoss": 0.4507064927041001,
        "RMSE(bins)": 0.057085085343211384,
        "RMSE(bins)Ratings": {
            "1": 0.09812634863590386,
            "2": 0.0682211357290133,
            "3": 0.1187195212681316,
            "4": 0.17576207512835582
        }
    },
    "user": 16459,
    "size": 68635,
    "weights": [
        0.1116,
        0.4512,
        0.4512,
        0.4517,
        5.2938,
        1.3973,
        0.4056,
        0.3229,
        1.0359,
        0.6581,
        0.552,
        2.0714,
        0.1806,
        0.3905,
        1.1533,
        0.8683,
        1.3371
    ]
}