{
    "FSRS-4.5": {
        "RMSE": 0.36306138660492315,
        "LogLoss": 0.4336894612829716,
        "RMSE(bins)": 0.045399377488160184,
        "RMSE(bins)Ratings": {
            "1": 0.0772565781542183,
            "2": 0.04957247505294284,
            "3": 0.0379097938381667,
            "4": 0.11253358567519738
        }
    },
    "user": 16522,
    "size": 43820,
    "weights": [
        1.2723,
        1.2723,
        1.2723,
        9.9704,
        5.7998,
        1.7118,
        1.4215,
        0.0001,
        1.7609,
        0.4119,
        1.1403,
        1.6623,
        0.181,
        0.6182,
        0.6755,
        0.0848,
        3.4841
    ]
}