{
    "FSRS-4.5": {
        "RMSE": 0.4118059763066872,
        "LogLoss": 0.5080637028938324,
        "RMSE(bins)": 0.06308119811738257,
        "RMSE(bins)Ratings": {
            "1": 0.08891842684848492,
            "2": 0.0925339421171169,
            "3": 0.03264848731682735,
            "4": 0.9985829433039631
        }
    },
    "user": 16556,
    "size": 26295,
    "weights": [
        0.1,
        0.7033,
        3.7752,
        5.3675,
        5.0844,
        1.0436,
        0.8814,
        0.2917,
        1.6805,
        0.1019,
        1.1026,
        1.8376,
        0.2,
        0.01,
        1.0117,
        0.0308,
        3.262
    ]
}