{
    "metrics": {
        "RMSE": 0.30148917089431354,
        "LogLoss": 0.30646323355275806,
        "RMSE(bins)": 0.07226677995476462,
        "ICI": 0.009942069797047566
    },
    "user": 16551,
    "size": 20020,
    "weights": [
        0.5058,
        7.6275,
        46.7015,
        100.0,
        5.2175,
        1.3587,
        0.892,
        0.0,
        1.8848,
        0.0244,
        1.3625,
        2.0212,
        0.1208,
        0.2907,
        1.5622,
        0.275,
        3.6724
    ]
}