{
    "metrics": {
        "RMSE": 0.12863849692741333,
        "LogLoss": 0.07172561063636866,
        "RMSE(bins)": 0.12552202399427317,
        "ICI": 0.05970324508878503
    },
    "user": 16561,
    "size": 725,
    "weights": [
        1.0178,
        3.3034,
        19.3149,
        25.6425,
        4.9841,
        1.0832,
        0.823,
        0.0465,
        1.7493,
        0.0147,
        1.1247,
        2.132,
        0.0839,
        0.3204,
        1.3547,
        0.219,
        2.9051
    ]
}