{
    "metrics": {
        "RMSE": 0.35520282485673693,
        "LogLoss": 0.4126926263510484,
        "RMSE(bins)": 0.0361433136291864,
        "ICI": 0.015359915049424683
    },
    "user": 1660,
    "size": 25200,
    "weights": [
        1.4369,
        2.0547,
        3.4467,
        7.8666,
        5.3843,
        1.248,
        0.6967,
        0.1018,
        1.2747,
        0.4488,
        0.7663,
        2.3845,
        0.049,
        0.447,
        1.917,
        0.3368,
        2.461
    ]
}