{
    "metrics": {
        "RMSE": 0.41395105845547403,
        "LogLoss": 0.5230036056106525,
        "RMSE(bins)": 0.04227320765852341,
        "ICI": 0.03236322217197732,
        "RMSE(bins)Ratings": {
            "1": 0.08842504647824975,
            "2": 0.0357195728488771,
            "3": 0.049126144874920154,
            "4": 0.11232367142799882
        }
    },
    "user": 16650,
    "size": 9740,
    "weights": [
        0.1568,
        0.3277,
        0.9901,
        4.0338,
        5.5888,
        1.7183,
        0.4798,
        0.1166,
        1.3409,
        0.4183,
        0.699,
        2.084,
        0.1089,
        0.4274,
        0.6023,
        0.6693,
        2.212
    ]
}