{
    "metrics": {
        "RMSE": 0.34990815368547623,
        "LogLoss": 0.40251837283889935,
        "RMSE(bins)": 0.08665200920835503,
        "ICI": 0.027274615128161896
    },
    "user": 16690,
    "size": 2595,
    "weights": [
        0.827,
        2.2848,
        10.4913,
        28.9832,
        5.1809,
        1.1787,
        0.8148,
        0.1017,
        1.5596,
        0.2597,
        0.9508,
        2.2921,
        0.01,
        0.4891,
        1.6766,
        0.0,
        3.001
    ]
}