{
    "FSRS-4.5": {
        "RMSE": 0.46283536359239463,
        "LogLoss": 0.6334987342848777,
        "RMSE(bins)": 0.12854462851932633,
        "RMSE(bins)Ratings": {
            "1": 0.18533908070421162,
            "2": 0.18855571105345226,
            "3": 0.15575306246387227,
            "4": 0.188028220733417
        }
    },
    "user": 16715,
    "size": 2915,
    "weights": [
        0.2594,
        0.657,
        1.4566,
        11.6134,
        5.0665,
        1.0083,
        0.8414,
        0.0,
        1.6317,
        0.2059,
        0.9972,
        2.082,
        0.1351,
        0.2329,
        1.2615,
        0.2789,
        2.6718
    ]
}