{
    "metrics": {
        "RMSE": 0.3706430112143781,
        "LogLoss": 0.4418066171760181,
        "RMSE(bins)": 0.04767780360542909,
        "ICI": 0.024639079484106458
    },
    "user": 16712,
    "size": 16870,
    "weights": [
        0.168,
        0.3794,
        1.2873,
        2.9068,
        5.3527,
        1.5225,
        0.4536,
        0.0848,
        1.3298,
        0.2785,
        0.7047,
        2.0298,
        0.1594,
        0.3231,
        1.3319,
        0.0823,
        1.5602
    ]
}