{
    "FSRS-4.5": {
        "RMSE": 0.17183882379905052,
        "LogLoss": 0.13353097230012784,
        "RMSE(bins)": 0.014370263758264041,
        "RMSE(bins)Ratings": {
            "1": 0.05250543269622607,
            "2": 0.07053885693195577,
            "3": 0.012761029943931695,
            "4": 0.018847841622570086
        }
    },
    "user": 16792,
    "size": 50220,
    "weights": [
        1.3936,
        2.743,
        9.0542,
        13.6785,
        5.0712,
        2.0858,
        1.5736,
        0.0,
        1.7914,
        0.2362,
        1.2342,
        2.0486,
        0.121,
        0.3155,
        1.4522,
        0.0,
        1.5248
    ]
}