{
    "FSRS-4.5": {
        "RMSE": 0.23363184591880326,
        "LogLoss": 0.2069201086209341,
        "RMSE(bins)": 0.03555687638680046,
        "RMSE(bins)Ratings": {
            "1": 0.07806379912731085,
            "2": 0.04373424823644816,
            "3": 0.028661545639804793,
            "4": 0.08894993764601636
        }
    },
    "user": 16809,
    "size": 14470,
    "weights": [
        0.6776,
        2.3528,
        4.716,
        23.3352,
        5.2869,
        1.701,
        1.1171,
        0.0,
        1.949,
        0.1,
        1.2822,
        2.1354,
        0.0576,
        0.2811,
        1.5904,
        0.404,
        2.2944
    ]
}