{
    "metrics": {
        "RMSE": 0.1461111104678796,
        "LogLoss": 0.10542438267841167,
        "RMSE(bins)": 0.012691421487463161,
        "ICI": 0.0077312722920246995
    },
    "user": 16811,
    "size": 120185,
    "weights": [
        2.6121,
        2.6121,
        14.4017,
        27.9406,
        6.13,
        5.0,
        2.6069,
        0.0278,
        2.3817,
        0.1544,
        1.8474,
        2.3533,
        0.0446,
        0.4917,
        2.8593,
        0.0218,
        6.0
    ]
}