{
    "FSRS-4.5": {
        "RMSE": 0.31934385042232377,
        "LogLoss": 0.3562299660872685,
        "RMSE(bins)": 0.040658560473764135,
        "RMSE(bins)Ratings": {
            "1": 0.0459383129241855,
            "2": 0.07068279563384072,
            "3": 0.030577819274958406,
            "4": 0.04168183361568606
        }
    },
    "user": 16835,
    "size": 334655,
    "weights": [
        0.5663,
        1.0025,
        2.3613,
        11.5086,
        7.265,
        2.4558,
        1.1569,
        0.0005,
        1.6617,
        0.1267,
        1.7757,
        1.1876,
        0.1686,
        0.6592,
        1.93,
        0.369,
        3.5552
    ]
}