{
    "metrics": {
        "RMSE": 0.2537504781311187,
        "LogLoss": 0.2501715013570772,
        "RMSE(bins)": 0.02161591730365118,
        "ICI": 0.007598937340608178
    },
    "user": 16855,
    "size": 39050,
    "weights": [
        1.4348,
        3.1947,
        4.1386,
        4.9182,
        5.3968,
        0.7064,
        0.8548,
        0.0,
        1.5492,
        0.0349,
        1.0067,
        2.1103,
        0.1595,
        0.4286,
        1.7753,
        0.6398,
        2.7385
    ]
}