{
    "metrics": {
        "RMSE": 0.37327561782371765,
        "LogLoss": 0.42446734701912053,
        "RMSE(bins)": 0.06032511854736941,
        "ICI": 0.01971656231368757
    },
    "user": 16908,
    "size": 17880,
    "weights": [
        0.15,
        1.5517,
        3.63,
        23.0413,
        5.4706,
        1.5127,
        1.4887,
        0.0,
        1.5814,
        0.0,
        0.9677,
        1.937,
        0.1846,
        0.2255,
        1.5136,
        0.1411,
        4.3594
    ]
}