{
    "FSRS-4.5": {
        "RMSE": 0.38335899180501964,
        "LogLoss": 0.4672596800340438,
        "RMSE(bins)": 0.03137493549401337,
        "RMSE(bins)Ratings": {
            "1": 0.06410918245352083,
            "2": 0.026095631136339306,
            "3": 0.04746869264548807,
            "4": 0.0642330773486807
        }
    },
    "user": 16911,
    "size": 70095,
    "weights": [
        0.2383,
        0.2431,
        0.5426,
        5.4753,
        4.7991,
        1.6616,
        1.246,
        0.0,
        1.2341,
        0.1,
        0.7045,
        1.1928,
        0.1728,
        0.7444,
        0.6491,
        0.5762,
        2.444
    ]
}