{
    "metrics": {
        "RMSE": 0.3848807998627029,
        "LogLoss": 0.4717994890608739,
        "RMSE(bins)": 0.0667553036846027,
        "ICI": 0.03016276597030629
    },
    "user": 16911,
    "size": 71715,
    "weights": [
        0.2152,
        0.5881,
        0.6707,
        9.3636,
        5.1089,
        1.2931,
        1.1558,
        0.0,
        1.1553,
        0.0266,
        0.6872,
        1.043,
        0.1791,
        0.7525,
        0.9643,
        0.5771,
        2.4095
    ]
}