{
    "FSRS-4.5": {
        "RMSE": 0.4373119964667418,
        "LogLoss": 0.5710480966524658,
        "RMSE(bins)": 0.03861617262603165,
        "RMSE(bins)Ratings": {
            "1": 0.059270557932181306,
            "2": 0.07978202657536279,
            "3": 0.030084451389431173,
            "4": 0.09725510834953079
        }
    },
    "user": 16939,
    "size": 22155,
    "weights": [
        0.1648,
        0.6411,
        1.7879,
        3.7007,
        5.5556,
        1.2278,
        0.5523,
        0.0942,
        1.3616,
        0.195,
        0.8736,
        2.0996,
        0.072,
        0.2563,
        1.5183,
        0.2891,
        1.9478
    ]
}