{
    "FSRS-4.5": {
        "RMSE": 0.2416817851745405,
        "LogLoss": 0.23190078859595736,
        "RMSE(bins)": 0.0449043823027915,
        "RMSE(bins)Ratings": {
            "1": 0.06721345815601638,
            "2": 0.02766503915280925,
            "3": 0.033947810612834,
            "4": 0.029206557367291303
        }
    },
    "user": 16940,
    "size": 22615,
    "weights": [
        0.261,
        0.6275,
        2.3391,
        8.2817,
        5.0204,
        0.808,
        0.6566,
        0.0465,
        1.4478,
        0.1,
        0.8823,
        2.4045,
        0.01,
        0.2675,
        2.0,
        1.0,
        1.5306
    ]
}