{
    "FSRS-4.5": {
        "RMSE": 0.295501035451251,
        "LogLoss": 0.3221015321103783,
        "RMSE(bins)": 0.05767220715233667,
        "RMSE(bins)Ratings": {
            "1": 0.09442823429590759,
            "2": 0.1229443792499724,
            "3": 0.11499842382943909,
            "4": 0.1998137971781325
        }
    },
    "user": 17012,
    "size": 2025,
    "weights": [
        0.7053,
        2.3532,
        2.3532,
        2.3532,
        5.2195,
        1.1399,
        0.9001,
        0.0,
        1.4508,
        0.2588,
        0.8205,
        2.2782,
        0.01,
        0.4271,
        1.459,
        0.0918,
        2.5703
    ]
}