{
    "metrics": {
        "RMSE": 0.18794601774631442,
        "LogLoss": 0.14842453032438085,
        "RMSE(bins)": 0.021004545752131596,
        "ICI": 0.006387555859908389
    },
    "user": 17016,
    "size": 21240,
    "weights": [
        1.3339,
        3.173,
        11.6411,
        27.6908,
        4.9947,
        1.9197,
        1.1619,
        0.0,
        2.3263,
        0.1,
        1.5866,
        2.251,
        0.0317,
        0.4511,
        0.8959,
        0.0,
        2.7849
    ]
}