{
    "FSRS-4.5": {
        "RMSE": 0.37594630786586924,
        "LogLoss": 0.44247341432734055,
        "RMSE(bins)": 0.07208936963289266,
        "RMSE(bins)Ratings": {
            "1": 0.1037905723600355,
            "2": 0.03193664500568637,
            "3": 0.04143850989484238,
            "4": 0.2132848678635418
        }
    },
    "user": 17027,
    "size": 24490,
    "weights": [
        2.4082,
        4.3397,
        10.4979,
        10.4979,
        5.1532,
        1.5847,
        0.4698,
        0.0963,
        1.4496,
        0.1353,
        0.7868,
        1.9836,
        0.1914,
        0.5568,
        0.9347,
        1.0,
        2.6912
    ]
}