{
    "metrics": {
        "RMSE": 0.28003264222252955,
        "LogLoss": 0.2901926293444967,
        "RMSE(bins)": 0.04271998309677264,
        "ICI": 0.025386481272968997
    },
    "user": 17033,
    "size": 5075,
    "weights": [
        1.1788,
        1.4904,
        4.7669,
        7.9731,
        5.0278,
        1.0295,
        0.7191,
        0.1679,
        1.6562,
        0.2691,
        1.034,
        2.2912,
        0.01,
        0.4707,
        1.5394,
        0.1294,
        2.6317
    ]
}