{
    "metrics": {
        "RMSE": 0.45364617889321646,
        "LogLoss": 0.6054691653065712,
        "RMSE(bins)": 0.1175468616669304,
        "ICI": 0.08682849754329344,
        "RMSE(bins)Ratings": {
            "1": 0.1742437429128301,
            "2": 0.21742871447009682,
            "3": 0.18257755677362134,
            "4": 0.14529360390249205
        }
    },
    "user": 17037,
    "size": 9565,
    "weights": [
        0.6146,
        1.3732,
        1.7171,
        7.709,
        5.174,
        1.1572,
        0.9279,
        0.2377,
        1.5962,
        0.1,
        0.9836,
        2.0503,
        0.1113,
        0.244,
        1.337,
        0.1527,
        2.7874
    ]
}