{
    "metrics": {
        "RMSE": 0.4793809879259202,
        "LogLoss": 0.663531769607602,
        "RMSE(bins)": 0.34197283677392065,
        "ICI": 0.2249767890950135
    },
    "user": 17052,
    "size": 700,
    "weights": [
        4.9722,
        7.5534,
        14.1425,
        90.4106,
        5.2639,
        1.3202,
        0.9824,
        0.0,
        1.5101,
        0.2517,
        0.8972,
        1.9993,
        0.2,
        0.2013,
        1.3483,
        0.1006,
        2.7046
    ]
}