{
    "metrics": {
        "RMSE": 0.4116771288346784,
        "LogLoss": 0.517732786054188,
        "RMSE(bins)": 0.08916705114975632,
        "ICI": 0.045433723330784395
    },
    "user": 17068,
    "size": 19485,
    "weights": [
        0.359,
        2.3233,
        2.7687,
        16.485,
        5.7592,
        0.6877,
        1.1789,
        0.0011,
        1.5537,
        0.3689,
        1.036,
        2.0548,
        0.1012,
        0.3147,
        1.6579,
        0.3748,
        2.5968
    ]
}