{
    "FSRS-4.5": {
        "RMSE": 0.4362158072840745,
        "LogLoss": 0.5674750332955585,
        "RMSE(bins)": 0.058422213111691275,
        "ICI": 0.03910461489048695,
        "RMSE(bins)Ratings": {
            "1": 0.0741489109524553,
            "2": 0.14315913091605387,
            "3": 0.07049630913552227,
            "4": 0.476962476202165
        }
    },
    "user": 17073,
    "size": 17035,
    "weights": [
        0.141,
        1.1844,
        2.6711,
        2.6711,
        5.4248,
        1.4944,
        0.7744,
        0.2078,
        1.4548,
        0.1224,
        0.8286,
        1.958,
        0.19,
        0.268,
        1.1101,
        0.425,
        1.9918
    ]
}