{
    "metrics": {
        "RMSE": 0.37360354269787,
        "LogLoss": 0.4317621723881031,
        "RMSE(bins)": 0.07612513542018126,
        "ICI": 0.032347345018151195,
        "RMSE(bins)Ratings": {
            "1": 0.13709875018490747,
            "2": 0.10340003831794402,
            "3": 0.06818393226544414,
            "4": 0.06366567479295927
        }
    },
    "user": 17090,
    "size": 5290,
    "weights": [
        0.6748,
        2.5871,
        4.9499,
        14.1516,
        5.0426,
        1.0985,
        0.7873,
        0.1816,
        1.7052,
        0.1,
        1.0472,
        2.1448,
        0.071,
        0.3303,
        1.2525,
        0.2841,
        2.8751
    ]
}