{
    "FSRS-4.5": {
        "RMSE": 0.3175045555572687,
        "LogLoss": 0.3604824992272787,
        "RMSE(bins)": 0.0717049974324636,
        "RMSE(bins)Ratings": {
            "1": 0.08579365470376177,
            "2": 0.027551979144639544,
            "3": 0.2556148993170206,
            "4": 0.22560015928243785
        }
    },
    "user": 17109,
    "size": 41675,
    "weights": [
        1.9321,
        1.9321,
        2.074,
        7.3667,
        5.16,
        1.2826,
        0.6996,
        0.0045,
        1.3968,
        0.5415,
        0.5164,
        1.9986,
        0.0361,
        0.1946,
        1.9634,
        1.0,
        1.0
    ]
}