{
    "metrics": {
        "RMSE": 0.3693796870679528,
        "LogLoss": 0.44017616798100456,
        "RMSE(bins)": 0.0939307812181345,
        "ICI": 0.057471771247596795
    },
    "user": 17124,
    "size": 18305,
    "weights": [
        0.5533,
        1.8605,
        3.5878,
        7.9731,
        5.3386,
        1.6583,
        1.1925,
        0.0278,
        1.7529,
        0.0,
        1.129,
        2.0933,
        0.0759,
        0.2671,
        1.6238,
        0.2302,
        2.1141
    ]
}