{
    "metrics": {
        "RMSE": 0.31966372729610554,
        "LogLoss": 0.3393817998550941,
        "RMSE(bins)": 0.043722239195404695,
        "ICI": 0.01790584477807157
    },
    "user": 17141,
    "size": 51980,
    "weights": [
        0.1801,
        0.5451,
        2.871,
        8.8637,
        5.949,
        1.1446,
        1.2491,
        0.0109,
        1.582,
        0.1071,
        1.1486,
        1.8881,
        0.1171,
        0.2861,
        1.6731,
        0.196,
        3.8011
    ]
}