{
    "metrics": {
        "RMSE": 0.33670233707256,
        "LogLoss": 0.3814044788135806,
        "RMSE(bins)": 0.05404588059045611,
        "ICI": 0.026877345855564803
    },
    "user": 17188,
    "size": 1535,
    "weights": [
        1.0327,
        3.1452,
        3.1452,
        4.3351,
        5.2237,
        1.2499,
        0.7076,
        0.1639,
        1.5119,
        0.1,
        0.8868,
        2.2471,
        0.01,
        0.4341,
        1.4701,
        0.3371,
        2.905
    ]
}