{
    "FSRS-4.5": {
        "RMSE": 0.3636626791470918,
        "LogLoss": 0.42739988321517475,
        "RMSE(bins)": 0.12266238019320658,
        "RMSE(bins)Ratings": {
            "1": 0.1449000655607467,
            "2": 0.09736705488364061,
            "3": 0.1390403552196607,
            "4": 0.15074195223103692
        }
    },
    "user": 17191,
    "size": 38315,
    "weights": [
        0.641,
        1.339,
        4.7599,
        16.1169,
        5.0513,
        0.869,
        0.6066,
        0.2635,
        1.4544,
        0.1101,
        0.9254,
        2.0124,
        0.0664,
        0.2466,
        1.916,
        0.1048,
        3.9633
    ]
}