{
    "FSRS-4.5": {
        "RMSE": 0.2895837858214882,
        "LogLoss": 0.3042693998173603,
        "RMSE(bins)": 0.03621566297940775,
        "RMSE(bins)Ratings": {
            "1": 0.06121762197621152,
            "2": 0.06629165415417,
            "3": 0.024517217073117308,
            "4": 0.02680589108062688
        }
    },
    "user": 17217,
    "size": 20820,
    "weights": [
        0.263,
        1.2453,
        2.6773,
        14.8859,
        5.1139,
        1.212,
        0.9781,
        0.0007,
        1.8343,
        0.1345,
        1.2253,
        2.2613,
        0.0241,
        0.2956,
        2.0,
        0.059,
        2.7942
    ]
}