{
    "FSRS-4.5": {
        "RMSE": 0.3177760059370342,
        "LogLoss": 0.3427532526546888,
        "RMSE(bins)": 0.08816102631895675,
        "RMSE(bins)Ratings": {
            "1": 0.08835089083843063,
            "2": 0.06513903448057906,
            "3": 0.1165261137455901,
            "4": 0.13771065244609837
        }
    },
    "user": 17230,
    "size": 51120,
    "weights": [
        0.5047,
        0.6967,
        0.856,
        2.135,
        5.1975,
        0.418,
        0.1439,
        0.3406,
        1.3326,
        0.2879,
        0.6746,
        2.1178,
        0.1322,
        0.3461,
        0.4093,
        0.1738,
        1.8945
    ]
}