{
    "FSRS-4.5": {
        "RMSE": 0.22641226897243738,
        "LogLoss": 0.20966740890959695,
        "RMSE(bins)": 0.017709867042446866,
        "RMSE(bins)Ratings": {
            "1": 0.05497574370361802,
            "2": 0.04368565225042309,
            "3": 0.018054309970198582,
            "4": 0.28780419177350713
        }
    },
    "user": 17241,
    "size": 47240,
    "weights": [
        0.893,
        1.6949,
        4.4319,
        7.9731,
        5.3388,
        1.5924,
        1.4463,
        0.0979,
        1.7957,
        0.1001,
        1.2175,
        2.1139,
        0.0614,
        0.3153,
        1.6181,
        0.7184,
        3.4002
    ]
}