{
    "metrics": {
        "RMSE": 0.35578539259872805,
        "LogLoss": 0.44250805329446924,
        "RMSE(bins)": 0.06976456522307437,
        "ICI": 0.0643389032806663
    },
    "user": 17396,
    "size": 15205,
    "weights": [
        1.1948,
        1.3045,
        3.1233,
        15.5486,
        5.1885,
        1.0137,
        0.7858,
        0.2372,
        1.4247,
        0.2891,
        0.8207,
        2.0249,
        0.1192,
        0.2593,
        1.5766,
        0.124,
        2.5628
    ]
}