{
    "metrics": {
        "RMSE": 0.15643195047493216,
        "LogLoss": 0.1200898886936655,
        "RMSE(bins)": 0.06103343759105699,
        "ICI": 0.03405321430053436
    },
    "user": 1740,
    "size": 3115,
    "weights": [
        0.2956,
        0.8495,
        4.1386,
        16.3343,
        4.8272,
        0.9439,
        0.6342,
        0.2488,
        1.9423,
        0.0,
        1.3159,
        2.2564,
        0.01,
        0.454,
        1.6342,
        0.4836,
        3.1516
    ]
}