{
    "metrics": {
        "RMSE": 0.27868002190393165,
        "LogLoss": 0.2672348592545066,
        "RMSE(bins)": 0.07468252214954155,
        "ICI": 0.01249526593186689
    },
    "user": 17459,
    "size": 8925,
    "weights": [
        0.714,
        7.6248,
        22.7863,
        25.9063,
        4.6959,
        1.03,
        1.1816,
        0.0,
        2.2413,
        0.0,
        1.5732,
        2.164,
        0.0571,
        0.3697,
        1.3538,
        0.049,
        3.7002
    ]
}