{
    "metrics": {
        "RMSE": 0.3517287538427917,
        "LogLoss": 0.40773483720520803,
        "RMSE(bins)": 0.024718405126912986,
        "ICI": 0.011835922072337158,
        "RMSE(bins)Ratings": {
            "1": 0.05581079242988412,
            "2": 0.0792243982979401,
            "3": 0.030015556451901845,
            "4": 0.10782315266286789
        }
    },
    "user": 17470,
    "size": 12755,
    "weights": [
        0.4891,
        1.2546,
        7.1011,
        10.4956,
        5.3254,
        1.4341,
        0.3978,
        0.0,
        1.594,
        0.3858,
        0.9883,
        2.1286,
        0.1128,
        0.3325,
        1.1933,
        0.0743,
        3.8591
    ]
}