{
    "FSRS-4.5": {
        "RMSE": 0.1832989631783469,
        "LogLoss": 0.146952766787765,
        "RMSE(bins)": 0.058539891323333815,
        "RMSE(bins)Ratings": {
            "1": 0.17566363123789921,
            "2": 0.08859890571181003,
            "3": 0.035618453094300125,
            "4": 0.0880961679393304
        }
    },
    "user": 17515,
    "size": 4625,
    "weights": [
        1.1234,
        2.0491,
        22.0011,
        100.0,
        4.6099,
        0.5418,
        0.5949,
        0.2598,
        2.0745,
        0.1,
        1.4242,
        2.397,
        0.018,
        0.4958,
        1.6145,
        0.0,
        3.2883
    ]
}