{
    "metrics": {
        "RMSE": 0.44152616236729947,
        "LogLoss": 0.5735671724064316,
        "RMSE(bins)": 0.1606080272188217,
        "ICI": 0.05836087939562069
    },
    "user": 17521,
    "size": 3510,
    "weights": [
        0.1072,
        0.1072,
        1.6743,
        10.4613,
        5.2002,
        1.1138,
        0.8944,
        0.1009,
        1.5712,
        0.3223,
        1.0157,
        1.9764,
        0.162,
        0.2163,
        1.4912,
        0.0331,
        2.8503
    ]
}