{
    "metrics": {
        "RMSE": 0.30322635631940836,
        "LogLoss": 0.32291359332436653,
        "RMSE(bins)": 0.07088154148502282,
        "ICI": 0.03486886053898849
    },
    "user": 17546,
    "size": 7595,
    "weights": [
        1.0025,
        1.0025,
        3.4175,
        8.7246,
        5.1207,
        0.8884,
        1.0212,
        0.015,
        1.7126,
        0.1948,
        1.1163,
        2.2875,
        0.01,
        0.4098,
        1.656,
        0.0543,
        3.2968
    ]
}