{
    "metrics": {
        "RMSE": 0.309014748689084,
        "LogLoss": 0.33995937523368175,
        "RMSE(bins)": 0.08675909419967343,
        "ICI": 0.04027041011413152
    },
    "user": 1756,
    "size": 8135,
    "weights": [
        1.2164,
        5.9178,
        17.0098,
        34.3868,
        4.8244,
        1.1565,
        0.9268,
        0.0,
        2.0764,
        0.011,
        1.426,
        2.2024,
        0.0608,
        0.286,
        1.6863,
        0.1223,
        3.0496
    ]
}