{
    "FSRS-4.5": {
        "RMSE": 0.29762788075428676,
        "LogLoss": 0.29918958133008666,
        "RMSE(bins)": 0.03417967710554621,
        "ICI": 0.016679381206874764,
        "RMSE(bins)Ratings": {
            "1": 0.05836164473651204,
            "2": 0.05837439619261975,
            "3": 0.026901301814124867,
            "4": 0.016137917646089617
        }
    },
    "user": 17563,
    "size": 92000,
    "weights": [
        0.3396,
        1.9058,
        2.3977,
        9.6597,
        4.6808,
        1.2661,
        1.2381,
        0.0001,
        1.6334,
        0.1,
        1.0775,
        1.8802,
        0.021,
        0.2828,
        1.2425,
        0.1646,
        3.1705
    ]
}