{
    "FSRS-4.5": {
        "RMSE": 0.25808114583052233,
        "LogLoss": 0.2500645116952477,
        "RMSE(bins)": 0.02087011589695621,
        "RMSE(bins)Ratings": {
            "1": 0.04867717233666626,
            "2": 0.06470798338247935,
            "3": 0.016470740700093002,
            "4": 0.12025220228343071
        }
    },
    "user": 17578,
    "size": 190060,
    "weights": [
        0.7395,
        1.1442,
        4.2498,
        6.3214,
        4.7608,
        2.0957,
        2.399,
        0.0,
        2.1067,
        0.1529,
        1.2521,
        2.2091,
        0.0127,
        0.3096,
        0.6263,
        0.0392,
        1.0
    ]
}