{
    "metrics": {
        "RMSE": 0.19103297128569663,
        "LogLoss": 0.1539380522007277,
        "RMSE(bins)": 0.11517056569950486,
        "ICI": 0.03605435954138969,
        "RMSE(bins)Ratings": {
            "1": 0.13031627653158911,
            "2": 0.11882144339172694,
            "3": 0.12026043333949629,
            "4": 0.4814465726046225
        }
    },
    "user": 17576,
    "size": 2755,
    "weights": [
        19.1177,
        19.2443,
        19.4359,
        19.5646,
        4.9525,
        1.2787,
        0.6979,
        0.1675,
        1.7736,
        0.1033,
        1.1515,
        2.1994,
        0.0156,
        0.3753,
        1.4744,
        0.4427,
        2.6679
    ]
}