{
    "FSRS-4.5": {
        "RMSE": 0.06542644548800974,
        "LogLoss": 0.0319808390906445,
        "RMSE(bins)": 0.01742446216227415,
        "RMSE(bins)Ratings": {
            "1": 0.0787132189975572,
            "2": 0.011102679497414312,
            "3": 0.016502375918896802,
            "4": 0.007466027315124109
        }
    },
    "user": 17596,
    "size": 59950,
    "weights": [
        33.1019,
        33.1019,
        33.1019,
        33.1019,
        2.2603,
        2.5405,
        0.3468,
        0.2734,
        3.0,
        0.1,
        2.5,
        2.2013,
        0.1672,
        0.4458,
        1.6508,
        1.0,
        4.0
    ]
}