{
    "FSRS-4.5": {
        "RMSE": 0.2824392910325077,
        "LogLoss": 0.2830481607840702,
        "RMSE(bins)": 0.024588157537452464,
        "RMSE(bins)Ratings": {
            "1": 0.05332548491718646,
            "2": 0.06877138190150345,
            "3": 0.026648236103994697,
            "4": 0.054963807974693725
        }
    },
    "user": 17641,
    "size": 11010,
    "weights": [
        0.1384,
        0.4648,
        2.8592,
        7.9731,
        5.1043,
        1.1303,
        0.823,
        0.0465,
        1.629,
        0.135,
        1.0045,
        2.132,
        0.0839,
        0.3204,
        1.3547,
        0.219,
        2.7849
    ]
}