{
    "metrics": {
        "RMSE": 0.3740584135282757,
        "LogLoss": 0.4476639737106544,
        "RMSE(bins)": 0.0432548439138331,
        "ICI": 0.03009312500931781
    },
    "user": 17704,
    "size": 80345,
    "weights": [
        0.299,
        0.7306,
        2.9322,
        10.9355,
        5.4046,
        1.9132,
        1.0802,
        0.0197,
        1.6512,
        0.5156,
        1.0337,
        2.1203,
        0.1155,
        0.2468,
        2.3325,
        0.1211,
        3.1929
    ]
}