{
    "FSRS-4.5": {
        "RMSE": 0.28209562729210746,
        "LogLoss": 0.29035498819567135,
        "RMSE(bins)": 0.03136382873064867,
        "RMSE(bins)Ratings": {
            "1": 0.06451229183426421,
            "2": 0.06019913139367925,
            "3": 0.0264981334743338,
            "4": 0.20154734453131354
        }
    },
    "user": 17770,
    "size": 81100,
    "weights": [
        0.6449,
        0.8873,
        1.4319,
        7.9731,
        4.4907,
        0.872,
        1.4748,
        0.0002,
        1.7616,
        0.1007,
        1.2325,
        1.8727,
        0.0846,
        0.3947,
        1.5916,
        0.1069,
        3.555
    ]
}