{
    "metrics": {
        "RMSE": 0.3562578174635786,
        "LogLoss": 0.40445435320247697,
        "RMSE(bins)": 0.11535944257639956,
        "ICI": 0.049751791822951
    },
    "user": 17806,
    "size": 2020,
    "weights": [
        0.4734,
        3.5878,
        3.5878,
        19.3389,
        5.0811,
        1.1829,
        0.7548,
        0.1236,
        1.7034,
        0.1,
        1.0837,
        2.0823,
        0.1328,
        0.2622,
        1.4128,
        0.2225,
        3.0381
    ]
}