{
    "FSRS-4.5": {
        "RMSE": 0.28683096309211537,
        "LogLoss": 0.29910538252397506,
        "RMSE(bins)": 0.06865978709685965,
        "RMSE(bins)Ratings": {
            "1": 0.19541409948390967,
            "2": 0.04164538527053808,
            "3": 0.09341610958640634,
            "4": 0.03237128575432678
        }
    },
    "user": 17873,
    "size": 2075,
    "weights": [
        0.3838,
        1.5804,
        1.5804,
        1.5804,
        5.157,
        1.1063,
        0.8531,
        0.1305,
        1.6942,
        0.1,
        1.0504,
        2.0392,
        0.1591,
        0.2598,
        1.4004,
        0.5261,
        2.6901
    ]
}