{
    "metrics": {
        "RMSE": 0.23997998376902419,
        "LogLoss": 0.2163379613360096,
        "RMSE(bins)": 0.05866443710142685,
        "ICI": 0.029256558978782626
    },
    "user": 17941,
    "size": 11880,
    "weights": [
        2.522,
        4.0718,
        8.3528,
        26.2404,
        4.8747,
        0.6512,
        0.673,
        0.2675,
        1.8429,
        0.1277,
        1.2403,
        2.1512,
        0.0583,
        0.3249,
        1.6912,
        0.0,
        3.1816
    ]
}