{
    "FSRS-4.5": {
        "RMSE": 0.4397023969144719,
        "LogLoss": 0.582011150473517,
        "RMSE(bins)": 0.09808765571049649,
        "ICI": 0.0727436972559939,
        "RMSE(bins)Ratings": {
            "1": 0.15053543528546584,
            "2": 0.10671444748175743,
            "3": 0.042261928542995694,
            "4": 0.09040655335224419
        }
    },
    "user": 17973,
    "size": 14335,
    "weights": [
        0.3406,
        0.7005,
        2.0663,
        13.601,
        5.45,
        1.2235,
        1.2343,
        0.0178,
        1.6566,
        0.268,
        1.0084,
        2.0555,
        0.1315,
        0.2229,
        1.1186,
        0.2731,
        1.9899
    ]
}