{
    "FSRS-4.5": {
        "RMSE": 0.40768590943335237,
        "LogLoss": 0.5104956199414931,
        "RMSE(bins)": 0.0959457055166089,
        "ICI": 0.06277679781793229,
        "RMSE(bins)Ratings": {
            "1": 0.12555399506994008,
            "2": 0.1675142348805244,
            "3": 0.1970798947581867,
            "4": 0.10173714970696301
        }
    },
    "user": 17993,
    "size": 4215,
    "weights": [
        0.5117,
        1.2546,
        3.5878,
        12.7181,
        5.2366,
        1.3057,
        0.9683,
        0.0,
        1.5143,
        0.1643,
        0.883,
        2.1285,
        0.0817,
        0.3092,
        1.3428,
        0.0,
        2.5445
    ]
}