{
    "metrics": {
        "RMSE": 0.1775361012349558,
        "LogLoss": 0.1361711557676491,
        "RMSE(bins)": 0.022430698609515614,
        "ICI": 0.006730577474154965
    },
    "user": 17992,
    "size": 44735,
    "weights": [
        0.9088,
        0.9088,
        5.9876,
        8.4629,
        4.4967,
        0.616,
        0.5521,
        0.0153,
        2.2671,
        0.2072,
        1.5909,
        2.3692,
        0.0119,
        0.2445,
        1.6139,
        0.0759,
        1.0004
    ]
}