{
    "metrics": {
        "RMSE": 0.291058999880447,
        "LogLoss": 0.3032946451227753,
        "RMSE(bins)": 0.04796376871182403,
        "ICI": 0.011289864785098584
    },
    "user": 180,
    "size": 8675,
    "weights": [
        1.2703,
        3.2216,
        3.8707,
        7.9731,
        5.4683,
        2.0162,
        1.2113,
        0.0,
        1.4168,
        0.1764,
        0.8119,
        2.197,
        0.0602,
        0.3974,
        1.2926,
        0.1899,
        2.7446
    ]
}