{
    "metrics": {
        "RMSE": 0.09278339934986589,
        "LogLoss": 0.06348728354919472,
        "RMSE(bins)": 0.05333621166016115,
        "ICI": 0.046134616970784165
    },
    "user": 18002,
    "size": 71040,
    "weights": [
        0.4141,
        17.1046,
        23.0794,
        23.0794,
        5.1358,
        2.5024,
        1.4033,
        0.1013,
        2.1969,
        0.0,
        1.522,
        1.6201,
        0.138,
        0.2139,
        3.0,
        0.7942,
        1.1106
    ]
}