{
    "metrics": {
        "RMSE": 0.3669012019583372,
        "LogLoss": 0.42728422463991933,
        "RMSE(bins)": 0.03855783258251547,
        "ICI": 0.010249833130050828
    },
    "user": 18028,
    "size": 132865,
    "weights": [
        0.3244,
        0.3431,
        2.5702,
        8.9723,
        5.4251,
        1.9109,
        1.1919,
        0.0,
        1.837,
        0.4649,
        1.0211,
        2.9205,
        0.0108,
        0.2796,
        0.4428,
        0.1484,
        4.6027
    ]
}