{
    "metrics": {
        "RMSE": 0.36693197230961355,
        "LogLoss": 0.43077315115255027,
        "RMSE(bins)": 0.04746637299139616,
        "ICI": 0.034441294114902564,
        "RMSE(bins)Ratings": {
            "1": 0.09382963370358866,
            "2": 0.033390802618272146,
            "3": 0.039781326588588704,
            "4": 0.18203009571833367
        }
    },
    "user": 18024,
    "size": 63800,
    "weights": [
        0.2763,
        0.7705,
        3.5878,
        7.9731,
        5.2537,
        2.1475,
        0.2516,
        0.0008,
        1.695,
        0.1,
        0.9634,
        2.3095,
        0.01,
        0.209,
        0.3614,
        1.0,
        4.0
    ]
}