{
    "FSRS-4.5": {
        "RMSE": 0.45149150155617784,
        "LogLoss": 0.5934205647591675,
        "RMSE(bins)": 0.12344305264341653,
        "RMSE(bins)Ratings": {
            "1": 0.18514221995838845,
            "2": 0.20363546537339447,
            "3": 0.13786952835059585,
            "4": 0.27932143015915895
        }
    },
    "user": 18074,
    "size": 965,
    "weights": [
        0.1414,
        3.9175,
        100.0,
        100.0,
        5.0768,
        1.1733,
        0.7647,
        0.0945,
        1.718,
        0.1329,
        1.1021,
        2.0871,
        0.1289,
        0.2797,
        1.3074,
        0.3125,
        2.772
    ]
}