{
    "metrics": {
        "RMSE": 0.4754930368302012,
        "LogLoss": 0.6577721319315825,
        "RMSE(bins)": 0.1492248749719036,
        "ICI": 0.08234663095119683
    },
    "user": 18073,
    "size": 7170,
    "weights": [
        0.0866,
        1.5305,
        2.835,
        2.835,
        5.918,
        1.5725,
        1.2634,
        0.0,
        1.063,
        0.5703,
        0.4782,
        1.9155,
        0.1861,
        0.1743,
        1.3967,
        0.2931,
        2.3968
    ]
}