{
    "FSRS-4.5": {
        "RMSE": 0.2342883704160895,
        "LogLoss": 0.2026238678431255,
        "RMSE(bins)": 0.059412902262457865,
        "RMSE(bins)Ratings": {
            "1": 0.10261197658525018,
            "2": 0.050979169472301786,
            "3": 0.04557761611812653,
            "4": 0.01867932021283352
        }
    },
    "user": 181,
    "size": 189980,
    "weights": [
        0.7967,
        2.7503,
        2.7503,
        27.4624,
        5.9244,
        0.1,
        2.4503,
        0.3198,
        1.7973,
        0.1,
        1.3591,
        1.3459,
        0.0608,
        0.2845,
        1.9993,
        0.2896,
        4.0
    ]
}