{
    "metrics": {
        "RMSE": 0.28127681008808103,
        "LogLoss": 0.279315731620011,
        "RMSE(bins)": 0.036278728207339246,
        "ICI": 0.013777907702586781,
        "RMSE(bins)Ratings": {
            "1": 0.0632746828386722,
            "2": 0.13125807228695546,
            "3": 0.05324523160316329,
            "4": 0.053386625503047735
        }
    },
    "user": 18121,
    "size": 12465,
    "weights": [
        0.498,
        1.4217,
        4.9381,
        8.5956,
        5.0856,
        1.4263,
        0.999,
        0.0525,
        1.8387,
        0.1,
        1.1649,
        2.1773,
        0.0578,
        0.378,
        1.6662,
        0.236,
        3.2923
    ]
}