{
    "FSRS-4.5": {
        "RMSE": 0.449224505400355,
        "LogLoss": 0.6061352126521706,
        "RMSE(bins)": 0.19954092737136314,
        "ICI": 0.15815604185964569,
        "RMSE(bins)Ratings": {
            "1": 0.2390043849622653,
            "2": 0.4972259744133678,
            "3": 0.21779703214166857,
            "4": 0.6587292269852626
        }
    },
    "user": 18146,
    "size": 2725,
    "weights": [
        0.5453,
        0.9518,
        2.1948,
        3.8309,
        5.1546,
        0.952,
        0.7314,
        0.0056,
        1.4948,
        0.4624,
        0.8753,
        2.2017,
        0.0269,
        0.3218,
        1.3867,
        0.0,
        2.4445
    ]
}