{
    "FSRS-4.5": {
        "RMSE": 0.2691220240694956,
        "LogLoss": 0.27459425369494195,
        "RMSE(bins)": 0.031656635393272056,
        "ICI": 0.01604326447008239,
        "RMSE(bins)Ratings": {
            "1": 0.05530527552668853,
            "2": 0.16107780645099318,
            "3": 0.026353066043468588,
            "4": 0.15109192896155513
        }
    },
    "user": 18151,
    "size": 199835,
    "weights": [
        0.5524,
        1.8716,
        2.0488,
        18.2117,
        5.4538,
        1.5332,
        1.5084,
        0.0,
        1.7586,
        0.1299,
        1.3011,
        1.8842,
        0.0379,
        0.3152,
        1.9689,
        0.3175,
        4.0
    ]
}