{
    "FSRS-4.5": {
        "RMSE": 0.3981027444374982,
        "LogLoss": 0.49062297988214154,
        "RMSE(bins)": 0.043557347707302706,
        "ICI": 0.032425352622191275,
        "RMSE(bins)Ratings": {
            "1": 0.07347218889216016,
            "2": 0.07618608268772416,
            "3": 0.039011847960540164,
            "4": 0.06322722211139058
        }
    },
    "user": 18173,
    "size": 27810,
    "weights": [
        1.0519,
        2.2345,
        6.9184,
        11.1496,
        5.6933,
        1.466,
        1.2038,
        0.0,
        1.6059,
        0.3595,
        1.1152,
        2.0884,
        0.0733,
        0.3023,
        1.4392,
        0.156,
        4.0
    ]
}