{
    "FSRS-4.5": {
        "RMSE": 0.34185682442935106,
        "LogLoss": 0.3879670961463371,
        "RMSE(bins)": 0.11849787408465595,
        "RMSE(bins)Ratings": {
            "1": 0.1528819229629233,
            "2": 0.2701558183464523,
            "3": 0.1226583884793647,
            "4": 0.089273498441724
        }
    },
    "user": 18310,
    "size": 16545,
    "weights": [
        0.7391,
        0.7391,
        8.4489,
        8.4489,
        5.3349,
        0.8781,
        0.8062,
        0.2951,
        1.2459,
        0.54,
        0.5816,
        2.0136,
        0.0905,
        0.1986,
        0.9193,
        0.0,
        2.5328
    ]
}