{
    "metrics": {
        "RMSE": 0.4096693185263647,
        "LogLoss": 0.5221385746839552,
        "RMSE(bins)": 0.12106856138334342,
        "ICI": 0.06712251968340138,
        "RMSE(bins)Ratings": {
            "1": 0.18800952020836678,
            "2": 0.4358627789506294,
            "3": 0.10998083389797367,
            "4": 0.14070579619605267
        }
    },
    "user": 18363,
    "size": 3460,
    "weights": [
        1.0018,
        1.048,
        3.7025,
        3.7025,
        5.2634,
        1.18,
        0.7963,
        0.0508,
        1.466,
        0.2697,
        0.8273,
        2.1522,
        0.0608,
        0.3086,
        1.4635,
        0.1619,
        2.5832
    ]
}