{
    "metrics": {
        "RMSE": 0.39612372421989744,
        "LogLoss": 0.48869276052899124,
        "RMSE(bins)": 0.15052199772383315,
        "ICI": 0.09414994547661713
    },
    "user": 18385,
    "size": 10695,
    "weights": [
        0.6152,
        3.1726,
        3.1726,
        10.9355,
        5.4312,
        0.7464,
        1.4257,
        0.0221,
        1.5525,
        0.0,
        0.9676,
        2.0848,
        0.0795,
        0.4295,
        1.9295,
        0.0176,
        3.3233
    ]
}