{
    "FSRS-4.5": {
        "RMSE": 0.23440891277701628,
        "LogLoss": 0.21341215258151586,
        "RMSE(bins)": 0.024218534996830927,
        "RMSE(bins)Ratings": {
            "1": 0.06496798411130737,
            "2": 0.03615063421540273,
            "3": 0.1469105286682026,
            "4": 0.06292273612896292
        }
    },
    "user": 18405,
    "size": 143890,
    "weights": [
        0.2382,
        1.0228,
        9.1013,
        9.1013,
        5.4177,
        0.622,
        0.409,
        0.1558,
        1.109,
        0.1,
        0.803,
        0.5,
        0.2,
        0.6899,
        1.4293,
        0.6305,
        3.2352
    ]
}