{
    "metrics": {
        "RMSE": 0.17952516795453458,
        "LogLoss": 0.15156488005212412,
        "RMSE(bins)": 0.022455581810639797,
        "ICI": 0.016787388696064838
    },
    "user": 18424,
    "size": 24975,
    "weights": [
        1.1148,
        2.8229,
        8.0927,
        21.3836,
        4.9917,
        1.2006,
        0.7405,
        0.1999,
        1.7439,
        0.2148,
        1.1478,
        1.9999,
        0.152,
        0.2104,
        2.0013,
        0.0033,
        2.8237
    ]
}