{
    "metrics": {
        "RMSE": 0.35738958634625456,
        "LogLoss": 0.39681720943878146,
        "RMSE(bins)": 0.1025223926302054,
        "ICI": 0.06471831026710376
    },
    "user": 18445,
    "size": 40945,
    "weights": [
        0.1565,
        0.9972,
        16.0432,
        16.0432,
        5.4773,
        1.3645,
        0.6113,
        0.0973,
        1.0398,
        0.6504,
        0.4901,
        1.9624,
        0.0575,
        0.1213,
        2.5902,
        0.775,
        4.1824
    ]
}