{
    "FSRS-4.5": {
        "RMSE": 0.3176941936665511,
        "LogLoss": 0.3488229046434398,
        "RMSE(bins)": 0.04121910000889745,
        "RMSE(bins)Ratings": {
            "1": 0.05127254607264605,
            "2": 0.04445352270842448,
            "3": 0.04668288622618861,
            "4": 0.044276641727596634
        }
    },
    "user": 18447,
    "size": 15925,
    "weights": [
        0.1728,
        0.1728,
        0.1728,
        7.0419,
        5.6614,
        0.1599,
        1.1096,
        0.0055,
        1.4885,
        0.3042,
        0.9013,
        2.2139,
        0.0609,
        0.4287,
        1.6092,
        0.5497,
        2.6838
    ]
}