{
    "FSRS-4.5": {
        "RMSE": 0.27800332762746965,
        "LogLoss": 0.2794366039144481,
        "RMSE(bins)": 0.0763513005255238,
        "RMSE(bins)Ratings": {
            "1": 0.12222031828400576,
            "2": 0.08146633317733841,
            "3": 0.07278003931517206,
            "4": 0.07716264548235538
        }
    },
    "user": 18475,
    "size": 20595,
    "weights": [
        1.9853,
        3.4024,
        10.9753,
        27.9182,
        5.0019,
        1.2572,
        0.6522,
        0.1947,
        1.7528,
        0.1,
        1.1291,
        2.0927,
        0.1353,
        0.32,
        1.282,
        0.2583,
        3.0864
    ]
}