{
    "metrics": {
        "RMSE": 0.29106116670831145,
        "LogLoss": 0.29541278789974984,
        "RMSE(bins)": 0.02560651390234713,
        "ICI": 0.01426747311092446,
        "RMSE(bins)Ratings": {
            "1": 0.07405537230413119,
            "2": 0.06560538720784061,
            "3": 0.02483588457190901,
            "4": 0.020148364206722794
        }
    },
    "user": 18519,
    "size": 33480,
    "weights": [
        0.8115,
        1.1872,
        2.1009,
        14.1059,
        5.1158,
        0.8473,
        0.8469,
        0.0598,
        1.583,
        0.3601,
        1.0202,
        1.9918,
        0.1927,
        0.4907,
        0.9757,
        0.094,
        3.0854
    ]
}