{
    "FSRS-4.5": {
        "RMSE": 0.36666409138518735,
        "LogLoss": 0.4388136246457491,
        "RMSE(bins)": 0.08908798392125514,
        "RMSE(bins)Ratings": {
            "1": 0.13881246428444913,
            "2": 0.2845347065772541,
            "3": 0.06801892891108002,
            "4": 0.037463112774033885
        }
    },
    "user": 18516,
    "size": 21555,
    "weights": [
        0.4426,
        7.9011,
        7.9011,
        15.3034,
        5.1416,
        1.1303,
        0.8991,
        0.1003,
        1.5848,
        0.1,
        0.9212,
        2.1404,
        0.01,
        0.2533,
        1.1561,
        0.0518,
        3.3283
    ]
}