{
    "metrics": {
        "RMSE": 0.3876258608022247,
        "LogLoss": 0.4881990769415716,
        "RMSE(bins)": 0.13396027374926758,
        "ICI": 0.08704280045756957
    },
    "user": 18524,
    "size": 2615,
    "weights": [
        0.7726,
        6.3399,
        8.4017,
        23.0943,
        5.4691,
        1.5112,
        1.0788,
        0.0,
        1.3275,
        0.4038,
        0.7028,
        2.1562,
        0.0341,
        0.3466,
        1.4551,
        0.1882,
        2.5883
    ]
}