{
    "metrics": {
        "RMSE": 0.34290608924975585,
        "LogLoss": 0.3868646088546075,
        "RMSE(bins)": 0.04811344621161237,
        "ICI": 0.015389987393224879
    },
    "user": 18531,
    "size": 77315,
    "weights": [
        0.549,
        1.183,
        2.3023,
        3.4998,
        5.6357,
        1.3124,
        1.2365,
        0.0,
        1.1158,
        0.2801,
        0.5914,
        1.812,
        0.1993,
        0.6026,
        0.4217,
        0.1804,
        1.0002
    ]
}