{
    "FSRS-4.5": {
        "RMSE": 0.33822020471323516,
        "LogLoss": 0.37610636251555857,
        "RMSE(bins)": 0.02022254696334506,
        "RMSE(bins)Ratings": {
            "1": 0.039613428848287564,
            "2": 0.029746352992208135,
            "3": 0.03208439364183342,
            "4": 0.049615249505380474
        }
    },
    "user": 18587,
    "size": 27745,
    "weights": [
        0.3579,
        0.8752,
        2.5844,
        5.7975,
        5.3211,
        1.2979,
        0.8095,
        0.002,
        1.4645,
        0.1936,
        0.8742,
        2.1031,
        0.1271,
        0.4144,
        1.2739,
        0.2216,
        2.987
    ]
}