{
    "metrics": {
        "RMSE": 0.4356019521497489,
        "LogLoss": 0.5611278430767767,
        "RMSE(bins)": 0.06797431106772756,
        "ICI": 0.036001158236873144
    },
    "user": 18614,
    "size": 91240,
    "weights": [
        0.2678,
        0.6668,
        2.6193,
        5.6162,
        5.2166,
        1.1011,
        0.7729,
        0.0216,
        1.2727,
        0.1063,
        0.7994,
        1.6847,
        0.1752,
        0.4827,
        0.4472,
        0.6129,
        3.5657
    ]
}