{
    "metrics": {
        "RMSE": 0.07065907772948954,
        "LogLoss": 0.03506128219377757,
        "RMSE(bins)": 0.01791717074223211,
        "ICI": 0.008781206050998885
    },
    "user": 18618,
    "size": 8525,
    "weights": [
        14.5507,
        16.4256,
        19.7006,
        22.2391,
        4.1633,
        1.9314,
        1.4307,
        0.0,
        2.5999,
        0.0,
        1.8981,
        2.5777,
        0.01,
        0.7638,
        1.7872,
        0.6397,
        3.5581
    ]
}