{
    "metrics": {
        "RMSE": 0.33635060710039183,
        "LogLoss": 0.36915789438375196,
        "RMSE(bins)": 0.061820481577778114,
        "ICI": 0.023562902044593294
    },
    "user": 18648,
    "size": 33265,
    "weights": [
        0.2792,
        1.2005,
        3.0029,
        4.5621,
        5.4683,
        1.4418,
        0.5946,
        0.07,
        1.2626,
        0.3706,
        0.7182,
        2.0759,
        0.127,
        0.3727,
        1.7918,
        0.3276,
        2.5038
    ]
}