{
    "FSRS-4.5": {
        "RMSE": 0.28881438055073083,
        "LogLoss": 0.30177752194557333,
        "RMSE(bins)": 0.026616206515143605,
        "RMSE(bins)Ratings": {
            "1": 0.04682579639193479,
            "2": 0.15159046634697504,
            "3": 0.02812039611167206,
            "4": 0.037428995844892635
        }
    },
    "user": 18649,
    "size": 41630,
    "weights": [
        0.4318,
        1.2297,
        5.91,
        16.8314,
        5.2581,
        1.7033,
        1.1309,
        0.0,
        1.5025,
        0.1275,
        0.8883,
        1.784,
        0.2,
        0.4362,
        1.4737,
        0.0113,
        3.5598
    ]
}