{
    "metrics": {
        "RMSE": 0.21160864131335763,
        "LogLoss": 0.18425996408545708,
        "RMSE(bins)": 0.031035069279501067,
        "ICI": 0.004816971354200256
    },
    "user": 1866,
    "size": 13810,
    "weights": [
        0.8142,
        2.8207,
        7.7158,
        7.9731,
        4.8563,
        0.7829,
        1.0412,
        0.0,
        1.9289,
        0.0024,
        1.32,
        2.1746,
        0.075,
        0.3323,
        1.7848,
        0.1067,
        4.2144
    ]
}