{
    "metrics": {
        "RMSE": 0.4415566245289334,
        "LogLoss": 0.5829269767304422,
        "RMSE(bins)": 0.12242275749125485,
        "ICI": 0.0632633255794015
    },
    "user": 18702,
    "size": 11270,
    "weights": [
        1.3884,
        12.0906,
        12.0906,
        12.0906,
        5.0137,
        1.2837,
        0.9755,
        0.0,
        1.6057,
        0.1,
        1.0083,
        1.8813,
        0.2,
        0.4355,
        1.4272,
        0.3037,
        2.5132
    ]
}