{
    "metrics": {
        "RMSE": 0.39924095036822205,
        "LogLoss": 0.5184445035101461,
        "RMSE(bins)": 0.08477930968146447,
        "ICI": 0.07106851432054703
    },
    "user": 18790,
    "size": 8830,
    "weights": [
        0.3079,
        3.468,
        3.5878,
        8.9739,
        5.1241,
        1.1233,
        0.5965,
        0.0,
        1.3403,
        0.1012,
        0.7455,
        2.1169,
        0.1063,
        0.2271,
        1.3199,
        0.6484,
        2.6614
    ]
}