{
    "metrics": {
        "RMSE": 0.48267229787529314,
        "LogLoss": 0.6622552271860408,
        "RMSE(bins)": 0.11584734266003692,
        "ICI": 0.0929348833751686
    },
    "user": 18810,
    "size": 4980,
    "weights": [
        0.0435,
        0.1106,
        0.4489,
        1.1421,
        5.2447,
        1.2659,
        1.1368,
        0.0,
        1.3339,
        0.0551,
        0.7287,
        2.1399,
        0.074,
        0.3453,
        1.4952,
        0.3884,
        2.5765
    ]
}