{
    "metrics": {
        "RMSE": 0.11037101001577572,
        "LogLoss": 0.06541588509328525,
        "RMSE(bins)": 0.03796845446066215,
        "ICI": 0.028537118100584957
    },
    "user": 18812,
    "size": 40690,
    "weights": [
        0.6321,
        2.8014,
        2.8014,
        50.577,
        5.0,
        2.4318,
        1.812,
        0.3174,
        2.6342,
        0.1,
        1.7023,
        2.0595,
        0.0395,
        0.214,
        1.6801,
        1.0,
        4.0
    ]
}