{
    "metrics": {
        "RMSE": 0.07907900395702484,
        "LogLoss": 0.045284667111072555,
        "RMSE(bins)": 0.03204369621839775,
        "ICI": 0.021956518645661807
    },
    "user": 18867,
    "size": 7435,
    "weights": [
        13.8826,
        13.8826,
        13.8826,
        13.8826,
        4.1909,
        1.8746,
        0.5791,
        0.0573,
        2.5614,
        0.1,
        1.8453,
        2.6979,
        0.039,
        0.8551,
        1.8981,
        0.219,
        3.2265
    ]
}