{
    "FSRS-4.5": {
        "RMSE": 0.22498009314999085,
        "LogLoss": 0.19975193936444918,
        "RMSE(bins)": 0.08241691944898835,
        "RMSE(bins)Ratings": {
            "1": 0.20497804447093254,
            "2": 0.08494036708254656,
            "3": 0.0554150317341732,
            "4": 0.0578714372566127
        }
    },
    "user": 18888,
    "size": 34995,
    "weights": [
        1.8077,
        4.0952,
        13.9637,
        31.662,
        4.7546,
        1.3311,
        1.0755,
        0.0798,
        2.1216,
        0.1132,
        1.4768,
        1.9767,
        0.1643,
        0.3501,
        1.9776,
        0.1075,
        3.6612
    ]
}