{
    "metrics": {
        "RMSE": 0.21090434250847043,
        "LogLoss": 0.16932649184345963,
        "RMSE(bins)": 0.08457999532193734,
        "ICI": 0.0320286342410685
    },
    "user": 18890,
    "size": 47540,
    "weights": [
        1.6216,
        4.4653,
        20.4043,
        41.4241,
        4.2565,
        0.7433,
        0.9134,
        0.0,
        2.5211,
        0.1425,
        1.7216,
        2.0231,
        0.1181,
        0.2388,
        1.3795,
        0.296,
        3.6458
    ]
}