{
    "FSRS-4.5": {
        "RMSE": 0.3824523807022539,
        "LogLoss": 0.46763949123121445,
        "RMSE(bins)": 0.05363169972605018,
        "RMSE(bins)Ratings": {
            "1": 0.12000171490367766,
            "2": 0.08637056444769552,
            "3": 0.034161315406343144,
            "4": 0.19136720258504766
        }
    },
    "user": 18899,
    "size": 7380,
    "weights": [
        0.2753,
        0.4193,
        0.7884,
        1.2009,
        5.4557,
        1.3224,
        0.997,
        0.0,
        1.388,
        0.2125,
        0.7783,
        2.1803,
        0.0307,
        0.2875,
        1.1422,
        0.1068,
        2.4537
    ]
}