{
    "metrics": {
        "RMSE": 0.3150317152709519,
        "LogLoss": 0.34357552453790285,
        "RMSE(bins)": 0.07039200492583712,
        "ICI": 0.01832750768146204
    },
    "user": 18905,
    "size": 11280,
    "weights": [
        0.6958,
        1.1817,
        2.6153,
        4.4416,
        5.0877,
        1.2298,
        0.7273,
        0.087,
        1.6963,
        0.3002,
        1.0891,
        2.212,
        0.0697,
        0.3802,
        1.4641,
        0.0011,
        2.4899
    ]
}