{
    "metrics": {
        "RMSE": 0.2474190848033324,
        "LogLoss": 0.24471933515959057,
        "RMSE(bins)": 0.0772515870824021,
        "ICI": 0.04175684909552766
    },
    "user": 18930,
    "size": 224700,
    "weights": [
        5.2245,
        17.8346,
        37.9871,
        86.4759,
        6.1405,
        0.9436,
        4.4439,
        0.1676,
        2.2395,
        0.1373,
        1.0106,
        1.9161,
        0.1241,
        0.3833,
        1.7875,
        0.0565,
        3.4465
    ]
}