{
    "metrics": {
        "RMSE": 0.3577891466406218,
        "LogLoss": 0.4187059830863066,
        "RMSE(bins)": 0.08360496971344457,
        "ICI": 0.030100973283452993
    },
    "user": 18946,
    "size": 5870,
    "weights": [
        0.4059,
        1.4869,
        2.4099,
        10.9355,
        5.6207,
        1.6697,
        1.1909,
        0.0,
        1.1496,
        0.4793,
        0.5068,
        2.1444,
        0.0561,
        0.3726,
        1.4621,
        0.0224,
        2.4392
    ]
}