{
    "FSRS-4.5": {
        "RMSE": 0.23716567772777322,
        "LogLoss": 0.2173428184431122,
        "RMSE(bins)": 0.047064245581779914,
        "RMSE(bins)Ratings": {
            "1": 0.03724335878705589,
            "2": 0.11161528303808607,
            "3": 0.04889993193613024,
            "4": 0.15316522446840763
        }
    },
    "user": 18973,
    "size": 74355,
    "weights": [
        0.5009,
        0.7854,
        1.5421,
        7.9731,
        5.395,
        1.7744,
        1.2764,
        0.1692,
        1.6508,
        0.102,
        1.0787,
        1.9424,
        0.1536,
        0.5987,
        0.9911,
        0.2275,
        2.4124
    ]
}