{
    "FSRS-4.5": {
        "RMSE": 0.18590347807044144,
        "LogLoss": 0.1486496960392413,
        "RMSE(bins)": 0.04221652252587571,
        "ICI": 0.02782311588140859,
        "RMSE(bins)Ratings": {
            "1": 0.0614887532904957,
            "2": 0.04973562785689773,
            "3": 0.032590630703119274,
            "4": 0.015855521368959367
        }
    },
    "user": 1897,
    "size": 196955,
    "weights": [
        0.3739,
        0.4447,
        1.1729,
        42.7701,
        4.9245,
        3.1922,
        1.956,
        0.3331,
        2.5131,
        0.1,
        1.508,
        1.2995,
        0.0157,
        0.328,
        1.9999,
        0.0899,
        4.0
    ]
}