{
    "metrics": {
        "RMSE": 0.2409286216059421,
        "LogLoss": 0.2263296916289388,
        "RMSE(bins)": 0.026659101327194908,
        "ICI": 0.014058876002014659
    },
    "user": 19015,
    "size": 241460,
    "weights": [
        0.6676,
        1.5037,
        5.0832,
        11.4494,
        5.2501,
        1.9688,
        1.9058,
        0.0,
        1.546,
        0.0,
        1.0653,
        1.3542,
        0.1775,
        0.4523,
        2.4088,
        0.1082,
        1.6183
    ]
}