{
    "FSRS-4.5": {
        "RMSE": 0.3351051443934056,
        "LogLoss": 0.37774534129847437,
        "RMSE(bins)": 0.03530480525031547,
        "RMSE(bins)Ratings": {
            "1": 0.08996748333236625,
            "2": 0.12324707814659588,
            "3": 0.02576893025036566,
            "4": 0.05184032122193268
        }
    },
    "user": 19029,
    "size": 8620,
    "weights": [
        0.2928,
        0.7949,
        3.5555,
        5.3945,
        5.1509,
        1.0635,
        0.847,
        0.0006,
        1.6185,
        0.1461,
        0.9935,
        2.1143,
        0.1104,
        0.2911,
        1.3744,
        0.453,
        3.103
    ]
}