{
    "metrics": {
        "RMSE": 0.3272475585552339,
        "LogLoss": 0.3432126740303377,
        "RMSE(bins)": 0.04930091421801315,
        "ICI": 0.026069373245381396
    },
    "user": 1904,
    "size": 35070,
    "weights": [
        0.1184,
        0.2528,
        1.8654,
        19.9446,
        5.4133,
        0.8295,
        1.1031,
        0.066,
        1.4847,
        0.0054,
        0.9492,
        1.7673,
        0.1617,
        0.1471,
        2.5973,
        1.0,
        3.1996
    ]
}