{
    "FSRS-4.5": {
        "RMSE": 0.4543430798718055,
        "LogLoss": 0.6318553662929319,
        "RMSE(bins)": 0.1717211959447791,
        "RMSE(bins)Ratings": {
            "1": 0.2833991329352823,
            "2": 0.13366249568743221,
            "3": 0.26410292806127833,
            "4": 0.5839358610426442
        }
    },
    "user": 19047,
    "size": 1930,
    "weights": [
        0.1989,
        0.8305,
        0.8305,
        0.8305,
        4.8921,
        0.8906,
        0.6989,
        0.2745,
        1.7967,
        0.1271,
        1.1661,
        1.9688,
        0.2,
        0.111,
        1.0979,
        0.2891,
        2.7975
    ]
}