{
    "FSRS-4.5": {
        "RMSE": 0.2536154844029291,
        "LogLoss": 0.24952938581188222,
        "RMSE(bins)": 0.02202906995872709,
        "RMSE(bins)Ratings": {
            "1": 0.03155460253430915,
            "2": 0.02332580437887252,
            "3": 0.02477001846540661,
            "4": 0.019628086393883394
        }
    },
    "user": 19067,
    "size": 21975,
    "weights": [
        0.5465,
        1.3795,
        3.5372,
        9.6793,
        4.9085,
        1.6054,
        0.5876,
        0.0,
        1.8234,
        0.4756,
        1.2233,
        2.5779,
        0.0439,
        0.4861,
        1.9997,
        0.0782,
        2.5473
    ]
}