{
    "metrics": {
        "RMSE": 0.36612462192579226,
        "LogLoss": 0.4324912101779291,
        "RMSE(bins)": 0.04391646598188789,
        "ICI": 0.015347107102461654
    },
    "user": 19091,
    "size": 24765,
    "weights": [
        0.3784,
        0.9461,
        2.095,
        7.9731,
        5.2965,
        1.4539,
        1.1384,
        0.0,
        1.4488,
        0.3512,
        0.8499,
        2.1822,
        0.037,
        0.3538,
        1.4227,
        0.1952,
        2.8139
    ]
}