{
    "FSRS-4.5": {
        "RMSE": 0.2718530835730414,
        "LogLoss": 0.2708949363254737,
        "RMSE(bins)": 0.040665651818019274,
        "RMSE(bins)Ratings": {
            "1": 0.13511054428484856,
            "2": 0.031152787298128478,
            "3": 0.05401824173608397,
            "4": 0.0451631048449575
        }
    },
    "user": 19112,
    "size": 16425,
    "weights": [
        0.5021,
        1.4692,
        5.679,
        13.9874,
        5.0125,
        1.251,
        0.4629,
        0.4018,
        1.5139,
        0.2291,
        0.9371,
        2.0564,
        0.1813,
        0.3678,
        1.6187,
        0.7541,
        4.0
    ]
}