{
    "FSRS-4.5": {
        "RMSE": 0.27299142327232234,
        "LogLoss": 0.2707871711416795,
        "RMSE(bins)": 0.04080790755722491,
        "RMSE(bins)Ratings": {
            "1": 0.0927807523439427,
            "2": 0.08983466671478021,
            "3": 0.03800137980485443,
            "4": 0.03641489450310701
        }
    },
    "user": 19128,
    "size": 12045,
    "weights": [
        0.8124,
        1.8815,
        3.5587,
        10.4129,
        4.9919,
        1.3522,
        0.6649,
        0.2416,
        1.8372,
        0.1,
        1.1846,
        2.2014,
        0.056,
        0.3497,
        1.4486,
        0.1066,
        3.0981
    ]
}