{
    "FSRS-4.5": {
        "RMSE": 0.4029451380189438,
        "LogLoss": 0.5105159267958794,
        "RMSE(bins)": 0.056142517384523166,
        "RMSE(bins)Ratings": {
            "1": 0.0805632436919412,
            "2": 0.11561612415832322,
            "3": 0.05577239963152324,
            "4": 0.008344238672068571
        }
    },
    "user": 19124,
    "size": 8325,
    "weights": [
        0.523,
        1.3039,
        6.0031,
        16.6136,
        5.4294,
        1.1504,
        0.8956,
        0.0175,
        1.2552,
        0.8,
        0.6671,
        2.1559,
        0.0316,
        0.2392,
        1.2968,
        0.0,
        3.4209
    ]
}