{
    "metrics": {
        "RMSE": 0.40705592348571307,
        "LogLoss": 0.505381860146465,
        "RMSE(bins)": 0.09680697390947368,
        "ICI": 0.05051220935505822
    },
    "user": 19148,
    "size": 32815,
    "weights": [
        0.6473,
        1.5405,
        3.2247,
        13.4132,
        5.3926,
        1.5425,
        1.0964,
        0.0346,
        1.4519,
        0.2616,
        0.9076,
        2.0188,
        0.1685,
        0.4681,
        1.9946,
        0.3585,
        3.4391
    ]
}