{
    "FSRS-4.5": {
        "RMSE": 0.10338195685975751,
        "LogLoss": 0.07698695709080969,
        "RMSE(bins)": 0.05643945153548283,
        "RMSE(bins)Ratings": {
            "1": 0.18415496603650944,
            "2": 0.061657081622136005,
            "3": 0.056209347367136814,
            "4": 0.03861100178928578
        }
    },
    "user": 1918,
    "size": 1575,
    "weights": [
        1.7644,
        3.248,
        8.112,
        14.9327,
        4.7993,
        0.7526,
        0.5569,
        0.2667,
        1.8704,
        0.1,
        1.2385,
        2.2222,
        0.0335,
        0.3591,
        1.5745,
        0.4935,
        2.827
    ]
}