{
    "metrics": {
        "RMSE": 0.27397679629344157,
        "LogLoss": 0.27570412506579717,
        "RMSE(bins)": 0.06832175052119019,
        "ICI": 0.015424861745749198
    },
    "user": 19309,
    "size": 18750,
    "weights": [
        0.3534,
        0.9507,
        0.9507,
        6.4428,
        5.5226,
        0.1058,
        1.0324,
        0.1421,
        1.5108,
        0.0053,
        0.9134,
        1.8935,
        0.179,
        0.6452,
        1.5229,
        0.4734,
        2.191
    ]
}