{
    "FSRS-4.5": {
        "RMSE": 0.23342101937461182,
        "LogLoss": 0.2063498140421735,
        "RMSE(bins)": 0.079440017461363,
        "RMSE(bins)Ratings": {
            "1": 0.21279606990888092,
            "2": 0.24007215171271876,
            "3": 0.07037157953048565,
            "4": 0.06882250811676335
        }
    },
    "user": 19304,
    "size": 5920,
    "weights": [
        0.5215,
        0.5215,
        10.1108,
        10.1108,
        4.9466,
        1.1661,
        0.9235,
        0.0,
        1.9388,
        0.1002,
        1.3093,
        2.1446,
        0.0819,
        0.3206,
        1.5221,
        0.3079,
        3.071
    ]
}