{
    "metrics": {
        "RMSE": 0.4067558129617467,
        "LogLoss": 0.5010120922183715,
        "RMSE(bins)": 0.1201696346785715,
        "ICI": 0.05060794279195611
    },
    "user": 19348,
    "size": 3015,
    "weights": [
        0.4252,
        0.8481,
        2.82,
        10.9355,
        5.007,
        1.1364,
        0.7024,
        0.1103,
        1.7759,
        0.0005,
        1.1519,
        2.2271,
        0.0177,
        0.4204,
        1.4714,
        0.0028,
        3.0432
    ]
}