{
    "FSRS-4.5": {
        "RMSE": 0.3187801733716781,
        "LogLoss": 0.3460440860290948,
        "RMSE(bins)": 0.011763560327387247,
        "RMSE(bins)Ratings": {
            "1": 0.03794185641408822,
            "2": 0.015707791241773985,
            "3": 0.015924642548378394,
            "4": 0.019584492646180212
        }
    },
    "user": 19353,
    "size": 190095,
    "weights": [
        0.1,
        0.6766,
        10.3142,
        63.4109,
        7.117,
        0.6305,
        0.1274,
        0.0,
        1.2628,
        0.1092,
        0.8484,
        1.7171,
        0.0704,
        0.3869,
        0.0139,
        0.4287,
        2.4112
    ]
}