{
    "metrics": {
        "RMSE": 0.44038878177499835,
        "LogLoss": 0.594933301161112,
        "RMSE(bins)": 0.11400237001243899,
        "ICI": 0.07430535063111647
    },
    "user": 19354,
    "size": 38595,
    "weights": [
        0.3768,
        1.9728,
        10.6089,
        30.6559,
        5.3451,
        1.6148,
        1.1775,
        0.0,
        1.4061,
        0.1119,
        0.8455,
        2.0374,
        0.1324,
        0.2686,
        1.2255,
        0.1946,
        4.0
    ]
}