{
    "metrics": {
        "RMSE": 0.28528398058848986,
        "LogLoss": 0.29889357193137334,
        "RMSE(bins)": 0.056132979523105996,
        "ICI": 0.029678103995858213,
        "RMSE(bins)Ratings": {
            "1": 0.10387140972692575,
            "2": 0.0793741632280987,
            "3": 0.04855709627824277,
            "4": 0.04724684761682667
        }
    },
    "user": 19379,
    "size": 13500,
    "weights": [
        0.3737,
        1.4267,
        6.9681,
        61.8848,
        5.0255,
        1.2357,
        1.1977,
        0.0,
        1.8473,
        0.1,
        1.2196,
        2.023,
        0.1346,
        0.2707,
        1.4714,
        0.1144,
        3.8595
    ]
}