{
    "metrics": {
        "RMSE": 0.05854426920512191,
        "LogLoss": 0.02598715867987884,
        "RMSE(bins)": 0.00861105593620924,
        "ICI": 0.006670558944527743
    },
    "user": 19383,
    "size": 11655,
    "weights": [
        19.5123,
        21.7428,
        25.5755,
        28.4991,
        4.0489,
        1.8531,
        0.5585,
        0.2461,
        2.8096,
        0.0,
        2.0169,
        2.4454,
        0.0148,
        0.5646,
        1.6796,
        0.6057,
        3.2732
    ]
}