{
    "FSRS-4.5": {
        "RMSE": 0.3277999473716869,
        "LogLoss": 0.3606240863499049,
        "RMSE(bins)": 0.12129637300406589,
        "RMSE(bins)Ratings": {
            "1": 0.6210650345861001,
            "2": 0.10263273253989014,
            "3": 0.016862220748456114
        }
    },
    "user": 19412,
    "size": 295,
    "weights": [
        0.3731,
        0.5085,
        3.5878,
        13.1991,
        4.9862,
        1.0127,
        0.823,
        0.0465,
        1.7487,
        0.2545,
        1.1239,
        2.0131,
        0.2,
        0.2005,
        1.236,
        0.3374,
        2.9047
    ]
}