{
    "FSRS-4.5": {
        "RMSE": 0.4217303338533868,
        "LogLoss": 0.5349853164473075,
        "RMSE(bins)": 0.0838684590777618,
        "RMSE(bins)Ratings": {
            "1": 0.10203529079797873,
            "2": 0.17011547491219248,
            "3": 0.11158624807888348,
            "4": 0.08213312427232951
        }
    },
    "user": 19415,
    "size": 2420,
    "weights": [
        0.6924,
        1.1214,
        2.3116,
        7.9731,
        5.3363,
        1.3834,
        0.8129,
        0.0007,
        1.4237,
        0.2823,
        0.7997,
        2.1678,
        0.0354,
        0.3529,
        1.4036,
        0.4803,
        2.5547
    ]
}