{
    "metrics": {
        "RMSE": 0.2787494594775615,
        "LogLoss": 0.2826051372101404,
        "RMSE(bins)": 0.06343117777830147,
        "ICI": 0.029993811476592493
    },
    "user": 19445,
    "size": 17220,
    "weights": [
        0.3495,
        1.0362,
        5.0914,
        20.3059,
        5.5281,
        1.6654,
        1.0838,
        0.0862,
        1.686,
        0.0147,
        1.1183,
        2.1698,
        0.0213,
        0.3067,
        2.1804,
        0.3083,
        3.4383
    ]
}