{
    "FSRS-4.5": {
        "RMSE": 0.2381274129116077,
        "LogLoss": 0.22528745097965533,
        "RMSE(bins)": 0.029985158270025365,
        "RMSE(bins)Ratings": {
            "1": 0.08424615289602391,
            "2": 0.10026838789681801,
            "3": 0.04549460361989678,
            "4": 0.07269824937067408
        }
    },
    "user": 19469,
    "size": 2645,
    "weights": [
        0.4656,
        2.9608,
        6.7216,
        6.7216,
        5.3265,
        1.2373,
        0.9594,
        0.0,
        1.4619,
        0.1,
        0.8399,
        2.2604,
        0.0142,
        0.3943,
        1.6185,
        0.0303,
        2.9059
    ]
}