{
    "metrics": {
        "RMSE": 0.3953848377974036,
        "LogLoss": 0.4833434506602262,
        "RMSE(bins)": 0.06091666849388845,
        "ICI": 0.03579713641817333,
        "RMSE(bins)Ratings": {
            "1": 0.061105194310197855,
            "2": 0.15355690856639395,
            "3": 0.038998526130541514,
            "4": 0.14346830986109166
        }
    },
    "user": 19466,
    "size": 3920,
    "weights": [
        0.5965,
        0.9323,
        2.3757,
        7.9731,
        5.2652,
        1.2916,
        0.6965,
        0.2468,
        1.3315,
        0.1654,
        0.7162,
        2.157,
        0.0582,
        0.3565,
        1.4002,
        0.0,
        2.4492
    ]
}