{
    "metrics": {
        "RMSE": 0.33834428698092095,
        "LogLoss": 0.38199309387487645,
        "RMSE(bins)": 0.06087458199249248,
        "ICI": 0.025342820601152363
    },
    "user": 19507,
    "size": 21120,
    "weights": [
        0.5325,
        1.1286,
        1.8559,
        14.1888,
        5.5119,
        1.1466,
        1.5834,
        0.0003,
        1.6658,
        0.1525,
        1.0676,
        2.2544,
        0.0158,
        0.2893,
        1.6179,
        0.2126,
        2.8095
    ]
}