{
    "metrics": {
        "RMSE": 0.18717665538051792,
        "LogLoss": 0.1488533858133786,
        "RMSE(bins)": 0.0822223875861993,
        "ICI": 0.04676454074556478
    },
    "user": 19528,
    "size": 22730,
    "weights": [
        0.3712,
        3.6666,
        15.3581,
        17.9548,
        5.1304,
        1.1952,
        0.4486,
        0.456,
        1.5842,
        0.2385,
        0.9313,
        1.9798,
        0.1651,
        0.172,
        1.4101,
        0.3205,
        2.0495
    ]
}