{
    "metrics": {
        "RMSE": 0.06068481347756601,
        "LogLoss": 0.03248121377418733,
        "RMSE(bins)": 0.04375222246073616,
        "ICI": 0.026533755162207632
    },
    "user": 19566,
    "size": 3435,
    "weights": [
        0.2239,
        3.1683,
        18.1457,
        18.1457,
        4.6882,
        0.8288,
        0.566,
        0.3261,
        2.0788,
        0.1,
        1.4368,
        2.4471,
        0.01,
        0.6377,
        1.6579,
        0.4823,
        3.1787
    ]
}