{
    "metrics": {
        "RMSE": 0.33710496327614814,
        "LogLoss": 0.38192851574600634,
        "RMSE(bins)": 0.06461684433002808,
        "ICI": 0.02937768580257863
    },
    "user": 19575,
    "size": 25225,
    "weights": [
        0.6253,
        0.7872,
        3.5878,
        23.3989,
        5.3157,
        1.1432,
        0.7899,
        0.3706,
        1.2611,
        0.6145,
        0.6178,
        2.1167,
        0.088,
        0.3514,
        1.3697,
        1.0,
        2.676
    ]
}