{
    "FSRS-4.5": {
        "RMSE": 0.11779207698187127,
        "LogLoss": 0.07790094964222663,
        "RMSE(bins)": 0.05925216151837795,
        "ICI": 0.027967040119603197,
        "RMSE(bins)Ratings": {
            "1": 0.05131604334863623,
            "2": 0.10271727428879952,
            "3": 0.026912342943317607,
            "4": 0.05101131238975785
        }
    },
    "user": 19630,
    "size": 9435,
    "weights": [
        0.9783,
        3.6696,
        26.6593,
        100.0,
        4.4025,
        1.818,
        0.3581,
        0.4778,
        2.3486,
        0.1,
        1.703,
        2.6478,
        0.01,
        0.8433,
        1.8409,
        0.7092,
        3.3684
    ]
}