{
    "FSRS-4.5": {
        "RMSE": 0.4326921599557333,
        "LogLoss": 0.574116252269662,
        "RMSE(bins)": 0.13954371702638393,
        "RMSE(bins)Ratings": {
            "1": 0.20722652696346303,
            "2": 0.33423066108591676,
            "3": 0.10727077199424112,
            "4": 0.20693134841436717
        }
    },
    "user": 19690,
    "size": 4480,
    "weights": [
        0.4509,
        0.5214,
        9.1747,
        9.1747,
        5.4339,
        1.3902,
        0.9903,
        0.0097,
        1.2746,
        0.3116,
        0.6406,
        1.8924,
        0.2,
        0.0898,
        1.1004,
        0.174,
        2.5022
    ]
}