{
    "FSRS-4.5": {
        "RMSE": 0.1953374618522716,
        "LogLoss": 0.1623869631593181,
        "RMSE(bins)": 0.021487539765102173,
        "RMSE(bins)Ratings": {
            "1": 0.07671779999551653,
            "2": 0.015967089896515838,
            "3": 0.04310969784460485,
            "4": 0.08837884525175252
        }
    },
    "user": 19732,
    "size": 71905,
    "weights": [
        0.5635,
        1.2391,
        4.041,
        4.041,
        5.125,
        0.9052,
        0.3887,
        0.3066,
        1.4224,
        0.1,
        0.7039,
        1.8725,
        0.1679,
        0.2957,
        1.8412,
        1.0,
        1.0258
    ]
}