{
    "metrics": {
        "RMSE": 0.24526639456238486,
        "LogLoss": 0.22966218579130507,
        "RMSE(bins)": 0.03302975092332554,
        "ICI": 0.005972665454463056
    },
    "user": 19738,
    "size": 16660,
    "weights": [
        0.9742,
        1.6109,
        4.758,
        18.5189,
        5.1549,
        1.692,
        1.2408,
        0.0,
        1.8533,
        0.0509,
        1.2276,
        2.1045,
        0.0392,
        0.3,
        1.392,
        0.0445,
        3.3608
    ]
}