{
    "metrics": {
        "RMSE": 0.3670112824911513,
        "LogLoss": 0.43246507857194444,
        "RMSE(bins)": 0.05771300408650713,
        "ICI": 0.01927775136680754
    },
    "user": 19768,
    "size": 25770,
    "weights": [
        0.1213,
        1.2314,
        3.9471,
        8.5811,
        4.9281,
        1.2948,
        0.4838,
        0.0004,
        1.4566,
        0.1062,
        0.8766,
        2.1317,
        0.1452,
        0.325,
        1.9013,
        0.5697,
        1.846
    ]
}