{
    "FSRS-4.5": {
        "RMSE": 0.17289736737628397,
        "LogLoss": 0.13137156607887318,
        "RMSE(bins)": 0.05185140814667542,
        "RMSE(bins)Ratings": {
            "1": 0.0790171958213645,
            "2": 0.07570785000691503,
            "3": 0.016454800082468954
        }
    },
    "user": 19778,
    "size": 1540,
    "weights": [
        1.6399,
        1.8713,
        4.3959,
        5.52,
        4.8929,
        0.8108,
        0.6231,
        0.2173,
        1.7811,
        0.1,
        1.1476,
        2.3699,
        0.01,
        0.5194,
        1.5538,
        0.0,
        2.6565
    ]
}