{
    "FSRS-4.5": {
        "RMSE": 0.35378861483553814,
        "LogLoss": 0.4118469682130723,
        "RMSE(bins)": 0.03902047974511174,
        "RMSE(bins)Ratings": {
            "1": 0.06348184364419306,
            "2": 0.07007429205379641,
            "3": 0.0401542790150546,
            "4": 0.1341581035178986
        }
    },
    "user": 19867,
    "size": 35545,
    "weights": [
        0.4988,
        1.0773,
        2.3122,
        6.3062,
        5.1,
        1.02,
        0.78,
        0.06,
        1.57,
        0.14,
        0.94,
        2.16,
        0.06,
        0.31,
        1.34,
        0.21,
        2.69
    ]
}