{
    "FSRS-4.5": {
        "RMSE": 0.4065004383798997,
        "LogLoss": 0.4998436846104229,
        "RMSE(bins)": 0.03891827686817173,
        "ICI": 0.01650957661720795,
        "RMSE(bins)Ratings": {
            "1": 0.05789809573239198,
            "2": 0.05689884338233892,
            "3": 0.07282784751701953,
            "4": 0.17323443668793106
        }
    },
    "user": 19958,
    "size": 6610,
    "weights": [
        0.1491,
        0.969,
        3.6372,
        3.6372,
        5.18,
        1.1788,
        0.9864,
        0.0,
        1.451,
        0.1904,
        0.8485,
        2.1347,
        0.0861,
        0.3497,
        1.4772,
        0.3284,
        2.3231
    ]
}