{
    "metrics": {
        "RMSE": 0.310712277417857,
        "LogLoss": 0.32497593428444954,
        "RMSE(bins)": 0.05912718998550256,
        "ICI": 0.01550061233194169
    },
    "user": 19982,
    "size": 13990,
    "weights": [
        0.4737,
        0.5713,
        5.7387,
        10.9355,
        4.9876,
        1.3541,
        0.6917,
        0.0,
        1.9511,
        0.1405,
        1.3394,
        2.1734,
        0.0379,
        0.2729,
        1.6896,
        0.0833,
        3.5172
    ]
}