{
    "FSRS-4.5": {
        "RMSE": 0.31777645861410764,
        "LogLoss": 0.3762766633393622,
        "RMSE(bins)": 0.08311905130172914,
        "RMSE(bins)Ratings": {
            "1": 0.2759460585818971,
            "2": 0.10022984661971177,
            "3": 0.06584788011653095,
            "4": 0.02837768827602328
        }
    },
    "user": 2009,
    "size": 1660,
    "weights": [
        0.3531,
        1.4195,
        4.0916,
        7.9731,
        5.1043,
        1.1303,
        0.823,
        0.0465,
        1.629,
        0.135,
        1.0045,
        2.132,
        0.0839,
        0.3204,
        1.3547,
        0.219,
        2.7849
    ]
}