{
    "metrics": {
        "RMSE": 0.36005342050853995,
        "LogLoss": 0.4087308127626546,
        "RMSE(bins)": 0.11217394331951074,
        "ICI": 0.05519661504106022
    },
    "user": 2014,
    "size": 6055,
    "weights": [
        1.1792,
        2.8911,
        11.0991,
        27.2125,
        5.2023,
        1.2683,
        0.8431,
        0.2793,
        1.5363,
        0.0788,
        0.8895,
        2.1112,
        0.0724,
        0.3214,
        1.44,
        0.1673,
        2.8237
    ]
}