{
    "metrics": {
        "RMSE": 0.23920823287719264,
        "LogLoss": 0.23178885784561432,
        "RMSE(bins)": 0.06183919292562865,
        "ICI": 0.034419957048458655,
        "RMSE(bins)Ratings": {
            "1": 0.13967384641163866,
            "2": 0.09148600380969348,
            "3": 0.053158647606186916,
            "4": 0.03608068879020824
        }
    },
    "user": 2030,
    "size": 52270,
    "weights": [
        0.4546,
        1.0293,
        3.4985,
        10.5453,
        5.2185,
        2.0617,
        1.2958,
        0.1525,
        1.7422,
        0.1,
        1.1303,
        1.9639,
        0.0479,
        0.2737,
        1.6768,
        0.5501,
        2.6795
    ]
}