{
    "metrics": {
        "RMSE": 0.25375200015999394,
        "LogLoss": 0.23600319095215633,
        "RMSE(bins)": 0.0502787312160734,
        "ICI": 0.015548174299484446
    },
    "user": 2113,
    "size": 76545,
    "weights": [
        0.2962,
        1.1106,
        1.1106,
        10.9355,
        4.6328,
        1.0293,
        0.3247,
        0.0004,
        2.063,
        0.2864,
        1.3602,
        2.3981,
        0.0746,
        0.5313,
        1.7978,
        0.0795,
        1.0302
    ]
}