{
    "metrics": {
        "RMSE": 0.40374684798408833,
        "LogLoss": 0.49899884214058365,
        "RMSE(bins)": 0.08526818387604185,
        "ICI": 0.0477308775018279
    },
    "user": 2124,
    "size": 2510,
    "weights": [
        0.3173,
        0.9875,
        2.3895,
        10.9355,
        5.3618,
        1.4208,
        0.9591,
        0.0,
        1.4281,
        0.0,
        0.8195,
        2.0448,
        0.1391,
        0.2566,
        1.3958,
        0.0586,
        2.6417
    ]
}