{
    "FSRS-4.5": {
        "RMSE": 0.27851587683271556,
        "LogLoss": 0.3011875067130032,
        "RMSE(bins)": 0.16754970597636198,
        "RMSE(bins)Ratings": {
            "1": 0.5271418915282998
        }
    },
    "user": 2128,
    "size": 50,
    "weights": [
        0.6803,
        1.8646,
        3.2756,
        13.9086,
        5.1,
        1.02,
        0.78,
        0.06,
        1.57,
        0.14,
        0.94,
        2.16,
        0.06,
        0.31,
        1.34,
        0.21,
        2.69
    ]
}