{
    "metrics": {
        "RMSE": 0.07423850278200825,
        "LogLoss": 0.06877977241472383,
        "RMSE(bins)": 0.06247351478857807,
        "ICI": 0.06136147285535186
    },
    "user": 2128,
    "size": 2020,
    "weights": [
        0.0416,
        0.3844,
        10.8119,
        100.0,
        4.9845,
        1.2504,
        0.9426,
        0.0,
        1.7489,
        0.1,
        1.1242,
        2.2508,
        0.01,
        0.4389,
        1.4737,
        0.219,
        2.9047
    ]
}