{
    "metrics": {
        "RMSE": 0.36598228130267024,
        "LogLoss": 0.48428216961759313,
        "RMSE(bins)": 0.1251428301135417,
        "ICI": 0.11862476383657182
    },
    "user": 2167,
    "size": 4430,
    "weights": [
        4.548,
        6.3793,
        20.0306,
        20.0306,
        5.517,
        1.395,
        0.9,
        0.0,
        1.2714,
        0.4929,
        0.6445,
        2.5072,
        0.01,
        0.7007,
        1.8448,
        0.0626,
        3.1332
    ]
}