{
    "FSRS-4.5": {
        "RMSE": 0.31424889956312785,
        "LogLoss": 0.34549135467841785,
        "RMSE(bins)": 0.04883950788484957,
        "RMSE(bins)Ratings": {
            "1": 0.05976293125232436,
            "2": 0.11110759160596174,
            "3": 0.047664893693605784,
            "4": 0.025808867797854722
        }
    },
    "user": 2223,
    "size": 109330,
    "weights": [
        0.6497,
        0.9441,
        1.6539,
        13.6814,
        5.6345,
        1.8587,
        1.7628,
        0.0095,
        2.0442,
        0.3236,
        1.0577,
        1.8621,
        0.0249,
        0.3989,
        0.645,
        0.1096,
        2.5156
    ]
}