{
    "metrics": {
        "RMSE": 0.4189976290376553,
        "LogLoss": 0.5249970616788229,
        "RMSE(bins)": 0.07128393028342853,
        "ICI": 0.03497599231054005
    },
    "user": 2363,
    "size": 11320,
    "weights": [
        1.2003,
        1.3251,
        1.3251,
        14.9283,
        5.4446,
        1.3241,
        1.3109,
        0.0,
        1.3714,
        0.2038,
        0.7806,
        2.1117,
        0.1143,
        0.3494,
        1.3041,
        0.0006,
        2.7825
    ]
}