{
    "metrics": {
        "RMSE": 0.3590200778117759,
        "LogLoss": 0.40749701537127536,
        "RMSE(bins)": 0.201380691491714,
        "ICI": 0.04076111184621698
    },
    "user": 2383,
    "size": 3895,
    "weights": [
        0.5377,
        0.8827,
        3.5878,
        9.1375,
        5.1381,
        1.2148,
        0.9222,
        0.0,
        1.6124,
        0.1604,
        0.9925,
        2.3079,
        0.0184,
        0.5007,
        1.4988,
        0.5187,
        2.7849
    ]
}