{
    "metrics": {
        "RMSE": 0.400020405955424,
        "LogLoss": 0.49459357796253556,
        "RMSE(bins)": 0.08585117164491171,
        "ICI": 0.05037008167256034
    },
    "user": 2412,
    "size": 25185,
    "weights": [
        0.4937,
        1.0247,
        3.0642,
        11.7743,
        5.235,
        0.9854,
        0.841,
        0.0076,
        1.3827,
        0.2358,
        0.7136,
        2.0557,
        0.0849,
        0.3168,
        1.4623,
        0.1872,
        2.3634
    ]
}