{
    "metrics": {
        "RMSE": 0.3771292588238447,
        "LogLoss": 0.4669179608948732,
        "RMSE(bins)": 0.06227928124249101,
        "ICI": 0.03907196521187059
    },
    "user": 2417,
    "size": 8525,
    "weights": [
        0.292,
        1.0322,
        2.0312,
        4.4789,
        5.235,
        1.2441,
        0.7034,
        0.2423,
        1.5149,
        0.1656,
        0.9268,
        2.1373,
        0.0463,
        0.3286,
        1.6696,
        0.3407,
        2.2693
    ]
}