{
    "metrics": {
        "RMSE": 0.09684193163943328,
        "LogLoss": 0.06796114257891246,
        "RMSE(bins)": 0.0870343183321015,
        "ICI": 0.06013912380827979
    },
    "user": 2423,
    "size": 2405,
    "weights": [
        8.4371,
        21.3642,
        61.2482,
        100.0,
        4.8907,
        1.2006,
        0.8627,
        0.1731,
        1.8826,
        0.0,
        1.2701,
        2.1174,
        0.0839,
        0.3204,
        1.4676,
        0.219,
        2.8237
    ]
}