{
    "metrics": {
        "RMSE": 0.31368722675637534,
        "LogLoss": 0.34906269478432067,
        "RMSE(bins)": 0.08369824472425162,
        "ICI": 0.053201289927953206
    },
    "user": 2492,
    "size": 5375,
    "weights": [
        1.4185,
        2.1233,
        3.8883,
        5.3875,
        5.1443,
        1.2006,
        0.8627,
        0.0362,
        1.629,
        0.1342,
        1.0166,
        2.1174,
        0.0839,
        0.3204,
        1.4676,
        0.219,
        2.8237
    ]
}