{
    "metrics": {
        "RMSE": 0.414694946984169,
        "LogLoss": 0.5248091582246233,
        "RMSE(bins)": 0.0929194803147406,
        "ICI": 0.046000214600483105
    },
    "user": 2509,
    "size": 7400,
    "weights": [
        0.4815,
        0.7899,
        1.6594,
        2.722,
        5.4002,
        1.4039,
        0.7268,
        0.1591,
        1.2825,
        0.3762,
        0.6534,
        2.1313,
        0.0631,
        0.3199,
        1.3295,
        0.8393,
        2.3959
    ]
}