{
    "metrics": {
        "RMSE": 0.23397977476817414,
        "LogLoss": 0.20588250956326964,
        "RMSE(bins)": 0.06419811247533745,
        "ICI": 0.012728854752346364
    },
    "user": 2569,
    "size": 17085,
    "weights": [
        0.4987,
        1.4577,
        7.2836,
        10.1691,
        4.9579,
        0.2024,
        0.9189,
        0.0083,
        1.7802,
        0.4967,
        1.1776,
        2.6942,
        0.01,
        0.873,
        1.8758,
        0.2729,
        3.5597
    ]
}