{
    "FSRS-4.5": {
        "RMSE": 0.32302336175865176,
        "LogLoss": 0.3414414870720965,
        "RMSE(bins)": 0.05720578522687027,
        "RMSE(bins)Ratings": {
            "1": 0.07970213513712633,
            "2": 0.0462449832036729,
            "3": 0.06936510253291975,
            "4": 0.08385844809454732
        }
    },
    "user": 2589,
    "size": 18355,
    "weights": [
        0.3609,
        0.9072,
        9.7139,
        19.0779,
        5.1301,
        1.8864,
        0.7525,
        0.0,
        1.8641,
        0.1,
        1.1567,
        2.0144,
        0.1842,
        0.3318,
        1.044,
        0.5404,
        3.6897
    ]
}