{
    "FSRS-4.5": {
        "RMSE": 0.39642728494988494,
        "LogLoss": 0.4922430606611807,
        "RMSE(bins)": 0.0666450487834147,
        "RMSE(bins)Ratings": {
            "1": 0.1785608768725789,
            "2": 0.2363176035304528,
            "3": 0.06425751030180116,
            "4": 0.11158689555597155
        }
    },
    "user": 2597,
    "size": 3775,
    "weights": [
        0.7169,
        0.7169,
        2.4565,
        7.9731,
        5.4062,
        1.4302,
        1.0122,
        0.0,
        1.3271,
        0.3854,
        0.7016,
        2.1056,
        0.1168,
        0.2933,
        1.289,
        0.0,
        2.5768
    ]
}