{
    "metrics": {
        "RMSE": 0.4308073987621428,
        "LogLoss": 0.5738682822349122,
        "RMSE(bins)": 0.09120979292020746,
        "ICI": 0.06311639429592482
    },
    "user": 2599,
    "size": 13140,
    "weights": [
        0.7259,
        0.77,
        0.77,
        0.77,
        6.0992,
        1.022,
        1.3834,
        0.1702,
        1.2157,
        0.5156,
        0.6333,
        1.941,
        0.165,
        0.2191,
        1.6738,
        0.5599,
        3.0946
    ]
}