{
    "metrics": {
        "RMSE": 0.3610782395937745,
        "LogLoss": 0.4238520052703673,
        "RMSE(bins)": 0.05078323606838236,
        "ICI": 0.025394159078503946
    },
    "user": 2626,
    "size": 228370,
    "weights": [
        0.1126,
        0.5781,
        1.8291,
        10.9355,
        6.4497,
        0.9254,
        0.5065,
        0.0084,
        1.3706,
        0.165,
        1.425,
        2.0084,
        0.0977,
        0.2203,
        1.5355,
        0.2761,
        3.739
    ]
}