{
    "metrics": {
        "RMSE": 0.2882127152883797,
        "LogLoss": 0.29630140913029934,
        "RMSE(bins)": 0.06464279991993484,
        "ICI": 0.008719746181848769
    },
    "user": 2731,
    "size": 4340,
    "weights": [
        0.8954,
        1.7761,
        4.9615,
        7.9731,
        5.0653,
        1.0505,
        0.6795,
        0.1582,
        1.6616,
        0.2373,
        1.0401,
        2.183,
        0.0778,
        0.4467,
        1.5448,
        0.1576,
        2.3676
    ]
}