{
    "FSRS-4.5": {
        "RMSE": 0.23035270975089658,
        "LogLoss": 0.20541059934456019,
        "RMSE(bins)": 0.03336258820606543,
        "RMSE(bins)Ratings": {
            "1": 0.10695957222268986,
            "2": 0.03252571994323755,
            "3": 0.02846246122951374,
            "4": 0.03878909459031543
        }
    },
    "user": 2753,
    "size": 40945,
    "weights": [
        0.4478,
        1.2546,
        4.1735,
        4.1735,
        5.1984,
        2.0829,
        0.8489,
        0.0947,
        2.1504,
        0.1,
        1.4216,
        1.9348,
        0.1002,
        0.3473,
        0.8792,
        0.4758,
        2.0851
    ]
}