{
    "metrics": {
        "RMSE": 0.14577901488830594,
        "LogLoss": 0.10093951019995465,
        "RMSE(bins)": 0.06115170621273804,
        "ICI": 0.024345319982961466
    },
    "user": 2834,
    "size": 3570,
    "weights": [
        2.6975,
        9.791,
        12.0858,
        12.0858,
        5.1843,
        1.2406,
        0.8227,
        0.0,
        1.589,
        0.1742,
        0.9766,
        2.1574,
        0.0439,
        0.3604,
        1.5076,
        0.179,
        2.8637
    ]
}