{
    "metrics": {
        "RMSE": 0.2570691322098121,
        "LogLoss": 0.25176895263907684,
        "RMSE(bins)": 0.03751915586194755,
        "ICI": 0.019246896891857886
    },
    "user": 286,
    "size": 51400,
    "weights": [
        0.2443,
        0.427,
        0.9869,
        11.3792,
        6.89,
        1.5414,
        1.0608,
        0.0774,
        1.9435,
        0.1907,
        1.3184,
        1.3746,
        0.1757,
        0.5408,
        0.4663,
        0.4028,
        2.3151
    ]
}