{
    "metrics": {
        "RMSE": 0.199999676669028,
        "LogLoss": 0.15155436394314867,
        "RMSE(bins)": 0.05768658593783488,
        "ICI": 0.01929438666880338
    },
    "user": 2873,
    "size": 14720,
    "weights": [
        1.8737,
        18.4267,
        25.6298,
        41.7684,
        5.1043,
        1.1303,
        0.823,
        0.0465,
        1.629,
        0.135,
        1.0045,
        2.132,
        0.0839,
        0.3204,
        1.3547,
        0.219,
        2.7849
    ]
}