{
    "FSRS-4.5": {
        "RMSE": 0.39279832787227287,
        "LogLoss": 0.5022503452023883,
        "RMSE(bins)": 0.1263516586518947,
        "RMSE(bins)Ratings": {
            "1": 0.195173441493231,
            "2": 0.2088923710719084,
            "3": 0.055296213546654614,
            "4": 0.30877984447572265
        }
    },
    "user": 2944,
    "size": 14360,
    "weights": [
        0.3022,
        0.9642,
        2.97,
        2.97,
        5.0216,
        1.0987,
        0.5982,
        0.0594,
        1.5827,
        0.1769,
        1.0155,
        2.1179,
        0.1402,
        0.2826,
        1.2531,
        0.5533,
        2.436
    ]
}