{
    "FSRS-4.5": {
        "RMSE": 0.4259871311103971,
        "LogLoss": 0.5445121512854034,
        "RMSE(bins)": 0.08976243131778022,
        "RMSE(bins)Ratings": {
            "1": 0.0817013597733449,
            "2": 0.1467139567757383,
            "3": 0.05403695268542793,
            "4": 0.15190155611911646
        }
    },
    "user": 2959,
    "size": 9030,
    "weights": [
        0.4118,
        0.4553,
        0.5293,
        13.201,
        5.1261,
        1.1548,
        0.8388,
        0.0,
        1.533,
        0.1,
        0.9434,
        2.1392,
        0.073,
        0.314,
        1.4224,
        0.2474,
        1.9804
    ]
}