{
    "FSRS-4.5": {
        "RMSE": 0.4319310170551529,
        "LogLoss": 0.5576271793769753,
        "RMSE(bins)": 0.05661597565436457,
        "RMSE(bins)Ratings": {
            "1": 0.08336674866872103,
            "2": 0.13644496412728171,
            "3": 0.09888203746206019
        }
    },
    "user": 3022,
    "size": 2920,
    "weights": [
        0.1243,
        0.245,
        0.9964,
        6.1789,
        5.2595,
        1.3134,
        0.9906,
        0.0,
        1.4965,
        0.3283,
        0.8708,
        2.0706,
        0.157,
        0.2695,
        1.2426,
        0.2443,
        3.0687
    ]
}