{
    "FSRS-4.5": {
        "RMSE": 0.37381067095877457,
        "LogLoss": 0.4420698757957037,
        "RMSE(bins)": 0.04256056544976857,
        "RMSE(bins)Ratings": {
            "1": 0.05701174399388051,
            "2": 0.04840530614860374,
            "3": 0.030361921428917575,
            "4": 0.049211689218356336
        }
    },
    "user": 3026,
    "size": 14020,
    "weights": [
        0.0836,
        0.6016,
        2.777,
        7.9731,
        4.9527,
        1.1054,
        0.6616,
        0.0,
        1.2567,
        0.3274,
        0.6444,
        2.1097,
        0.1214,
        0.3892,
        1.2733,
        0.3589,
        3.2411
    ]
}