{
    "FSRS-4.5": {
        "RMSE": 0.3489910111410314,
        "LogLoss": 0.4006555140403343,
        "RMSE(bins)": 0.10280060792383229,
        "RMSE(bins)Ratings": {
            "1": 0.19735483134000464,
            "2": 0.10865006668581025,
            "3": 0.06406636311252134,
            "4": 0.041900448116157465
        }
    },
    "user": 3032,
    "size": 7505,
    "weights": [
        1.0303,
        1.8028,
        3.5878,
        9.002,
        5.1168,
        1.2981,
        0.6056,
        0.1179,
        1.661,
        0.2749,
        1.045,
        2.1893,
        0.0709,
        0.3782,
        1.5718,
        0.1788,
        2.8715
    ]
}