{
    "metrics": {
        "RMSE": 0.4004321798704137,
        "LogLoss": 0.4916819474937284,
        "RMSE(bins)": 0.09179689452540452,
        "ICI": 0.06760871596782633
    },
    "user": 3148,
    "size": 15160,
    "weights": [
        0.6045,
        0.6045,
        2.7634,
        7.9731,
        5.4247,
        1.429,
        0.6409,
        0.2894,
        1.3005,
        0.0,
        0.7071,
        2.0794,
        0.1027,
        0.2893,
        1.4307,
        0.0752,
        2.6718
    ]
}