{
    "metrics": {
        "RMSE": 0.30537243961919985,
        "LogLoss": 0.3310669391210129,
        "RMSE(bins)": 0.03370786419893351,
        "ICI": 0.019842074084142975
    },
    "user": 3178,
    "size": 131365,
    "weights": [
        0.4729,
        2.299,
        2.299,
        5.7936,
        6.4319,
        1.1612,
        0.8579,
        0.0,
        1.6028,
        0.026,
        1.1154,
        1.8101,
        0.023,
        0.2505,
        2.8584,
        0.381,
        1.4992
    ]
}