{
    "metrics": {
        "RMSE": 0.48744246447328415,
        "LogLoss": 0.699622679596129,
        "RMSE(bins)": 0.1647616861893722,
        "ICI": 0.1239428758257834
    },
    "user": 3181,
    "size": 3415,
    "weights": [
        0.4743,
        1.3176,
        1.8792,
        5.8505,
        5.4944,
        1.5454,
        1.0666,
        0.0,
        1.279,
        0.2418,
        0.6606,
        2.0923,
        0.1019,
        0.3001,
        1.4006,
        0.4075,
        2.4683
    ]
}