{
    "metrics": {
        "RMSE": 0.3869243736111396,
        "LogLoss": 0.4705969272883252,
        "RMSE(bins)": 0.08225442594800834,
        "ICI": 0.03806086564719811
    },
    "user": 3205,
    "size": 1475,
    "weights": [
        0.1993,
        0.3983,
        1.1253,
        10.9355,
        5.2454,
        1.2784,
        0.8469,
        0.0,
        1.452,
        0.0554,
        0.8442,
        2.1208,
        0.0848,
        0.3321,
        1.455,
        0.0,
        2.6492
    ]
}