{
    "FSRS-4.5": {
        "RMSE": 0.29609031238595623,
        "LogLoss": 0.31952532400875117,
        "RMSE(bins)": 0.053292068040961704,
        "RMSE(bins)Ratings": {
            "1": 0.11569569216328221,
            "2": 0.13132060429451273,
            "3": 0.04415937149461219,
            "4": 0.04733431073931445
        }
    },
    "user": 3266,
    "size": 3755,
    "weights": [
        0.9829,
        1.0166,
        2.2572,
        2.9014,
        4.9512,
        0.9651,
        0.7009,
        0.1796,
        1.7797,
        0.1,
        1.1536,
        2.1729,
        0.0383,
        0.3531,
        1.456,
        0.1325,
        2.9136
    ]
}