{
    "FSRS-4.5": {
        "RMSE": 0.19898683046382423,
        "LogLoss": 0.16554639690447903,
        "RMSE(bins)": 0.012992222278262753,
        "ICI": 0.006050611560928201,
        "RMSE(bins)Ratings": {
            "1": 0.05396513470166914,
            "2": 0.044953445182198744,
            "3": 0.007895431507689238,
            "4": 0.06760025574225872
        }
    },
    "user": 3276,
    "size": 9790,
    "weights": [
        1.9633,
        4.271,
        13.7033,
        13.9106,
        4.792,
        1.1778,
        1.1743,
        0.0,
        2.1892,
        0.1002,
        1.5435,
        2.3706,
        0.0435,
        0.5617,
        1.4518,
        0.057,
        3.4897
    ]
}