{
    "metrics": {
        "RMSE": 0.190599019683975,
        "LogLoss": 0.15553569399334718,
        "RMSE(bins)": 0.06108855673514766,
        "ICI": 0.031010894235732882,
        "RMSE(bins)Ratings": {
            "1": 0.1207893529023344,
            "2": 0.13683674403056195,
            "3": 0.09847638186476754,
            "4": 0.029946130358396734
        }
    },
    "user": 3310,
    "size": 1725,
    "weights": [
        4.5449,
        4.5449,
        10.305,
        13.9975,
        4.8915,
        0.9178,
        0.7931,
        0.1533,
        1.8439,
        0.1,
        1.2178,
        2.3308,
        0.01,
        0.5085,
        1.5585,
        0.3858,
        2.9891
    ]
}