{
    "FSRS-4.5": {
        "RMSE": 0.41504752667833106,
        "LogLoss": 0.6047051016122963,
        "RMSE(bins)": 0.22100112842792438,
        "RMSE(bins)Ratings": {
            "1": 0.5163814360099251,
            "2": 0.1750121801291803,
            "3": 0.14966126434501156
        }
    },
    "user": 3337,
    "size": 22365,
    "weights": [
        1.5633,
        3.9874,
        16.2432,
        16.2432,
        5.1113,
        0.6444,
        1.3367,
        0.0331,
        1.7649,
        0.3248,
        0.939,
        1.9369,
        0.1629,
        0.172,
        0.9326,
        1.0,
        3.669
    ]
}