{
    "FSRS-4.5": {
        "RMSE": 0.3178967517519326,
        "LogLoss": 0.3488684547663986,
        "RMSE(bins)": 0.01928081075835851,
        "ICI": 0.016832066277157543,
        "RMSE(bins)Ratings": {
            "1": 0.046263724792759225,
            "2": 0.04622151429753721,
            "3": 0.015047930153232577,
            "4": 0.10216011748241775
        }
    },
    "user": 3391,
    "size": 174665,
    "weights": [
        0.3632,
        1.0633,
        2.0054,
        3.0612,
        4.9691,
        2.0768,
        1.6419,
        0.0,
        1.9173,
        0.3469,
        0.9364,
        2.0668,
        0.0211,
        0.2566,
        1.9912,
        0.1609,
        3.9851
    ]
}