{
    "FSRS-4.5": {
        "RMSE": 0.3247046263444901,
        "LogLoss": 0.3840445570521995,
        "RMSE(bins)": 0.06640369050233526,
        "RMSE(bins)Ratings": {
            "1": 0.07416321855973546,
            "2": 0.08780309504961904,
            "3": 0.021643711758636802,
            "4": 0.0243686347967475
        }
    },
    "user": 3393,
    "size": 172020,
    "weights": [
        0.4761,
        0.9233,
        2.4937,
        2.4937,
        5.7201,
        0.1,
        1.0721,
        0.1979,
        1.6009,
        0.1351,
        1.1206,
        1.2893,
        0.01,
        0.3244,
        2.0,
        0.0,
        1.703
    ]
}