{
    "metrics": {
        "RMSE": 0.509023721552764,
        "LogLoss": 0.7529456664934234,
        "RMSE(bins)": 0.18608873224946207,
        "ICI": 0.1523065151864568
    },
    "user": 3552,
    "size": 3485,
    "weights": [
        0.2536,
        0.6416,
        2.581,
        6.5287,
        5.2112,
        1.2223,
        0.7859,
        0.0636,
        1.582,
        0.1216,
        0.9662,
        1.9688,
        0.1824,
        0.1856,
        1.3238,
        0.0451,
        2.8658
    ]
}