{
    "FSRS-4.5": {
        "RMSE": 0.08536128505791427,
        "LogLoss": 0.052617946310347156,
        "RMSE(bins)": 0.04895907780229946,
        "RMSE(bins)Ratings": {
            "3": 0.04877521042774368
        }
    },
    "user": 3557,
    "size": 185,
    "weights": [
        0.5614,
        1.2546,
        3.5878,
        7.9731,
        4.9848,
        1.1303,
        0.823,
        0.0519,
        1.7485,
        0.1,
        1.1237,
        2.132,
        0.0839,
        0.3204,
        1.3547,
        0.219,
        2.7849
    ]
}