{
    "metrics": {
        "RMSE": 0.2216412838283898,
        "LogLoss": 0.1989177482885035,
        "RMSE(bins)": 0.037288330281419056,
        "ICI": 0.021687547049501606,
        "RMSE(bins)Ratings": {
            "1": 0.058470765385407845,
            "2": 0.6495563804904343,
            "3": 0.01263603639879848
        }
    },
    "user": 3575,
    "size": 82820,
    "weights": [
        2.7484,
        2.7484,
        12.1009,
        12.1009,
        4.8091,
        1.4463,
        1.8248,
        0.0,
        2.3677,
        0.1088,
        1.7588,
        2.1315,
        0.0355,
        0.3303,
        1.9988,
        0.0,
        2.7274
    ]
}