{
    "FSRS-4.5": {
        "RMSE": 0.3541465720427126,
        "LogLoss": 0.4170865044920081,
        "RMSE(bins)": 0.05065072571023815,
        "RMSE(bins)Ratings": {
            "1": 0.10667906973213302,
            "2": 0.04629511779594543,
            "3": 0.043589939995634194,
            "4": 0.04935040459779696
        }
    },
    "user": 358,
    "size": 66125,
    "weights": [
        0.3436,
        0.7992,
        2.57,
        5.52,
        5.8517,
        1.3651,
        0.593,
        0.0671,
        1.6028,
        0.3014,
        0.9297,
        2.3045,
        0.0234,
        0.2558,
        0.01,
        0.3083,
        2.3548
    ]
}