{
    "metrics": {
        "RMSE": 0.4748621788968939,
        "LogLoss": 0.6736911599881678,
        "RMSE(bins)": 0.18498662249617906,
        "ICI": 0.1125576297048325
    },
    "user": 3592,
    "size": 8945,
    "weights": [
        0.1755,
        3.4069,
        4.1386,
        10.9355,
        5.4049,
        1.1517,
        1.2319,
        0.032,
        1.217,
        0.7444,
        0.6305,
        1.8234,
        0.1982,
        0.1488,
        1.3283,
        0.1079,
        2.6776
    ]
}