{
    "metrics": {
        "RMSE": 0.1967632303948914,
        "LogLoss": 0.16611816798062207,
        "RMSE(bins)": 0.04216697655626901,
        "ICI": 0.020782098044158783
    },
    "user": 3654,
    "size": 17640,
    "weights": [
        0.4388,
        1.7143,
        11.7001,
        16.4522,
        5.1683,
        1.8787,
        1.1692,
        0.0492,
        2.4019,
        0.1828,
        1.7899,
        1.9745,
        0.15,
        0.2081,
        1.5535,
        0.4222,
        4.4225
    ]
}