{
    "FSRS-4.5": {
        "RMSE": 0.45066468895453243,
        "LogLoss": 0.5919308392765018,
        "RMSE(bins)": 0.020220555601381727,
        "RMSE(bins)Ratings": {
            "1": 0.05266421436089678,
            "2": 0.054854216876351045,
            "3": 0.053539525431257215,
            "4": 0.19435908968440618
        }
    },
    "user": 3690,
    "size": 14230,
    "weights": [
        0.0659,
        0.2141,
        0.7364,
        7.9731,
        5.3228,
        1.3173,
        0.7543,
        0.0,
        1.2758,
        0.2308,
        0.7144,
        2.0705,
        0.1732,
        0.2955,
        1.0042,
        0.3547,
        3.2982
    ]
}