{
    "FSRS-4.5": {
        "RMSE": 0.32475136687435796,
        "LogLoss": 0.35507425915768165,
        "RMSE(bins)": 0.044108753832656965,
        "RMSE(bins)Ratings": {
            "1": 0.08394927783736633,
            "2": 0.5037102495472392,
            "3": 0.04805053298422132,
            "4": 0.29128335037859626
        }
    },
    "user": 3699,
    "size": 7695,
    "weights": [
        1.1641,
        1.1641,
        7.1321,
        7.1321,
        5.1499,
        1.2353,
        0.8572,
        0.0,
        1.6261,
        0.1757,
        0.985,
        2.322,
        0.0103,
        0.3815,
        1.1722,
        0.0,
        2.1971
    ]
}