{
    "FSRS-4.5": {
        "RMSE": 0.375513617380344,
        "LogLoss": 0.4536826128974944,
        "RMSE(bins)": 0.02726540824836496,
        "RMSE(bins)Ratings": {
            "1": 0.0624093023575543,
            "2": 0.04466455010687851,
            "3": 0.014895578157584324,
            "4": 0.009501649010333233
        }
    },
    "user": 3779,
    "size": 184170,
    "weights": [
        0.3972,
        0.8063,
        1.4122,
        4.8793,
        5.3857,
        1.5766,
        0.398,
        0.0493,
        1.4405,
        0.322,
        0.7788,
        2.4619,
        0.0101,
        0.2185,
        1.01,
        0.4459,
        1.4063
    ]
}