{
    "metrics": {
        "RMSE": 0.19021487448426924,
        "LogLoss": 0.15765773348618856,
        "RMSE(bins)": 0.048107817829037024,
        "ICI": 0.022484190526099616
    },
    "user": 3831,
    "size": 7330,
    "weights": [
        6.0986,
        13.401,
        26.986,
        26.986,
        5.0351,
        1.3667,
        1.0783,
        0.0,
        1.9149,
        0.0058,
        1.2877,
        2.1441,
        0.0727,
        0.3552,
        1.2548,
        0.0185,
        2.4096
    ]
}