{
    "FSRS-4.5": {
        "RMSE": 0.32215239660350226,
        "LogLoss": 0.35266602951895293,
        "RMSE(bins)": 0.030735238651863644,
        "RMSE(bins)Ratings": {
            "1": 0.03492334712625892,
            "2": 0.05667240014729831,
            "3": 0.039851898697125576,
            "4": 0.10078426489673008
        }
    },
    "user": 3844,
    "size": 3860,
    "weights": [
        1.1051,
        1.2546,
        2.8132,
        2.8132,
        5.4009,
        0.8413,
        1.0363,
        0.0,
        1.3074,
        0.439,
        0.6859,
        2.37,
        0.01,
        0.5534,
        1.5648,
        0.0557,
        2.6039
    ]
}