{
    "FSRS-4.5": {
        "RMSE": 0.4286077353625843,
        "LogLoss": 0.567395916790613,
        "RMSE(bins)": 0.1315976286357489,
        "RMSE(bins)Ratings": {
            "1": 0.10500029173572144,
            "2": 0.10478117592685966,
            "3": 0.04701335044333855,
            "4": 0.04436652336366622
        }
    },
    "user": 3877,
    "size": 12620,
    "weights": [
        0.4592,
        1.7981,
        5.2263,
        10.6442,
        5.1899,
        1.2828,
        0.6067,
        0.2527,
        1.5715,
        0.1,
        0.9636,
        2.1238,
        0.0715,
        0.3103,
        1.5616,
        0.0616,
        2.85
    ]
}