{
    "metrics": {
        "RMSE": 0.3707990655734143,
        "LogLoss": 0.43486999460875386,
        "RMSE(bins)": 0.12379575284230261,
        "ICI": 0.051165467808481246
    },
    "user": 3924,
    "size": 52980,
    "weights": [
        1.0547,
        3.7059,
        24.4093,
        34.0543,
        5.1163,
        1.3289,
        0.7111,
        0.283,
        1.626,
        0.0,
        1.2439,
        1.7956,
        0.1857,
        0.2151,
        1.8955,
        0.6429,
        5.9461
    ]
}