{
    "metrics": {
        "RMSE": 0.28986981758196045,
        "LogLoss": 0.2991949263312338,
        "RMSE(bins)": 0.05190622344602439,
        "ICI": 0.007514535415621765
    },
    "user": 3950,
    "size": 4405,
    "weights": [
        0.7287,
        1.4513,
        4.0789,
        26.8872,
        5.3525,
        1.2511,
        1.0726,
        0.0,
        1.3856,
        0.416,
        0.757,
        2.1648,
        0.0305,
        0.3627,
        1.4789,
        0.2065,
        2.5694
    ]
}