{
    "FSRS-4.5": {
        "RMSE": 0.2926429899918956,
        "LogLoss": 0.30605003170183515,
        "RMSE(bins)": 0.04557506573188591,
        "RMSE(bins)Ratings": {
            "1": 0.09242272773545689,
            "2": 0.08465282992546307,
            "3": 0.07330917739398085,
            "4": 0.0747709469175884
        }
    },
    "user": 3950,
    "size": 4465,
    "weights": [
        1.0712,
        2.0015,
        5.1124,
        24.6802,
        5.3732,
        1.3104,
        1.068,
        0.0001,
        1.3603,
        0.4223,
        0.7227,
        2.1366,
        0.0656,
        0.3315,
        1.3247,
        0.1005,
        2.5983
    ]
}