{
    "FSRS-4.5": {
        "RMSE": 0.29264275080549956,
        "LogLoss": 0.30605042637497637,
        "RMSE(bins)": 0.045564917519558115,
        "RMSE(bins)Ratings": {
            "1": 0.09236373318692755,
            "2": 0.08465292070908496,
            "3": 0.07330945290285797,
            "4": 0.0747689376016406
        }
    },
    "user": 3950,
    "size": 4465,
    "weights": [
        1.0712,
        2.0015,
        5.1124,
        24.6802,
        5.3732,
        1.3104,
        1.068,
        0.0001,
        1.3603,
        0.4223,
        0.7227,
        2.1366,
        0.0656,
        0.3315,
        1.3247,
        0.1005,
        2.5983
    ]
}