{
    "metrics": {
        "RMSE": 0.42994772682108306,
        "LogLoss": 0.5567251621517525,
        "RMSE(bins)": 0.09676559091682953,
        "ICI": 0.05356606708456313
    },
    "user": 3960,
    "size": 11255,
    "weights": [
        0.3649,
        0.3694,
        2.656,
        5.913,
        5.4757,
        1.5632,
        1.0513,
        0.0,
        1.2541,
        0.5071,
        0.6604,
        2.1112,
        0.07,
        0.2506,
        1.5755,
        0.0784,
        2.5592
    ]
}