{
    "FSRS-4.5": {
        "RMSE": 0.1521481873032816,
        "LogLoss": 0.1092855095442404,
        "RMSE(bins)": 0.012652015410078522,
        "RMSE(bins)Ratings": {
            "1": 0.027980050715270547,
            "2": 0.011167767202970339,
            "3": 0.01264939171057449,
            "4": 0.012926870644122313
        }
    },
    "user": 40,
    "size": 43175,
    "weights": [
        0.4522,
        1.4436,
        6.1591,
        7.9731,
        5.0534,
        1.7423,
        2.0058,
        0.0021,
        2.3629,
        0.109,
        1.6946,
        1.0147,
        0.1915,
        0.8229,
        1.2694,
        0.015,
        3.9407
    ]
}