{
    "metrics": {
        "RMSE": 0.43908398882188837,
        "LogLoss": 0.571391252565768,
        "RMSE(bins)": 0.11085028383383395,
        "ICI": 0.07216897485635197
    },
    "user": 4001,
    "size": 93795,
    "weights": [
        0.157,
        0.157,
        0.157,
        2.5425,
        5.0026,
        0.1048,
        1.375,
        0.0401,
        1.6034,
        0.0652,
        1.049,
        2.2146,
        0.0932,
        0.2189,
        2.6794,
        0.2788,
        1.742
    ]
}