{
    "metrics": {
        "RMSE": 0.2862241863514155,
        "LogLoss": 0.3024526544648032,
        "RMSE(bins)": 0.03886215338408637,
        "ICI": 0.02609442590913158
    },
    "user": 4004,
    "size": 382465,
    "weights": [
        0.6236,
        1.5317,
        5.8957,
        22.6574,
        4.8253,
        1.043,
        0.8352,
        0.0,
        1.9535,
        0.3134,
        1.6843,
        3.1101,
        0.0104,
        0.1038,
        3.0,
        0.1647,
        2.4808
    ]
}