{
    "metrics": {
        "RMSE": 0.44579820988722013,
        "LogLoss": 0.5977344482975339,
        "RMSE(bins)": 0.2426223901921666,
        "ICI": 0.12704271056053534
    },
    "user": 4063,
    "size": 525,
    "weights": [
        0.1069,
        0.4072,
        3.0283,
        11.5374,
        5.0019,
        1.2303,
        0.8512,
        0.0142,
        1.7315,
        0.033,
        1.107,
        2.0363,
        0.1801,
        0.2251,
        1.2599,
        0.1204,
        2.7849
    ]
}