{
    "FSRS-4.5": {
        "RMSE": 0.1849495703574317,
        "LogLoss": 0.15271148735350865,
        "RMSE(bins)": 0.014739736486312905,
        "RMSE(bins)Ratings": {
            "1": 0.051812687296960556,
            "2": 0.026116010962808984,
            "3": 0.01302822182760243,
            "4": 0.024457517253254082
        }
    },
    "user": 4087,
    "size": 30055,
    "weights": [
        1.6939,
        7.1107,
        9.8456,
        12.2309,
        4.5548,
        1.0263,
        1.9331,
        0.0,
        2.2801,
        0.1003,
        1.5947,
        1.9566,
        0.1458,
        0.3151,
        1.2584,
        0.3222,
        2.1867
    ]
}