{
    "metrics": {
        "RMSE": 0.16348717971721582,
        "LogLoss": 0.11044096322125478,
        "RMSE(bins)": 0.058486527490134506,
        "ICI": 0.011080692456280032
    },
    "user": 4131,
    "size": 5625,
    "weights": [
        0.7785,
        5.7026,
        9.1558,
        11.7528,
        4.8854,
        0.8412,
        0.742,
        0.1914,
        1.8772,
        0.0822,
        1.2482,
        2.0854,
        0.1233,
        0.2145,
        1.5233,
        0.628,
        3.3652
    ]
}