{
    "FSRS-4.5": {
        "RMSE": 0.3234743884981633,
        "LogLoss": 0.3622225915194837,
        "RMSE(bins)": 0.0540838517547822,
        "RMSE(bins)Ratings": {
            "1": 0.12708037710122902,
            "2": 0.09396537528733999,
            "3": 0.07371941291198618,
            "4": 0.09427975835438603
        }
    },
    "user": 414,
    "size": 4830,
    "weights": [
        0.8815,
        2.9882,
        5.8755,
        9.2214,
        4.9465,
        0.969,
        0.7127,
        0.1685,
        1.7792,
        0.1,
        1.1547,
        2.1459,
        0.0708,
        0.331,
        1.3431,
        0.3974,
        2.8808
    ]
}