{
    "FSRS-4.5": {
        "RMSE": 0.38437644260294757,
        "LogLoss": 0.4922103024603991,
        "RMSE(bins)": 0.12483265434960814,
        "RMSE(bins)Ratings": {
            "1": 0.2990662902571513,
            "3": 0.14238341919458455,
            "4": 0.14932576844588893
        }
    },
    "user": 4176,
    "size": 1065,
    "weights": [
        2.7343,
        2.7343,
        7.1688,
        9.5126,
        5.2244,
        1.2505,
        0.705,
        0.1598,
        1.5091,
        0.2548,
        0.8844,
        2.2494,
        0.01,
        0.4356,
        1.4734,
        0.219,
        2.6649
    ]
}