{
    "FSRS-4.5": {
        "RMSE": 0.20544672606247677,
        "LogLoss": 0.17731696145910952,
        "RMSE(bins)": 0.015955575864764225,
        "RMSE(bins)Ratings": {
            "1": 0.03440597928101881,
            "2": 0.03199074609461397,
            "3": 0.01416878018785863,
            "4": 0.34235916827512103
        }
    },
    "user": 4214,
    "size": 49165,
    "weights": [
        1.1072,
        2.5156,
        3.5878,
        4.5459,
        4.3768,
        0.3661,
        1.242,
        0.0,
        2.3056,
        0.1572,
        1.67,
        2.256,
        0.1455,
        0.4413,
        1.7589,
        0.4801,
        4.0
    ]
}