{
    "metrics": {
        "RMSE": 0.4554444612526443,
        "LogLoss": 0.6017586689887483,
        "RMSE(bins)": 0.12564356073312655,
        "ICI": 0.09562991603557838
    },
    "user": 4286,
    "size": 15595,
    "weights": [
        0.1547,
        1.1018,
        2.354,
        3.9047,
        5.1462,
        1.0992,
        0.8087,
        0.0545,
        1.5181,
        0.2691,
        0.8894,
        2.1416,
        0.0695,
        0.3182,
        1.5169,
        0.3713,
        2.3726
    ]
}