{
    "FSRS-4.5": {
        "RMSE": 0.23736064310760824,
        "LogLoss": 0.21054805822049724,
        "RMSE(bins)": 0.05731841307787703,
        "RMSE(bins)Ratings": {
            "1": 0.12264445717086274,
            "2": 0.2429688089483785,
            "3": 0.04950252020491978,
            "4": 0.8860384805995719
        }
    },
    "user": 4289,
    "size": 8110,
    "weights": [
        0.1487,
        0.7696,
        3.5878,
        3.8297,
        5.0574,
        1.5995,
        0.9184,
        0.0,
        1.7692,
        0.1,
        1.083,
        1.8753,
        0.1799,
        0.1114,
        1.0794,
        0.0168,
        1.9891
    ]
}