{
    "metrics": {
        "RMSE": 0.30048691602770206,
        "LogLoss": 0.3216391056573627,
        "RMSE(bins)": 0.03593295183070795,
        "ICI": 0.014106375350698693
    },
    "user": 4330,
    "size": 17495,
    "weights": [
        0.43,
        1.0636,
        4.137,
        9.7397,
        5.0654,
        0.855,
        0.8155,
        0.0,
        1.5684,
        0.2144,
        1.053,
        2.1958,
        0.0202,
        0.2816,
        1.7241,
        0.2114,
        2.3251
    ]
}