{
    "FSRS-4.5": {
        "RMSE": 0.2854035890375192,
        "LogLoss": 0.2936831634003229,
        "RMSE(bins)": 0.053202719360515814,
        "RMSE(bins)Ratings": {
            "1": 0.15148642710444682,
            "2": 0.08043396498187981,
            "3": 0.07589190932799465,
            "4": 0.07730895838029954
        }
    },
    "user": 4347,
    "size": 3430,
    "weights": [
        1.3513,
        1.9464,
        4.4441,
        9.6731,
        5.1915,
        1.0646,
        0.7915,
        0.0678,
        1.4671,
        0.4262,
        0.8535,
        2.1743,
        0.0689,
        0.3392,
        1.161,
        0.242,
        2.6089
    ]
}