{
    "metrics": {
        "RMSE": 0.2853771102022877,
        "LogLoss": 0.29568589361497555,
        "RMSE(bins)": 0.034234109076755954,
        "ICI": 0.018337057998194583
    },
    "user": 4351,
    "size": 24115,
    "weights": [
        0.5595,
        3.5653,
        6.6193,
        10.9355,
        4.9943,
        1.5024,
        1.1509,
        0.0,
        2.0109,
        0.2759,
        1.3875,
        2.3724,
        0.0266,
        0.377,
        2.0652,
        0.0993,
        2.9307
    ]
}