{
    "metrics": {
        "RMSE": 0.17223903723026007,
        "LogLoss": 0.14828211388222995,
        "RMSE(bins)": 0.09990880694318263,
        "ICI": 0.0744760847789292
    },
    "user": 4427,
    "size": 1430,
    "weights": [
        5.6292,
        12.58,
        35.9753,
        79.9471,
        5.0177,
        1.1303,
        0.6643,
        0.2048,
        1.7142,
        0.0468,
        1.0872,
        2.3464,
        0.01,
        0.5337,
        1.5698,
        0.219,
        2.7849
    ]
}