{
    "FSRS-4.5": {
        "RMSE": 0.2857411077041213,
        "LogLoss": 0.2800431448949088,
        "RMSE(bins)": 0.053085208803312474,
        "RMSE(bins)Ratings": {
            "1": 0.1853053452592042,
            "2": 0.0656645140725651,
            "3": 0.0482161701259043,
            "4": 0.06587024243138279
        }
    },
    "user": 4477,
    "size": 7560,
    "weights": [
        0.4876,
        0.4876,
        2.6365,
        11.3358,
        4.7583,
        0.7206,
        0.5916,
        0.2619,
        1.9241,
        0.1207,
        1.2682,
        2.1115,
        0.0539,
        0.2237,
        1.2147,
        0.4916,
        2.9305
    ]
}