{
    "FSRS-4.5": {
        "RMSE": 0.17986030506004655,
        "LogLoss": 0.1414396172919015,
        "RMSE(bins)": 0.03927053045096953,
        "ICI": 0.003947842747270728,
        "RMSE(bins)Ratings": {
            "1": 0.1588719245748446,
            "3": 0.03796779387038721,
            "4": 0.023513366040397554
        }
    },
    "user": 4514,
    "size": 5790,
    "weights": [
        6.5706,
        7.2026,
        8.2663,
        8.2663,
        4.8036,
        0.8337,
        0.7433,
        0.2673,
        1.931,
        0.1,
        1.3039,
        2.3194,
        0.0216,
        0.5004,
        1.533,
        0.392,
        2.9975
    ]
}