{
    "FSRS-4.5": {
        "RMSE": 0.3192343344935854,
        "LogLoss": 0.3484092572780994,
        "RMSE(bins)": 0.020856135896551522,
        "RMSE(bins)Ratings": {
            "1": 0.03634033568416122,
            "2": 0.10874571184100461,
            "3": 0.023301602984351102,
            "4": 0.18113259598949982
        }
    },
    "user": 4590,
    "size": 62160,
    "weights": [
        0.2238,
        0.2621,
        2.2236,
        3.2364,
        5.1179,
        1.0558,
        0.6847,
        0.0408,
        1.1659,
        0.1799,
        0.5993,
        1.263,
        0.196,
        0.7369,
        1.0343,
        0.0,
        1.7497
    ]
}