{
    "FSRS-4.5": {
        "RMSE": 0.46135277406700836,
        "LogLoss": 0.642225804345366,
        "RMSE(bins)": 0.15319144233084334,
        "RMSE(bins)Ratings": {
            "1": 0.20735034995309143,
            "2": 0.18794562717783672,
            "3": 0.18951964332364737,
            "4": 0.3190969053394076
        }
    },
    "user": 461,
    "size": 3040,
    "weights": [
        0.5011,
        0.74,
        0.7813,
        0.7813,
        5.4138,
        1.0805,
        0.9869,
        0.0344,
        1.2597,
        0.1,
        0.6297,
        2.005,
        0.1548,
        0.1892,
        1.1408,
        0.2212,
        2.3419
    ]
}