{
    "metrics": {
        "RMSE": 0.11551218202845706,
        "LogLoss": 0.06834680502108165,
        "RMSE(bins)": 0.015419701366602171,
        "ICI": 0.010613982024208058
    },
    "user": 4614,
    "size": 140320,
    "weights": [
        0.3665,
        1.4576,
        13.5086,
        15.0525,
        4.1984,
        2.146,
        2.7613,
        0.0,
        2.1564,
        0.0079,
        1.3413,
        0.5018,
        0.1982,
        0.8587,
        1.6705,
        0.2229,
        1.99
    ]
}