{
    "FSRS-4.5": {
        "RMSE": 0.1926948266836877,
        "LogLoss": 0.16712070038109578,
        "RMSE(bins)": 0.08739045128451978,
        "RMSE(bins)Ratings": {
            "1": 0.11002140129609314,
            "2": 0.10542605373468054,
            "3": 0.10285121737194293,
            "4": 0.10707636541222589
        }
    },
    "user": 4618,
    "size": 3135,
    "weights": [
        0.5614,
        7.2033,
        7.451,
        9.0735,
        4.857,
        0.8645,
        0.7066,
        0.2169,
        1.8727,
        0.1,
        1.2482,
        2.1504,
        0.0682,
        0.3641,
        1.1901,
        0.3095,
        2.9573
    ]
}