{
    "FSRS-4.5": {
        "RMSE": 0.39792944969586974,
        "LogLoss": 0.4960244583189738,
        "RMSE(bins)": 0.06386092166750705,
        "RMSE(bins)Ratings": {
            "1": 0.16896473162244974,
            "3": 0.1112520289461255
        }
    },
    "user": 4638,
    "size": 740,
    "weights": [
        0.2269,
        0.4414,
        1.1975,
        2.3294,
        4.9809,
        0.9009,
        0.78,
        0.06,
        1.6894,
        0.2594,
        1.0591,
        2.16,
        0.06,
        0.31,
        1.34,
        0.21,
        2.69
    ]
}