{
    "metrics": {
        "RMSE": 0.37164227724471227,
        "LogLoss": 0.44119220179049773,
        "RMSE(bins)": 0.09225798243876708,
        "ICI": 0.0237804360567443
    },
    "user": 4644,
    "size": 4715,
    "weights": [
        0.4011,
        0.9243,
        3.2335,
        7.4517,
        5.4739,
        1.5878,
        0.9178,
        0.0053,
        1.3356,
        0.4198,
        0.7345,
        2.0481,
        0.1444,
        0.2978,
        1.3563,
        0.6987,
        2.5931
    ]
}