{
    "metrics": {
        "RMSE": 0.2929912210764372,
        "LogLoss": 0.30212863003064006,
        "RMSE(bins)": 0.03952397647787516,
        "ICI": 0.011177856846641658
    },
    "user": 4650,
    "size": 36665,
    "weights": [
        0.3719,
        0.4179,
        3.5878,
        8.8907,
        4.6828,
        1.4293,
        0.8674,
        0.0,
        1.6562,
        0.1997,
        1.0729,
        2.1055,
        0.1866,
        0.4721,
        1.3205,
        0.1382,
        4.0
    ]
}