{
    "FSRS-4.5": {
        "RMSE": 0.47182036170428887,
        "LogLoss": 0.6375508395261851,
        "RMSE(bins)": 0.08633123318420136,
        "RMSE(bins)Ratings": {
            "1": 0.038799872451768413,
            "2": 0.22213153117353365,
            "4": 0.2590025328692385
        }
    },
    "user": 4737,
    "size": 2695,
    "weights": [
        1.9405,
        0.7815,
        1.9405,
        10.8024,
        5.2352,
        1.11,
        0.9515,
        0.0,
        1.4587,
        0.1679,
        0.8297,
        2.094,
        0.1193,
        0.2872,
        1.3402,
        0.2071,
        2.6321
    ]
}