{
    "FSRS-4.5": {
        "RMSE": 0.3100517167369915,
        "LogLoss": 0.3387496756590349,
        "RMSE(bins)": 0.03916317164806244,
        "RMSE(bins)Ratings": {
            "1": 0.09133450534290961,
            "2": 0.19186593368768826,
            "3": 0.0340978986695768,
            "4": 0.0999563358975126
        }
    },
    "user": 4786,
    "size": 37635,
    "weights": [
        0.496,
        2.9231,
        2.9231,
        2.9231,
        5.8714,
        1.6252,
        1.6322,
        0.0533,
        1.633,
        0.105,
        1.0511,
        1.9667,
        0.1826,
        0.5271,
        1.7312,
        0.2981,
        3.9974
    ]
}