{
    "metrics": {
        "RMSE": 0.37166046175874823,
        "LogLoss": 0.4474415719409457,
        "RMSE(bins)": 0.03173148299000346,
        "ICI": 0.01947514414709493
    },
    "user": 4816,
    "size": 180430,
    "weights": [
        0.286,
        0.4848,
        1.0698,
        4.2672,
        6.4895,
        1.1451,
        0.9555,
        0.0,
        1.5493,
        0.2564,
        1.0211,
        2.268,
        0.0139,
        0.1652,
        2.1195,
        0.3432,
        4.2595
    ]
}