{
    "metrics": {
        "RMSE": 0.3817141509792548,
        "LogLoss": 0.4856113667605193,
        "RMSE(bins)": 0.12900002614055006,
        "ICI": 0.07137624266196527
    },
    "user": 4858,
    "size": 59075,
    "weights": [
        0.2674,
        0.5279,
        2.9388,
        43.2896,
        5.4437,
        1.0504,
        0.9603,
        0.208,
        1.316,
        0.5315,
        0.6745,
        1.7809,
        0.011,
        0.1381,
        3.0,
        0.5951,
        3.2896
    ]
}