{
    "metrics": {
        "RMSE": 0.4235367238981878,
        "LogLoss": 0.5396218726527258,
        "RMSE(bins)": 0.03312361182647704,
        "ICI": 0.025321872695728442,
        "RMSE(bins)Ratings": {
            "1": 0.06214573510551774,
            "2": 0.050387400367995536,
            "3": 0.031863322456367006,
            "4": 0.036578413253882315
        }
    },
    "user": 4874,
    "size": 61695,
    "weights": [
        0.126,
        0.2749,
        0.8859,
        2.0319,
        5.6637,
        0.7692,
        0.4204,
        0.0029,
        1.1464,
        0.3039,
        0.6399,
        2.0065,
        0.01,
        0.2268,
        0.8836,
        0.3941,
        1.5632
    ]
}