{
    "metrics": {
        "RMSE": 0.3775944834803707,
        "LogLoss": 0.45822120174391257,
        "RMSE(bins)": 0.16648089104313854,
        "ICI": 0.08017724660067614
    },
    "user": 4879,
    "size": 4975,
    "weights": [
        0.5482,
        0.6637,
        0.8843,
        17.5586,
        5.1851,
        0.883,
        0.9143,
        0.2167,
        1.6329,
        0.1381,
        1.0474,
        2.0448,
        0.1123,
        0.2207,
        1.4469,
        0.1126,
        2.8904
    ]
}