{
    "metrics": {
        "RMSE": 0.3413680348738868,
        "LogLoss": 0.3883910419417989,
        "RMSE(bins)": 0.07050737631263945,
        "ICI": 0.052459824084834704
    },
    "user": 4901,
    "size": 13460,
    "weights": [
        0.01,
        0.01,
        0.4702,
        10.9355,
        5.583,
        1.7975,
        1.8832,
        0.0,
        1.6588,
        0.181,
        1.0775,
        1.9506,
        0.1977,
        0.4354,
        1.5289,
        0.7866,
        3.4125
    ]
}