{
    "metrics": {
        "RMSE": 0.3311683511041285,
        "LogLoss": 0.3664262102503798,
        "RMSE(bins)": 0.031994726981251234,
        "ICI": 0.01358022156214496
    },
    "user": 4994,
    "size": 69155,
    "weights": [
        0.3153,
        0.5136,
        1.2848,
        10.9355,
        4.5213,
        0.7116,
        0.9035,
        0.0069,
        1.935,
        0.1003,
        1.3255,
        2.1467,
        0.1752,
        0.2534,
        2.5991,
        0.2038,
        4.7601
    ]
}