{
    "FSRS-4.5": {
        "RMSE": 0.4091287851646733,
        "LogLoss": 0.5219598695279726,
        "RMSE(bins)": 0.08527825119179688,
        "RMSE(bins)Ratings": {
            "1": 0.10691925732225145,
            "2": 0.09485715753215762,
            "3": 0.13212835694603484,
            "4": 0.14712140797614406
        }
    },
    "user": 5048,
    "size": 9515,
    "weights": [
        0.8214,
        3.3559,
        3.3559,
        13.2494,
        5.4316,
        1.0747,
        0.8953,
        0.156,
        1.2765,
        0.4824,
        0.6499,
        2.1874,
        0.0106,
        0.3824,
        0.9993,
        0.0,
        2.4079
    ]
}