{
    "FSRS-4.5": {
        "RMSE": 0.3210469181028518,
        "LogLoss": 0.3768406850590639,
        "RMSE(bins)": 0.14028193904155042,
        "ICI": 0.0919888490100867,
        "RMSE(bins)Ratings": {
            "1": 0.21907507777151622,
            "2": 0.15422105946385548,
            "3": 0.09731483707606833,
            "4": 0.0712658486139945
        }
    },
    "user": 5050,
    "size": 18850,
    "weights": [
        2.0601,
        6.3309,
        34.1051,
        81.7053,
        5.3445,
        1.2909,
        0.8582,
        0.2617,
        1.491,
        0.4506,
        0.8854,
        2.0448,
        0.1334,
        0.2338,
        1.3223,
        0.4074,
        2.6408
    ]
}