{
    "FSRS-4.5": {
        "RMSE": 0.24982747616344192,
        "LogLoss": 0.23530890193098683,
        "RMSE(bins)": 0.007796211728244129,
        "RMSE(bins)Ratings": {
            "1": 0.023502556060843102,
            "2": 0.12559238194600844,
            "3": 0.006831305168665183,
            "4": 0.031601216828229174
        }
    },
    "user": 5076,
    "size": 288260,
    "weights": [
        1.0948,
        1.0948,
        4.5002,
        16.8335,
        1.9113,
        3.536,
        1.9753,
        0.0,
        2.8078,
        0.7705,
        1.4765,
        2.5329,
        0.0347,
        0.3155,
        1.9919,
        0.4673,
        1.9654
    ]
}