{
    "metrics": {
        "RMSE": 0.29917559743944955,
        "LogLoss": 0.30971425435089406,
        "RMSE(bins)": 0.048884674793528086,
        "ICI": 0.02715745990255398,
        "RMSE(bins)Ratings": {
            "1": 0.10367409336831941,
            "2": 0.09648771487815577,
            "3": 0.050840426122944114,
            "4": 0.08659986965591523
        }
    },
    "user": 5078,
    "size": 5120,
    "weights": [
        0.3906,
        1.1357,
        7.438,
        36.3816,
        4.8722,
        0.9307,
        0.6751,
        0.254,
        1.8801,
        0.1,
        1.2614,
        2.3283,
        0.0312,
        0.4174,
        1.52,
        0.1229,
        2.7241
    ]
}