{
    "metrics": {
        "RMSE": 0.34057222734341946,
        "LogLoss": 0.3870740801820712,
        "RMSE(bins)": 0.04692364758634391,
        "ICI": 0.024904076466463265
    },
    "user": 5097,
    "size": 83245,
    "weights": [
        0.2911,
        0.2911,
        1.6145,
        44.8318,
        4.9404,
        1.7857,
        1.073,
        0.0188,
        1.5329,
        0.0691,
        0.8571,
        1.7832,
        0.1704,
        0.4656,
        1.1318,
        0.0684,
        5.6338
    ]
}