{
    "metrics": {
        "RMSE": 0.25643365922610456,
        "LogLoss": 0.24430007306935783,
        "RMSE(bins)": 0.04131307861776636,
        "ICI": 0.013152788044848589
    },
    "user": 5146,
    "size": 6890,
    "weights": [
        0.9154,
        2.2714,
        3.3031,
        25.3872,
        4.9554,
        0.9947,
        0.9034,
        0.0036,
        1.8603,
        0.0875,
        1.2549,
        2.1636,
        0.1501,
        0.3395,
        1.6531,
        0.0257,
        2.5997
    ]
}