{
    "FSRS-4.5": {
        "RMSE": 0.42132489861724737,
        "LogLoss": 0.5611845702731673,
        "RMSE(bins)": 0.15856092645578843,
        "RMSE(bins)Ratings": {
            "1": 0.15439199681051183,
            "2": 0.10253832711845634,
            "3": 0.3145115713705456,
            "4": 0.4559814207856322
        }
    },
    "user": 5149,
    "size": 19810,
    "weights": [
        0.106,
        1.3675,
        1.3675,
        23.0376,
        5.1679,
        0.952,
        0.7837,
        0.0,
        1.363,
        0.8,
        0.7095,
        2.2292,
        0.0757,
        0.3556,
        1.4398,
        0.0411,
        3.4458
    ]
}