{
    "metrics": {
        "RMSE": 0.4185069197133894,
        "LogLoss": 0.5249730438078197,
        "RMSE(bins)": 0.07494381522425524,
        "ICI": 0.05522439301706086
    },
    "user": 5151,
    "size": 10100,
    "weights": [
        0.1582,
        0.1992,
        1.8151,
        7.9188,
        5.1413,
        1.1877,
        0.7282,
        0.0255,
        1.5734,
        0.002,
        0.95,
        2.1059,
        0.1285,
        0.3223,
        1.336,
        0.0745,
        3.2024
    ]
}