{
    "metrics": {
        "RMSE": 0.37329925022057664,
        "LogLoss": 0.4354988120164305,
        "RMSE(bins)": 0.1534391269337188,
        "ICI": 0.07912678538054757
    },
    "user": 5192,
    "size": 1675,
    "weights": [
        0.2389,
        1.0067,
        4.4162,
        8.4326,
        4.9801,
        1.2806,
        0.6781,
        0.1942,
        1.8079,
        0.0,
        1.1714,
        2.1819,
        0.0526,
        0.3603,
        1.1942,
        0.0466,
        3.016
    ]
}