{
    "metrics": {
        "RMSE": 0.4459737250731874,
        "LogLoss": 0.5795250106143907,
        "RMSE(bins)": 0.04496331590893804,
        "ICI": 0.017969752671714037
    },
    "user": 5242,
    "size": 6340,
    "weights": [
        0.1366,
        0.3368,
        1.3043,
        3.2166,
        5.2084,
        1.267,
        0.8944,
        0.0508,
        1.5243,
        0.0,
        0.9205,
        2.0927,
        0.0995,
        0.2875,
        1.574,
        0.0466,
        2.8326
    ]
}