{
    "FSRS-4.5": {
        "RMSE": 0.29502889129269383,
        "LogLoss": 0.32804288036537654,
        "RMSE(bins)": 0.05649205150348199,
        "RMSE(bins)Ratings": {
            "1": 0.1266203958465454,
            "2": 0.13992714590069086,
            "3": 0.02645838077668457,
            "4": 0.23582756643096714
        }
    },
    "user": 5310,
    "size": 10060,
    "weights": [
        0.3063,
        2.665,
        3.5878,
        4.3744,
        4.8626,
        0.8256,
        0.7532,
        0.1214,
        1.9243,
        0.2905,
        1.2953,
        2.035,
        0.131,
        0.3249,
        1.6233,
        0.0,
        2.0278
    ]
}