{
    "FSRS-4.5": {
        "RMSE": 0.3056132985990766,
        "LogLoss": 0.3228408886255021,
        "RMSE(bins)": 0.022408304288986335,
        "RMSE(bins)Ratings": {
            "1": 0.06171643686570117,
            "2": 0.1201944341383106,
            "3": 0.021611651121829275,
            "4": 0.07815750872543056
        }
    },
    "user": 5315,
    "size": 11110,
    "weights": [
        1.1543,
        1.8821,
        3.9188,
        16.072,
        5.1731,
        1.2222,
        1.0779,
        0.0,
        1.6737,
        0.1789,
        1.0471,
        2.2485,
        0.01,
        0.2909,
        1.0776,
        0.0811,
        3.1001
    ]
}