{
    "metrics": {
        "RMSE": 0.4095191902592191,
        "LogLoss": 0.5335914249332712,
        "RMSE(bins)": 0.109532465067405,
        "ICI": 0.04774100996438576
    },
    "user": 5326,
    "size": 5065,
    "weights": [
        1.1956,
        1.1956,
        1.419,
        7.9731,
        5.3039,
        0.7006,
        0.9893,
        0.1952,
        1.4178,
        0.1736,
        0.8285,
        1.9724,
        0.1943,
        0.1962,
        1.1473,
        0.0,
        2.6747
    ]
}