{
    "FSRS-4.5": {
        "RMSE": 0.27833830465018106,
        "LogLoss": 0.2672685176145251,
        "RMSE(bins)": 0.018592768347914793,
        "ICI": 0.013318340896841368,
        "RMSE(bins)Ratings": {
            "1": 0.07789449724275185,
            "2": 0.060784027977596,
            "3": 0.01334364497181576,
            "4": 0.017690275556102985
        }
    },
    "user": 5332,
    "size": 72965,
    "weights": [
        0.7534,
        2.2293,
        11.1676,
        24.1701,
        5.3753,
        1.5761,
        0.8368,
        0.005,
        1.8717,
        0.312,
        1.2506,
        2.0179,
        0.1653,
        0.5752,
        0.129,
        0.0278,
        3.793
    ]
}