{
    "metrics": {
        "RMSE": 0.3106634616649389,
        "LogLoss": 0.3330400935284105,
        "RMSE(bins)": 0.1915206896016521,
        "ICI": 0.09913715909032145,
        "RMSE(bins)Ratings": {
            "1": 0.5343850916915832,
            "2": 0.4369776007484418,
            "3": 0.28277936437609835,
            "4": 0.21227532884797395
        }
    },
    "user": 5344,
    "size": 1510,
    "weights": [
        1.9541,
        3.834,
        10.5364,
        20.6724,
        4.986,
        1.2496,
        0.7031,
        0.0,
        1.7482,
        0.1,
        1.1233,
        2.2512,
        0.01,
        0.4391,
        1.4736,
        0.3388,
        2.904
    ]
}