{
    "metrics": {
        "RMSE": 0.24822032689656573,
        "LogLoss": 0.2412039062950528,
        "RMSE(bins)": 0.04660770220784843,
        "ICI": 0.023927730170805146
    },
    "user": 5354,
    "size": 295,
    "weights": [
        1.0793,
        2.7329,
        7.8348,
        20.7019,
        5.1443,
        1.2006,
        0.8627,
        0.0362,
        1.629,
        0.1342,
        1.0166,
        2.1174,
        0.0839,
        0.3204,
        1.4676,
        0.219,
        2.8237
    ]
}