{
    "metrics": {
        "RMSE": 0.29069288482570044,
        "LogLoss": 0.29991991007509594,
        "RMSE(bins)": 0.07475187918323942,
        "ICI": 0.013484228885996265
    },
    "user": 5377,
    "size": 112095,
    "weights": [
        0.3688,
        3.5103,
        6.0467,
        8.689,
        4.9011,
        1.6696,
        0.4112,
        0.0196,
        2.092,
        0.5627,
        1.2471,
        1.4912,
        0.1738,
        0.4556,
        0.8417,
        0.994,
        2.4166
    ]
}