{
    "metrics": {
        "RMSE": 0.20685713913331003,
        "LogLoss": 0.18127904422807636,
        "RMSE(bins)": 0.07312169977210858,
        "ICI": 0.03179967845464797
    },
    "user": 5403,
    "size": 2410,
    "weights": [
        1.5883,
        8.5533,
        19.8322,
        40.8563,
        4.969,
        0.8315,
        0.9026,
        0.0096,
        1.7616,
        0.049,
        1.1343,
        2.2422,
        0.01,
        0.4227,
        1.3121,
        0.0875,
        3.0518
    ]
}