{
    "metrics": {
        "RMSE": 0.33116403697955527,
        "LogLoss": 0.3527424298882854,
        "RMSE(bins)": 0.1543223730037406,
        "ICI": 0.06498541333650443
    },
    "user": 5484,
    "size": 7285,
    "weights": [
        0.8615,
        1.264,
        8.8413,
        32.3364,
        5.0522,
        1.2041,
        0.8648,
        0.1382,
        1.777,
        0.0,
        1.1697,
        2.1298,
        0.0395,
        0.2937,
        1.5294,
        0.1494,
        3.422
    ]
}