{
    "FSRS-4.5": {
        "RMSE": 0.3463114622377639,
        "LogLoss": 0.3871633340021387,
        "RMSE(bins)": 0.07358976443757018,
        "RMSE(bins)Ratings": {
            "1": 0.12862082758853136,
            "2": 0.11391284984739035,
            "3": 0.07117117843327697,
            "4": 0.25964796837053356
        }
    },
    "user": 5496,
    "size": 5315,
    "weights": [
        0.3394,
        0.7826,
        2.7402,
        5.52,
        5.1,
        1.02,
        0.78,
        0.06,
        1.57,
        0.14,
        0.94,
        2.16,
        0.06,
        0.31,
        1.34,
        0.21,
        2.69
    ]
}