{
    "FSRS-4.5": {
        "RMSE": 0.46727028013168487,
        "LogLoss": 0.6458776332235449,
        "RMSE(bins)": 0.1483275408090808,
        "ICI": 0.10379281562548293,
        "RMSE(bins)Ratings": {
            "1": 0.1868292770795704,
            "2": 0.2943067539155239,
            "3": 0.10306174041584852,
            "4": 0.17661793973092066
        }
    },
    "user": 5538,
    "size": 3550,
    "weights": [
        0.2672,
        0.2672,
        2.0284,
        2.0284,
        5.5159,
        1.4227,
        1.0459,
        0.0043,
        1.2129,
        0.3162,
        0.5742,
        2.1263,
        0.0799,
        0.3466,
        1.3669,
        0.0,
        2.4547
    ]
}