{
    "metrics": {
        "RMSE": 0.23141767862083376,
        "LogLoss": 0.23778911043538914,
        "RMSE(bins)": 0.06369830246974448,
        "ICI": 0.03575143234404449
    },
    "user": 5609,
    "size": 3245,
    "weights": [
        0.5041,
        3.5002,
        6.3657,
        36.6556,
        5.0644,
        1.1085,
        1.0813,
        0.0,
        1.717,
        0.0644,
        1.0895,
        2.2622,
        0.01,
        0.4649,
        1.7709,
        0.0,
        3.2317
    ]
}