{
    "metrics": {
        "RMSE": 0.33038172926415793,
        "LogLoss": 0.37655622751787005,
        "RMSE(bins)": 0.07965982446484252,
        "ICI": 0.0366907091136902
    },
    "user": 563,
    "size": 3955,
    "weights": [
        0.6137,
        3.0202,
        5.2219,
        7.5224,
        5.0293,
        0.9153,
        0.5179,
        0.0,
        1.4779,
        0.141,
        0.8543,
        2.0869,
        0.1059,
        0.2719,
        1.4468,
        0.1423,
        2.5117
    ]
}