{
    "FSRS-4.5": {
        "RMSE": 0.25580985455256144,
        "LogLoss": 0.24172693381912055,
        "RMSE(bins)": 0.09686735271762209,
        "RMSE(bins)Ratings": {
            "1": 0.44524763417544694,
            "2": 0.08448168195880075,
            "3": 0.16406937983916187,
            "4": 0.07343369531221522
        }
    },
    "user": 5644,
    "size": 1915,
    "weights": [
        1.0527,
        1.1022,
        1.1271,
        8.9126,
        5.2673,
        0.9689,
        0.9956,
        0.0,
        1.5218,
        0.1157,
        0.8976,
        1.942,
        0.2,
        0.1183,
        1.1778,
        0.2031,
        2.6504
    ]
}