{
    "FSRS-4.5": {
        "RMSE": 0.3619510840688265,
        "LogLoss": 0.42248482588199854,
        "RMSE(bins)": 0.04727993302056166,
        "RMSE(bins)Ratings": {
            "1": 0.12085676031228437,
            "2": 0.08781062561197077,
            "3": 0.05459448402494546,
            "4": 0.04388692601603794
        }
    },
    "user": 5650,
    "size": 4805,
    "weights": [
        0.2312,
        0.6782,
        3.4079,
        7.9731,
        5.0343,
        1.1712,
        0.6679,
        0.0856,
        1.6628,
        0.2275,
        1.0267,
        2.1059,
        0.1609,
        0.393,
        1.2853,
        0.3423,
        3.2787
    ]
}