{
    "metrics": {
        "RMSE": 0.3046467697376947,
        "LogLoss": 0.31041411015820203,
        "RMSE(bins)": 0.06970532992637819,
        "ICI": 0.040486133677640465
    },
    "user": 570,
    "size": 4340,
    "weights": [
        1.0901,
        3.0276,
        7.407,
        10.4598,
        4.9875,
        1.0862,
        0.7207,
        0.0825,
        1.8845,
        0.0,
        1.2517,
        2.1002,
        0.1073,
        0.2908,
        1.1808,
        0.2437,
        3.1593
    ]
}