{
    "FSRS-4.5": {
        "RMSE": 0.3524232168850709,
        "LogLoss": 0.39274824304436523,
        "RMSE(bins)": 0.14836488761588174,
        "RMSE(bins)Ratings": {
            "1": 0.27746814272898424,
            "2": 0.14005335232393298,
            "3": 0.14772867358727337,
            "4": 0.1009185258372781
        }
    },
    "user": 5741,
    "size": 2825,
    "weights": [
        1.5328,
        4.044,
        4.044,
        21.8456,
        5.174,
        0.9318,
        0.6661,
        0.1336,
        1.4476,
        0.2949,
        0.8139,
        2.0221,
        0.1882,
        0.1771,
        1.277,
        0.5243,
        2.9002
    ]
}