{
    "metrics": {
        "RMSE": 0.4100317317185898,
        "LogLoss": 0.5377679935424341,
        "RMSE(bins)": 0.14246823298193823,
        "ICI": 0.0760922676062591
    },
    "user": 5747,
    "size": 45415,
    "weights": [
        6.1633,
        6.1633,
        6.1633,
        26.2442,
        5.6758,
        1.0643,
        0.8729,
        0.6136,
        0.8625,
        0.8,
        0.2513,
        2.2766,
        0.0175,
        0.3409,
        0.5436,
        0.3225,
        2.0037
    ]
}