{
    "metrics": {
        "RMSE": 0.07518818750312772,
        "LogLoss": 0.03431423053627348,
        "RMSE(bins)": 0.022707642036338536,
        "ICI": 0.009480054477575132
    },
    "user": 5761,
    "size": 24000,
    "weights": [
        0.6439,
        3.9246,
        59.059,
        100.0,
        3.6022,
        1.4632,
        1.4512,
        0.0617,
        3.0,
        0.1,
        2.3669,
        1.843,
        0.1286,
        0.1399,
        2.0,
        1.0,
        2.7849
    ]
}