{
    "FSRS-4.5": {
        "RMSE": 0.447808265931518,
        "LogLoss": 0.5891222975737409,
        "RMSE(bins)": 0.05796343478168734,
        "RMSE(bins)Ratings": {
            "1": 0.06710445344654888,
            "2": 0.24516093337848238,
            "3": 0.055405580595316695
        }
    },
    "user": 5842,
    "size": 2810,
    "weights": [
        0.1289,
        0.796,
        0.8746,
        0.9313,
        5.3052,
        1.3061,
        0.9476,
        0.0445,
        1.395,
        0.123,
        0.7805,
        2.0173,
        0.1855,
        0.2275,
        1.2557,
        0.0692,
        2.7849
    ]
}