{
    "FSRS-4.5": {
        "RMSE": 0.08553690250892888,
        "LogLoss": 0.072498530779296,
        "RMSE(bins)": 0.07826367772617719,
        "RMSE(bins)Ratings": {
            "1": 0.12861554465641212,
            "2": 0.09806499369100793,
            "3": 0.10750689224508113,
            "4": 0.0751757904690674
        }
    },
    "user": 5899,
    "size": 850,
    "weights": [
        0.5205,
        1.4267,
        2.5063,
        10.6421,
        4.9215,
        1.1982,
        0.8401,
        0.0,
        1.7475,
        0.1,
        1.1172,
        2.2846,
        0.01,
        0.4336,
        1.4649,
        0.4212,
        2.8632
    ]
}