{
    "metrics": {
        "RMSE": 0.0941391988096671,
        "LogLoss": 0.052214494773978305,
        "RMSE(bins)": 0.027219557770764565,
        "ICI": 0.011874631231930553
    },
    "user": 5901,
    "size": 7070,
    "weights": [
        1.4436,
        1.4436,
        27.77,
        29.4636,
        4.5616,
        1.8303,
        0.7791,
        0.183,
        2.2488,
        0.0,
        1.5963,
        2.251,
        0.0399,
        0.4477,
        1.6836,
        0.5329,
        3.4104
    ]
}