{
    "FSRS-4.5": {
        "RMSE": 0.2030873325191649,
        "LogLoss": 0.17985257802331012,
        "RMSE(bins)": 0.03452024232780395,
        "RMSE(bins)Ratings": {
            "1": 0.12499685823859089,
            "2": 0.05431248782678621,
            "3": 0.036390032637670426,
            "4": 0.05431373563654848
        }
    },
    "user": 5919,
    "size": 138250,
    "weights": [
        0.9623,
        0.9623,
        12.8391,
        12.8391,
        4.3409,
        2.3958,
        3.2431,
        0.0,
        3.0,
        0.1,
        2.3163,
        1.6597,
        0.1516,
        0.2008,
        1.6087,
        0.0817,
        2.9753
    ]
}