{
    "metrics": {
        "RMSE": 0.322963797227757,
        "LogLoss": 0.3585712384801126,
        "RMSE(bins)": 0.03750484572060451,
        "ICI": 0.027227914489629343
    },
    "user": 5926,
    "size": 144075,
    "weights": [
        0.8292,
        1.4833,
        3.5488,
        11.3396,
        5.2774,
        1.118,
        0.9426,
        0.0074,
        1.7411,
        0.2557,
        1.2526,
        1.9256,
        0.0256,
        0.2743,
        1.7928,
        0.0771,
        2.917
    ]
}