{
    "FSRS-4.5": {
        "RMSE": 0.2991197417522237,
        "LogLoss": 0.3183208781247682,
        "RMSE(bins)": 0.027878096919785822,
        "RMSE(bins)Ratings": {
            "1": 0.059044813130464766,
            "2": 0.3060856802073372,
            "3": 0.01618336292730863,
            "4": 0.0653228539654163
        }
    },
    "user": 6097,
    "size": 38545,
    "weights": [
        0.4895,
        0.4895,
        1.5662,
        3.4009,
        5.1368,
        1.3511,
        0.8341,
        0.0,
        1.6828,
        0.1308,
        1.0719,
        2.2091,
        0.092,
        0.4099,
        1.7841,
        0.0408,
        3.2114
    ]
}