{
    "metrics": {
        "RMSE": 0.3495079793472791,
        "LogLoss": 0.3981783877180129,
        "RMSE(bins)": 0.17073567883065235,
        "ICI": 0.06426462974530212
    },
    "user": 6143,
    "size": 14895,
    "weights": [
        13.5419,
        13.5419,
        25.474,
        25.474,
        5.4177,
        0.7508,
        0.8565,
        0.2538,
        1.1785,
        0.6424,
        0.5416,
        2.1241,
        0.1581,
        0.3368,
        1.5202,
        0.0515,
        2.1349
    ]
}