{
    "metrics": {
        "RMSE": 0.448004897483976,
        "LogLoss": 0.5927417787146373,
        "RMSE(bins)": 0.13090026434730503,
        "ICI": 0.05461984778159281
    },
    "user": 6171,
    "size": 1875,
    "weights": [
        0.6301,
        1.8763,
        3.975,
        6.5569,
        5.2325,
        1.2427,
        0.9066,
        0.0,
        1.5304,
        0.2259,
        0.9046,
        2.0914,
        0.1223,
        0.2772,
        1.2727,
        0.1201,
        2.7455
    ]
}