{
    "metrics": {
        "RMSE": 0.3635924459405184,
        "LogLoss": 0.4492316850720061,
        "RMSE(bins)": 0.07547706050870362,
        "ICI": 0.06690579294571176,
        "RMSE(bins)Ratings": {
            "1": 0.09904953099427048,
            "2": 0.07120566203614664,
            "3": 0.11681145549499777,
            "4": 0.29778290216157055
        }
    },
    "user": 6183,
    "size": 101965,
    "weights": [
        1.6092,
        1.6092,
        1.6092,
        35.2286,
        5.4269,
        0.1,
        1.2976,
        0.1713,
        1.6135,
        0.7698,
        0.8819,
        0.9194,
        0.1607,
        0.8502,
        1.4755,
        0.9717,
        3.1022
    ]
}