{
    "metrics": {
        "RMSE": 0.24500759536562652,
        "LogLoss": 0.2292662718302391,
        "RMSE(bins)": 0.026503835575316572,
        "ICI": 0.00781551762463653
    },
    "user": 6187,
    "size": 46140,
    "weights": [
        0.6628,
        1.4337,
        4.5609,
        9.8655,
        5.2589,
        2.0874,
        1.0479,
        0.0126,
        1.9252,
        0.1419,
        1.2521,
        1.7313,
        0.195,
        0.5754,
        0.4554,
        1.0,
        4.7407
    ]
}