{
    "metrics": {
        "RMSE": 0.40728287892134296,
        "LogLoss": 0.5101849559493646,
        "RMSE(bins)": 0.061886686418985766,
        "ICI": 0.04036996070205939
    },
    "user": 6226,
    "size": 58295,
    "weights": [
        0.1767,
        0.3507,
        0.9973,
        5.3057,
        5.0197,
        0.6267,
        0.9051,
        0.0009,
        1.4642,
        0.1428,
        0.8215,
        1.9662,
        0.1481,
        0.2532,
        2.3338,
        0.3247,
        1.0
    ]
}