{
    "metrics": {
        "RMSE": 0.26448904793480926,
        "LogLoss": 0.26031740036867956,
        "RMSE(bins)": 0.13860614270136415,
        "ICI": 0.05948385627226999
    },
    "user": 624,
    "size": 3365,
    "weights": [
        0.5177,
        1.4132,
        6.3731,
        7.9731,
        5.2361,
        1.21,
        0.4963,
        0.3656,
        1.4568,
        0.4019,
        0.8258,
        2.2336,
        0.0187,
        0.3734,
        1.4428,
        0.5995,
        2.7849
    ]
}