{
    "FSRS-4.5": {
        "RMSE": 0.35216528921679363,
        "LogLoss": 0.4195943647893718,
        "RMSE(bins)": 0.06021622183709424,
        "RMSE(bins)Ratings": {
            "1": 0.11344431303832071,
            "2": 0.04641150604871614,
            "3": 0.050253240162723534,
            "4": 0.06610078469424786
        }
    },
    "user": 6274,
    "size": 48770,
    "weights": [
        1.3452,
        2.2744,
        4.1172,
        21.6921,
        6.1037,
        2.3058,
        0.7487,
        0.2601,
        1.5096,
        0.4522,
        0.958,
        1.9522,
        0.1554,
        0.2999,
        2.0,
        0.4293,
        3.4548
    ]
}