{
    "metrics": {
        "RMSE": 0.10353155415960145,
        "LogLoss": 0.05103245967453625,
        "RMSE(bins)": 0.02355760042408817,
        "ICI": 0.00908508372119807
    },
    "user": 6292,
    "size": 65385,
    "weights": [
        8.8618,
        18.6855,
        57.2111,
        57.2111,
        2.7639,
        0.1013,
        2.0878,
        0.1402,
        3.0,
        0.1,
        2.5,
        2.0696,
        0.1445,
        0.3883,
        1.9757,
        0.2073,
        4.0
    ]
}