{
    "FSRS-4.5": {
        "RMSE": 0.4325744823738848,
        "LogLoss": 0.554029103419576,
        "RMSE(bins)": 0.042243118756025114,
        "RMSE(bins)Ratings": {
            "1": 0.10291919499927771,
            "2": 0.06962607277502622,
            "3": 0.03206302498057708,
            "4": 0.031232290292047143
        }
    },
    "user": 6427,
    "size": 66830,
    "weights": [
        0.1084,
        2.0422,
        10.7961,
        32.7625,
        4.6123,
        1.4216,
        0.2692,
        0.0019,
        1.2541,
        0.1844,
        0.6368,
        2.1815,
        0.0205,
        0.1674,
        0.4484,
        0.4756,
        1.0153
    ]
}