{
    "FSRS-4.5": {
        "RMSE": 0.3212281638225034,
        "LogLoss": 0.3569062181910971,
        "RMSE(bins)": 0.017130162019491763,
        "RMSE(bins)Ratings": {
            "1": 0.03262515936988592,
            "2": 0.020820964032253225,
            "3": 0.018684526460138576,
            "4": 0.08283323461105155
        }
    },
    "user": 6442,
    "size": 136780,
    "weights": [
        0.3072,
        0.4894,
        1.3957,
        7.9731,
        6.5163,
        2.3407,
        0.6116,
        0.0028,
        1.8293,
        0.1077,
        1.2889,
        1.127,
        0.1673,
        0.5724,
        1.9789,
        0.4324,
        2.824
    ]
}