{
    "metrics": {
        "RMSE": 0.3284680596140387,
        "LogLoss": 0.3737891037490763,
        "RMSE(bins)": 0.05017456141062455,
        "ICI": 0.043665209260157684
    },
    "user": 6449,
    "size": 324795,
    "weights": [
        0.2947,
        0.5759,
        1.5731,
        7.9731,
        7.249,
        0.706,
        0.4877,
        0.0,
        1.7221,
        0.0745,
        0.913,
        2.0324,
        0.0109,
        0.1926,
        2.3153,
        0.6378,
        1.45
    ]
}