{
    "FSRS-4.5": {
        "RMSE": 0.41198956036533224,
        "LogLoss": 0.5175060418152763,
        "RMSE(bins)": 0.03647264748741106,
        "RMSE(bins)Ratings": {
            "1": 0.06186393146789898,
            "2": 0.036817686861542194,
            "3": 0.029027130559373948,
            "4": 0.06046067151148483
        }
    },
    "user": 6459,
    "size": 38200,
    "weights": [
        0.3276,
        0.9188,
        4.3151,
        48.4608,
        5.4506,
        1.0505,
        1.0377,
        0.0227,
        1.7254,
        0.1,
        1.221,
        1.5319,
        0.1967,
        0.5338,
        1.1925,
        0.3235,
        4.0
    ]
}