{
    "metrics": {
        "RMSE": 0.3250576763701829,
        "LogLoss": 0.36952620913946954,
        "RMSE(bins)": 0.05309108624568319,
        "ICI": 0.04034555794704234
    },
    "user": 6510,
    "size": 136055,
    "weights": [
        0.6392,
        1.2252,
        1.2398,
        24.0978,
        5.5268,
        0.8291,
        1.2122,
        0.0489,
        1.9124,
        0.2887,
        1.1716,
        2.1743,
        0.1332,
        0.4,
        1.9593,
        0.0672,
        6.0
    ]
}