{
    "FSRS-4.5": {
        "RMSE": 0.24526059787586899,
        "LogLoss": 0.22876453402047683,
        "RMSE(bins)": 0.02302373943979184,
        "RMSE(bins)Ratings": {
            "1": 0.05867346166042274,
            "2": 0.11589284087574793,
            "3": 0.019284627079774748,
            "4": 0.00945764317646451
        }
    },
    "user": 6521,
    "size": 21260,
    "weights": [
        0.6401,
        1.8914,
        4.6807,
        7.9731,
        5.0398,
        1.214,
        1.1201,
        0.008,
        1.7337,
        0.1,
        1.11,
        2.138,
        0.0166,
        0.247,
        1.9305,
        0.0295,
        2.9583
    ]
}