{
    "FSRS-4.5": {
        "RMSE": 0.44227493808147955,
        "LogLoss": 0.5800411362686276,
        "RMSE(bins)": 0.04314407747356256,
        "ICI": 0.03002705472022968,
        "RMSE(bins)Ratings": {
            "1": 0.07860682327614536,
            "2": 0.07501590307349543,
            "3": 0.12823542775805177,
            "4": 0.04366798493821013
        }
    },
    "user": 6553,
    "size": 49705,
    "weights": [
        0.1737,
        2.592,
        5.6091,
        9.3844,
        5.2978,
        1.4308,
        0.4194,
        0.0,
        1.1164,
        0.1061,
        0.5499,
        2.105,
        0.0409,
        0.2071,
        1.1203,
        0.9925,
        2.2521
    ]
}