{
    "FSRS-4.5": {
        "RMSE": 0.061252628096253196,
        "LogLoss": 0.03279556415712434,
        "RMSE(bins)": 0.026558500169625965,
        "RMSE(bins)Ratings": {
            "1": 0.14927626857492923,
            "2": 0.03288766475454039,
            "3": 0.017331089769351403,
            "4": 0.015371391340765187
        }
    },
    "user": 656,
    "size": 25575,
    "weights": [
        0.5829,
        4.104,
        10.9268,
        14.3166,
        3.9579,
        1.9952,
        0.8705,
        0.2076,
        2.8786,
        0.1,
        2.0511,
        1.8346,
        0.147,
        0.1637,
        1.8536,
        0.0849,
        2.4351
    ]
}