{
    "metrics": {
        "RMSE": 0.1945956116812163,
        "LogLoss": 0.15701391532630027,
        "RMSE(bins)": 0.062441659951548226,
        "ICI": 0.011183191634182462
    },
    "user": 6630,
    "size": 3280,
    "weights": [
        0.6211,
        2.2539,
        15.5803,
        15.5803,
        4.8594,
        1.3819,
        0.8833,
        0.0001,
        1.9771,
        0.0,
        1.3506,
        2.2917,
        0.0846,
        0.5224,
        1.3314,
        0.418,
        3.2922
    ]
}