{
    "metrics": {
        "RMSE": 0.313029707006289,
        "LogLoss": 0.39172861764672606,
        "RMSE(bins)": 0.19617940463021674,
        "ICI": 0.07393295806444004
    },
    "user": 6706,
    "size": 5820,
    "weights": [
        35.1728,
        35.1728,
        35.1728,
        35.1728,
        5.3436,
        1.5591,
        0.4359,
        0.4422,
        1.3307,
        0.4854,
        0.7228,
        2.3231,
        0.0256,
        0.4463,
        1.6392,
        0.7915,
        2.2882
    ]
}