{
    "FSRS-4.5": {
        "RMSE": 0.39783525209009163,
        "LogLoss": 0.48432815818627184,
        "RMSE(bins)": 0.06360246326052238,
        "RMSE(bins)Ratings": {
            "1": 0.1278643254200555,
            "3": 0.05331346659779443,
            "4": 0.08685084064156323
        }
    },
    "user": 6708,
    "size": 3135,
    "weights": [
        0.2309,
        2.4746,
        3.1884,
        3.7753,
        5.1397,
        1.1311,
        0.9937,
        0.0,
        1.6425,
        0.1,
        1.0036,
        2.1067,
        0.1111,
        0.2557,
        1.271,
        0.21,
        2.9465
    ]
}