{
    "metrics": {
        "RMSE": 0.399028977426361,
        "LogLoss": 0.4910967691764479,
        "RMSE(bins)": 0.0840813156898436,
        "ICI": 0.039674460913439166
    },
    "user": 6804,
    "size": 25195,
    "weights": [
        0.3186,
        0.6181,
        1.6703,
        40.7228,
        5.3575,
        0.9365,
        1.353,
        0.025,
        1.1478,
        0.5323,
        0.5801,
        2.044,
        0.0736,
        0.2895,
        1.5548,
        0.1084,
        1.7232
    ]
}