{
    "metrics": {
        "RMSE": 0.3146980163681476,
        "LogLoss": 0.33342709871400183,
        "RMSE(bins)": 0.06922678335068688,
        "ICI": 0.019682672073129473
    },
    "user": 6857,
    "size": 7120,
    "weights": [
        0.8998,
        3.4002,
        10.2756,
        21.4787,
        5.0423,
        1.0364,
        0.7683,
        0.0874,
        1.6926,
        0.2931,
        1.0621,
        2.2114,
        0.0523,
        0.4417,
        1.4992,
        0.3604,
        3.1037
    ]
}