{
    "metrics": {
        "RMSE": 0.16927377394511947,
        "LogLoss": 0.13029645523480451,
        "RMSE(bins)": 0.02868440070222768,
        "ICI": 0.009449221492291816
    },
    "user": 6871,
    "size": 6310,
    "weights": [
        2.1197,
        2.9332,
        7.95,
        15.4542,
        4.6009,
        0.7753,
        0.6671,
        0.2524,
        2.1986,
        0.1,
        1.5353,
        2.1405,
        0.0546,
        0.3278,
        1.5097,
        0.2366,
        2.7849
    ]
}