{
    "FSRS-4.5": {
        "RMSE": 0.35725106581880517,
        "LogLoss": 0.41943096074653763,
        "RMSE(bins)": 0.029766050311841416,
        "RMSE(bins)Ratings": {
            "1": 0.06338420295528761,
            "2": 0.18022548156222415,
            "3": 0.024494081435941603,
            "4": 0.41695865481187383
        }
    },
    "user": 69,
    "size": 27290,
    "weights": [
        0.3276,
        0.3758,
        0.4618,
        5.3766,
        5.6475,
        1.4634,
        1.7593,
        0.0251,
        1.5694,
        0.2042,
        1.0228,
        2.3979,
        0.0287,
        0.3936,
        1.0482,
        0.0,
        3.4577
    ]
}