{
    "metrics": {
        "RMSE": 0.4031277445172264,
        "LogLoss": 0.5002813405616007,
        "RMSE(bins)": 0.08378089934367677,
        "ICI": 0.05449500702310575
    },
    "user": 6919,
    "size": 14290,
    "weights": [
        0.6403,
        6.1409,
        6.5422,
        6.8242,
        4.9733,
        1.2084,
        0.7195,
        0.1061,
        1.6979,
        0.0,
        0.9949,
        1.9393,
        0.1705,
        0.3647,
        0.8871,
        0.3245,
        3.3209
    ]
}