{
    "FSRS-4.5": {
        "RMSE": 0.3657464934828333,
        "LogLoss": 0.4278291751744317,
        "RMSE(bins)": 0.059122919792318006,
        "ICI": 0.04128199243259196,
        "RMSE(bins)Ratings": {
            "1": 0.08608441779009826,
            "2": 0.05991089063032559,
            "3": 0.08561659515570855,
            "4": 0.12992795964727302
        }
    },
    "user": 6956,
    "size": 16750,
    "weights": [
        0.1704,
        0.8595,
        5.6982,
        9.8296,
        5.5333,
        1.1991,
        0.9323,
        0.0294,
        1.6482,
        0.1,
        1.0684,
        1.845,
        0.1996,
        0.4983,
        0.7105,
        0.4547,
        1.2566
    ]
}