{
    "metrics": {
        "RMSE": 0.4355928934381705,
        "LogLoss": 0.5694987384292556,
        "RMSE(bins)": 0.061179366430869075,
        "ICI": 0.0383109023077247
    },
    "user": 6981,
    "size": 27510,
    "weights": [
        0.2026,
        1.1419,
        1.1419,
        6.2139,
        5.8194,
        1.7449,
        1.0086,
        0.0,
        1.4372,
        0.2905,
        0.8427,
        2.1471,
        0.0453,
        0.2626,
        0.796,
        0.2016,
        3.4599
    ]
}