{
    "metrics": {
        "RMSE": 0.19893571005659788,
        "LogLoss": 0.1663297366110417,
        "RMSE(bins)": 0.030901386239351018,
        "ICI": 0.006021942349391618
    },
    "user": 7079,
    "size": 7390,
    "weights": [
        2.5529,
        3.1573,
        4.3424,
        10.9355,
        5.0609,
        1.5529,
        1.0494,
        0.0002,
        1.8522,
        0.1072,
        1.244,
        2.134,
        0.0551,
        0.3586,
        1.2501,
        0.0592,
        3.8186
    ]
}