{
    "metrics": {
        "RMSE": 0.19304253165150376,
        "LogLoss": 0.15969637912073997,
        "RMSE(bins)": 0.05985496879674028,
        "ICI": 0.028167942078062193
    },
    "user": 709,
    "size": 2805,
    "weights": [
        1.5464,
        8.754,
        43.4368,
        100.0,
        4.9171,
        1.0116,
        0.7992,
        0.09,
        1.8855,
        0.0,
        1.2688,
        2.1932,
        0.01,
        0.3973,
        1.5512,
        0.4273,
        3.0985
    ]
}