{
    "metrics": {
        "RMSE": 0.2167408504444864,
        "LogLoss": 0.1891594624418238,
        "RMSE(bins)": 0.026926526898642902,
        "ICI": 0.016621171508193058
    },
    "user": 7132,
    "size": 123600,
    "weights": [
        0.2421,
        0.3046,
        0.7247,
        4.4315,
        6.9731,
        1.5787,
        0.216,
        0.0744,
        1.2107,
        0.0065,
        0.9508,
        1.1537,
        0.1653,
        0.5817,
        2.1261,
        0.908,
        6.0
    ]
}