{
    "FSRS-4.5": {
        "RMSE": 0.28286467886419564,
        "LogLoss": 0.2822071987313562,
        "RMSE(bins)": 0.023949976810502562,
        "RMSE(bins)Ratings": {
            "1": 0.0504135383963974,
            "2": 0.0964422075852727,
            "3": 0.018572478473154994,
            "4": 0.344024031861209
        }
    },
    "user": 716,
    "size": 34985,
    "weights": [
        0.5098,
        1.5144,
        5.161,
        5.161,
        5.427,
        1.7299,
        1.5056,
        0.0003,
        1.7229,
        0.1,
        1.0533,
        2.0186,
        0.1495,
        0.3755,
        1.3591,
        0.0,
        2.4163
    ]
}