{
    "FSRS-4.5": {
        "RMSE": 0.323707242397175,
        "LogLoss": 0.3421481516281144,
        "RMSE(bins)": 0.06230167048355411,
        "RMSE(bins)Ratings": {
            "1": 0.15246842530682725,
            "2": 0.10564405736070101,
            "3": 0.12642334616929746,
            "4": 0.05744408216417236
        }
    },
    "user": 7175,
    "size": 4000,
    "weights": [
        0.0903,
        0.2284,
        0.9178,
        17.7716,
        4.9601,
        0.9061,
        0.728,
        0.1754,
        1.7714,
        0.1541,
        1.1721,
        1.9594,
        0.2,
        0.1582,
        1.2708,
        0.246,
        2.894
    ]
}