{
    "metrics": {
        "RMSE": 0.07399724627908154,
        "LogLoss": 0.03368817914625124,
        "RMSE(bins)": 0.019845303688738474,
        "ICI": 0.002780421044725658
    },
    "user": 7181,
    "size": 25895,
    "weights": [
        0.3458,
        25.661,
        31.0857,
        31.0857,
        4.1015,
        0.3499,
        0.3538,
        0.5461,
        2.7516,
        0.0,
        2.0212,
        2.4418,
        0.01,
        0.6744,
        1.9703,
        1.0,
        3.7751
    ]
}