{
    "metrics": {
        "RMSE": 0.44813269234339737,
        "LogLoss": 0.5860115718085656,
        "RMSE(bins)": 0.061254683693089215,
        "ICI": 0.02024053089391182
    },
    "user": 727,
    "size": 9510,
    "weights": [
        0.0848,
        0.4269,
        1.9287,
        5.2709,
        5.1725,
        1.2073,
        0.6555,
        0.1613,
        1.4861,
        0.1618,
        0.8963,
        2.0165,
        0.1334,
        0.2297,
        1.2496,
        0.4524,
        1.7446
    ]
}