{
    "metrics": {
        "RMSE": 0.09729465667653826,
        "LogLoss": 0.05752525830156006,
        "RMSE(bins)": 0.05217676891613644,
        "ICI": 0.03522445706215109
    },
    "user": 7360,
    "size": 3565,
    "weights": [
        0.7143,
        2.1475,
        11.196,
        33.6623,
        4.773,
        1.0351,
        0.6448,
        0.2413,
        2.0095,
        0.0,
        1.3866,
        2.0651,
        0.0943,
        0.2465,
        1.7378,
        0.219,
        3.2006
    ]
}