{
    "metrics": {
        "RMSE": 0.24577536336173708,
        "LogLoss": 0.2256834928347063,
        "RMSE(bins)": 0.07594341065236636,
        "ICI": 0.02403848501137083
    },
    "user": 7369,
    "size": 2490,
    "weights": [
        6.073,
        9.0489,
        16.4581,
        28.58,
        5.0281,
        1.3116,
        0.7904,
        0.0757,
        1.8247,
        0.0,
        1.215,
        2.2502,
        0.0292,
        0.4457,
        1.6132,
        0.3835,
        3.1492
    ]
}