{
    "FSRS-4.5": {
        "RMSE": 0.3384493219144206,
        "LogLoss": 0.3832346871589108,
        "RMSE(bins)": 0.06217999671176063,
        "RMSE(bins)Ratings": {
            "1": 0.08864428370245234,
            "2": 0.08988484294638824,
            "3": 0.07113601324473165,
            "4": 0.15582615316683993
        }
    },
    "user": 7393,
    "size": 13300,
    "weights": [
        0.5871,
        1.2081,
        2.2075,
        6.3631,
        5.1981,
        1.1431,
        0.5512,
        0.0619,
        1.4796,
        0.2762,
        0.8657,
        2.0804,
        0.1078,
        0.2525,
        1.3789,
        0.4544,
        1.5696
    ]
}