{
    "metrics": {
        "RMSE": 0.34280006766267407,
        "LogLoss": 0.41720835871964645,
        "RMSE(bins)": 0.09560524949216409,
        "ICI": 0.06762663923282607
    },
    "user": 7406,
    "size": 3450,
    "weights": [
        1.0643,
        3.4068,
        3.4068,
        33.2024,
        5.001,
        1.0433,
        0.6826,
        0.1887,
        1.7163,
        0.1127,
        1.0917,
        2.1913,
        0.0524,
        0.383,
        1.4279,
        0.1433,
        3.0579
    ]
}