{
    "FSRS-4.5": {
        "RMSE": 0.3213103279250826,
        "LogLoss": 0.36392703080161215,
        "RMSE(bins)": 0.05062493174147548,
        "RMSE(bins)Ratings": {
            "1": 0.08841138564375114,
            "2": 0.09098950880612383,
            "3": 0.03755192603671956,
            "4": 0.14754787389090124
        }
    },
    "user": 7429,
    "size": 14755,
    "weights": [
        0.4474,
        0.4994,
        2.1315,
        5.52,
        4.8616,
        1.62,
        1.056,
        0.0,
        1.938,
        0.3158,
        1.2826,
        2.2216,
        0.014,
        0.216,
        1.9006,
        0.1392,
        2.6117
    ]
}