{
    "FSRS-4.5": {
        "RMSE": 0.1652063799279007,
        "LogLoss": 0.12826262357834395,
        "RMSE(bins)": 0.012604708892884758,
        "RMSE(bins)Ratings": {
            "1": 0.08039467667372441,
            "2": 0.012631527854768478,
            "3": 0.009173445366458675,
            "4": 0.01674157232887567
        }
    },
    "user": 7434,
    "size": 5890,
    "weights": [
        0.6881,
        1.4777,
        4.6502,
        9.9862,
        4.6493,
        0.888,
        0.5633,
        0.2403,
        2.068,
        0.2115,
        1.4384,
        2.359,
        0.027,
        0.5117,
        1.5414,
        0.6506,
        3.3937
    ]
}