{
    "metrics": {
        "RMSE": 0.3815105460529885,
        "LogLoss": 0.4537441396760196,
        "RMSE(bins)": 0.06169809813256722,
        "ICI": 0.01718738629874775
    },
    "user": 7445,
    "size": 11260,
    "weights": [
        1.1783,
        5.663,
        11.6976,
        23.3827,
        5.5864,
        1.5223,
        1.0021,
        0.0593,
        1.1974,
        0.6577,
        0.6426,
        2.0474,
        0.1245,
        0.2488,
        1.4699,
        0.2647,
        2.4445
    ]
}