{
    "metrics": {
        "RMSE": 0.35321259486733125,
        "LogLoss": 0.40352970160708357,
        "RMSE(bins)": 0.04075165786033417,
        "ICI": 0.01742726393619249
    },
    "user": 7527,
    "size": 18965,
    "weights": [
        0.8305,
        2.7234,
        5.63,
        5.63,
        5.2697,
        0.5319,
        1.0602,
        0.1623,
        1.311,
        0.6484,
        0.7488,
        2.1891,
        0.0625,
        0.3318,
        1.8913,
        0.3611,
        1.8431
    ]
}