{
    "FSRS-4.5": {
        "RMSE": 0.059680662621806185,
        "LogLoss": 0.028085341952307365,
        "RMSE(bins)": 0.02284555474098768,
        "ICI": 0.015702397413066116,
        "RMSE(bins)Ratings": {
            "1": 0.11328865465453981,
            "2": 0.01985841668920308,
            "3": 0.027184080130138222,
            "4": 0.014950782727080492
        }
    },
    "user": 7582,
    "size": 9715,
    "weights": [
        2.7824,
        3.3762,
        17.0667,
        17.0667,
        4.1353,
        0.3856,
        1.5547,
        0.193,
        2.6821,
        0.1,
        1.9166,
        2.2532,
        0.0184,
        0.3429,
        1.2901,
        1.0,
        3.7861
    ]
}