{
    "FSRS-4.5": {
        "RMSE": 0.465056520130983,
        "LogLoss": 0.625054825808877,
        "RMSE(bins)": 0.056643657145321324,
        "RMSE(bins)Ratings": {
            "1": 0.09953531845521654,
            "3": 0.05084623294268828
        }
    },
    "user": 7630,
    "size": 6620,
    "weights": [
        0.1,
        4.9095,
        4.9095,
        4.9095,
        5.4066,
        1.4094,
        1.032,
        0.0,
        1.3654,
        0.1,
        0.7764,
        2.0839,
        0.1233,
        0.3336,
        1.3414,
        0.219,
        2.7849
    ]
}