{
    "metrics": {
        "RMSE": 0.040351337074756875,
        "LogLoss": 0.013671317342374735,
        "RMSE(bins)": 0.008197076720246749,
        "ICI": 0.005203458198471168
    },
    "user": 7647,
    "size": 24720,
    "weights": [
        2.0314,
        9.448,
        9.448,
        9.448,
        4.2554,
        0.7556,
        0.2801,
        0.5593,
        2.5916,
        0.0,
        1.7966,
        1.9349,
        0.193,
        0.1782,
        1.7358,
        0.8481,
        3.3826
    ]
}