{
    "metrics": {
        "RMSE": 0.3788386648846212,
        "LogLoss": 0.46898466423737806,
        "RMSE(bins)": 0.16499653697278366,
        "ICI": 0.11271123206345637
    },
    "user": 7728,
    "size": 685,
    "weights": [
        5.1213,
        12.4159,
        25.352,
        40.804,
        4.9849,
        1.0124,
        0.706,
        0.163,
        1.7485,
        0.0159,
        1.1235,
        2.0287,
        0.1888,
        0.2178,
        1.2375,
        0.0991,
        2.9023
    ]
}