{
    "FSRS-4.5": {
        "RMSE": 0.41130073364472314,
        "LogLoss": 0.5654993577546689,
        "RMSE(bins)": 0.1492124548038296,
        "RMSE(bins)Ratings": {
            "1": 0.22349948763560484,
            "2": 0.2203732471379341,
            "3": 0.21809886242137416,
            "4": 0.19452364240278255
        }
    },
    "user": 7739,
    "size": 520,
    "weights": [
        0.1708,
        8.3265,
        7.9731,
        8.3265,
        5.1487,
        1.168,
        0.8153,
        0.0,
        1.5364,
        0.2534,
        0.9141,
        2.1309,
        0.0605,
        0.2913,
        1.2473,
        0.3373,
        2.6667
    ]
}