{
    "FSRS-4.5": {
        "RMSE": 0.2054123155164918,
        "LogLoss": 0.16357546835483247,
        "RMSE(bins)": 0.058187281685644486,
        "RMSE(bins)Ratings": {
            "1": 0.18968872735203984,
            "2": 0.07479255310158185,
            "3": 0.04605174090064941,
            "4": 0.020505104133111962
        }
    },
    "user": 7787,
    "size": 8165,
    "weights": [
        2.016,
        7.5864,
        11.753,
        15.7359,
        4.3526,
        0.3245,
        0.2191,
        0.5,
        2.3993,
        0.1003,
        1.6892,
        2.0183,
        0.1795,
        0.2447,
        0.9963,
        0.8417,
        3.3707
    ]
}