{
    "metrics": {
        "RMSE": 0.39439556447972757,
        "LogLoss": 0.47888368326896297,
        "RMSE(bins)": 0.06700060793740485,
        "ICI": 0.035608792339512446
    },
    "user": 78,
    "size": 19500,
    "weights": [
        0.3042,
        0.6881,
        2.3414,
        15.9545,
        5.3379,
        1.4174,
        0.6894,
        0.0,
        1.5277,
        0.139,
        0.9947,
        2.0682,
        0.0605,
        0.3098,
        1.4902,
        0.1872,
        3.8393
    ]
}