{
    "FSRS-4.5": {
        "RMSE": 0.4509750615255329,
        "LogLoss": 0.6563968343966947,
        "RMSE(bins)": 0.2864300675730752,
        "RMSE(bins)Ratings": {
            "1": 0.16101183718287967,
            "2": 0.3640867699885738,
            "3": 0.3304916203620606,
            "4": 0.07810989877822853
        }
    },
    "user": 790,
    "size": 92920,
    "weights": [
        0.3885,
        11.5976,
        11.5976,
        25.7708,
        5.2369,
        0.5056,
        0.5732,
        0.357,
        1.4071,
        0.8,
        0.3122,
        1.6273,
        0.2,
        0.01,
        0.9854,
        0.0796,
        1.7882
    ]
}