{
    "metrics": {
        "RMSE": 0.3280987283894534,
        "LogLoss": 0.35997508723774574,
        "RMSE(bins)": 0.048316644565256056,
        "ICI": 0.025142773011988053
    },
    "user": 791,
    "size": 10990,
    "weights": [
        0.493,
        0.8402,
        1.8693,
        3.1856,
        5.3373,
        1.3069,
        1.215,
        0.0,
        1.3138,
        0.624,
        0.7087,
        2.2914,
        0.0494,
        0.5215,
        1.5912,
        0.0,
        2.7849
    ]
}