{
    "FSRS-4.5": {
        "RMSE": 0.2645340017245178,
        "LogLoss": 0.24997481446288042,
        "RMSE(bins)": 0.029681952033245314,
        "ICI": 0.007707146074114903,
        "RMSE(bins)Ratings": {
            "1": 0.11740849877284396,
            "2": 0.01487213834763222,
            "3": 0.05576241468707337,
            "4": 0.04669553756589448
        }
    },
    "user": 7923,
    "size": 31215,
    "weights": [
        0.156,
        0.5652,
        3.8959,
        18.7737,
        4.7136,
        1.3751,
        0.6954,
        0.1112,
        2.1099,
        0.1,
        1.2994,
        1.9959,
        0.1669,
        0.3553,
        1.0254,
        0.3601,
        4.0
    ]
}