{
    "metrics": {
        "RMSE": 0.3326730795179826,
        "LogLoss": 0.3717140178647926,
        "RMSE(bins)": 0.04527945002867805,
        "ICI": 0.0137635729052829
    },
    "user": 7943,
    "size": 32780,
    "weights": [
        1.1409,
        3.1217,
        8.2106,
        15.6445,
        5.184,
        1.1922,
        0.979,
        0.0003,
        1.7953,
        0.2835,
        1.099,
        2.1251,
        0.0665,
        0.4222,
        1.6735,
        0.0609,
        2.5931
    ]
}