{
    "metrics": {
        "RMSE": 0.4623769860254709,
        "LogLoss": 0.633012939468448,
        "RMSE(bins)": 0.06985102975467,
        "ICI": 0.056924134181400965
    },
    "user": 797,
    "size": 56715,
    "weights": [
        0.1292,
        0.3758,
        1.8656,
        5.4288,
        5.5906,
        1.8456,
        1.4206,
        0.0,
        1.3453,
        0.3426,
        0.8972,
        2.2718,
        0.058,
        0.2034,
        1.8427,
        0.219,
        3.5426
    ]
}