{
    "metrics": {
        "RMSE": 0.2779444986227401,
        "LogLoss": 0.28755357287095556,
        "RMSE(bins)": 0.04906699728178189,
        "ICI": 0.012774539750181273
    },
    "user": 7972,
    "size": 4105,
    "weights": [
        0.3207,
        0.8837,
        4.041,
        4.2506,
        5.0114,
        1.0441,
        0.8424,
        0.019,
        1.7712,
        0.1723,
        1.1683,
        2.147,
        0.0678,
        0.399,
        1.3814,
        0.3232,
        2.8169
    ]
}