{
    "metrics": {
        "RMSE": 0.24321582134420236,
        "LogLoss": 0.2256128396076119,
        "RMSE(bins)": 0.08066767971880205,
        "ICI": 0.030466496490397503
    },
    "user": 7980,
    "size": 425,
    "weights": [
        2.477,
        2.6718,
        4.1386,
        10.9355,
        5.1443,
        1.2006,
        0.8627,
        0.0362,
        1.629,
        0.1342,
        1.0166,
        2.1174,
        0.0839,
        0.3204,
        1.4676,
        0.219,
        2.8237
    ]
}