{
    "metrics": {
        "RMSE": 0.3584788851758546,
        "LogLoss": 0.41838612973281647,
        "RMSE(bins)": 0.09956889043904361,
        "ICI": 0.04950144840089485
    },
    "user": 8005,
    "size": 25430,
    "weights": [
        2.7096,
        3.3925,
        13.2158,
        13.2158,
        5.4443,
        0.1448,
        1.148,
        0.2792,
        1.3621,
        0.7999,
        0.7449,
        2.1755,
        0.0923,
        0.4008,
        2.0647,
        0.3239,
        2.2593
    ]
}