{
    "FSRS-4.5": {
        "RMSE": 0.4397219719010253,
        "LogLoss": 0.5761345997435051,
        "RMSE(bins)": 0.075044013314733,
        "RMSE(bins)Ratings": {
            "1": 0.053586447964264095,
            "2": 0.42015595305431563,
            "3": 0.12705775889117904,
            "4": 0.42625975120172177
        }
    },
    "user": 8038,
    "size": 8525,
    "weights": [
        0.5584,
        1.3682,
        5.2475,
        5.2475,
        5.4112,
        1.2661,
        0.9224,
        0.0742,
        1.5621,
        0.196,
        0.9044,
        2.0789,
        0.1234,
        0.2822,
        1.2867,
        0.538,
        3.1355
    ]
}