{
    "metrics": {
        "RMSE": 0.40298980815014723,
        "LogLoss": 0.4986801408360588,
        "RMSE(bins)": 0.06265448297624127,
        "ICI": 0.04076321925357831,
        "RMSE(bins)Ratings": {
            "1": 0.08258857543861813,
            "2": 0.19916455500835825,
            "3": 0.05792577954660347,
            "4": 0.049241300560701286
        }
    },
    "user": 8059,
    "size": 2865,
    "weights": [
        0.8354,
        1.0988,
        1.9732,
        3.8092,
        5.2024,
        1.2455,
        0.8042,
        0.0065,
        1.4782,
        0.362,
        0.8656,
        2.1177,
        0.0845,
        0.3124,
        1.3822,
        0.0653,
        2.623
    ]
}