{
    "metrics": {
        "RMSE": 0.08172448093512782,
        "LogLoss": 0.04461829722510845,
        "RMSE(bins)": 0.022994599967083917,
        "ICI": 0.014179180943814412
    },
    "user": 8066,
    "size": 5570,
    "weights": [
        1.3337,
        2.6387,
        7.3429,
        10.9355,
        4.3722,
        1.1366,
        0.6971,
        0.2303,
        2.4284,
        0.0,
        1.7496,
        2.2119,
        0.1313,
        0.4989,
        1.6485,
        0.0,
        2.8237
    ]
}