{
    "metrics": {
        "RMSE": 0.38532062338851414,
        "LogLoss": 0.4594821737432787,
        "RMSE(bins)": 0.07138591288873265,
        "ICI": 0.025937636885892453
    },
    "user": 8151,
    "size": 13930,
    "weights": [
        0.2382,
        0.4936,
        1.4728,
        8.3415,
        5.1945,
        1.1534,
        0.4996,
        0.0,
        1.081,
        0.0336,
        0.5268,
        1.9808,
        0.0647,
        0.1981,
        1.515,
        0.0,
        2.2864
    ]
}