{
    "FSRS-4.5": {
        "RMSE": 0.3119450980861192,
        "LogLoss": 0.3434261394198902,
        "RMSE(bins)": 0.02518306148325997,
        "RMSE(bins)Ratings": {
            "1": 0.0576534020479034,
            "2": 0.04871216435584538,
            "3": 0.0339093336033955,
            "4": 0.0704314390128782
        }
    },
    "user": 8169,
    "size": 111565,
    "weights": [
        0.9985,
        1.0452,
        6.1133,
        7.9731,
        5.2115,
        0.7678,
        0.699,
        0.0903,
        1.503,
        0.2377,
        0.9841,
        1.8803,
        0.1033,
        0.2853,
        0.6352,
        0.1308,
        1.7085
    ]
}