{
    "metrics": {
        "RMSE": 0.05835522328799019,
        "LogLoss": 0.021832339567804924,
        "RMSE(bins)": 0.011352798929197843,
        "ICI": 0.006730516525041107
    },
    "user": 819,
    "size": 5750,
    "weights": [
        1.1656,
        2.2576,
        6.5189,
        10.9355,
        4.5602,
        1.2393,
        0.5645,
        0.3382,
        2.1611,
        0.0,
        1.5451,
        2.0644,
        0.1524,
        0.2965,
        1.4279,
        0.2304,
        2.8093
    ]
}