{
    "metrics": {
        "RMSE": 0.40588145170091544,
        "LogLoss": 0.5123383545546973,
        "RMSE(bins)": 0.0734884954425029,
        "ICI": 0.043081539391043075
    },
    "user": 8214,
    "size": 1375,
    "weights": [
        0.3124,
        3.1945,
        6.0378,
        9.23,
        5.0167,
        1.077,
        0.6817,
        0.2093,
        1.7185,
        0.2477,
        1.1186,
        2.3029,
        0.01,
        0.5051,
        1.6377,
        0.2886,
        2.8237
    ]
}