{
    "metrics": {
        "RMSE": 0.315989419407794,
        "LogLoss": 0.33596898508527684,
        "RMSE(bins)": 0.033039493082392235,
        "ICI": 0.010368329251935482
    },
    "user": 8235,
    "size": 12260,
    "weights": [
        1.3859,
        1.983,
        5.6426,
        12.4941,
        5.0629,
        1.3018,
        0.7857,
        0.032,
        1.7201,
        0.1481,
        1.1163,
        2.2142,
        0.0394,
        0.4119,
        1.8881,
        0.0534,
        2.7054
    ]
}