{
    "metrics": {
        "RMSE": 0.18326393277119454,
        "LogLoss": 0.1466173829378099,
        "RMSE(bins)": 0.03834110729247114,
        "ICI": 0.014774068585907886
    },
    "user": 8240,
    "size": 30950,
    "weights": [
        1.3924,
        3.322,
        4.393,
        10.9355,
        4.8838,
        0.9769,
        1.839,
        0.0,
        2.2591,
        0.118,
        1.6269,
        2.0235,
        0.1482,
        0.4213,
        1.228,
        0.0,
        3.1849
    ]
}