{
    "metrics": {
        "RMSE": 0.15149022999944484,
        "LogLoss": 0.1072611528822383,
        "RMSE(bins)": 0.06252380653402052,
        "ICI": 0.01519316817178313
    },
    "user": 8260,
    "size": 87210,
    "weights": [
        18.152,
        35.9215,
        100.0,
        100.0,
        5.1043,
        1.1303,
        0.823,
        0.0465,
        1.629,
        0.135,
        1.0045,
        2.132,
        0.0839,
        0.3204,
        1.3547,
        0.219,
        2.7849
    ]
}