{
    "metrics": {
        "RMSE": 0.38894874471010293,
        "LogLoss": 0.4718393491839557,
        "RMSE(bins)": 0.07833056811331468,
        "ICI": 0.03700115682363275
    },
    "user": 8298,
    "size": 12100,
    "weights": [
        0.1685,
        0.6296,
        4.5471,
        12.3197,
        5.3908,
        1.6523,
        1.0273,
        0.0,
        1.9581,
        0.1,
        1.2859,
        2.0599,
        0.1275,
        0.2877,
        1.3843,
        0.3501,
        3.7492
    ]
}