{
    "metrics": {
        "RMSE": 0.1701145225992783,
        "LogLoss": 0.15972350749778166,
        "RMSE(bins)": 0.03342435828666685,
        "ICI": 0.022515444358242268
    },
    "user": 8310,
    "size": 105450,
    "weights": [
        4.6846,
        4.6846,
        4.6846,
        17.7666,
        4.5913,
        0.1,
        1.9552,
        0.2871,
        2.2322,
        0.0,
        1.506,
        1.52,
        0.1492,
        0.2732,
        3.0,
        0.9949,
        1.0
    ]
}