{
    "metrics": {
        "RMSE": 0.24349011091404757,
        "LogLoss": 0.23015122657611306,
        "RMSE(bins)": 0.035984623103396285,
        "ICI": 0.011086241184049361
    },
    "user": 8360,
    "size": 15915,
    "weights": [
        0.5537,
        1.9498,
        9.9201,
        11.4179,
        5.1626,
        1.4426,
        1.1853,
        0.0,
        1.9455,
        0.1001,
        1.2934,
        2.0926,
        0.1225,
        0.4917,
        1.0006,
        0.1918,
        3.6627
    ]
}