{
    "FSRS-4.5": {
        "RMSE": 0.43700756209083047,
        "LogLoss": 0.5775085960730576,
        "RMSE(bins)": 0.08199075506641669,
        "ICI": 0.05298730684622111,
        "RMSE(bins)Ratings": {
            "1": 0.1234549918781509,
            "2": 0.10519576771194844,
            "3": 0.09768959812687121,
            "4": 0.14668161141458924
        }
    },
    "user": 8389,
    "size": 7105,
    "weights": [
        11.2015,
        12.6909,
        15.3044,
        40.2237,
        5.3749,
        0.9816,
        0.9572,
        0.0,
        1.2508,
        0.516,
        0.6236,
        2.2181,
        0.0143,
        0.4202,
        1.4084,
        0.0,
        2.4683
    ]
}