{
    "metrics": {
        "RMSE": 0.20220048162043197,
        "LogLoss": 0.1730317864957599,
        "RMSE(bins)": 0.08480785027360309,
        "ICI": 0.058573879616808176
    },
    "user": 8448,
    "size": 3200,
    "weights": [
        0.5206,
        1.2893,
        5.0252,
        12.4455,
        5.0499,
        1.6157,
        1.1073,
        0.1293,
        1.9444,
        0.0,
        1.3212,
        1.99,
        0.1991,
        0.2635,
        1.4829,
        0.5051,
        2.8237
    ]
}