{
    "metrics": {
        "RMSE": 0.39713172710262107,
        "LogLoss": 0.48762901333482844,
        "RMSE(bins)": 0.11895983299879423,
        "ICI": 0.04493974372367682,
        "RMSE(bins)Ratings": {
            "1": 0.10866030263092878,
            "2": 0.2679737274382025,
            "3": 0.07943996114953109,
            "4": 0.35379979340553
        }
    },
    "user": 8454,
    "size": 1225,
    "weights": [
        0.1892,
        2.3229,
        2.3229,
        7.9731,
        5.2984,
        1.3462,
        0.9902,
        0.0,
        1.4611,
        0.2126,
        0.8266,
        2.0075,
        0.1918,
        0.1953,
        1.2799,
        0.042,
        2.6356
    ]
}