{
    "metrics": {
        "RMSE": 0.3636308025281183,
        "LogLoss": 0.4338039777384951,
        "RMSE(bins)": 0.08838925305759832,
        "ICI": 0.054245570409622086
    },
    "user": 8471,
    "size": 3010,
    "weights": [
        2.4224,
        2.7615,
        3.3612,
        8.6354,
        5.2883,
        1.0341,
        0.9426,
        0.0,
        1.4213,
        0.3766,
        0.7965,
        2.048,
        0.1492,
        0.2612,
        1.3803,
        0.3234,
        2.7448
    ]
}