{
    "FSRS-4.5": {
        "RMSE": 0.2640733399946861,
        "LogLoss": 0.2440461907378379,
        "RMSE(bins)": 0.07069962094608315,
        "RMSE(bins)Ratings": {
            "1": 0.1925390175713417,
            "2": 0.06843170835610125,
            "3": 0.07469428007899263,
            "4": 0.06876363707331347
        }
    },
    "user": 8477,
    "size": 2345,
    "weights": [
        1.7337,
        2.1604,
        13.424,
        13.424,
        4.8608,
        0.8152,
        0.8065,
        0.058,
        1.8098,
        0.1,
        1.1727,
        2.0131,
        0.1966,
        0.1827,
        1.2284,
        0.4492,
        2.7354
    ]
}