{
    "metrics": {
        "RMSE": 0.4603908771019053,
        "LogLoss": 0.6131717941249989,
        "RMSE(bins)": 0.0740100952447236,
        "ICI": 0.02552655516999433
    },
    "user": 8479,
    "size": 51830,
    "weights": [
        0.0361,
        0.3113,
        0.7977,
        3.5554,
        4.6268,
        0.1722,
        0.2638,
        0.0,
        0.7109,
        0.1688,
        0.289,
        1.863,
        0.0386,
        0.2376,
        1.089,
        0.3797,
        1.9532
    ]
}