{
    "FSRS-4.5": {
        "RMSE": 0.399349867856278,
        "LogLoss": 0.4853258397473332,
        "RMSE(bins)": 0.05923021542477067,
        "RMSE(bins)Ratings": {
            "1": 0.08105836425226867,
            "3": 0.04494230967428416,
            "4": 0.044266822373884566
        }
    },
    "user": 8494,
    "size": 3360,
    "weights": [
        0.2445,
        0.716,
        3.5878,
        7.9731,
        5.1811,
        1.4656,
        0.932,
        0.0,
        1.7199,
        0.1,
        0.9472,
        2.0382,
        0.174,
        0.3549,
        1.29,
        0.219,
        3.2752
    ]
}