{
    "FSRS-4.5": {
        "RMSE": 0.41215823496943044,
        "LogLoss": 0.5192850699648043,
        "RMSE(bins)": 0.02469193397483639,
        "RMSE(bins)Ratings": {
            "1": 0.03659370032147792,
            "2": 0.06952538388943069,
            "3": 0.0578485724198035,
            "4": 0.02475752895361011
        }
    },
    "user": 8499,
    "size": 19805,
    "weights": [
        0.795,
        0.9515,
        1.5419,
        6.5558,
        5.4575,
        1.0754,
        0.9543,
        0.2556,
        1.3043,
        0.2521,
        0.7188,
        2.1057,
        0.0475,
        0.3338,
        1.0214,
        0.3347,
        1.8182
    ]
}