{
    "FSRS-4.5": {
        "RMSE": 0.2817979646217817,
        "LogLoss": 0.2882821625297955,
        "RMSE(bins)": 0.04666582265879705,
        "RMSE(bins)Ratings": {
            "1": 0.06725996344186187,
            "2": 0.034948810155153304,
            "3": 0.023100275926221037,
            "4": 0.06290113536990631
        }
    },
    "user": 8536,
    "size": 51590,
    "weights": [
        0.3834,
        1.9555,
        3.8672,
        7.9731,
        5.1163,
        2.0948,
        1.4069,
        0.2837,
        2.2593,
        0.1,
        1.5459,
        2.0356,
        0.0223,
        0.2339,
        2.0,
        0.2685,
        4.0
    ]
}