{
    "metrics": {
        "RMSE": 0.41444246029004905,
        "LogLoss": 0.5206921858812484,
        "RMSE(bins)": 0.05800946111239827,
        "ICI": 0.013777687378443685
    },
    "user": 8551,
    "size": 30025,
    "weights": [
        0.0932,
        0.3711,
        2.6974,
        10.9355,
        5.3692,
        1.2275,
        0.4908,
        0.0362,
        1.3205,
        0.406,
        0.7343,
        2.0149,
        0.1423,
        0.2185,
        1.2362,
        0.3522,
        3.5709
    ]
}