{
    "metrics": {
        "RMSE": 0.3670031963069808,
        "LogLoss": 0.4433010526725765,
        "RMSE(bins)": 0.13503608697758696,
        "ICI": 0.06588558545234849
    },
    "user": 8612,
    "size": 3865,
    "weights": [
        0.8155,
        1.2971,
        3.8312,
        7.9731,
        5.3031,
        1.2555,
        0.6053,
        0.1612,
        1.3519,
        0.2871,
        0.7173,
        2.2803,
        0.01,
        0.4313,
        1.5646,
        0.1581,
        2.5394
    ]
}