{
    "FSRS-4.5": {
        "RMSE": 0.04688701084621268,
        "LogLoss": 0.028724738345076918,
        "RMSE(bins)": 0.03440134655338165,
        "ICI": 0.022999240208712725,
        "RMSE(bins)Ratings": {
            "1": 0.022453836589407833,
            "2": 0.033433695361148305,
            "3": 0.040126647200106294,
            "4": 0.029919284319272158
        }
    },
    "user": 864,
    "size": 6980,
    "weights": [
        19.8969,
        24.7251,
        34.2503,
        57.0344,
        4.2795,
        0.9609,
        0.7256,
        0.359,
        2.4656,
        0.1,
        1.8011,
        2.6571,
        0.01,
        0.8442,
        1.798,
        0.8344,
        3.5715
    ]
}