{
    "metrics": {
        "RMSE": 0.36889270190737267,
        "LogLoss": 0.42795569057099286,
        "RMSE(bins)": 0.09945759135667677,
        "ICI": 0.017074405502998716
    },
    "user": 8650,
    "size": 4760,
    "weights": [
        0.2209,
        0.7806,
        2.9647,
        7.9731,
        5.3392,
        1.1871,
        0.8301,
        0.0052,
        1.4266,
        0.5905,
        0.8141,
        2.0717,
        0.1307,
        0.2529,
        1.4195,
        0.3021,
        2.5543
    ]
}