{
    "metrics": {
        "RMSE": 0.44070012494377575,
        "LogLoss": 0.5982829299659662,
        "RMSE(bins)": 0.10686753224443364,
        "ICI": 0.07498491477720907
    },
    "user": 8656,
    "size": 10145,
    "weights": [
        0.1735,
        0.3445,
        0.9635,
        4.3237,
        5.9024,
        2.0663,
        1.1912,
        0.0,
        1.5908,
        0.4819,
        0.9912,
        2.1174,
        0.0871,
        0.2036,
        1.0736,
        0.1977,
        3.2796
    ]
}