{
    "metrics": {
        "RMSE": 0.3712841990696966,
        "LogLoss": 0.426648886863945,
        "RMSE(bins)": 0.09866262302552897,
        "ICI": 0.03832741965113883
    },
    "user": 8722,
    "size": 1020,
    "weights": [
        0.4726,
        1.064,
        3.5947,
        8.0933,
        4.994,
        1.0672,
        0.6872,
        0.1968,
        1.7281,
        0.0444,
        1.118,
        2.0667,
        0.1477,
        0.2524,
        1.2886,
        0.1556,
        2.945
    ]
}