{
    "metrics": {
        "RMSE": 0.37415191658553454,
        "LogLoss": 0.4494322587827049,
        "RMSE(bins)": 0.03661625182767277,
        "ICI": 0.017737668160210295
    },
    "user": 8723,
    "size": 89470,
    "weights": [
        0.4848,
        0.861,
        2.0382,
        12.5758,
        5.5622,
        0.1956,
        1.4076,
        0.0001,
        1.3262,
        0.384,
        0.9049,
        2.0444,
        0.0175,
        0.3148,
        0.2339,
        0.3011,
        3.5266
    ]
}