{
    "FSRS-4.5": {
        "RMSE": 0.3172521891710596,
        "LogLoss": 0.3436065937279428,
        "RMSE(bins)": 0.031810733077533654,
        "RMSE(bins)Ratings": {
            "1": 0.08394188548818744,
            "2": 0.0665682565379116,
            "3": 0.023454203511581458,
            "4": 0.07961731415456408
        }
    },
    "user": 8748,
    "size": 44550,
    "weights": [
        0.3503,
        1.2546,
        7.9008,
        26.9433,
        4.617,
        2.3133,
        1.0071,
        0.0,
        1.7803,
        0.2004,
        1.0339,
        2.0065,
        0.0429,
        0.236,
        1.2202,
        0.0727,
        4.0
    ]
}