{
    "FSRS-4.5": {
        "RMSE": 0.42610877564868843,
        "LogLoss": 0.5460025431547114,
        "RMSE(bins)": 0.03249251889456387,
        "RMSE(bins)Ratings": {
            "1": 0.0548955988356208,
            "2": 0.11717809301408562,
            "3": 0.05331315454113277,
            "4": 0.04782483403470912
        }
    },
    "user": 8808,
    "size": 13955,
    "weights": [
        0.1979,
        0.5803,
        2.5268,
        2.5268,
        5.4862,
        1.4628,
        0.4772,
        0.0169,
        1.0598,
        0.7255,
        0.504,
        2.1569,
        0.0826,
        0.3295,
        1.5092,
        0.1863,
        2.0689
    ]
}