{
    "FSRS-4.5": {
        "RMSE": 0.2189351970415602,
        "LogLoss": 0.1987303556854578,
        "RMSE(bins)": 0.028254955726586727,
        "RMSE(bins)Ratings": {
            "1": 0.10178345054818526,
            "2": 0.0693393520927865,
            "3": 0.01585660767711544,
            "4": 0.022688390771729818
        }
    },
    "user": 8914,
    "size": 29470,
    "weights": [
        1.0896,
        3.2783,
        6.2173,
        15.5174,
        5.082,
        2.3615,
        1.1403,
        0.1414,
        1.978,
        0.1333,
        1.3832,
        2.0428,
        0.1588,
        0.3276,
        2.0,
        0.0,
        3.4166
    ]
}