{
    "FSRS-4.5": {
        "RMSE": 0.10554083628305862,
        "LogLoss": 0.08807230468698983,
        "RMSE(bins)": 0.10540860448314807,
        "RMSE(bins)Ratings": {
            "2": 0.11095282437299557,
            "4": 0.05713870397295098
        }
    },
    "user": 8933,
    "size": 630,
    "weights": [
        0.4023,
        1.1026,
        1.937,
        8.2247,
        4.9812,
        1.1379,
        0.6636,
        0.1717,
        1.6894,
        0.1,
        1.0589,
        2.2769,
        0.01,
        0.4259,
        1.4572,
        0.3276,
        2.8085
    ]
}