{
    "FSRS-4.5": {
        "RMSE": 0.32177294089866254,
        "LogLoss": 0.3471348421484096,
        "RMSE(bins)": 0.05737419621667494,
        "RMSE(bins)Ratings": {
            "1": 0.13426161887115187,
            "2": 0.08059591775149996,
            "3": 0.03587979467664495,
            "4": 0.04422536039978282
        }
    },
    "user": 8965,
    "size": 37470,
    "weights": [
        0.4024,
        0.9529,
        3.4729,
        10.354,
        4.5042,
        1.2149,
        1.2113,
        0.0,
        1.7839,
        0.1,
        1.0543,
        1.9872,
        0.1111,
        0.2172,
        1.6732,
        0.1286,
        2.8791
    ]
}