{
    "metrics": {
        "RMSE": 0.4158507963024776,
        "LogLoss": 0.5208530309101245,
        "RMSE(bins)": 0.07228975340256873,
        "ICI": 0.02317240804172705
    },
    "user": 900,
    "size": 49825,
    "weights": [
        0.3259,
        0.9986,
        5.3555,
        16.3707,
        5.1935,
        1.2361,
        0.6614,
        0.0,
        1.617,
        0.0775,
        1.0371,
        2.0335,
        0.1,
        0.2718,
        1.5342,
        0.5361,
        2.1282
    ]
}