{
    "metrics": {
        "RMSE": 0.3623694746820267,
        "LogLoss": 0.42796106962368713,
        "RMSE(bins)": 0.12416155117394592,
        "ICI": 0.05183124429632883
    },
    "user": 9005,
    "size": 2245,
    "weights": [
        0.5927,
        1.4436,
        1.6087,
        5.7555,
        4.9346,
        0.9899,
        0.713,
        0.2061,
        1.835,
        0.0931,
        1.2188,
        2.2841,
        0.01,
        0.4862,
        1.6394,
        0.3879,
        3.0404
    ]
}