{
    "metrics": {
        "RMSE": 0.3469506001560044,
        "LogLoss": 0.3949810022932196,
        "RMSE(bins)": 0.10011598572447315,
        "ICI": 0.04632620606987087
    },
    "user": 9050,
    "size": 5920,
    "weights": [
        0.7512,
        1.8769,
        7.4131,
        33.4753,
        5.1443,
        1.2006,
        0.8627,
        0.0362,
        1.629,
        0.1342,
        1.0166,
        2.1174,
        0.0839,
        0.3204,
        1.4676,
        0.219,
        2.8237
    ]
}