{
    "metrics": {
        "RMSE": 0.11786424289210883,
        "LogLoss": 0.0744764972082402,
        "RMSE(bins)": 0.050245924721002484,
        "ICI": 0.03038098416802817,
        "RMSE(bins)Ratings": {
            "1": 0.31264399849316415,
            "2": 0.07354320088823889,
            "3": 0.06405754687591468,
            "4": 0.03680704145561672
        }
    },
    "user": 9059,
    "size": 3190,
    "weights": [
        0.2376,
        0.9313,
        7.228,
        28.3349,
        4.6654,
        1.5721,
        0.9389,
        0.0,
        2.075,
        0.1,
        1.44,
        2.3464,
        0.0311,
        0.4059,
        1.2348,
        0.3931,
        3.2398
    ]
}