{
    "metrics": {
        "RMSE": 0.4088305248195337,
        "LogLoss": 0.5144415367605122,
        "RMSE(bins)": 0.08207153104726678,
        "ICI": 0.03553357435074531
    },
    "user": 9076,
    "size": 10060,
    "weights": [
        0.3065,
        0.6239,
        1.8121,
        5.5675,
        5.3231,
        1.3582,
        0.6055,
        0.0713,
        1.3466,
        0.3483,
        0.7378,
        2.0831,
        0.044,
        0.2252,
        1.5232,
        0.2392,
        1.8121
    ]
}