{
    "metrics": {
        "RMSE": 0.3142276700034534,
        "LogLoss": 0.3464435335872553,
        "RMSE(bins)": 0.04495812073024931,
        "ICI": 0.026959652842644653
    },
    "user": 9089,
    "size": 43065,
    "weights": [
        0.5307,
        0.8161,
        1.5564,
        9.4893,
        5.1078,
        1.3893,
        1.1019,
        0.0791,
        1.7283,
        0.1092,
        1.1192,
        2.1652,
        0.0108,
        0.2634,
        1.8646,
        0.0,
        1.8937
    ]
}