{
    "FSRS-4.5": {
        "RMSE": 0.24781252593801165,
        "LogLoss": 0.23222556461417157,
        "RMSE(bins)": 0.01811945970129192,
        "RMSE(bins)Ratings": {
            "1": 0.07814484481205416,
            "2": 0.037204191902355487,
            "3": 0.015653316589647037,
            "4": 0.04189007372524808
        }
    },
    "user": 9123,
    "size": 115385,
    "weights": [
        1.6756,
        5.1741,
        28.0747,
        28.0747,
        5.581,
        1.4256,
        1.3102,
        0.0081,
        1.7631,
        0.118,
        1.4899,
        1.5201,
        0.1803,
        0.4753,
        1.4905,
        0.0787,
        4.0
    ]
}