{
    "metrics": {
        "RMSE": 0.2504723201451209,
        "LogLoss": 0.24197563806970726,
        "RMSE(bins)": 0.04806035512380766,
        "ICI": 0.022922144359301337,
        "RMSE(bins)Ratings": {
            "1": 0.07979135253207383,
            "2": 0.05764656168088597,
            "3": 0.054645686653606966,
            "4": 0.3613142594471693
        }
    },
    "user": 9207,
    "size": 19560,
    "weights": [
        0.9874,
        1.4083,
        6.2943,
        7.9731,
        4.7258,
        1.5973,
        1.0273,
        0.0,
        2.2476,
        0.108,
        1.5851,
        2.2505,
        0.0268,
        0.4503,
        1.8404,
        0.0459,
        3.1467
    ]
}