{
    "FSRS-4.5": {
        "RMSE": 0.10041210913537613,
        "LogLoss": 0.07504026009046227,
        "RMSE(bins)": 0.08286836063863039,
        "RMSE(bins)Ratings": {
            "1": 0.055472997090281195,
            "2": 0.0417573967456682,
            "3": 0.09346100318196951
        }
    },
    "user": 9282,
    "size": 310,
    "weights": [
        1.1211,
        2.5053,
        7.1645,
        15.9214,
        4.9847,
        1.1303,
        0.7054,
        0.1639,
        1.7486,
        0.1,
        1.1238,
        2.132,
        0.0839,
        0.3204,
        1.3547,
        0.3368,
        2.7849
    ]
}