{
    "metrics": {
        "RMSE": 0.3761569827319813,
        "LogLoss": 0.45298818251074857,
        "RMSE(bins)": 0.035110166241074436,
        "ICI": 0.023054738786635564,
        "RMSE(bins)Ratings": {
            "1": 0.07461354502088777,
            "2": 0.09530362037451175,
            "3": 0.03167692107186873,
            "4": 0.1787480321530608
        }
    },
    "user": 9289,
    "size": 8315,
    "weights": [
        0.2954,
        0.5001,
        1.1014,
        7.9731,
        5.4543,
        1.3929,
        1.0029,
        0.0926,
        1.4242,
        0.2188,
        0.8214,
        2.0728,
        0.0819,
        0.3171,
        1.4725,
        0.1084,
        3.214
    ]
}