{
    "metrics": {
        "RMSE": 0.3277687588729827,
        "LogLoss": 0.36676558154569255,
        "RMSE(bins)": 0.04426788401060272,
        "ICI": 0.01466061804448882
    },
    "user": 939,
    "size": 11840,
    "weights": [
        0.9645,
        0.9645,
        4.1386,
        6.3769,
        5.3931,
        1.4224,
        0.5725,
        0.0,
        1.3157,
        0.6506,
        0.7583,
        2.2735,
        0.1047,
        0.4242,
        1.5496,
        0.0,
        2.5352
    ]
}