{
    "metrics": {
        "RMSE": 0.4185014760121586,
        "LogLoss": 0.5351336145934167,
        "RMSE(bins)": 0.08172321266965317,
        "ICI": 0.052605443980998805
    },
    "user": 9394,
    "size": 94685,
    "weights": [
        0.3541,
        0.3765,
        2.3925,
        3.3777,
        5.5286,
        1.0664,
        0.7845,
        0.2237,
        1.4813,
        0.3392,
        0.8284,
        2.6632,
        0.0103,
        0.2482,
        0.5841,
        0.5618,
        1.0
    ]
}