{
    "metrics": {
        "RMSE": 0.14099789456207187,
        "LogLoss": 0.09297238480567449,
        "RMSE(bins)": 0.03766998936985822,
        "ICI": 0.016917474514879682
    },
    "user": 9399,
    "size": 3150,
    "weights": [
        2.2131,
        4.8016,
        15.3448,
        33.2928,
        4.724,
        0.9992,
        0.6255,
        0.2376,
        2.0347,
        0.0,
        1.4008,
        2.2087,
        0.011,
        0.3852,
        1.3216,
        0.219,
        2.7849
    ]
}