{
    "FSRS-4.5": {
        "RMSE": 0.28278681919220605,
        "LogLoss": 0.3012838928112007,
        "RMSE(bins)": 0.040776900877258195,
        "RMSE(bins)Ratings": {
            "1": 0.05288690775022203,
            "2": 0.05272750924413177,
            "3": 0.024891335351028335,
            "4": 0.06727235133828348
        }
    },
    "user": 9426,
    "size": 128245,
    "weights": [
        0.2965,
        2.3099,
        4.268,
        14.138,
        6.1462,
        1.753,
        0.9469,
        0.0704,
        1.7054,
        0.1159,
        1.4265,
        1.7624,
        0.1103,
        0.3027,
        1.9432,
        0.2311,
        2.384
    ]
}