{
    "metrics": {
        "RMSE": 0.3310117095818677,
        "LogLoss": 0.3625279335559383,
        "RMSE(bins)": 0.08370166573610652,
        "ICI": 0.011850527222598843
    },
    "user": 9461,
    "size": 7250,
    "weights": [
        0.2276,
        0.934,
        2.5412,
        4.9523,
        5.1353,
        1.2359,
        1.1571,
        0.0,
        1.7164,
        0.4055,
        1.0977,
        2.1628,
        0.0155,
        0.3276,
        1.5205,
        0.1314,
        2.6904
    ]
}