{
    "metrics": {
        "RMSE": 0.2100745920240821,
        "LogLoss": 0.17751968259325315,
        "RMSE(bins)": 0.03595790615797801,
        "ICI": 0.021758411420481214
    },
    "user": 9488,
    "size": 17190,
    "weights": [
        0.5565,
        1.8026,
        7.283,
        10.9355,
        4.9001,
        1.1799,
        1.4716,
        0.0669,
        2.2429,
        0.0,
        1.5848,
        2.1846,
        0.0592,
        0.3958,
        1.735,
        0.092,
        4.1783
    ]
}