{
    "FSRS-4.5": {
        "RMSE": 0.4130005869190371,
        "LogLoss": 0.5196751597405793,
        "RMSE(bins)": 0.07574088145423916,
        "RMSE(bins)Ratings": {
            "1": 0.13856004587683263,
            "2": 0.24947528593733798,
            "3": 0.06595267335923158,
            "4": 0.1090392547348596
        }
    },
    "user": 9494,
    "size": 40305,
    "weights": [
        0.2425,
        0.4544,
        1.1652,
        4.1902,
        5.653,
        1.623,
        0.9167,
        0.2995,
        1.284,
        0.2764,
        0.6972,
        1.9333,
        0.1047,
        0.2232,
        0.7906,
        0.2647,
        2.0109
    ]
}