{
    "metrics": {
        "RMSE": 0.25383131294368017,
        "LogLoss": 0.24751378754807615,
        "RMSE(bins)": 0.05991287448049808,
        "ICI": 0.029465751507856228
    },
    "user": 9504,
    "size": 3985,
    "weights": [
        0.5602,
        5.1825,
        11.9231,
        11.9231,
        5.1792,
        1.0947,
        1.0747,
        0.0,
        1.4844,
        0.3215,
        0.8773,
        1.9517,
        0.1666,
        0.1795,
        1.5119,
        0.0,
        2.3453
    ]
}