{
    "metrics": {
        "RMSE": 0.39601966264456484,
        "LogLoss": 0.4892769341706459,
        "RMSE(bins)": 0.046977641915639544,
        "ICI": 0.03580856304351961
    },
    "user": 954,
    "size": 6800,
    "weights": [
        0.1007,
        0.2812,
        1.313,
        10.9355,
        5.2795,
        1.2597,
        0.6633,
        0.1772,
        1.3788,
        0.1638,
        0.8018,
        2.1801,
        0.0717,
        0.2521,
        1.7521,
        0.1816,
        2.676
    ]
}