{
    "FSRS-4.5": {
        "RMSE": 0.3704990103195186,
        "LogLoss": 0.4382468490961545,
        "RMSE(bins)": 0.04452635173359112,
        "RMSE(bins)Ratings": {
            "1": 0.04954786852465911,
            "2": 0.10339905608596181,
            "3": 0.03180828062695432,
            "4": 0.03857753545233252
        }
    },
    "user": 9582,
    "size": 26910,
    "weights": [
        0.2956,
        0.4389,
        0.4389,
        10.5736,
        5.4125,
        1.6616,
        1.5016,
        0.0356,
        1.86,
        0.1,
        1.2331,
        2.2135,
        0.0466,
        0.3403,
        1.8735,
        0.0251,
        4.0
    ]
}