{
    "FSRS-4.5": {
        "RMSE": 0.3068788936761331,
        "LogLoss": 0.32577289428149464,
        "RMSE(bins)": 0.05813695260219434,
        "ICI": 0.04017384160235221,
        "RMSE(bins)Ratings": {
            "1": 0.11587929287225647,
            "2": 0.11244181386964831,
            "3": 0.06293110212471344,
            "4": 0.05273668752376711
        }
    },
    "user": 9595,
    "size": 22295,
    "weights": [
        0.3969,
        1.0599,
        4.6246,
        28.8245,
        4.659,
        1.0047,
        0.5853,
        0.0677,
        2.0371,
        0.4758,
        1.3763,
        2.2841,
        0.0139,
        0.1852,
        0.8588,
        0.1977,
        4.0
    ]
}