{
    "metrics": {
        "RMSE": 0.2777423695478343,
        "LogLoss": 0.27778172015290536,
        "RMSE(bins)": 0.05312553161109836,
        "ICI": 0.01632035158849302
    },
    "user": 9713,
    "size": 1970,
    "weights": [
        1.5774,
        3.464,
        4.1386,
        17.8587,
        5.1104,
        1.2114,
        0.7218,
        0.1586,
        1.641,
        0.0322,
        1.0294,
        2.1407,
        0.0639,
        0.3453,
        1.4925,
        0.2194,
        2.8126
    ]
}