{
    "FSRS-4.5": {
        "RMSE": 0.33770567380707545,
        "LogLoss": 0.3768120091503214,
        "RMSE(bins)": 0.027086899661720752,
        "RMSE(bins)Ratings": {
            "1": 0.054448293973920016,
            "2": 0.27400261263368664,
            "3": 0.02805776398868513,
            "4": 0.09984950926772125
        }
    },
    "user": 9750,
    "size": 14890,
    "weights": [
        0.7372,
        1.0389,
        6.0282,
        6.0282,
        5.0774,
        1.2596,
        0.9284,
        0.0274,
        1.8353,
        0.1,
        1.1302,
        2.1226,
        0.1257,
        0.317,
        1.1235,
        0.0161,
        3.0403
    ]
}