{
    "metrics": {
        "RMSE": 0.3201644163996357,
        "LogLoss": 0.35001210726575677,
        "RMSE(bins)": 0.11635921682596678,
        "ICI": 0.037967388309324945
    },
    "user": 9755,
    "size": 4485,
    "weights": [
        0.928,
        2.3317,
        9.2876,
        29.7023,
        5.0874,
        1.2505,
        0.8618,
        0.0402,
        1.7127,
        0.0108,
        1.0922,
        2.0386,
        0.1597,
        0.3342,
        1.4837,
        0.1931,
        2.8804
    ]
}