{
    "metrics": {
        "RMSE": 0.3035427346371988,
        "LogLoss": 0.33186152514212275,
        "RMSE(bins)": 0.0256399422869549,
        "ICI": 0.01934698784957331
    },
    "user": 9807,
    "size": 341865,
    "weights": [
        1.0607,
        1.0607,
        1.6896,
        9.4312,
        7.8013,
        0.2897,
        0.3695,
        0.0,
        1.32,
        0.1275,
        1.3281,
        0.8224,
        0.1194,
        0.6099,
        2.5596,
        0.3757,
        3.033
    ]
}