{
    "metrics": {
        "RMSE": 0.06774939266241632,
        "LogLoss": 0.03969542074129791,
        "RMSE(bins)": 0.030755415627325443,
        "ICI": 0.022938780656480223
    },
    "user": 9875,
    "size": 3725,
    "weights": [
        2.5606,
        3.7968,
        6.8557,
        10.1656,
        4.6761,
        0.8636,
        0.6539,
        0.2532,
        2.102,
        0.0,
        1.4714,
        1.9386,
        0.2,
        0.1354,
        1.4319,
        0.0,
        3.074
    ]
}