{
    "FSRS-4.5": {
        "RMSE": 0.21798014613587252,
        "LogLoss": 0.18963209776233395,
        "RMSE(bins)": 0.017633492944734527,
        "RMSE(bins)Ratings": {
            "1": 0.04789639978939704,
            "2": 0.023770858449215535,
            "3": 0.016665394994527218
        }
    },
    "user": 9887,
    "size": 13330,
    "weights": [
        0.6075,
        1.4126,
        5.0081,
        11.6444,
        5.081,
        1.9572,
        1.1101,
        0.0,
        2.0133,
        0.1312,
        1.3714,
        2.2641,
        0.0731,
        0.4284,
        1.6682,
        0.6911,
        2.69
    ]
}