{
    "metrics": {
        "RMSE": 0.2596212268816894,
        "LogLoss": 0.24978403489010423,
        "RMSE(bins)": 0.028491080304387073,
        "ICI": 0.013495210862177639
    },
    "user": 9920,
    "size": 100725,
    "weights": [
        0.3617,
        0.8459,
        3.0859,
        11.3706,
        4.8647,
        1.6292,
        0.8062,
        0.0037,
        2.0193,
        0.1311,
        1.3614,
        2.2295,
        0.083,
        0.2907,
        2.7717,
        0.2385,
        3.1156
    ]
}