{
    "FSRS-4.5": {
        "RMSE": 0.10628373272084207,
        "LogLoss": 0.05183181577901857,
        "RMSE(bins)": 0.06769118509415303,
        "RMSE(bins)Ratings": {
            "1": 0.23060044357758266,
            "2": 0.05068501578510085,
            "3": 0.021983229264293837,
            "4": 0.017170795660636663
        }
    },
    "user": 9960,
    "size": 5400,
    "weights": [
        0.0935,
        1.6631,
        3.5878,
        21.9637,
        4.6891,
        1.2035,
        1.1609,
        0.0,
        2.1264,
        0.1,
        1.4723,
        1.985,
        0.1763,
        0.1793,
        1.6652,
        0.5281,
        3.2986
    ]
}