{
    "metrics": {
        "RMSE": 0.2215045199773154,
        "LogLoss": 0.1877409096329596,
        "RMSE(bins)": 0.09587169502267638,
        "ICI": 0.01981668790365774
    },
    "user": 9964,
    "size": 3030,
    "weights": [
        22.759,
        22.759,
        22.759,
        22.759,
        5.2126,
        1.2044,
        0.9465,
        0.0786,
        1.5244,
        0.2388,
        0.8984,
        2.2526,
        0.01,
        0.4426,
        1.3737,
        0.1257,
        2.6951
    ]
}