{
    "FSRS-4.5": {
        "RMSE": 0.41201054182402014,
        "LogLoss": 0.5103075579214883,
        "RMSE(bins)": 0.15636710847563964,
        "RMSE(bins)Ratings": {
            "1": 0.12551566729824792,
            "2": 0.7040188204419227,
            "3": 0.23002775968865194
        }
    },
    "user": 998,
    "size": 3770,
    "weights": [
        0.1,
        0.2548,
        1.036,
        2.6395,
        5.3651,
        1.3427,
        0.7802,
        0.1063,
        1.4011,
        0.1178,
        0.7872,
        2.1038,
        0.0927,
        0.3439,
        1.42,
        0.219,
        2.7849
    ]
}