{
    "FSRSv4-dry-run": {
        "RMSE": 0.49318650910524137,
        "LogLoss": 0.7307133155872841,
        "RMSE(bins)": 0.17324645263744165,
        "RMSE(bins)Ratings": {
            "1": 0.21824850703027926,
            "2": 0.14816177037027992,
            "3": 0.15842737703284487,
            "4": 0.14600178454271653
        }
    },
    "user": 10285,
    "size": 15635,
    "weights": [
        0.5888,
        1.4616,
        3.8226,
        14.1364,
        4.9214,
        1.0325,
        0.8731,
        0.0613,
        1.57,
        0.1395,
        0.988,
        2.212,
        0.0658,
        0.3439,
        1.3098,
        0.2837,
        2.7766
    ]
}