{
    "FSRSv4-dry-run": {
        "RMSE": 0.4661301459773951,
        "LogLoss": 0.7113642377391545,
        "RMSE(bins)": 0.17524972638237457,
        "RMSE(bins)Ratings": {
            "1": 0.13073530289293112,
            "2": 0.2308208368443296,
            "3": 0.21958072322484132,
            "4": 0.18093096019869662
        }
    },
    "user": 10547,
    "size": 7010,
    "weights": [
        0.5888,
        1.4616,
        3.8226,
        14.1364,
        4.9214,
        1.0325,
        0.8731,
        0.0613,
        1.57,
        0.1395,
        0.988,
        2.212,
        0.0658,
        0.3439,
        1.3098,
        0.2837,
        2.7766
    ]
}