{
    "FSRSv4-dry-run": {
        "RMSE": 0.3879395448929756,
        "LogLoss": 0.4779427303511308,
        "RMSE(bins)": 0.07078078897026287,
        "RMSE(bins)Ratings": {
            "1": 0.0885320890626813,
            "2": 0.07352811695632208,
            "3": 0.03435024509479575,
            "4": 0.05575809163600675
        }
    },
    "user": 11584,
    "size": 15005,
    "weights": [
        0.5888,
        1.4616,
        3.8226,
        14.1364,
        4.9214,
        1.0325,
        0.8731,
        0.0613,
        1.57,
        0.1395,
        0.988,
        2.212,
        0.0658,
        0.3439,
        1.3098,
        0.2837,
        2.7766
    ]
}