{
    "FSRSv4-dry-run": {
        "RMSE": 0.30857450936179276,
        "LogLoss": 0.35155717557188443,
        "RMSE(bins)": 0.08790747941506936,
        "RMSE(bins)Ratings": {
            "1": 0.16153300562120282,
            "2": 0.16598430762296332,
            "3": 0.11231597814760613,
            "4": 0.03850372231894442
        }
    },
    "user": 1170,
    "size": 12055,
    "weights": [
        0.5888,
        1.4616,
        3.8226,
        14.1364,
        4.9214,
        1.0325,
        0.8731,
        0.0613,
        1.57,
        0.1395,
        0.988,
        2.212,
        0.0658,
        0.3439,
        1.3098,
        0.2837,
        2.7766
    ]
}