{
    "FSRSv4-dry-run": {
        "RMSE": 0.44249177184738003,
        "LogLoss": 0.6450352830983523,
        "RMSE(bins)": 0.1466467931536663,
        "RMSE(bins)Ratings": {
            "1": 0.20569368762297313,
            "2": 0.14753990718105053,
            "3": 0.062018046836712436,
            "4": 0.14146414263790408
        }
    },
    "user": 12260,
    "size": 139460,
    "weights": [
        0.5888,
        1.4616,
        3.8226,
        14.1364,
        4.9214,
        1.0325,
        0.8731,
        0.0613,
        1.57,
        0.1395,
        0.988,
        2.212,
        0.0658,
        0.3439,
        1.3098,
        0.2837,
        2.7766
    ]
}