{
    "FSRSv4-dry-run": {
        "RMSE": 0.21495613406325653,
        "LogLoss": 0.18325950670398564,
        "RMSE(bins)": 0.10389650303328597,
        "RMSE(bins)Ratings": {
            "1": 0.08344657486284694,
            "2": 0.08298559549164099,
            "3": 0.05360887808300019,
            "4": 0.0680613020342986
        }
    },
    "user": 1231,
    "size": 10660,
    "weights": [
        0.5888,
        1.4616,
        3.8226,
        14.1364,
        4.9214,
        1.0325,
        0.8731,
        0.0613,
        1.57,
        0.1395,
        0.988,
        2.212,
        0.0658,
        0.3439,
        1.3098,
        0.2837,
        2.7766
    ]
}