{
    "FSRSv4-dry-run": {
        "RMSE": 0.42191233991390537,
        "LogLoss": 0.5932902688451593,
        "RMSE(bins)": 0.1383275658320332,
        "RMSE(bins)Ratings": {
            "1": 0.07527253930163004,
            "2": 0.1854885441796186,
            "3": 0.16604736048444027,
            "4": 0.14853479213023957
        }
    },
    "user": 12571,
    "size": 11855,
    "weights": [
        0.5888,
        1.4616,
        3.8226,
        14.1364,
        4.9214,
        1.0325,
        0.8731,
        0.0613,
        1.57,
        0.1395,
        0.988,
        2.212,
        0.0658,
        0.3439,
        1.3098,
        0.2837,
        2.7766
    ]
}