{
    "FSRSv4-dry-run": {
        "RMSE": 0.3468530474101824,
        "LogLoss": 0.4012277873332151,
        "RMSE(bins)": 0.08196910141354383,
        "RMSE(bins)Ratings": {
            "1": 0.11650341866960225,
            "2": 0.13465648662217597,
            "3": 0.09119296770023749,
            "4": 0.0821787876820568
        }
    },
    "user": 12647,
    "size": 42655,
    "weights": [
        0.5888,
        1.4616,
        3.8226,
        14.1364,
        4.9214,
        1.0325,
        0.8731,
        0.0613,
        1.57,
        0.1395,
        0.988,
        2.212,
        0.0658,
        0.3439,
        1.3098,
        0.2837,
        2.7766
    ]
}