{
    "FSRSv4-dry-run": {
        "RMSE": 0.2724312500940582,
        "LogLoss": 0.2708779112137829,
        "RMSE(bins)": 0.07174600115390464,
        "RMSE(bins)Ratings": {
            "1": 0.08587601442143826,
            "2": 0.04128575677889421,
            "3": 0.041993381513284404,
            "4": 0.03408509599397982
        }
    },
    "user": 12707,
    "size": 29290,
    "weights": [
        0.5888,
        1.4616,
        3.8226,
        14.1364,
        4.9214,
        1.0325,
        0.8731,
        0.0613,
        1.57,
        0.1395,
        0.988,
        2.212,
        0.0658,
        0.3439,
        1.3098,
        0.2837,
        2.7766
    ]
}