{
    "FSRSv4-dry-run": {
        "RMSE": 0.23476077435816292,
        "LogLoss": 0.21349935547484483,
        "RMSE(bins)": 0.05000050564207885,
        "RMSE(bins)Ratings": {
            "1": 0.1373267471278843,
            "2": 0.036632986693486184,
            "3": 0.0494949305293106,
            "4": 0.05728062832975028
        }
    },
    "user": 13044,
    "size": 32190,
    "weights": [
        0.5888,
        1.4616,
        3.8226,
        14.1364,
        4.9214,
        1.0325,
        0.8731,
        0.0613,
        1.57,
        0.1395,
        0.988,
        2.212,
        0.0658,
        0.3439,
        1.3098,
        0.2837,
        2.7766
    ]
}