{
    "FSRSv4-dry-run": {
        "RMSE": 0.19566046587367666,
        "LogLoss": 0.16691671447109813,
        "RMSE(bins)": 0.05692724418855632,
        "RMSE(bins)Ratings": {
            "1": 0.0837708928941936,
            "2": 0.05370969577053603,
            "3": 0.06655901252235086,
            "4": 0.06382808135855254
        }
    },
    "user": 13133,
    "size": 27935,
    "weights": [
        0.5888,
        1.4616,
        3.8226,
        14.1364,
        4.9214,
        1.0325,
        0.8731,
        0.0613,
        1.57,
        0.1395,
        0.988,
        2.212,
        0.0658,
        0.3439,
        1.3098,
        0.2837,
        2.7766
    ]
}