{
    "FSRSv4-dry-run": {
        "RMSE": 0.47224296257297066,
        "LogLoss": 0.6886464403361043,
        "RMSE(bins)": 0.16080954335764525,
        "RMSE(bins)Ratings": {
            "1": 0.19926204294508482,
            "2": 0.2077428606435157,
            "3": 0.10685342952224891,
            "4": 0.2923836504000877
        }
    },
    "user": 13886,
    "size": 60660,
    "weights": [
        0.5888,
        1.4616,
        3.8226,
        14.1364,
        4.9214,
        1.0325,
        0.8731,
        0.0613,
        1.57,
        0.1395,
        0.988,
        2.212,
        0.0658,
        0.3439,
        1.3098,
        0.2837,
        2.7766
    ]
}