{
    "FSRSv4-dry-run": {
        "RMSE": 0.6491140538668169,
        "LogLoss": 1.2698362701747086,
        "RMSE(bins)": 0.6279738993653685,
        "RMSE(bins)Ratings": {
            "1": 0.6564922464032373,
            "2": 0.471454272689818,
            "3": 0.5740229826775378,
            "4": 0.4459326885337722
        }
    },
    "user": 13895,
    "size": 720,
    "weights": [
        0.5888,
        1.4616,
        3.8226,
        14.1364,
        4.9214,
        1.0325,
        0.8731,
        0.0613,
        1.57,
        0.1395,
        0.988,
        2.212,
        0.0658,
        0.3439,
        1.3098,
        0.2837,
        2.7766
    ]
}