{
    "FSRSv4-dry-run": {
        "RMSE": 0.2795255957839701,
        "LogLoss": 0.28609056660282894,
        "RMSE(bins)": 0.10858699913892257,
        "RMSE(bins)Ratings": {
            "1": 0.07872586264967721,
            "2": 0.07234448494494237,
            "3": 0.04459275981153898,
            "4": 0.07526348138526809
        }
    },
    "user": 13985,
    "size": 8240,
    "weights": [
        0.5888,
        1.4616,
        3.8226,
        14.1364,
        4.9214,
        1.0325,
        0.8731,
        0.0613,
        1.57,
        0.1395,
        0.988,
        2.212,
        0.0658,
        0.3439,
        1.3098,
        0.2837,
        2.7766
    ]
}