{
    "FSRSv4-dry-run": {
        "RMSE": 0.19026266235000314,
        "LogLoss": 0.1576347107108311,
        "RMSE(bins)": 0.09227229392751522,
        "RMSE(bins)Ratings": {
            "1": 0.20066717942021586,
            "2": 0.07625861723554597,
            "3": 0.05017168455369469,
            "4": 0.07884091105903016
        }
    },
    "user": 14117,
    "size": 9450,
    "weights": [
        0.5888,
        1.4616,
        3.8226,
        14.1364,
        4.9214,
        1.0325,
        0.8731,
        0.0613,
        1.57,
        0.1395,
        0.988,
        2.212,
        0.0658,
        0.3439,
        1.3098,
        0.2837,
        2.7766
    ]
}