{
    "FSRSv4-dry-run": {
        "RMSE": 0.48518152812687,
        "LogLoss": 0.7795104830372028,
        "RMSE(bins)": 0.19842187891812232,
        "RMSE(bins)Ratings": {
            "1": 0.33319014868610897,
            "2": 0.18492454728749944,
            "3": 0.10971882724082742,
            "4": 0.1638899577426913
        }
    },
    "user": 14783,
    "size": 27540,
    "weights": [
        0.5888,
        1.4616,
        3.8226,
        14.1364,
        4.9214,
        1.0325,
        0.8731,
        0.0613,
        1.57,
        0.1395,
        0.988,
        2.212,
        0.0658,
        0.3439,
        1.3098,
        0.2837,
        2.7766
    ]
}