{
    "FSRSv4-dry-run": {
        "RMSE": 0.39986417656291995,
        "LogLoss": 0.5062694592190331,
        "RMSE(bins)": 0.08290105507363163,
        "RMSE(bins)Ratings": {
            "1": 0.13173676382742855,
            "2": 0.16495385078738375,
            "3": 0.057255744389446334,
            "4": 0.03544951569614931
        }
    },
    "user": 14988,
    "size": 2900,
    "weights": [
        0.5888,
        1.4616,
        3.8226,
        14.1364,
        4.9214,
        1.0325,
        0.8731,
        0.0613,
        1.57,
        0.1395,
        0.988,
        2.212,
        0.0658,
        0.3439,
        1.3098,
        0.2837,
        2.7766
    ]
}