{
    "FSRSv4-dry-run": {
        "RMSE": 0.33131457340609616,
        "LogLoss": 0.36879727311004706,
        "RMSE(bins)": 0.06280887345951658,
        "RMSE(bins)Ratings": {
            "1": 0.12523049742162187,
            "2": 0.13345882700580053,
            "3": 0.08494845710783469,
            "4": 0.2650295254425473
        }
    },
    "user": 1507,
    "size": 3870,
    "weights": [
        0.5888,
        1.4616,
        3.8226,
        14.1364,
        4.9214,
        1.0325,
        0.8731,
        0.0613,
        1.57,
        0.1395,
        0.988,
        2.212,
        0.0658,
        0.3439,
        1.3098,
        0.2837,
        2.7766
    ]
}