{
    "FSRSv4-dry-run": {
        "RMSE": 0.3320617678086112,
        "LogLoss": 0.3748735423417679,
        "RMSE(bins)": 0.08182045126481376,
        "RMSE(bins)Ratings": {
            "1": 0.14541859958495346,
            "2": 0.15417852303332544,
            "3": 0.08205271892095783,
            "4": 0.030740410767511103
        }
    },
    "user": 15105,
    "size": 6060,
    "weights": [
        0.5888,
        1.4616,
        3.8226,
        14.1364,
        4.9214,
        1.0325,
        0.8731,
        0.0613,
        1.57,
        0.1395,
        0.988,
        2.212,
        0.0658,
        0.3439,
        1.3098,
        0.2837,
        2.7766
    ]
}