{
    "FSRSv4-dry-run": {
        "RMSE": 0.25758334039854613,
        "LogLoss": 0.24943354532297118,
        "RMSE(bins)": 0.060359874795286664,
        "RMSE(bins)Ratings": {
            "1": 0.13291098010258764,
            "2": 0.06636368347917412,
            "3": 0.03152507267246484,
            "4": 0.04752206377902041
        }
    },
    "user": 15447,
    "size": 16440,
    "weights": [
        0.5888,
        1.4616,
        3.8226,
        14.1364,
        4.9214,
        1.0325,
        0.8731,
        0.0613,
        1.57,
        0.1395,
        0.988,
        2.212,
        0.0658,
        0.3439,
        1.3098,
        0.2837,
        2.7766
    ]
}