{
    "FSRSv4-dry-run": {
        "RMSE": 0.34535544757239955,
        "LogLoss": 0.38971956083031867,
        "RMSE(bins)": 0.039113104225418166,
        "RMSE(bins)Ratings": {
            "1": 0.07305096924449987,
            "2": 0.1873343163713729,
            "3": 0.027858239387147488,
            "4": 0.0512531486121473
        }
    },
    "user": 16138,
    "size": 47300,
    "weights": [
        0.5888,
        1.4616,
        3.8226,
        14.1364,
        4.9214,
        1.0325,
        0.8731,
        0.0613,
        1.57,
        0.1395,
        0.988,
        2.212,
        0.0658,
        0.3439,
        1.3098,
        0.2837,
        2.7766
    ]
}