{
    "FSRSv4-dry-run": {
        "RMSE": 0.3625114312509073,
        "LogLoss": 0.4656792836966365,
        "RMSE(bins)": 0.11120955176977437,
        "RMSE(bins)Ratings": {
            "1": 0.1804096985984624,
            "2": 0.15304455000483994,
            "3": 0.10129793847268541,
            "4": 0.07559559078096957
        }
    },
    "user": 16584,
    "size": 2405,
    "weights": [
        0.5888,
        1.4616,
        3.8226,
        14.1364,
        4.9214,
        1.0325,
        0.8731,
        0.0613,
        1.57,
        0.1395,
        0.988,
        2.212,
        0.0658,
        0.3439,
        1.3098,
        0.2837,
        2.7766
    ]
}