{
    "FSRSv4-dry-run": {
        "RMSE": 0.2737533560523291,
        "LogLoss": 0.24852072068041026,
        "RMSE(bins)": 0.2085447389234385,
        "RMSE(bins)Ratings": {
            "1": 0.21511308448743227,
            "2": 0.11109571322823056,
            "3": 0.08403111826935841,
            "4": 0.010105144716829736
        }
    },
    "user": 17798,
    "size": 1250,
    "weights": [
        0.5888,
        1.4616,
        3.8226,
        14.1364,
        4.9214,
        1.0325,
        0.8731,
        0.0613,
        1.57,
        0.1395,
        0.988,
        2.212,
        0.0658,
        0.3439,
        1.3098,
        0.2837,
        2.7766
    ]
}