{
    "FSRSv4-dry-run": {
        "RMSE": 0.40066228499050127,
        "LogLoss": 0.49149795871252583,
        "RMSE(bins)": 0.06562589219225781,
        "RMSE(bins)Ratings": {
            "1": 0.17164539064071027,
            "2": 0.08918590660062475,
            "3": 0.08650331357771894,
            "4": 0.07805928149721118
        }
    },
    "user": 18042,
    "size": 2740,
    "weights": [
        0.5888,
        1.4616,
        3.8226,
        14.1364,
        4.9214,
        1.0325,
        0.8731,
        0.0613,
        1.57,
        0.1395,
        0.988,
        2.212,
        0.0658,
        0.3439,
        1.3098,
        0.2837,
        2.7766
    ]
}