{
    "FSRSv4-dry-run": {
        "RMSE": 0.3247346598613294,
        "LogLoss": 0.3583395215608023,
        "RMSE(bins)": 0.04788153243253801,
        "RMSE(bins)Ratings": {
            "1": 0.08148961590706638,
            "2": 0.05351346600305909,
            "3": 0.0648813206657445,
            "4": 0.060183070526747456
        }
    },
    "user": 18183,
    "size": 4105,
    "weights": [
        0.5888,
        1.4616,
        3.8226,
        14.1364,
        4.9214,
        1.0325,
        0.8731,
        0.0613,
        1.57,
        0.1395,
        0.988,
        2.212,
        0.0658,
        0.3439,
        1.3098,
        0.2837,
        2.7766
    ]
}