{
    "FSRSv4-dry-run": {
        "RMSE": 0.46469185417974257,
        "LogLoss": 0.6593149516313337,
        "RMSE(bins)": 0.15731397619588422,
        "RMSE(bins)Ratings": {
            "1": 0.32466986197449715,
            "2": 0.6770328283597332,
            "3": 0.22845435774335715,
            "4": 0.10473025636771667
        }
    },
    "user": 187,
    "size": 22825,
    "weights": [
        0.5888,
        1.4616,
        3.8226,
        14.1364,
        4.9214,
        1.0325,
        0.8731,
        0.0613,
        1.57,
        0.1395,
        0.988,
        2.212,
        0.0658,
        0.3439,
        1.3098,
        0.2837,
        2.7766
    ]
}