{
    "FSRSv4-dry-run": {
        "RMSE": 0.5333971961985174,
        "LogLoss": 0.8179744562701824,
        "RMSE(bins)": 0.2633261487882082,
        "RMSE(bins)Ratings": {
            "1": 0.3226659277545966,
            "2": 0.166981237419736,
            "3": 0.13005953609745677,
            "4": 0.11514058116117168
        }
    },
    "user": 18882,
    "size": 9930,
    "weights": [
        0.5888,
        1.4616,
        3.8226,
        14.1364,
        4.9214,
        1.0325,
        0.8731,
        0.0613,
        1.57,
        0.1395,
        0.988,
        2.212,
        0.0658,
        0.3439,
        1.3098,
        0.2837,
        2.7766
    ]
}