{
    "FSRSv4-dry-run": {
        "RMSE": 0.3349145748562714,
        "LogLoss": 0.3797518881338423,
        "RMSE(bins)": 0.043030487099711384,
        "RMSE(bins)Ratings": {
            "1": 0.07985656598880637,
            "2": 0.18581737627016398,
            "3": 0.03410930163397883,
            "4": 0.252528566862204
        }
    },
    "user": 18909,
    "size": 5770,
    "weights": [
        0.5888,
        1.4616,
        3.8226,
        14.1364,
        4.9214,
        1.0325,
        0.8731,
        0.0613,
        1.57,
        0.1395,
        0.988,
        2.212,
        0.0658,
        0.3439,
        1.3098,
        0.2837,
        2.7766
    ]
}