{
    "FSRSv4-dry-run": {
        "RMSE": 0.21620802161236388,
        "LogLoss": 0.18593890189615098,
        "RMSE(bins)": 0.05465457207429442,
        "RMSE(bins)Ratings": {
            "1": 0.20744496325066447,
            "2": 0.08233989938855778,
            "3": 0.04848367142745779,
            "4": 0.03761573496680262
        }
    },
    "user": 18967,
    "size": 5885,
    "weights": [
        0.5888,
        1.4616,
        3.8226,
        14.1364,
        4.9214,
        1.0325,
        0.8731,
        0.0613,
        1.57,
        0.1395,
        0.988,
        2.212,
        0.0658,
        0.3439,
        1.3098,
        0.2837,
        2.7766
    ]
}