{
    "FSRSv4-dry-run": {
        "RMSE": 0.44952651421834794,
        "LogLoss": 0.6694479382573976,
        "RMSE(bins)": 0.15173931859378542,
        "RMSE(bins)Ratings": {
            "1": 0.1693845335850184,
            "2": 0.272060588865089,
            "3": 0.09604406354823328,
            "4": 0.08487891318793188
        }
    },
    "user": 19676,
    "size": 8405,
    "weights": [
        0.5888,
        1.4616,
        3.8226,
        14.1364,
        4.9214,
        1.0325,
        0.8731,
        0.0613,
        1.57,
        0.1395,
        0.988,
        2.212,
        0.0658,
        0.3439,
        1.3098,
        0.2837,
        2.7766
    ]
}