{
    "FSRSv4-dry-run": {
        "RMSE": 0.33925161704726176,
        "LogLoss": 0.38044081391372964,
        "RMSE(bins)": 0.05959188199459072,
        "RMSE(bins)Ratings": {
            "1": 0.11343982288824564,
            "2": 0.07915923814949549,
            "3": 0.04311655386089464,
            "4": 0.14774420789849713
        }
    },
    "user": 19706,
    "size": 15790,
    "weights": [
        0.5888,
        1.4616,
        3.8226,
        14.1364,
        4.9214,
        1.0325,
        0.8731,
        0.0613,
        1.57,
        0.1395,
        0.988,
        2.212,
        0.0658,
        0.3439,
        1.3098,
        0.2837,
        2.7766
    ]
}