{
    "FSRSv4-dry-run": {
        "RMSE": 0.44408587937736244,
        "LogLoss": 0.5950431068804408,
        "RMSE(bins)": 0.1281269105391169,
        "RMSE(bins)Ratings": {
            "1": 0.1692087430062,
            "2": 0.17829191050602317,
            "3": 0.11623501986792209,
            "4": 0.5557207698525785
        }
    },
    "user": 2244,
    "size": 9410,
    "weights": [
        0.5888,
        1.4616,
        3.8226,
        14.1364,
        4.9214,
        1.0325,
        0.8731,
        0.0613,
        1.57,
        0.1395,
        0.988,
        2.212,
        0.0658,
        0.3439,
        1.3098,
        0.2837,
        2.7766
    ]
}