{
    "FSRSv4-dry-run": {
        "RMSE": 0.16707200952850443,
        "LogLoss": 0.13307351655439462,
        "RMSE(bins)": 0.030682712231575388,
        "RMSE(bins)Ratings": {
            "1": 0.017592306313224143,
            "2": 0.01630586972801837,
            "3": 0.0389871424944489,
            "4": 0.0723273541174892
        }
    },
    "user": 2488,
    "size": 69290,
    "weights": [
        0.5888,
        1.4616,
        3.8226,
        14.1364,
        4.9214,
        1.0325,
        0.8731,
        0.0613,
        1.57,
        0.1395,
        0.988,
        2.212,
        0.0658,
        0.3439,
        1.3098,
        0.2837,
        2.7766
    ]
}