{
    "FSRSv4-dry-run": {
        "RMSE": 0.3162265779946092,
        "LogLoss": 0.33898264409156365,
        "RMSE(bins)": 0.03851870585109032,
        "RMSE(bins)Ratings": {
            "1": 0.0701951708106567,
            "2": 0.07270030440365031,
            "3": 0.036590994357970114,
            "4": 0.05316977688371688
        }
    },
    "user": 2625,
    "size": 7905,
    "weights": [
        0.5888,
        1.4616,
        3.8226,
        14.1364,
        4.9214,
        1.0325,
        0.8731,
        0.0613,
        1.57,
        0.1395,
        0.988,
        2.212,
        0.0658,
        0.3439,
        1.3098,
        0.2837,
        2.7766
    ]
}