{
    "FSRSv4-dry-run": {
        "RMSE": 0.39860413263665917,
        "LogLoss": 0.4722445372153193,
        "RMSE(bins)": 0.27361406722616766,
        "RMSE(bins)Ratings": {
            "1": 0.2055344061121572,
            "2": 0.302494006750028,
            "3": 0.25468293172659534,
            "4": 0.30281159147257286
        }
    },
    "user": 299,
    "size": 3265,
    "weights": [
        0.5888,
        1.4616,
        3.8226,
        14.1364,
        4.9214,
        1.0325,
        0.8731,
        0.0613,
        1.57,
        0.1395,
        0.988,
        2.212,
        0.0658,
        0.3439,
        1.3098,
        0.2837,
        2.7766
    ]
}