{
    "FSRSv4-dry-run": {
        "RMSE": 0.40942080158668875,
        "LogLoss": 0.5433424403237622,
        "RMSE(bins)": 0.11361569722774509,
        "RMSE(bins)Ratings": {
            "1": 0.11410172117077164,
            "2": 0.1923385385610409,
            "3": 0.10620006464542314,
            "4": 0.10130909658737429
        }
    },
    "user": 3830,
    "size": 44545,
    "weights": [
        0.5888,
        1.4616,
        3.8226,
        14.1364,
        4.9214,
        1.0325,
        0.8731,
        0.0613,
        1.57,
        0.1395,
        0.988,
        2.212,
        0.0658,
        0.3439,
        1.3098,
        0.2837,
        2.7766
    ]
}