{
    "FSRSv4-dry-run": {
        "RMSE": 0.23147152306440855,
        "LogLoss": 0.2176672358984345,
        "RMSE(bins)": 0.049185024304381667,
        "RMSE(bins)Ratings": {
            "1": 0.12436819693635123,
            "2": 0.49902130253331056,
            "3": 0.04339685433589388
        }
    },
    "user": 4077,
    "size": 16810,
    "weights": [
        0.5888,
        1.4616,
        3.8226,
        14.1364,
        4.9214,
        1.0325,
        0.8731,
        0.0613,
        1.57,
        0.1395,
        0.988,
        2.212,
        0.0658,
        0.3439,
        1.3098,
        0.2837,
        2.7766
    ]
}