{
    "FSRSv4-dry-run": {
        "RMSE": 0.16522644626772906,
        "LogLoss": 0.12468963138831607,
        "RMSE(bins)": 0.0372251701093403,
        "RMSE(bins)Ratings": {
            "1": 0.11520894147076959,
            "2": 0.03335794542130852,
            "3": 0.027499569218013366,
            "4": 0.027805202802813983
        }
    },
    "user": 4180,
    "size": 9410,
    "weights": [
        0.5888,
        1.4616,
        3.8226,
        14.1364,
        4.9214,
        1.0325,
        0.8731,
        0.0613,
        1.57,
        0.1395,
        0.988,
        2.212,
        0.0658,
        0.3439,
        1.3098,
        0.2837,
        2.7766
    ]
}