{
    "FSRSv4-dry-run": {
        "RMSE": 0.32077484974379417,
        "LogLoss": 0.35793888891267883,
        "RMSE(bins)": 0.10910430832367153,
        "RMSE(bins)Ratings": {
            "1": 0.1280379024791824,
            "2": 0.054514935696175014,
            "3": 0.10739687276414084,
            "4": 0.0938403816449603
        }
    },
    "user": 4519,
    "size": 14255,
    "weights": [
        0.5888,
        1.4616,
        3.8226,
        14.1364,
        4.9214,
        1.0325,
        0.8731,
        0.0613,
        1.57,
        0.1395,
        0.988,
        2.212,
        0.0658,
        0.3439,
        1.3098,
        0.2837,
        2.7766
    ]
}