{
    "FSRSv4-dry-run": {
        "RMSE": 0.25227421243198533,
        "LogLoss": 0.24267884380293067,
        "RMSE(bins)": 0.023406159123468582,
        "RMSE(bins)Ratings": {
            "1": 0.03483839743146425,
            "2": 0.13746256823589026,
            "3": 0.01872588865567863,
            "4": 0.03811323612737284
        }
    },
    "user": 5076,
    "size": 296205,
    "weights": [
        0.5888,
        1.4616,
        3.8226,
        14.1364,
        4.9214,
        1.0325,
        0.8731,
        0.0613,
        1.57,
        0.1395,
        0.988,
        2.212,
        0.0658,
        0.3439,
        1.3098,
        0.2837,
        2.7766
    ]
}