{
    "FSRSv4-dry-run": {
        "RMSE": 0.30980751783726385,
        "LogLoss": 0.356179386858,
        "RMSE(bins)": 0.09808405512313667,
        "RMSE(bins)Ratings": {
            "1": 0.23919526138781946,
            "2": 0.08090481323494444,
            "3": 0.061390302990651485,
            "4": 0.040108008436925684
        }
    },
    "user": 5171,
    "size": 3595,
    "weights": [
        0.5888,
        1.4616,
        3.8226,
        14.1364,
        4.9214,
        1.0325,
        0.8731,
        0.0613,
        1.57,
        0.1395,
        0.988,
        2.212,
        0.0658,
        0.3439,
        1.3098,
        0.2837,
        2.7766
    ]
}