{
    "FSRSv4-dry-run": {
        "RMSE": 0.28641789161111353,
        "LogLoss": 0.31316264471421706,
        "RMSE(bins)": 0.06212633732794164,
        "RMSE(bins)Ratings": {
            "1": 0.09852182361748808,
            "2": 0.11642277707387703,
            "3": 0.03779825093795961,
            "4": 0.12702498453821592
        }
    },
    "user": 530,
    "size": 39820,
    "weights": [
        0.5888,
        1.4616,
        3.8226,
        14.1364,
        4.9214,
        1.0325,
        0.8731,
        0.0613,
        1.57,
        0.1395,
        0.988,
        2.212,
        0.0658,
        0.3439,
        1.3098,
        0.2837,
        2.7766
    ]
}