{
    "FSRSv4-dry-run": {
        "RMSE": 0.13407032086870982,
        "LogLoss": 0.10976402603558127,
        "RMSE(bins)": 0.10335614743076342,
        "RMSE(bins)Ratings": {
            "1": 0.22840574841622865,
            "2": 0.09991418398124784,
            "3": 0.09295219468834198,
            "4": 0.07016752291290776
        }
    },
    "user": 5301,
    "size": 1775,
    "weights": [
        0.5888,
        1.4616,
        3.8226,
        14.1364,
        4.9214,
        1.0325,
        0.8731,
        0.0613,
        1.57,
        0.1395,
        0.988,
        2.212,
        0.0658,
        0.3439,
        1.3098,
        0.2837,
        2.7766
    ]
}