{
    "FSRSv4-dry-run": {
        "RMSE": 0.3502934792232361,
        "LogLoss": 0.39540312728678684,
        "RMSE(bins)": 0.1814825673154965,
        "RMSE(bins)Ratings": {
            "1": 0.35329150726288694,
            "2": 0.19815947481429633,
            "3": 0.10377723063096161,
            "4": 0.12060779618927941
        }
    },
    "user": 5389,
    "size": 7180,
    "weights": [
        0.5888,
        1.4616,
        3.8226,
        14.1364,
        4.9214,
        1.0325,
        0.8731,
        0.0613,
        1.57,
        0.1395,
        0.988,
        2.212,
        0.0658,
        0.3439,
        1.3098,
        0.2837,
        2.7766
    ]
}