{
    "FSRSv4-dry-run": {
        "RMSE": 0.34327698717772626,
        "LogLoss": 0.38548605000594266,
        "RMSE(bins)": 0.1391558941667097,
        "RMSE(bins)Ratings": {
            "1": 0.11021475375232659,
            "2": 0.13546693938876064,
            "3": 0.16342231306217242,
            "4": 0.32839593128291245
        }
    },
    "user": 5391,
    "size": 4220,
    "weights": [
        0.5888,
        1.4616,
        3.8226,
        14.1364,
        4.9214,
        1.0325,
        0.8731,
        0.0613,
        1.57,
        0.1395,
        0.988,
        2.212,
        0.0658,
        0.3439,
        1.3098,
        0.2837,
        2.7766
    ]
}