{
    "FSRSv4-dry-run": {
        "RMSE": 0.34329471217220564,
        "LogLoss": 0.39325745104362114,
        "RMSE(bins)": 0.09060127554161601,
        "RMSE(bins)Ratings": {
            "1": 0.17576311945164405,
            "2": 0.09118823736475126,
            "3": 0.0640579009490638,
            "4": 0.10388529889283127
        }
    },
    "user": 5892,
    "size": 2635,
    "weights": [
        0.5888,
        1.4616,
        3.8226,
        14.1364,
        4.9214,
        1.0325,
        0.8731,
        0.0613,
        1.57,
        0.1395,
        0.988,
        2.212,
        0.0658,
        0.3439,
        1.3098,
        0.2837,
        2.7766
    ]
}