{
    "FSRSv4-dry-run": {
        "RMSE": 0.3341039850905861,
        "LogLoss": 0.3794961679115978,
        "RMSE(bins)": 0.058443561937573274,
        "RMSE(bins)Ratings": {
            "1": 0.07022779721238728,
            "2": 0.1463415916679478,
            "3": 0.04970083700793981,
            "4": 0.0761885601966711
        }
    },
    "user": 6285,
    "size": 8870,
    "weights": [
        0.5888,
        1.4616,
        3.8226,
        14.1364,
        4.9214,
        1.0325,
        0.8731,
        0.0613,
        1.57,
        0.1395,
        0.988,
        2.212,
        0.0658,
        0.3439,
        1.3098,
        0.2837,
        2.7766
    ]
}