{
    "FSRSv4-dry-run": {
        "RMSE": 0.34910418323979453,
        "LogLoss": 0.39703247854910895,
        "RMSE(bins)": 0.15483339636832064,
        "RMSE(bins)Ratings": {
            "1": 0.1118946966923629,
            "2": 0.11346403581139813,
            "3": 0.07028443799809053,
            "4": 0.05458747032706238
        }
    },
    "user": 629,
    "size": 1720,
    "weights": [
        0.5888,
        1.4616,
        3.8226,
        14.1364,
        4.9214,
        1.0325,
        0.8731,
        0.0613,
        1.57,
        0.1395,
        0.988,
        2.212,
        0.0658,
        0.3439,
        1.3098,
        0.2837,
        2.7766
    ]
}