{
    "FSRSv4-dry-run": {
        "RMSE": 0.28453264897576686,
        "LogLoss": 0.30125084525835993,
        "RMSE(bins)": 0.0439493812674899,
        "RMSE(bins)Ratings": {
            "1": 0.15712867396175886,
            "2": 0.047000788005687424,
            "3": 0.03190280158469809,
            "4": 0.0286430677550928
        }
    },
    "user": 6369,
    "size": 101910,
    "weights": [
        0.5888,
        1.4616,
        3.8226,
        14.1364,
        4.9214,
        1.0325,
        0.8731,
        0.0613,
        1.57,
        0.1395,
        0.988,
        2.212,
        0.0658,
        0.3439,
        1.3098,
        0.2837,
        2.7766
    ]
}