{
    "FSRSv4-dry-run": {
        "RMSE": 0.2611046266294278,
        "LogLoss": 0.25356686207589973,
        "RMSE(bins)": 0.03315434215965539,
        "RMSE(bins)Ratings": {
            "1": 0.04792870470432481,
            "2": 0.07527120306008654,
            "3": 0.03149164512507716,
            "4": 0.046409359571703654
        }
    },
    "user": 6961,
    "size": 69230,
    "weights": [
        0.5888,
        1.4616,
        3.8226,
        14.1364,
        4.9214,
        1.0325,
        0.8731,
        0.0613,
        1.57,
        0.1395,
        0.988,
        2.212,
        0.0658,
        0.3439,
        1.3098,
        0.2837,
        2.7766
    ]
}