{
    "FSRSv4-dry-run": {
        "RMSE": 0.19423248240206933,
        "LogLoss": 0.16282548767785235,
        "RMSE(bins)": 0.06597541499111476,
        "RMSE(bins)Ratings": {
            "1": 0.08701365525957616,
            "2": 0.08676091728569525,
            "3": 0.0532736758859547,
            "4": 0.03453699472246487
        }
    },
    "user": 7212,
    "size": 12485,
    "weights": [
        0.5888,
        1.4616,
        3.8226,
        14.1364,
        4.9214,
        1.0325,
        0.8731,
        0.0613,
        1.57,
        0.1395,
        0.988,
        2.212,
        0.0658,
        0.3439,
        1.3098,
        0.2837,
        2.7766
    ]
}