{
    "FSRSv4-dry-run": {
        "RMSE": 0.14188566993482707,
        "LogLoss": 0.12574953885511628,
        "RMSE(bins)": 0.10100702084748296,
        "RMSE(bins)Ratings": {
            "1": 0.10104322682629356,
            "2": 0.10605388794140674,
            "3": 0.09080933889516865,
            "4": 0.1554866454211808
        }
    },
    "user": 7749,
    "size": 163170,
    "weights": [
        0.5888,
        1.4616,
        3.8226,
        14.1364,
        4.9214,
        1.0325,
        0.8731,
        0.0613,
        1.57,
        0.1395,
        0.988,
        2.212,
        0.0658,
        0.3439,
        1.3098,
        0.2837,
        2.7766
    ]
}