{
    "FSRSv4-dry-run": {
        "RMSE": 0.2691642816654762,
        "LogLoss": 0.2704658784290859,
        "RMSE(bins)": 0.049665798330964135,
        "RMSE(bins)Ratings": {
            "1": 0.06339528707263192,
            "2": 0.056880319105033016,
            "3": 0.0577514166328591,
            "4": 0.06935719270186302
        }
    },
    "user": 7840,
    "size": 43955,
    "weights": [
        0.5888,
        1.4616,
        3.8226,
        14.1364,
        4.9214,
        1.0325,
        0.8731,
        0.0613,
        1.57,
        0.1395,
        0.988,
        2.212,
        0.0658,
        0.3439,
        1.3098,
        0.2837,
        2.7766
    ]
}