{
    "FSRSv4-dry-run": {
        "RMSE": 0.505461715346421,
        "LogLoss": 0.7553777096142541,
        "RMSE(bins)": 0.20815661938302504,
        "RMSE(bins)Ratings": {
            "1": 0.2568326133933347,
            "2": 0.6117010796122984,
            "3": 0.14772838894525275,
            "4": 0.040330738899922475
        }
    },
    "user": 7905,
    "size": 58575,
    "weights": [
        0.5888,
        1.4616,
        3.8226,
        14.1364,
        4.9214,
        1.0325,
        0.8731,
        0.0613,
        1.57,
        0.1395,
        0.988,
        2.212,
        0.0658,
        0.3439,
        1.3098,
        0.2837,
        2.7766
    ]
}