{
    "FSRSv4-dry-run": {
        "RMSE": 0.10960842307760715,
        "LogLoss": 0.08848304647321363,
        "RMSE(bins)": 0.07531896771922487,
        "RMSE(bins)Ratings": {
            "1": 0.19374528266642196,
            "2": 0.07909551154595076,
            "3": 0.07947291366074888,
            "4": 0.07414545847729884
        }
    },
    "user": 8168,
    "size": 10675,
    "weights": [
        0.5888,
        1.4616,
        3.8226,
        14.1364,
        4.9214,
        1.0325,
        0.8731,
        0.0613,
        1.57,
        0.1395,
        0.988,
        2.212,
        0.0658,
        0.3439,
        1.3098,
        0.2837,
        2.7766
    ]
}