{
    "FSRSv4-dry-run": {
        "RMSE": 0.24546990322887216,
        "LogLoss": 0.23145772483076404,
        "RMSE(bins)": 0.0771239767140173,
        "RMSE(bins)Ratings": {
            "1": 0.11769523372800393,
            "2": 0.240018436163555,
            "3": 0.045432449318995226,
            "4": 0.044021512880552095
        }
    },
    "user": 8434,
    "size": 3925,
    "weights": [
        0.5888,
        1.4616,
        3.8226,
        14.1364,
        4.9214,
        1.0325,
        0.8731,
        0.0613,
        1.57,
        0.1395,
        0.988,
        2.212,
        0.0658,
        0.3439,
        1.3098,
        0.2837,
        2.7766
    ]
}