{
    "FSRSv4-dry-run": {
        "RMSE": 0.239725144598076,
        "LogLoss": 0.22380963305826404,
        "RMSE(bins)": 0.030093854413048883,
        "RMSE(bins)Ratings": {
            "1": 0.02089327376990592,
            "2": 0.11877749578071606,
            "3": 0.03060155900783678,
            "4": 0.07930733773365374
        }
    },
    "user": 8775,
    "size": 136980,
    "weights": [
        0.5888,
        1.4616,
        3.8226,
        14.1364,
        4.9214,
        1.0325,
        0.8731,
        0.0613,
        1.57,
        0.1395,
        0.988,
        2.212,
        0.0658,
        0.3439,
        1.3098,
        0.2837,
        2.7766
    ]
}