{
    "FSRSv4-dry-run": {
        "RMSE": 0.5499541899454166,
        "LogLoss": 0.8995246678751627,
        "RMSE(bins)": 0.2874465708975308,
        "RMSE(bins)Ratings": {
            "1": 0.2395992789650713,
            "2": 0.29705700197230506,
            "3": 0.2486932790908375,
            "4": 0.15722657842750173
        }
    },
    "user": 9216,
    "size": 3280,
    "weights": [
        0.5888,
        1.4616,
        3.8226,
        14.1364,
        4.9214,
        1.0325,
        0.8731,
        0.0613,
        1.57,
        0.1395,
        0.988,
        2.212,
        0.0658,
        0.3439,
        1.3098,
        0.2837,
        2.7766
    ]
}