{
    "FSRSv4-dry-run": {
        "RMSE": 0.39407461967891916,
        "LogLoss": 0.5407789251934836,
        "RMSE(bins)": 0.1448149417041302,
        "RMSE(bins)Ratings": {
            "1": 0.3135415753090726,
            "2": 0.2639846927030199,
            "3": 0.18490434655615018,
            "4": 0.29317210477349065
        }
    },
    "user": 9501,
    "size": 1145,
    "weights": [
        0.5888,
        1.4616,
        3.8226,
        14.1364,
        4.9214,
        1.0325,
        0.8731,
        0.0613,
        1.57,
        0.1395,
        0.988,
        2.212,
        0.0658,
        0.3439,
        1.3098,
        0.2837,
        2.7766
    ]
}