{
    "FSRSv4-dry-run": {
        "RMSE": 0.3319857749884704,
        "LogLoss": 0.33758836383710655,
        "RMSE(bins)": 0.32016301778446477,
        "RMSE(bins)Ratings": {
            "1": 0.3688273034337403,
            "2": 0.16730090105668566,
            "3": 0.19733392607260541,
            "4": 0.2808637713471729
        }
    },
    "user": 959,
    "size": 1795,
    "weights": [
        0.5888,
        1.4616,
        3.8226,
        14.1364,
        4.9214,
        1.0325,
        0.8731,
        0.0613,
        1.57,
        0.1395,
        0.988,
        2.212,
        0.0658,
        0.3439,
        1.3098,
        0.2837,
        2.7766
    ]
}