{
    "metrics": {
        "RMSE": 0.34968400471690686,
        "LogLoss": 0.3894862084738612,
        "RMSE(bins)": 0.15037357544892987,
        "ICI": 0.05520156011650035
    },
    "user": 10094,
    "size": 1600,
    "weights": [
        0.3664,
        1.0785,
        5.4474,
        38.5923,
        5.1443,
        1.2006,
        0.8627,
        0.0362,
        1.629,
        0.1342,
        1.0166,
        2.1174,
        0.0839,
        0.3204,
        1.4676,
        0.219,
        2.8237
    ]
}