{
    "metrics": {
        "RMSE": 0.22097736467639192,
        "LogLoss": 0.19962182836554884,
        "RMSE(bins)": 0.06297929437075753,
        "ICI": 0.05168001192416049
    },
    "user": 10321,
    "size": 8015,
    "weights": [
        0.2884,
        2.3759,
        7.0589,
        10.9355,
        5.1443,
        1.2006,
        0.8627,
        0.0362,
        1.629,
        0.1342,
        1.0166,
        2.1174,
        0.0839,
        0.3204,
        1.4676,
        0.219,
        2.8237
    ]
}