{
    "metrics": {
        "RMSE": 0.2311634462654945,
        "LogLoss": 0.2115650048638681,
        "RMSE(bins)": 0.02020136258121115,
        "ICI": 0.010701807411934593,
        "RMSE(bins)Ratings": {
            "1": 0.058811836421607956,
            "2": 0.03071078085118694,
            "3": 0.032675931430700536,
            "4": 0.023575340206341965
        }
    },
    "user": 10374,
    "size": 124765,
    "weights": [
        0.7792,
        1.3506,
        3.0821,
        43.4565,
        5.1043,
        1.1303,
        0.823,
        0.0465,
        1.629,
        0.135,
        1.0045,
        2.132,
        0.0839,
        0.3204,
        1.3547,
        0.219,
        2.7849
    ]
}