{
    "metrics": {
        "RMSE": 0.5393291355455498,
        "LogLoss": 0.8009545819168895,
        "RMSE(bins)": 0.23740594320067834,
        "ICI": 0.20454849927678953
    },
    "user": 10402,
    "size": 4750,
    "weights": [
        0.0748,
        0.2198,
        0.2198,
        0.393,
        5.1443,
        1.2006,
        0.8627,
        0.0362,
        1.629,
        0.1342,
        1.0166,
        2.1174,
        0.0839,
        0.3204,
        1.4676,
        0.219,
        2.8237
    ]
}