{
    "metrics": {
        "RMSE": 0.3092707539934223,
        "LogLoss": 0.3277180242271614,
        "RMSE(bins)": 0.05935221841883075,
        "ICI": 0.032100244700493545
    },
    "user": 10580,
    "size": 13485,
    "weights": [
        1.2107,
        3.5811,
        18.2167,
        18.2167,
        5.1443,
        1.2006,
        0.8627,
        0.0362,
        1.629,
        0.1342,
        1.0166,
        2.1174,
        0.0839,
        0.3204,
        1.4676,
        0.219,
        2.8237
    ]
}