{
    "metrics": {
        "RMSE": 0.1708667962710263,
        "LogLoss": 0.13177985336850004,
        "RMSE(bins)": 0.056681213149514645,
        "ICI": 0.02095236125444332
    },
    "user": 1059,
    "size": 45400,
    "weights": [
        2.7409,
        5.2084,
        29.4384,
        43.1049,
        5.1443,
        1.2006,
        0.8627,
        0.0362,
        1.629,
        0.1342,
        1.0166,
        2.1174,
        0.0839,
        0.3204,
        1.4676,
        0.219,
        2.8237
    ]
}