{
    "FSRS-4.5-pretrain": {
        "RMSE": 0.4039737755956593,
        "LogLoss": 0.5118281092379887,
        "RMSE(bins)": 0.09032931342093119,
        "ICI": 0.07846752674127785,
        "RMSE(bins)Ratings": {
            "1": 0.22228000591961677,
            "2": 0.18576178459740186,
            "3": 0.05106062759095747,
            "4": 0.059103740202052314
        }
    },
    "user": 10618,
    "size": 29595,
    "weights": [
        0.1757,
        0.4246,
        1.595,
        7.9731,
        5.1043,
        1.1303,
        0.823,
        0.0465,
        1.629,
        0.135,
        1.0045,
        2.132,
        0.0839,
        0.3204,
        1.3547,
        0.219,
        2.7849
    ]
}