{
    "metrics": {
        "RMSE": 0.40344324962950734,
        "LogLoss": 0.5100791897835923,
        "RMSE(bins)": 0.12356924674071736,
        "ICI": 0.07674513654661723
    },
    "user": 10618,
    "size": 29595,
    "weights": [
        0.1757,
        0.4246,
        1.595,
        10.9355,
        5.1443,
        1.2006,
        0.8627,
        0.0362,
        1.629,
        0.1342,
        1.0166,
        2.1174,
        0.0839,
        0.3204,
        1.4676,
        0.219,
        2.8237
    ]
}