{
    "metrics": {
        "RMSE": 0.2512812201941673,
        "LogLoss": 0.23474977061841687,
        "RMSE(bins)": 0.07124613950654982,
        "ICI": 0.02053788198445353
    },
    "user": 10730,
    "size": 46265,
    "weights": [
        2.1048,
        2.6108,
        15.4356,
        15.4356,
        5.1443,
        1.2006,
        0.8627,
        0.0362,
        1.629,
        0.1342,
        1.0166,
        2.1174,
        0.0839,
        0.3204,
        1.4676,
        0.219,
        2.8237
    ]
}