{
    "metrics": {
        "RMSE": 0.3028600751463984,
        "LogLoss": 0.3245774914085835,
        "RMSE(bins)": 0.18282954455960423,
        "ICI": 0.09847573048145157
    },
    "user": 10813,
    "size": 6245,
    "weights": [
        0.838,
        8.5153,
        8.5153,
        8.5153,
        5.1443,
        1.2006,
        0.8627,
        0.0362,
        1.629,
        0.1342,
        1.0166,
        2.1174,
        0.0839,
        0.3204,
        1.4676,
        0.219,
        2.8237
    ]
}