{
    "metrics": {
        "RMSE": 0.28428170917716516,
        "LogLoss": 0.2962181341602833,
        "RMSE(bins)": 0.059827731884444284,
        "ICI": 0.031590416651505186
    },
    "user": 109,
    "size": 11120,
    "weights": [
        1.3948,
        2.5359,
        17.2025,
        17.2025,
        5.1443,
        1.2006,
        0.8627,
        0.0362,
        1.629,
        0.1342,
        1.0166,
        2.1174,
        0.0839,
        0.3204,
        1.4676,
        0.219,
        2.8237
    ]
}