{
    "metrics": {
        "RMSE": 0.5254294018270599,
        "LogLoss": 0.9076420017464827,
        "RMSE(bins)": 0.229240608191,
        "ICI": 0.21138242479066977
    },
    "user": 1092,
    "size": 2000,
    "weights": [
        0.6587,
        1.1693,
        2.7654,
        3.7937,
        5.1443,
        1.2006,
        0.8627,
        0.0362,
        1.629,
        0.1342,
        1.0166,
        2.1174,
        0.0839,
        0.3204,
        1.4676,
        0.219,
        2.8237
    ]
}