{
    "FSRS-4.5-pretrain": {
        "RMSE": 0.33510622377718813,
        "LogLoss": 0.37244059308841143,
        "RMSE(bins)": 0.02131091828367625,
        "ICI": 0.010275434722823811,
        "RMSE(bins)Ratings": {
            "1": 0.059084785621771434,
            "2": 0.9528413797379536,
            "3": 0.02158715741395014,
            "4": 0.06869145872337586
        }
    },
    "user": 10961,
    "size": 17490,
    "weights": [
        0.5614,
        1.422,
        5.7325,
        7.9731,
        5.1043,
        1.1303,
        0.823,
        0.0465,
        1.629,
        0.135,
        1.0045,
        2.132,
        0.0839,
        0.3204,
        1.3547,
        0.219,
        2.7849
    ]
}