{
    "metrics": {
        "RMSE": 0.43813728929991685,
        "LogLoss": 0.5879562556889608,
        "RMSE(bins)": 0.16824430935310714,
        "ICI": 0.11439165886870567
    },
    "user": 10974,
    "size": 6360,
    "weights": [
        1.6328,
        2.9874,
        2.9874,
        11.6082,
        5.1443,
        1.2006,
        0.8627,
        0.0362,
        1.629,
        0.1342,
        1.0166,
        2.1174,
        0.0839,
        0.3204,
        1.4676,
        0.219,
        2.8237
    ]
}