{
    "metrics": {
        "RMSE": 0.2488210341353229,
        "LogLoss": 0.22476041662953344,
        "RMSE(bins)": 0.08839832643090612,
        "ICI": 0.03995271511320041
    },
    "user": 10977,
    "size": 24890,
    "weights": [
        0.3408,
        1.4436,
        8.8489,
        16.258,
        5.1443,
        1.2006,
        0.8627,
        0.0362,
        1.629,
        0.1342,
        1.0166,
        2.1174,
        0.0839,
        0.3204,
        1.4676,
        0.219,
        2.8237
    ]
}