{
    "metrics": {
        "RMSE": 0.2708559204244067,
        "LogLoss": 0.2607557609042613,
        "RMSE(bins)": 0.12765184073977615,
        "ICI": 0.06548388920047611
    },
    "user": 10989,
    "size": 4830,
    "weights": [
        0.8976,
        2.217,
        8.6052,
        36.4057,
        5.1443,
        1.2006,
        0.8627,
        0.0362,
        1.629,
        0.1342,
        1.0166,
        2.1174,
        0.0839,
        0.3204,
        1.4676,
        0.219,
        2.8237
    ]
}