{
    "metrics": {
        "RMSE": 0.23287096032377297,
        "LogLoss": 0.2168417361174387,
        "RMSE(bins)": 0.040268251079091176,
        "ICI": 0.018671085947195205
    },
    "user": 11048,
    "size": 218920,
    "weights": [
        1.5985,
        1.5985,
        2.497,
        16.3247,
        5.1443,
        1.2006,
        0.8627,
        0.0362,
        1.629,
        0.1342,
        1.0166,
        2.1174,
        0.0839,
        0.3204,
        1.4676,
        0.219,
        2.8237
    ]
}