{
    "metrics": {
        "RMSE": 0.16804150377436433,
        "LogLoss": 0.12320910795520684,
        "RMSE(bins)": 0.03311020416106852,
        "ICI": 0.020586094784297904
    },
    "user": 1127,
    "size": 161305,
    "weights": [
        0.2661,
        0.87,
        5.1432,
        10.9355,
        5.1443,
        1.2006,
        0.8627,
        0.0362,
        1.629,
        0.1342,
        1.0166,
        2.1174,
        0.0839,
        0.3204,
        1.4676,
        0.219,
        2.8237
    ]
}