{
    "metrics": {
        "RMSE": 0.3398872506087358,
        "LogLoss": 0.3883196712004247,
        "RMSE(bins)": 0.07581884504105595,
        "ICI": 0.03349999687917952
    },
    "user": 11709,
    "size": 5920,
    "weights": [
        0.6132,
        2.3315,
        3.2757,
        4.1092,
        5.1443,
        1.2006,
        0.8627,
        0.0362,
        1.629,
        0.1342,
        1.0166,
        2.1174,
        0.0839,
        0.3204,
        1.4676,
        0.219,
        2.8237
    ]
}