{
    "metrics": {
        "RMSE": 0.22060837040198145,
        "LogLoss": 0.20261416611807648,
        "RMSE(bins)": 0.05214729091758201,
        "ICI": 0.02402055521598835
    },
    "user": 11745,
    "size": 201470,
    "weights": [
        0.5868,
        2.0756,
        4.2665,
        9.0581,
        5.1443,
        1.2006,
        0.8627,
        0.0362,
        1.629,
        0.1342,
        1.0166,
        2.1174,
        0.0839,
        0.3204,
        1.4676,
        0.219,
        2.8237
    ]
}