{
    "metrics": {
        "RMSE": 0.31999234133661497,
        "LogLoss": 0.34693734168603885,
        "RMSE(bins)": 0.09636428850661628,
        "ICI": 0.05580831591645378
    },
    "user": 11850,
    "size": 55780,
    "weights": [
        1.3995,
        1.5054,
        7.7705,
        20.806,
        5.1443,
        1.2006,
        0.8627,
        0.0362,
        1.629,
        0.1342,
        1.0166,
        2.1174,
        0.0839,
        0.3204,
        1.4676,
        0.219,
        2.8237
    ]
}