{
    "FSRS-4.5-pretrain": {
        "RMSE": 0.35168163017929904,
        "LogLoss": 0.4041262418817383,
        "RMSE(bins)": 0.07735253451518169,
        "ICI": 0.05008104984822598,
        "RMSE(bins)Ratings": {
            "1": 0.16980659449009627,
            "2": 0.09158455621574901,
            "3": 0.09085381851325018,
            "4": 0.044514161987464974
        }
    },
    "user": 1188,
    "size": 6025,
    "weights": [
        0.1503,
        0.6003,
        4.7939,
        4.7939,
        5.1043,
        1.1303,
        0.823,
        0.0465,
        1.629,
        0.135,
        1.0045,
        2.132,
        0.0839,
        0.3204,
        1.3547,
        0.219,
        2.7849
    ]
}