{
    "metrics": {
        "RMSE": 0.28307129156897115,
        "LogLoss": 0.2946008591926859,
        "RMSE(bins)": 0.03680191792719558,
        "ICI": 0.02032088409454628
    },
    "user": 11903,
    "size": 28530,
    "weights": [
        1.8129,
        2.4239,
        11.5443,
        32.6789,
        5.1443,
        1.2006,
        0.8627,
        0.0362,
        1.629,
        0.1342,
        1.0166,
        2.1174,
        0.0839,
        0.3204,
        1.4676,
        0.219,
        2.8237
    ]
}