{
    "FSRS-4.5-pretrain": {
        "RMSE": 0.4819282691081589,
        "LogLoss": 0.6772358633286915,
        "RMSE(bins)": 0.1540746143253144,
        "ICI": 0.13001336841103414,
        "RMSE(bins)Ratings": {
            "1": 0.21393285562094105,
            "2": 0.27238717724935047,
            "3": 0.08485798725984321,
            "4": 0.06432627354855
        }
    },
    "user": 11965,
    "size": 37100,
    "weights": [
        0.1906,
        1.5935,
        2.6431,
        27.9608,
        5.1043,
        1.1303,
        0.823,
        0.0465,
        1.629,
        0.135,
        1.0045,
        2.132,
        0.0839,
        0.3204,
        1.3547,
        0.219,
        2.7849
    ]
}