{
    "metrics": {
        "RMSE": 0.3351171339872559,
        "LogLoss": 0.3784417873147359,
        "RMSE(bins)": 0.05078535189087571,
        "ICI": 0.022640098165059446
    },
    "user": 12043,
    "size": 11900,
    "weights": [
        0.3698,
        1.4452,
        8.1855,
        26.0092,
        5.1443,
        1.2006,
        0.8627,
        0.0362,
        1.629,
        0.1342,
        1.0166,
        2.1174,
        0.0839,
        0.3204,
        1.4676,
        0.219,
        2.8237
    ]
}