{
    "metrics": {
        "RMSE": 0.27453310199550196,
        "LogLoss": 0.26524524100931474,
        "RMSE(bins)": 0.09067584582182585,
        "ICI": 0.04440248934997026,
        "RMSE(bins)Ratings": {
            "1": 0.13432516124304475,
            "2": 0.27943529706924225,
            "3": 0.11716522725078238,
            "4": 0.0968217154599027
        }
    },
    "user": 12106,
    "size": 16330,
    "weights": [
        2.9441,
        5.8199,
        16.1754,
        16.1754,
        5.1043,
        1.1303,
        0.823,
        0.0465,
        1.629,
        0.135,
        1.0045,
        2.132,
        0.0839,
        0.3204,
        1.3547,
        0.219,
        2.7849
    ]
}