{
    "FSRS-4.5-pretrain": {
        "RMSE": 0.25332836255091423,
        "LogLoss": 0.246764625928471,
        "RMSE(bins)": 0.022356235151145674,
        "ICI": 0.016858156312122348,
        "RMSE(bins)Ratings": {
            "1": 0.044533619337781244,
            "2": 0.022038858309041613,
            "3": 0.03286901577426183,
            "4": 0.02966457550218831
        }
    },
    "user": 12151,
    "size": 65635,
    "weights": [
        0.1517,
        0.1904,
        0.2679,
        14.0715,
        5.1043,
        1.1303,
        0.823,
        0.0465,
        1.629,
        0.135,
        1.0045,
        2.132,
        0.0839,
        0.3204,
        1.3547,
        0.219,
        2.7849
    ]
}