{
    "metrics": {
        "RMSE": 0.484519821638425,
        "LogLoss": 0.7173872160230476,
        "RMSE(bins)": 0.15906459236580003,
        "ICI": 0.15048280858223265
    },
    "user": 12243,
    "size": 46400,
    "weights": [
        0.4245,
        0.6968,
        1.0708,
        2.5123,
        5.1443,
        1.2006,
        0.8627,
        0.0362,
        1.629,
        0.1342,
        1.0166,
        2.1174,
        0.0839,
        0.3204,
        1.4676,
        0.219,
        2.8237
    ]
}