{
    "metrics": {
        "RMSE": 0.4213328015068791,
        "LogLoss": 0.5613732953574588,
        "RMSE(bins)": 0.17569528136799878,
        "ICI": 0.059494513630982716
    },
    "user": 12320,
    "size": 3700,
    "weights": [
        0.233,
        0.8506,
        0.698,
        0.8506,
        5.1443,
        1.2006,
        0.8627,
        0.0362,
        1.629,
        0.1342,
        1.0166,
        2.1174,
        0.0839,
        0.3204,
        1.4676,
        0.219,
        2.8237
    ]
}