{
    "metrics": {
        "RMSE": 0.3989466088412545,
        "LogLoss": 0.5159385407934572,
        "RMSE(bins)": 0.11708438344669447,
        "ICI": 0.06340731054560926
    },
    "user": 12363,
    "size": 17115,
    "weights": [
        0.3469,
        0.9297,
        4.0798,
        10.9355,
        5.1443,
        1.2006,
        0.8627,
        0.0362,
        1.629,
        0.1342,
        1.0166,
        2.1174,
        0.0839,
        0.3204,
        1.4676,
        0.219,
        2.8237
    ]
}