{
    "metrics": {
        "RMSE": 0.25683269036624645,
        "LogLoss": 0.24742538359347285,
        "RMSE(bins)": 0.0321249265805483,
        "ICI": 0.01787384596114835,
        "RMSE(bins)Ratings": {
            "1": 0.07538419977526635,
            "2": 0.03618165871763435,
            "3": 0.02320718226217256,
            "4": 0.02564908080289888
        }
    },
    "user": 12421,
    "size": 59185,
    "weights": [
        0.5976,
        3.2541,
        5.8238,
        11.0293,
        5.1043,
        1.1303,
        0.823,
        0.0465,
        1.629,
        0.135,
        1.0045,
        2.132,
        0.0839,
        0.3204,
        1.3547,
        0.219,
        2.7849
    ]
}