{
    "metrics": {
        "RMSE": 0.28744982282138254,
        "LogLoss": 0.2882890429539563,
        "RMSE(bins)": 0.07533395343397681,
        "ICI": 0.0356869686343696
    },
    "user": 12447,
    "size": 3635,
    "weights": [
        0.6006,
        3.5201,
        14.8691,
        14.8691,
        5.1443,
        1.2006,
        0.8627,
        0.0362,
        1.629,
        0.1342,
        1.0166,
        2.1174,
        0.0839,
        0.3204,
        1.4676,
        0.219,
        2.8237
    ]
}