{
    "FSRS-4.5-pretrain": {
        "RMSE": 0.19500818796202443,
        "LogLoss": 0.14622588961186936,
        "RMSE(bins)": 0.08041901589620948,
        "ICI": 0.022653872640679248,
        "RMSE(bins)Ratings": {
            "1": 0.3925861649815306,
            "2": 0.12782127551137315,
            "3": 0.06170345381023084,
            "4": 0.13218411978250805
        }
    },
    "user": 12577,
    "size": 2410,
    "weights": [
        2.211,
        2.7191,
        7.905,
        8.2641,
        5.1043,
        1.1303,
        0.823,
        0.0465,
        1.629,
        0.135,
        1.0045,
        2.132,
        0.0839,
        0.3204,
        1.3547,
        0.219,
        2.7849
    ]
}