{
    "FSRS-4.5-pretrain": {
        "RMSE": 0.11476269622537638,
        "LogLoss": 0.08014702547256129,
        "RMSE(bins)": 0.042532800765879474,
        "ICI": 0.031853207329330294,
        "RMSE(bins)Ratings": {
            "1": 0.15279116111228425,
            "2": 0.05714661793295042,
            "3": 0.04628890319283297,
            "4": 0.04180166452885174
        }
    },
    "user": 12669,
    "size": 95480,
    "weights": [
        4.6457,
        6.7933,
        12.0121,
        12.0121,
        5.1043,
        1.1303,
        0.823,
        0.0465,
        1.629,
        0.135,
        1.0045,
        2.132,
        0.0839,
        0.3204,
        1.3547,
        0.219,
        2.7849
    ]
}