{
    "metrics": {
        "RMSE": 0.2579270305238168,
        "LogLoss": 0.2540735350694034,
        "RMSE(bins)": 0.07889862532172157,
        "ICI": 0.045858053049769344
    },
    "user": 127,
    "size": 6700,
    "weights": [
        0.3526,
        0.8979,
        3.6487,
        5.114,
        5.1443,
        1.2006,
        0.8627,
        0.0362,
        1.629,
        0.1342,
        1.0166,
        2.1174,
        0.0839,
        0.3204,
        1.4676,
        0.219,
        2.8237
    ]
}