{
    "FSRS-4.5-pretrain": {
        "RMSE": 0.10744150900022315,
        "LogLoss": 0.08174328265278072,
        "RMSE(bins)": 0.08964498432253756,
        "ICI": 0.06375013937237083,
        "RMSE(bins)Ratings": {
            "1": 0.3226295244957545,
            "2": 0.11028131568023088,
            "3": 0.0958436096150713
        }
    },
    "user": 12752,
    "size": 4530,
    "weights": [
        2.5992,
        10.6303,
        87.9237,
        100,
        5.1043,
        1.1303,
        0.823,
        0.0465,
        1.629,
        0.135,
        1.0045,
        2.132,
        0.0839,
        0.3204,
        1.3547,
        0.219,
        2.7849
    ]
}