{
    "metrics": {
        "RMSE": 0.21713342931969543,
        "LogLoss": 0.200491473307226,
        "RMSE(bins)": 0.028958665253010142,
        "ICI": 0.015160542147808969,
        "RMSE(bins)Ratings": {
            "1": 0.09446634668566746,
            "2": 0.03867999377846323,
            "3": 0.028991080476594436,
            "4": 0.022897600409995094
        }
    },
    "user": 12779,
    "size": 115210,
    "weights": [
        0.5411,
        1.2256,
        4.178,
        19.3945,
        5.1043,
        1.1303,
        0.823,
        0.0465,
        1.629,
        0.135,
        1.0045,
        2.132,
        0.0839,
        0.3204,
        1.3547,
        0.219,
        2.7849
    ]
}