{
    "metrics": {
        "RMSE": 0.33830726046643295,
        "LogLoss": 0.3842871506721333,
        "RMSE(bins)": 0.03259773540952063,
        "ICI": 0.019013380057405185,
        "RMSE(bins)Ratings": {
            "1": 0.06833833158395303,
            "2": 0.03410652196509649,
            "3": 0.058813498661540516,
            "4": 0.07359104270391102
        }
    },
    "user": 12825,
    "size": 7700,
    "weights": [
        1.1285,
        1.4517,
        6.0473,
        15.6563,
        5.1043,
        1.1303,
        0.823,
        0.0465,
        1.629,
        0.135,
        1.0045,
        2.132,
        0.0839,
        0.3204,
        1.3547,
        0.219,
        2.7849
    ]
}