{
    "metrics": {
        "RMSE": 0.2896262448027061,
        "LogLoss": 0.31781770879886617,
        "RMSE(bins)": 0.051609667990124,
        "ICI": 0.02982778767793044
    },
    "user": 12856,
    "size": 45435,
    "weights": [
        0.8366,
        0.8366,
        3.3498,
        8.4466,
        5.1443,
        1.2006,
        0.8627,
        0.0362,
        1.629,
        0.1342,
        1.0166,
        2.1174,
        0.0839,
        0.3204,
        1.4676,
        0.219,
        2.8237
    ]
}