{
    "FSRS-4.5-pretrain": {
        "RMSE": 0.382364072120767,
        "LogLoss": 0.46067264049077,
        "RMSE(bins)": 0.031842679178738245,
        "ICI": 0.021995615013863393,
        "RMSE(bins)Ratings": {
            "1": 0.0403005484654141,
            "2": 0.0890556237889726,
            "3": 0.03081611867467778,
            "4": 0.040870431202069527
        }
    },
    "user": 12885,
    "size": 43980,
    "weights": [
        0.0868,
        1.1418,
        2.3986,
        10.9404,
        5.1043,
        1.1303,
        0.823,
        0.0465,
        1.629,
        0.135,
        1.0045,
        2.132,
        0.0839,
        0.3204,
        1.3547,
        0.219,
        2.7849
    ]
}