{
    "metrics": {
        "RMSE": 0.22240653902647778,
        "LogLoss": 0.20699716882226094,
        "RMSE(bins)": 0.057358638499379666,
        "ICI": 0.041093514086301554
    },
    "user": 12917,
    "size": 11805,
    "weights": [
        0.2902,
        1.2817,
        11.8957,
        52.5367,
        5.1443,
        1.2006,
        0.8627,
        0.0362,
        1.629,
        0.1342,
        1.0166,
        2.1174,
        0.0839,
        0.3204,
        1.4676,
        0.219,
        2.8237
    ]
}