{
    "metrics": {
        "RMSE": 0.39327919749045587,
        "LogLoss": 0.47909033146805735,
        "RMSE(bins)": 0.05896364363628779,
        "ICI": 0.04332658355466839
    },
    "user": 12945,
    "size": 48100,
    "weights": [
        0.2361,
        0.2361,
        2.7922,
        7.9972,
        5.1443,
        1.2006,
        0.8627,
        0.0362,
        1.629,
        0.1342,
        1.0166,
        2.1174,
        0.0839,
        0.3204,
        1.4676,
        0.219,
        2.8237
    ]
}