{
    "metrics": {
        "RMSE": 0.3192791741942069,
        "LogLoss": 0.3303242201668193,
        "RMSE(bins)": 0.14176685427458957,
        "ICI": 0.05865889824686901,
        "RMSE(bins)Ratings": {
            "1": 0.31284235645111164,
            "2": 0.1395844649309633,
            "3": 0.20591872180481488,
            "4": 0.017204667021751937
        }
    },
    "user": 13128,
    "size": 20280,
    "weights": [
        0.6979,
        6.4391,
        17.339,
        17.339,
        5.1043,
        1.1303,
        0.823,
        0.0465,
        1.629,
        0.135,
        1.0045,
        2.132,
        0.0839,
        0.3204,
        1.3547,
        0.219,
        2.7849
    ]
}