{
    "metrics": {
        "RMSE": 0.32559789880327505,
        "LogLoss": 0.35015063844923044,
        "RMSE(bins)": 0.11421955394753938,
        "ICI": 0.060867592123009885
    },
    "user": 1315,
    "size": 11675,
    "weights": [
        0.5937,
        1.0778,
        2.9348,
        5.7228,
        5.1443,
        1.2006,
        0.8627,
        0.0362,
        1.629,
        0.1342,
        1.0166,
        2.1174,
        0.0839,
        0.3204,
        1.4676,
        0.219,
        2.8237
    ]
}