{
    "metrics": {
        "RMSE": 0.292786892075728,
        "LogLoss": 0.3065675012902079,
        "RMSE(bins)": 0.029831871598705387,
        "ICI": 0.008735981101427799
    },
    "user": 13175,
    "size": 52875,
    "weights": [
        1.6355,
        2.3093,
        5.6791,
        10.9355,
        5.1443,
        1.2006,
        0.8627,
        0.0362,
        1.629,
        0.1342,
        1.0166,
        2.1174,
        0.0839,
        0.3204,
        1.4676,
        0.219,
        2.8237
    ]
}