{
    "metrics": {
        "RMSE": 0.35997709272226314,
        "LogLoss": 0.42514728316191797,
        "RMSE(bins)": 0.049076329412155784,
        "ICI": 0.03236744896767443
    },
    "user": 13189,
    "size": 36580,
    "weights": [
        0.5878,
        2.2578,
        3.4955,
        5.0579,
        5.1443,
        1.2006,
        0.8627,
        0.0362,
        1.629,
        0.1342,
        1.0166,
        2.1174,
        0.0839,
        0.3204,
        1.4676,
        0.219,
        2.8237
    ]
}