{
    "metrics": {
        "RMSE": 0.3820762475751501,
        "LogLoss": 0.4683233076659695,
        "RMSE(bins)": 0.08447597537821444,
        "ICI": 0.0643086761710288
    },
    "user": 13404,
    "size": 334885,
    "weights": [
        0.5582,
        0.5582,
        2.6942,
        10.9355,
        5.1443,
        1.2006,
        0.8627,
        0.0362,
        1.629,
        0.1342,
        1.0166,
        2.1174,
        0.0839,
        0.3204,
        1.4676,
        0.219,
        2.8237
    ]
}