{
    "metrics": {
        "RMSE": 0.22848153616532085,
        "LogLoss": 0.2113533441596785,
        "RMSE(bins)": 0.12851655082856725,
        "ICI": 0.07836689196998767
    },
    "user": 13417,
    "size": 12510,
    "weights": [
        0.2214,
        7.1804,
        11.2969,
        17.3746,
        5.1443,
        1.2006,
        0.8627,
        0.0362,
        1.629,
        0.1342,
        1.0166,
        2.1174,
        0.0839,
        0.3204,
        1.4676,
        0.219,
        2.8237
    ]
}