{
    "metrics": {
        "RMSE": 0.1612447071376192,
        "LogLoss": 0.12529807518803876,
        "RMSE(bins)": 0.02568078634869339,
        "ICI": 0.019673985223662063,
        "RMSE(bins)Ratings": {
            "1": 0.037472115138815355,
            "2": 0.030892003530534555,
            "3": 0.03425604710478772,
            "4": 0.014585602413274681
        }
    },
    "user": 13661,
    "size": 154855,
    "weights": [
        15.369,
        15.9714,
        16.9197,
        32.0583,
        5.1043,
        1.1303,
        0.823,
        0.0465,
        1.629,
        0.135,
        1.0045,
        2.132,
        0.0839,
        0.3204,
        1.3547,
        0.219,
        2.7849
    ]
}