{
    "metrics": {
        "RMSE": 0.16107868501273098,
        "LogLoss": 0.12493552018381271,
        "RMSE(bins)": 0.025717680474347335,
        "ICI": 0.019825160098224107
    },
    "user": 13661,
    "size": 158820,
    "weights": [
        17.5978,
        18.0602,
        18.7766,
        34.4674,
        5.1443,
        1.2006,
        0.8627,
        0.0362,
        1.629,
        0.1342,
        1.0166,
        2.1174,
        0.0839,
        0.3204,
        1.4676,
        0.219,
        2.8237
    ]
}