{
    "metrics": {
        "RMSE": 0.27403030771721226,
        "LogLoss": 0.28498414738866884,
        "RMSE(bins)": 0.042335690051910846,
        "ICI": 0.03140711343412693
    },
    "user": 1366,
    "size": 18950,
    "weights": [
        1.1197,
        6.099,
        7.8504,
        17.0756,
        5.1443,
        1.2006,
        0.8627,
        0.0362,
        1.629,
        0.1342,
        1.0166,
        2.1174,
        0.0839,
        0.3204,
        1.4676,
        0.219,
        2.8237
    ]
}