{
    "metrics": {
        "RMSE": 0.2764792860417111,
        "LogLoss": 0.3022544601301931,
        "RMSE(bins)": 0.09294719016724926,
        "ICI": 0.062194592663636125
    },
    "user": 13994,
    "size": 4760,
    "weights": [
        0.297,
        0.7054,
        2.5817,
        19.2159,
        5.1443,
        1.2006,
        0.8627,
        0.0362,
        1.629,
        0.1342,
        1.0166,
        2.1174,
        0.0839,
        0.3204,
        1.4676,
        0.219,
        2.8237
    ]
}