{
    "metrics": {
        "RMSE": 0.568213894987393,
        "LogLoss": 0.9358191093814745,
        "RMSE(bins)": 0.32725863503070785,
        "ICI": 0.23319911963798007
    },
    "user": 14057,
    "size": 1025,
    "weights": [
        0.0831,
        0.151,
        0.3699,
        8.9434,
        5.1443,
        1.2006,
        0.8627,
        0.0362,
        1.629,
        0.1342,
        1.0166,
        2.1174,
        0.0839,
        0.3204,
        1.4676,
        0.219,
        2.8237
    ]
}