{
    "FSRS-4.5-pretrain": {
        "RMSE": 0.106288812787639,
        "LogLoss": 0.06731147221747809,
        "RMSE(bins)": 0.03525977405435119,
        "ICI": 0.021358779864824894,
        "RMSE(bins)Ratings": {
            "1": 0.15680352813035164,
            "2": 0.059770028787911655,
            "3": 0.0346209163973771,
            "4": 0.092221003043816
        }
    },
    "user": 14079,
    "size": 10730,
    "weights": [
        1.9924,
        13.0547,
        46.5493,
        46.5493,
        5.1043,
        1.1303,
        0.823,
        0.0465,
        1.629,
        0.135,
        1.0045,
        2.132,
        0.0839,
        0.3204,
        1.3547,
        0.219,
        2.7849
    ]
}