{
    "metrics": {
        "RMSE": 0.392734578531944,
        "LogLoss": 0.48701235364998885,
        "RMSE(bins)": 0.06750838089935055,
        "ICI": 0.057082215051528204,
        "RMSE(bins)Ratings": {
            "1": 0.05940097944320233,
            "3": 0.08078797910482903
        }
    },
    "user": 14080,
    "size": 107500,
    "weights": [
        0.3114,
        0.7648,
        2.9444,
        7.2326,
        5.1043,
        1.1303,
        0.823,
        0.0465,
        1.629,
        0.135,
        1.0045,
        2.132,
        0.0839,
        0.3204,
        1.3547,
        0.219,
        2.7849
    ]
}