{
    "metrics": {
        "RMSE": 0.26109732890862536,
        "LogLoss": 0.2569225527641824,
        "RMSE(bins)": 0.09613987661670198,
        "ICI": 0.020547833801585383
    },
    "user": 14120,
    "size": 1130,
    "weights": [
        0.01,
        0.01,
        0.3814,
        6.7994,
        5.1443,
        1.2006,
        0.8627,
        0.0362,
        1.629,
        0.1342,
        1.0166,
        2.1174,
        0.0839,
        0.3204,
        1.4676,
        0.219,
        2.8237
    ]
}