{
    "metrics": {
        "RMSE": 0.04002616102135397,
        "LogLoss": 0.03199253120860567,
        "RMSE(bins)": 0.030830644013395855,
        "ICI": 0.028706156321291785
    },
    "user": 14219,
    "size": 5050,
    "weights": [
        2.1248,
        6.4092,
        33.5767,
        41.7647,
        5.1443,
        1.2006,
        0.8627,
        0.0362,
        1.629,
        0.1342,
        1.0166,
        2.1174,
        0.0839,
        0.3204,
        1.4676,
        0.219,
        2.8237
    ]
}