{
    "metrics": {
        "RMSE": 0.341623499399728,
        "LogLoss": 0.3980947319456417,
        "RMSE(bins)": 0.18052383701679336,
        "ICI": 0.16064100538827003
    },
    "user": 14297,
    "size": 50935,
    "weights": [
        0.5689,
        0.9248,
        1.9165,
        3.1154,
        5.1443,
        1.2006,
        0.8627,
        0.0362,
        1.629,
        0.1342,
        1.0166,
        2.1174,
        0.0839,
        0.3204,
        1.4676,
        0.219,
        2.8237
    ]
}