{
    "metrics": {
        "RMSE": 0.07691453931539968,
        "LogLoss": 0.060216972346885105,
        "RMSE(bins)": 0.06981782217478644,
        "ICI": 0.05680917239140526
    },
    "user": 14333,
    "size": 13625,
    "weights": [
        15.0327,
        15.0327,
        15.0327,
        15.0327,
        5.1443,
        1.2006,
        0.8627,
        0.0362,
        1.629,
        0.1342,
        1.0166,
        2.1174,
        0.0839,
        0.3204,
        1.4676,
        0.219,
        2.8237
    ]
}