{
    "metrics": {
        "RMSE": 0.48066902582833304,
        "LogLoss": 0.6758578246955509,
        "RMSE(bins)": 0.18368960977890186,
        "ICI": 0.1619076442628018
    },
    "user": 14412,
    "size": 41385,
    "weights": [
        0.1498,
        0.2068,
        0.7127,
        4.5407,
        5.1443,
        1.2006,
        0.8627,
        0.0362,
        1.629,
        0.1342,
        1.0166,
        2.1174,
        0.0839,
        0.3204,
        1.4676,
        0.219,
        2.8237
    ]
}