{
    "metrics": {
        "RMSE": 0.23184541304588596,
        "LogLoss": 0.23470964472540448,
        "RMSE(bins)": 0.06951829355521173,
        "ICI": 0.04630267531190833
    },
    "user": 14519,
    "size": 12285,
    "weights": [
        1.62,
        17.5699,
        41.1945,
        41.1945,
        5.1443,
        1.2006,
        0.8627,
        0.0362,
        1.629,
        0.1342,
        1.0166,
        2.1174,
        0.0839,
        0.3204,
        1.4676,
        0.219,
        2.8237
    ]
}