{
    "metrics": {
        "RMSE": 0.4235545372465952,
        "LogLoss": 0.5496939779279496,
        "RMSE(bins)": 0.09130729077913026,
        "ICI": 0.05794365852679823
    },
    "user": 14618,
    "size": 78470,
    "weights": [
        0.3595,
        0.3892,
        2.5352,
        14.0147,
        5.1443,
        1.2006,
        0.8627,
        0.0362,
        1.629,
        0.1342,
        1.0166,
        2.1174,
        0.0839,
        0.3204,
        1.4676,
        0.219,
        2.8237
    ]
}