{
    "metrics": {
        "RMSE": 0.10130141678347297,
        "LogLoss": 0.08801489804110149,
        "RMSE(bins)": 0.07931304484618529,
        "ICI": 0.07025155734094272
    },
    "user": 14753,
    "size": 71325,
    "weights": [
        9.0468,
        9.4281,
        17.3325,
        22.4441,
        5.1443,
        1.2006,
        0.8627,
        0.0362,
        1.629,
        0.1342,
        1.0166,
        2.1174,
        0.0839,
        0.3204,
        1.4676,
        0.219,
        2.8237
    ]
}