{
    "metrics": {
        "RMSE": 0.46225997155036824,
        "LogLoss": 0.6289663768037812,
        "RMSE(bins)": 0.11778010359473612,
        "ICI": 0.06559405223747515
    },
    "user": 14755,
    "size": 3740,
    "weights": [
        0.6807,
        1.7885,
        7.6161,
        15.6228,
        5.1443,
        1.2006,
        0.8627,
        0.0362,
        1.629,
        0.1342,
        1.0166,
        2.1174,
        0.0839,
        0.3204,
        1.4676,
        0.219,
        2.8237
    ]
}