{
    "metrics": {
        "RMSE": 0.36691939817385105,
        "LogLoss": 0.42579286933929256,
        "RMSE(bins)": 0.16866505262133516,
        "ICI": 0.05888616161086958
    },
    "user": 14917,
    "size": 2680,
    "weights": [
        0.1112,
        2.4152,
        2.4152,
        2.4152,
        5.1443,
        1.2006,
        0.8627,
        0.0362,
        1.629,
        0.1342,
        1.0166,
        2.1174,
        0.0839,
        0.3204,
        1.4676,
        0.219,
        2.8237
    ]
}