{
    "metrics": {
        "RMSE": 0.27960781342602387,
        "LogLoss": 0.2818507382426646,
        "RMSE(bins)": 0.03301446399309296,
        "ICI": 0.00973661653081065
    },
    "user": 14961,
    "size": 46380,
    "weights": [
        0.3177,
        1.2337,
        4.8572,
        10.9355,
        5.1443,
        1.2006,
        0.8627,
        0.0362,
        1.629,
        0.1342,
        1.0166,
        2.1174,
        0.0839,
        0.3204,
        1.4676,
        0.219,
        2.8237
    ]
}