{
    "metrics": {
        "RMSE": 0.5045340568341549,
        "LogLoss": 0.7737264842770719,
        "RMSE(bins)": 0.20538951822760879,
        "ICI": 0.17641808639454815
    },
    "user": 15020,
    "size": 5940,
    "weights": [
        0.4022,
        0.4638,
        1.8842,
        4.1235,
        5.1443,
        1.2006,
        0.8627,
        0.0362,
        1.629,
        0.1342,
        1.0166,
        2.1174,
        0.0839,
        0.3204,
        1.4676,
        0.219,
        2.8237
    ]
}