{
    "metrics": {
        "RMSE": 0.5032627917446795,
        "LogLoss": 0.7690958132592784,
        "RMSE(bins)": 0.18987333001471485,
        "ICI": 0.17087669671551417
    },
    "user": 15063,
    "size": 9335,
    "weights": [
        0.6331,
        0.9636,
        1.8095,
        3.2057,
        5.1443,
        1.2006,
        0.8627,
        0.0362,
        1.629,
        0.1342,
        1.0166,
        2.1174,
        0.0839,
        0.3204,
        1.4676,
        0.219,
        2.8237
    ]
}