{
    "metrics": {
        "RMSE": 0.29437909798085204,
        "LogLoss": 0.32308893844507325,
        "RMSE(bins)": 0.053160270459307074,
        "ICI": 0.032116930128300754
    },
    "user": 15064,
    "size": 73955,
    "weights": [
        0.8374,
        0.9685,
        5.8146,
        11.4797,
        5.1443,
        1.2006,
        0.8627,
        0.0362,
        1.629,
        0.1342,
        1.0166,
        2.1174,
        0.0839,
        0.3204,
        1.4676,
        0.219,
        2.8237
    ]
}