{
    "FSRS-4.5-pretrain": {
        "RMSE": 0.45193232893296564,
        "LogLoss": 0.6358840320657255,
        "RMSE(bins)": 0.15656900375738025,
        "ICI": 0.14049671233139133,
        "RMSE(bins)Ratings": {
            "1": 0.16333214597515264,
            "2": 0.20723795894565963,
            "3": 0.201843317109936,
            "4": 0.1791796910714809
        }
    },
    "user": 15372,
    "size": 7395,
    "weights": [
        0.0741,
        0.15,
        0.4315,
        2.6467,
        5.1043,
        1.1303,
        0.823,
        0.0465,
        1.629,
        0.135,
        1.0045,
        2.132,
        0.0839,
        0.3204,
        1.3547,
        0.219,
        2.7849
    ]
}