{
    "FSRS-4.5-pretrain": {
        "RMSE": 0.3471761706212733,
        "LogLoss": 0.3993522858746984,
        "RMSE(bins)": 0.06109116166338766,
        "ICI": 0.052650616215336864,
        "RMSE(bins)Ratings": {
            "1": 0.04379858197683713,
            "2": 0.016884821753591166,
            "3": 0.07731685662174353,
            "4": 0.11786217092997446
        }
    },
    "user": 15416,
    "size": 267760,
    "weights": [
        0.5956,
        1.3762,
        4.8334,
        9.5837,
        5.1043,
        1.1303,
        0.823,
        0.0465,
        1.629,
        0.135,
        1.0045,
        2.132,
        0.0839,
        0.3204,
        1.3547,
        0.219,
        2.7849
    ]
}