{
    "metrics": {
        "RMSE": 0.4110830220565701,
        "LogLoss": 0.5152846564226322,
        "RMSE(bins)": 0.08827111455896856,
        "ICI": 0.062255937968377424,
        "RMSE(bins)Ratings": {
            "1": 0.13533796587664684,
            "2": 0.2105190623685878,
            "3": 0.10227681554649645
        }
    },
    "user": 15462,
    "size": 2975,
    "weights": [
        0.1763,
        0.4908,
        2.2811,
        6.3527,
        5.1043,
        1.1303,
        0.823,
        0.0465,
        1.629,
        0.135,
        1.0045,
        2.132,
        0.0839,
        0.3204,
        1.3547,
        0.219,
        2.7849
    ]
}