{
    "metrics": {
        "RMSE": 0.3810446138250438,
        "LogLoss": 0.46383544137312216,
        "RMSE(bins)": 0.08139416081707822,
        "ICI": 0.04809349821201161
    },
    "user": 15566,
    "size": 84125,
    "weights": [
        0.6583,
        1.5344,
        3.538,
        17.8652,
        5.1443,
        1.2006,
        0.8627,
        0.0362,
        1.629,
        0.1342,
        1.0166,
        2.1174,
        0.0839,
        0.3204,
        1.4676,
        0.219,
        2.8237
    ]
}