{
    "metrics": {
        "RMSE": 0.2648004849243764,
        "LogLoss": 0.2660695853957917,
        "RMSE(bins)": 0.07536787343690218,
        "ICI": 0.034321481373983276
    },
    "user": 15620,
    "size": 2710,
    "weights": [
        3.3607,
        19.452,
        19.452,
        29.8686,
        5.1443,
        1.2006,
        0.8627,
        0.0362,
        1.629,
        0.1342,
        1.0166,
        2.1174,
        0.0839,
        0.3204,
        1.4676,
        0.219,
        2.8237
    ]
}