{
    "metrics": {
        "RMSE": 0.26408800009631367,
        "LogLoss": 0.2542951043984531,
        "RMSE(bins)": 0.07117222789526667,
        "ICI": 0.014561636607628334
    },
    "user": 15626,
    "size": 101880,
    "weights": [
        0.0752,
        0.0986,
        0.1482,
        0.1944,
        5.1443,
        1.2006,
        0.8627,
        0.0362,
        1.629,
        0.1342,
        1.0166,
        2.1174,
        0.0839,
        0.3204,
        1.4676,
        0.219,
        2.8237
    ]
}