{
    "metrics": {
        "RMSE": 0.24875180151858975,
        "LogLoss": 0.2442077339327833,
        "RMSE(bins)": 0.042466181420542405,
        "ICI": 0.031206808057607567
    },
    "user": 15734,
    "size": 132210,
    "weights": [
        0.7536,
        3.8466,
        5.3827,
        10.9355,
        5.1443,
        1.2006,
        0.8627,
        0.0362,
        1.629,
        0.1342,
        1.0166,
        2.1174,
        0.0839,
        0.3204,
        1.4676,
        0.219,
        2.8237
    ]
}