{
    "metrics": {
        "RMSE": 0.3315834846050699,
        "LogLoss": 0.37558080226412077,
        "RMSE(bins)": 0.05366984270320787,
        "ICI": 0.034036097192593574
    },
    "user": 1582,
    "size": 229445,
    "weights": [
        0.2454,
        1.0894,
        3.0628,
        10.9355,
        5.1443,
        1.2006,
        0.8627,
        0.0362,
        1.629,
        0.1342,
        1.0166,
        2.1174,
        0.0839,
        0.3204,
        1.4676,
        0.219,
        2.8237
    ]
}