{
    "metrics": {
        "RMSE": 0.3391415242141246,
        "LogLoss": 0.39359286863033716,
        "RMSE(bins)": 0.07996850665972209,
        "ICI": 0.036645479951202715
    },
    "user": 15926,
    "size": 8355,
    "weights": [
        4.007,
        4.007,
        7.5087,
        13.7603,
        5.1443,
        1.2006,
        0.8627,
        0.0362,
        1.629,
        0.1342,
        1.0166,
        2.1174,
        0.0839,
        0.3204,
        1.4676,
        0.219,
        2.8237
    ]
}