{
    "metrics": {
        "RMSE": 0.30709017502973107,
        "LogLoss": 0.34156291981900017,
        "RMSE(bins)": 0.07292240020699378,
        "ICI": 0.046652238309928824
    },
    "user": 160,
    "size": 9780,
    "weights": [
        0.8356,
        1.2493,
        2.284,
        9.692,
        5.1443,
        1.2006,
        0.8627,
        0.0362,
        1.629,
        0.1342,
        1.0166,
        2.1174,
        0.0839,
        0.3204,
        1.4676,
        0.219,
        2.8237
    ]
}