{
    "metrics": {
        "RMSE": 0.3639629289514773,
        "LogLoss": 0.4208315332017483,
        "RMSE(bins)": 0.04718083817108632,
        "ICI": 0.02041513064626974
    },
    "user": 16109,
    "size": 3930,
    "weights": [
        0.1892,
        0.2492,
        0.3766,
        5.6324,
        5.1443,
        1.2006,
        0.8627,
        0.0362,
        1.629,
        0.1342,
        1.0166,
        2.1174,
        0.0839,
        0.3204,
        1.4676,
        0.219,
        2.8237
    ]
}