{
    "metrics": {
        "RMSE": 0.5077443768609237,
        "LogLoss": 0.7559688942926149,
        "RMSE(bins)": 0.28795638761547343,
        "ICI": 0.2126274525439406
    },
    "user": 16244,
    "size": 3815,
    "weights": [
        0.3151,
        1.0314,
        6.1093,
        20.9766,
        5.1443,
        1.2006,
        0.8627,
        0.0362,
        1.629,
        0.1342,
        1.0166,
        2.1174,
        0.0839,
        0.3204,
        1.4676,
        0.219,
        2.8237
    ]
}