{
    "metrics": {
        "RMSE": 0.268284395906465,
        "LogLoss": 0.26485196035935615,
        "RMSE(bins)": 0.043496888858440386,
        "ICI": 0.011989805483829772
    },
    "user": 16274,
    "size": 36530,
    "weights": [
        0.4978,
        0.9231,
        2.3311,
        13.9683,
        5.1443,
        1.2006,
        0.8627,
        0.0362,
        1.629,
        0.1342,
        1.0166,
        2.1174,
        0.0839,
        0.3204,
        1.4676,
        0.219,
        2.8237
    ]
}