{
    "metrics": {
        "RMSE": 0.3152998260653587,
        "LogLoss": 0.362642585636835,
        "RMSE(bins)": 0.0727173931060995,
        "ICI": 0.05839919007444578,
        "RMSE(bins)Ratings": {
            "1": 0.08692616732089907,
            "2": 0.0850099855302534,
            "3": 0.12195441239725234,
            "4": 0.04495758505041263
        }
    },
    "user": 16277,
    "size": 10705,
    "weights": [
        3.1107,
        5.7473,
        5.7473,
        23.597,
        5.1043,
        1.1303,
        0.823,
        0.0465,
        1.629,
        0.135,
        1.0045,
        2.132,
        0.0839,
        0.3204,
        1.3547,
        0.219,
        2.7849
    ]
}