{
    "FSRS-4.5-pretrain": {
        "RMSE": 0.27763701373615846,
        "LogLoss": 0.26776669502899664,
        "RMSE(bins)": 0.052676111938270126,
        "ICI": 0.025880415105119726,
        "RMSE(bins)Ratings": {
            "1": 0.15328277503095236,
            "2": 0.24029227647560017,
            "3": 0.0532973363752456,
            "4": 0.025752565029376846
        }
    },
    "user": 16516,
    "size": 12775,
    "weights": [
        0.2214,
        0.8903,
        0.8903,
        3.8939,
        5.1043,
        1.1303,
        0.823,
        0.0465,
        1.629,
        0.135,
        1.0045,
        2.132,
        0.0839,
        0.3204,
        1.3547,
        0.219,
        2.7849
    ]
}