{
    "FSRS-4.5-pretrain": {
        "RMSE": 0.38489177427340665,
        "LogLoss": 0.47011574217501634,
        "RMSE(bins)": 0.053629407070717804,
        "ICI": 0.03968029504683513,
        "RMSE(bins)Ratings": {
            "1": 0.1511787568443679,
            "2": 0.10091919914566144,
            "3": 0.051992786923167396
        }
    },
    "user": 16532,
    "size": 5230,
    "weights": [
        0.2242,
        0.5196,
        1.834,
        4.2514,
        5.1043,
        1.1303,
        0.823,
        0.0465,
        1.629,
        0.135,
        1.0045,
        2.132,
        0.0839,
        0.3204,
        1.3547,
        0.219,
        2.7849
    ]
}