{
    "metrics": {
        "RMSE": 0.3694690820775974,
        "LogLoss": 0.437497190624037,
        "RMSE(bins)": 0.07469007318319562,
        "ICI": 0.04245452654405906
    },
    "user": 16677,
    "size": 3625,
    "weights": [
        0.4834,
        1.2136,
        4.8281,
        10.9355,
        5.1443,
        1.2006,
        0.8627,
        0.0362,
        1.629,
        0.1342,
        1.0166,
        2.1174,
        0.0839,
        0.3204,
        1.4676,
        0.219,
        2.8237
    ]
}