{
    "metrics": {
        "RMSE": 0.305653095825626,
        "LogLoss": 0.3146533946776297,
        "RMSE(bins)": 0.08024509959238625,
        "ICI": 0.02911462310389584
    },
    "user": 16704,
    "size": 8670,
    "weights": [
        0.417,
        1.6654,
        13.2908,
        53.0758,
        5.1443,
        1.2006,
        0.8627,
        0.0362,
        1.629,
        0.1342,
        1.0166,
        2.1174,
        0.0839,
        0.3204,
        1.4676,
        0.219,
        2.8237
    ]
}