{
    "metrics": {
        "RMSE": 0.10106024620242791,
        "LogLoss": 0.07435111513082455,
        "RMSE(bins)": 0.0522052452513528,
        "ICI": 0.04296469353028986
    },
    "user": 16719,
    "size": 14455,
    "weights": [
        0.7601,
        4.0233,
        26.6304,
        93.8802,
        5.1443,
        1.2006,
        0.8627,
        0.0362,
        1.629,
        0.1342,
        1.0166,
        2.1174,
        0.0839,
        0.3204,
        1.4676,
        0.219,
        2.8237
    ]
}