{
    "FSRS-4.5-pretrain": {
        "RMSE": 0.33936149070878574,
        "LogLoss": 0.3828391405273988,
        "RMSE(bins)": 0.17529478313756058,
        "ICI": 0.06362200720613816,
        "RMSE(bins)Ratings": {
            "1": 0.1592843506089514,
            "2": 0.1047166319334135,
            "3": 0.1812478949147808
        }
    },
    "user": 16868,
    "size": 2805,
    "weights": [
        0.5614,
        1.1053,
        1.2712,
        1.3954,
        5.1043,
        1.1303,
        0.823,
        0.0465,
        1.629,
        0.135,
        1.0045,
        2.132,
        0.0839,
        0.3204,
        1.3547,
        0.219,
        2.7849
    ]
}