{
    "metrics": {
        "RMSE": 0.32097044100326516,
        "LogLoss": 0.3793403445959477,
        "RMSE(bins)": 0.07895415411083971,
        "ICI": 0.06057342687284078
    },
    "user": 16910,
    "size": 2535,
    "weights": [
        2.0869,
        2.0869,
        10.6837,
        10.9355,
        5.1443,
        1.2006,
        0.8627,
        0.0362,
        1.629,
        0.1342,
        1.0166,
        2.1174,
        0.0839,
        0.3204,
        1.4676,
        0.219,
        2.8237
    ]
}