{
    "metrics": {
        "RMSE": 0.33209427302057887,
        "LogLoss": 0.38623853496404614,
        "RMSE(bins)": 0.11519790456926927,
        "ICI": 0.04564583305323296,
        "RMSE(bins)Ratings": {
            "1": 0.21788112915021376,
            "2": 0.08526657718860264,
            "3": 0.132207695440748,
            "4": 0.14414970365986904
        }
    },
    "user": 16913,
    "size": 7060,
    "weights": [
        0.0495,
        0.1785,
        1.8346,
        7.9731,
        5.1043,
        1.1303,
        0.823,
        0.0465,
        1.629,
        0.135,
        1.0045,
        2.132,
        0.0839,
        0.3204,
        1.3547,
        0.219,
        2.7849
    ]
}