{
    "metrics": {
        "RMSE": 0.4944403638983568,
        "LogLoss": 0.7222915682212493,
        "RMSE(bins)": 0.18113335840996947,
        "ICI": 0.1492016016984495
    },
    "user": 16963,
    "size": 10820,
    "weights": [
        0.1265,
        0.2676,
        0.8227,
        1.1339,
        5.1443,
        1.2006,
        0.8627,
        0.0362,
        1.629,
        0.1342,
        1.0166,
        2.1174,
        0.0839,
        0.3204,
        1.4676,
        0.219,
        2.8237
    ]
}