{
    "metrics": {
        "RMSE": 0.3528386776624084,
        "LogLoss": 0.4168112557728394,
        "RMSE(bins)": 0.09103178862987313,
        "ICI": 0.06324756926881639,
        "RMSE(bins)Ratings": {
            "1": 0.4229074128648124,
            "2": 0.07885034744757068,
            "3": 0.06133601973186341,
            "4": 0.04300973271482981
        }
    },
    "user": 16984,
    "size": 4165,
    "weights": [
        3.4202,
        5.5318,
        11.3785,
        29.4657,
        5.1043,
        1.1303,
        0.823,
        0.0465,
        1.629,
        0.135,
        1.0045,
        2.132,
        0.0839,
        0.3204,
        1.3547,
        0.219,
        2.7849
    ]
}