{
    "metrics": {
        "RMSE": 0.2277730344921835,
        "LogLoss": 0.20745626232225867,
        "RMSE(bins)": 0.11143092564988163,
        "ICI": 0.06971125131290988
    },
    "user": 16997,
    "size": 3480,
    "weights": [
        3.5929,
        3.5929,
        7.0674,
        23.6772,
        5.1443,
        1.2006,
        0.8627,
        0.0362,
        1.629,
        0.1342,
        1.0166,
        2.1174,
        0.0839,
        0.3204,
        1.4676,
        0.219,
        2.8237
    ]
}