{
    "metrics": {
        "RMSE": 0.376232227376127,
        "LogLoss": 0.44408787976291697,
        "RMSE(bins)": 0.08655128002354157,
        "ICI": 0.027999391468258666
    },
    "user": 17002,
    "size": 7000,
    "weights": [
        0.2793,
        1.4882,
        5.1303,
        18.853,
        5.1443,
        1.2006,
        0.8627,
        0.0362,
        1.629,
        0.1342,
        1.0166,
        2.1174,
        0.0839,
        0.3204,
        1.4676,
        0.219,
        2.8237
    ]
}