{
    "metrics": {
        "RMSE": 0.43067188925133115,
        "LogLoss": 0.5627883650568929,
        "RMSE(bins)": 0.18065395074345963,
        "ICI": 0.09420667971011831
    },
    "user": 17083,
    "size": 3790,
    "weights": [
        0.2296,
        0.2296,
        0.8394,
        2.5561,
        5.1443,
        1.2006,
        0.8627,
        0.0362,
        1.629,
        0.1342,
        1.0166,
        2.1174,
        0.0839,
        0.3204,
        1.4676,
        0.219,
        2.8237
    ]
}