{
    "FSRS-4.5-pretrain": {
        "RMSE": 0.19764978066680636,
        "LogLoss": 0.18535972875499965,
        "RMSE(bins)": 0.09689918511768082,
        "ICI": 0.08776477919202268,
        "RMSE(bins)Ratings": {
            "1": 0.10524474504704724,
            "2": 0.10628880046668239,
            "3": 0.075974145407495,
            "4": 0.05961992218557577
        }
    },
    "user": 17406,
    "size": 54635,
    "weights": [
        0.7374,
        1.4275,
        3.8453,
        7.4443,
        5.1043,
        1.1303,
        0.823,
        0.0465,
        1.629,
        0.135,
        1.0045,
        2.132,
        0.0839,
        0.3204,
        1.3547,
        0.219,
        2.7849
    ]
}