{
    "metrics": {
        "RMSE": 0.2978862781288669,
        "LogLoss": 0.31657365649268243,
        "RMSE(bins)": 0.030807533344686947,
        "ICI": 0.011183586229091515
    },
    "user": 17669,
    "size": 6630,
    "weights": [
        1.0992,
        1.0992,
        1.0992,
        1.0992,
        5.1443,
        1.2006,
        0.8627,
        0.0362,
        1.629,
        0.1342,
        1.0166,
        2.1174,
        0.0839,
        0.3204,
        1.4676,
        0.219,
        2.8237
    ]
}