{
    "metrics": {
        "RMSE": 0.14643882345196083,
        "LogLoss": 0.1081688607989607,
        "RMSE(bins)": 0.09592293625749179,
        "ICI": 0.05420137928648778
    },
    "user": 17724,
    "size": 22900,
    "weights": [
        1.3183,
        4.8753,
        34.6725,
        100,
        5.1443,
        1.2006,
        0.8627,
        0.0362,
        1.629,
        0.1342,
        1.0166,
        2.1174,
        0.0839,
        0.3204,
        1.4676,
        0.219,
        2.8237
    ]
}