{
    "metrics": {
        "RMSE": 0.23579653723352917,
        "LogLoss": 0.23831045804792955,
        "RMSE(bins)": 0.05252418613262965,
        "ICI": 0.03333763279970011
    },
    "user": 17743,
    "size": 1310,
    "weights": [
        1.3635,
        1.5829,
        5.2828,
        5.2828,
        5.1443,
        1.2006,
        0.8627,
        0.0362,
        1.629,
        0.1342,
        1.0166,
        2.1174,
        0.0839,
        0.3204,
        1.4676,
        0.219,
        2.8237
    ]
}