{
    "metrics": {
        "RMSE": 0.4309204031081589,
        "LogLoss": 0.5524491800530323,
        "RMSE(bins)": 0.13439433858224278,
        "ICI": 0.07683771492573764,
        "RMSE(bins)Ratings": {
            "1": 0.1492512749426846,
            "2": 0.1845013415446139,
            "3": 0.09713380675606585,
            "4": 0.14070139499830622
        }
    },
    "user": 17929,
    "size": 1570,
    "weights": [
        0.3145,
        0.3145,
        2.0388,
        7.0877,
        5.1043,
        1.1303,
        0.823,
        0.0465,
        1.629,
        0.135,
        1.0045,
        2.132,
        0.0839,
        0.3204,
        1.3547,
        0.219,
        2.7849
    ]
}