{
    "metrics": {
        "RMSE": 0.24774619249262228,
        "LogLoss": 0.22819403317782597,
        "RMSE(bins)": 0.11321253481511974,
        "ICI": 0.03642100094461665
    },
    "user": 17949,
    "size": 2865,
    "weights": [
        8.0949,
        13.6113,
        35.4914,
        35.4914,
        5.1443,
        1.2006,
        0.8627,
        0.0362,
        1.629,
        0.1342,
        1.0166,
        2.1174,
        0.0839,
        0.3204,
        1.4676,
        0.219,
        2.8237
    ]
}