{
    "metrics": {
        "RMSE": 0.3664201392654955,
        "LogLoss": 0.4443911907068421,
        "RMSE(bins)": 0.06921130575778253,
        "ICI": 0.05214701273262551
    },
    "user": 18127,
    "size": 14220,
    "weights": [
        0.2784,
        0.6888,
        1.5691,
        1.5691,
        5.1443,
        1.2006,
        0.8627,
        0.0362,
        1.629,
        0.1342,
        1.0166,
        2.1174,
        0.0839,
        0.3204,
        1.4676,
        0.219,
        2.8237
    ]
}