{
    "metrics": {
        "RMSE": 0.3603925427458652,
        "LogLoss": 0.42774248386176406,
        "RMSE(bins)": 0.09980263822455689,
        "ICI": 0.021897853501168706
    },
    "user": 18136,
    "size": 10460,
    "weights": [
        2.8303,
        14.0473,
        14.0473,
        14.0473,
        5.1443,
        1.2006,
        0.8627,
        0.0362,
        1.629,
        0.1342,
        1.0166,
        2.1174,
        0.0839,
        0.3204,
        1.4676,
        0.219,
        2.8237
    ]
}