{
    "FSRS-4.5-pretrain": {
        "RMSE": 0.47169227063347824,
        "LogLoss": 0.6548030738130153,
        "RMSE(bins)": 0.09853505408126453,
        "ICI": 0.0809321323746174,
        "RMSE(bins)Ratings": {
            "1": 0.09437649829063784,
            "2": 0.1245972448771382,
            "3": 0.17745156030548162,
            "4": 0.13909102120918404
        }
    },
    "user": 18264,
    "size": 6320,
    "weights": [
        0.0973,
        1.2091,
        1.2091,
        1.2091,
        5.1043,
        1.1303,
        0.823,
        0.0465,
        1.629,
        0.135,
        1.0045,
        2.132,
        0.0839,
        0.3204,
        1.3547,
        0.219,
        2.7849
    ]
}