{
    "metrics": {
        "RMSE": 0.1684989452253415,
        "LogLoss": 0.13477139470866173,
        "RMSE(bins)": 0.05356851801803176,
        "ICI": 0.029914370445762055
    },
    "user": 1828,
    "size": 269535,
    "weights": [
        3.681,
        16.3725,
        20.0929,
        41.1267,
        5.1443,
        1.2006,
        0.8627,
        0.0362,
        1.629,
        0.1342,
        1.0166,
        2.1174,
        0.0839,
        0.3204,
        1.4676,
        0.219,
        2.8237
    ]
}