{
    "metrics": {
        "RMSE": 0.21826306156851258,
        "LogLoss": 0.19534658956376572,
        "RMSE(bins)": 0.04124469101417731,
        "ICI": 0.02663401259500401
    },
    "user": 1848,
    "size": 92525,
    "weights": [
        0.9408,
        1.8224,
        6.5714,
        10.9355,
        5.1443,
        1.2006,
        0.8627,
        0.0362,
        1.629,
        0.1342,
        1.0166,
        2.1174,
        0.0839,
        0.3204,
        1.4676,
        0.219,
        2.8237
    ]
}