{
    "metrics": {
        "RMSE": 0.2607692387585658,
        "LogLoss": 0.2535253704546478,
        "RMSE(bins)": 0.05860434045580737,
        "ICI": 0.023259876838275604
    },
    "user": 18585,
    "size": 10850,
    "weights": [
        1.1556,
        2.657,
        3.0334,
        7.4899,
        5.1443,
        1.2006,
        0.8627,
        0.0362,
        1.629,
        0.1342,
        1.0166,
        2.1174,
        0.0839,
        0.3204,
        1.4676,
        0.219,
        2.8237
    ]
}