{
    "metrics": {
        "RMSE": 0.21463130864009983,
        "LogLoss": 0.18570051912705085,
        "RMSE(bins)": 0.042071532118750206,
        "ICI": 0.018316679585834668
    },
    "user": 18626,
    "size": 12385,
    "weights": [
        1.8693,
        1.8753,
        22.7877,
        100,
        5.1443,
        1.2006,
        0.8627,
        0.0362,
        1.629,
        0.1342,
        1.0166,
        2.1174,
        0.0839,
        0.3204,
        1.4676,
        0.219,
        2.8237
    ]
}