{
    "metrics": {
        "RMSE": 0.2475514220862313,
        "LogLoss": 0.2393057929607804,
        "RMSE(bins)": 0.036768684292335006,
        "ICI": 0.021553796333945476
    },
    "user": 18718,
    "size": 21630,
    "weights": [
        0.9843,
        4.5689,
        4.5689,
        14.3997,
        5.1443,
        1.2006,
        0.8627,
        0.0362,
        1.629,
        0.1342,
        1.0166,
        2.1174,
        0.0839,
        0.3204,
        1.4676,
        0.219,
        2.8237
    ]
}