{
    "metrics": {
        "RMSE": 0.28750238537359596,
        "LogLoss": 0.3008359688437688,
        "RMSE(bins)": 0.03484626629891544,
        "ICI": 0.019708624977123505,
        "RMSE(bins)Ratings": {
            "1": 0.03838277236062061,
            "2": 0.03570897708058388,
            "3": 0.01411835687376047,
            "4": 0.017859434649035544
        }
    },
    "user": 1872,
    "size": 143195,
    "weights": [
        0.1116,
        0.1972,
        0.4635,
        3.0528,
        5.1043,
        1.1303,
        0.823,
        0.0465,
        1.629,
        0.135,
        1.0045,
        2.132,
        0.0839,
        0.3204,
        1.3547,
        0.219,
        2.7849
    ]
}