{
    "FSRS-4.5-pretrain": {
        "RMSE": 0.44361248887211974,
        "LogLoss": 0.607483107025964,
        "RMSE(bins)": 0.12180167247193881,
        "ICI": 0.0987320627516878,
        "RMSE(bins)Ratings": {
            "1": 0.1474198205096803,
            "2": 0.12101322190776588,
            "3": 0.11833053392996513,
            "4": 0.12086581186017281
        }
    },
    "user": 18777,
    "size": 202375,
    "weights": [
        0.5196,
        0.4045,
        0.5196,
        3.4669,
        5.1043,
        1.1303,
        0.823,
        0.0465,
        1.629,
        0.135,
        1.0045,
        2.132,
        0.0839,
        0.3204,
        1.3547,
        0.219,
        2.7849
    ]
}