{
    "metrics": {
        "RMSE": 0.24444635908518,
        "LogLoss": 0.21125240315544067,
        "RMSE(bins)": 0.12951453614715092,
        "ICI": 0.07076822206543763
    },
    "user": 18890,
    "size": 48930,
    "weights": [
        1.9425,
        3.9899,
        11.7459,
        41.8188,
        5.1443,
        1.2006,
        0.8627,
        0.0362,
        1.629,
        0.1342,
        1.0166,
        2.1174,
        0.0839,
        0.3204,
        1.4676,
        0.219,
        2.8237
    ]
}