{
    "metrics": {
        "RMSE": 0.2787722924900524,
        "LogLoss": 0.28655168973138273,
        "RMSE(bins)": 0.052117010941223126,
        "ICI": 0.02864727921610584
    },
    "user": 1890,
    "size": 21255,
    "weights": [
        1.2929,
        1.7693,
        1.7693,
        21.4999,
        5.1443,
        1.2006,
        0.8627,
        0.0362,
        1.629,
        0.1342,
        1.0166,
        2.1174,
        0.0839,
        0.3204,
        1.4676,
        0.219,
        2.8237
    ]
}