{
    "metrics": {
        "RMSE": 0.3708639945560632,
        "LogLoss": 0.4371949163572201,
        "RMSE(bins)": 0.06227999097443782,
        "ICI": 0.0296591228665043
    },
    "user": 18922,
    "size": 20115,
    "weights": [
        0.3183,
        1.6681,
        2.9586,
        11.5824,
        5.1443,
        1.2006,
        0.8627,
        0.0362,
        1.629,
        0.1342,
        1.0166,
        2.1174,
        0.0839,
        0.3204,
        1.4676,
        0.219,
        2.8237
    ]
}