{
    "metrics": {
        "RMSE": 0.15313708955142016,
        "LogLoss": 0.11844898449393285,
        "RMSE(bins)": 0.058071828651048485,
        "ICI": 0.03200753264533453,
        "RMSE(bins)Ratings": {
            "1": 0.13570848713767786,
            "2": 0.0693465258143673,
            "3": 0.037643196951398054,
            "4": 0.03863684040268024
        }
    },
    "user": 18989,
    "size": 27120,
    "weights": [
        2.3399,
        5.6485,
        23.0612,
        23.0612,
        5.1043,
        1.1303,
        0.823,
        0.0465,
        1.629,
        0.135,
        1.0045,
        2.132,
        0.0839,
        0.3204,
        1.3547,
        0.219,
        2.7849
    ]
}