{
    "metrics": {
        "RMSE": 0.38903252495637186,
        "LogLoss": 0.4802569837510206,
        "RMSE(bins)": 0.052428968624041485,
        "ICI": 0.03281637587302352
    },
    "user": 19016,
    "size": 29470,
    "weights": [
        0.1993,
        0.519,
        1.9075,
        12.4831,
        5.1443,
        1.2006,
        0.8627,
        0.0362,
        1.629,
        0.1342,
        1.0166,
        2.1174,
        0.0839,
        0.3204,
        1.4676,
        0.219,
        2.8237
    ]
}