{
    "metrics": {
        "RMSE": 0.30909078603959933,
        "LogLoss": 0.3383317327887417,
        "RMSE(bins)": 0.044962724841126435,
        "ICI": 0.03413437421047089
    },
    "user": 19035,
    "size": 81800,
    "weights": [
        0.5642,
        1.3374,
        4.9646,
        12.04,
        5.1443,
        1.2006,
        0.8627,
        0.0362,
        1.629,
        0.1342,
        1.0166,
        2.1174,
        0.0839,
        0.3204,
        1.4676,
        0.219,
        2.8237
    ]
}