{
    "metrics": {
        "RMSE": 0.40065710041902936,
        "LogLoss": 0.5243006764327721,
        "RMSE(bins)": 0.3012824597688926,
        "ICI": 0.14768381165961342
    },
    "user": 19045,
    "size": 29995,
    "weights": [
        1.6414,
        51.6032,
        51.6032,
        51.6032,
        5.1443,
        1.2006,
        0.8627,
        0.0362,
        1.629,
        0.1342,
        1.0166,
        2.1174,
        0.0839,
        0.3204,
        1.4676,
        0.219,
        2.8237
    ]
}