{
    "metrics": {
        "RMSE": 0.13683401373393445,
        "LogLoss": 0.1037323115511567,
        "RMSE(bins)": 0.05831715080884425,
        "ICI": 0.04616346193489129
    },
    "user": 19075,
    "size": 16890,
    "weights": [
        3.5575,
        9.9604,
        16.8378,
        23.894,
        5.1443,
        1.2006,
        0.8627,
        0.0362,
        1.629,
        0.1342,
        1.0166,
        2.1174,
        0.0839,
        0.3204,
        1.4676,
        0.219,
        2.8237
    ]
}