{
    "metrics": {
        "RMSE": 0.43439677939336235,
        "LogLoss": 0.564011820659489,
        "RMSE(bins)": 0.09517849259023242,
        "ICI": 0.06722761868957357
    },
    "user": 19234,
    "size": 8160,
    "weights": [
        0.2251,
        0.872,
        2.9211,
        10.9355,
        5.1443,
        1.2006,
        0.8627,
        0.0362,
        1.629,
        0.1342,
        1.0166,
        2.1174,
        0.0839,
        0.3204,
        1.4676,
        0.219,
        2.8237
    ]
}