{
    "metrics": {
        "RMSE": 0.3653733018470881,
        "LogLoss": 0.4450386054756428,
        "RMSE(bins)": 0.07402046863264966,
        "ICI": 0.0633889124290082,
        "RMSE(bins)Ratings": {
            "1": 0.12988527516069093,
            "2": 0.1366313929561875,
            "3": 0.08089321601714945,
            "4": 0.07057544436412724
        }
    },
    "user": 19371,
    "size": 6315,
    "weights": [
        0.1206,
        0.4277,
        2.8561,
        7.9731,
        5.1043,
        1.1303,
        0.823,
        0.0465,
        1.629,
        0.135,
        1.0045,
        2.132,
        0.0839,
        0.3204,
        1.3547,
        0.219,
        2.7849
    ]
}