{
    "metrics": {
        "RMSE": 0.4609875794272079,
        "LogLoss": 0.6277138762394556,
        "RMSE(bins)": 0.1122708675620538,
        "ICI": 0.06340391191894987
    },
    "user": 19435,
    "size": 15710,
    "weights": [
        0.1098,
        0.4644,
        0.4644,
        3.9633,
        5.1443,
        1.2006,
        0.8627,
        0.0362,
        1.629,
        0.1342,
        1.0166,
        2.1174,
        0.0839,
        0.3204,
        1.4676,
        0.219,
        2.8237
    ]
}