{
    "metrics": {
        "RMSE": 0.45565301149389204,
        "LogLoss": 0.6118148985734932,
        "RMSE(bins)": 0.14253106494033782,
        "ICI": 0.08835338834230283
    },
    "user": 19438,
    "size": 9140,
    "weights": [
        2.2491,
        3.4483,
        6.5465,
        15.4673,
        5.1443,
        1.2006,
        0.8627,
        0.0362,
        1.629,
        0.1342,
        1.0166,
        2.1174,
        0.0839,
        0.3204,
        1.4676,
        0.219,
        2.8237
    ]
}