{
    "metrics": {
        "RMSE": 0.26352993959113247,
        "LogLoss": 0.26090430572108675,
        "RMSE(bins)": 0.08610444729740911,
        "ICI": 0.029772866376971675
    },
    "user": 19432,
    "size": 1300,
    "weights": [
        2.9945,
        3.0247,
        11.3532,
        11.3532,
        5.1443,
        1.2006,
        0.8627,
        0.0362,
        1.629,
        0.1342,
        1.0166,
        2.1174,
        0.0839,
        0.3204,
        1.4676,
        0.219,
        2.8237
    ]
}