{
    "metrics": {
        "RMSE": 0.27109826700723255,
        "LogLoss": 0.2612579528222138,
        "RMSE(bins)": 0.13886562958849183,
        "ICI": 0.0593961627993254
    },
    "user": 1966,
    "size": 2600,
    "weights": [
        1.0035,
        1.0035,
        6.374,
        18.8776,
        5.1443,
        1.2006,
        0.8627,
        0.0362,
        1.629,
        0.1342,
        1.0166,
        2.1174,
        0.0839,
        0.3204,
        1.4676,
        0.219,
        2.8237
    ]
}