{
    "metrics": {
        "RMSE": 0.24089848020538787,
        "LogLoss": 0.22066130413787263,
        "RMSE(bins)": 0.06068174265462741,
        "ICI": 0.02704382360662634,
        "RMSE(bins)Ratings": {
            "1": 0.19104615663597221,
            "2": 0.21456947684856847,
            "3": 0.07574351893373145,
            "4": 0.04005101563162805
        }
    },
    "user": 19700,
    "size": 2300,
    "weights": [
        0.7838,
        1.6842,
        6.447,
        15.7761,
        5.1043,
        1.1303,
        0.823,
        0.0465,
        1.629,
        0.135,
        1.0045,
        2.132,
        0.0839,
        0.3204,
        1.3547,
        0.219,
        2.7849
    ]
}