{
    "FSRS-4.5-pretrain": {
        "RMSE": 0.18064059690415782,
        "LogLoss": 0.14194845315075952,
        "RMSE(bins)": 0.08261396382050744,
        "ICI": 0.03528810104785765,
        "RMSE(bins)Ratings": {
            "1": 0.23079753099117675,
            "2": 0.16781746114104085,
            "3": 0.11295446053047145,
            "4": 0.5106565078910758
        }
    },
    "user": 19817,
    "size": 3290,
    "weights": [
        0.507,
        2.9586,
        41.7106,
        100,
        5.1043,
        1.1303,
        0.823,
        0.0465,
        1.629,
        0.135,
        1.0045,
        2.132,
        0.0839,
        0.3204,
        1.3547,
        0.219,
        2.7849
    ]
}