{
    "metrics": {
        "RMSE": 0.1315543474419642,
        "LogLoss": 0.09776574269373964,
        "RMSE(bins)": 0.051896560064577164,
        "ICI": 0.04432098174837067,
        "RMSE(bins)Ratings": {
            "1": 0.11440712986193982,
            "2": 0.050502560515961595,
            "3": 0.05917480207221971,
            "4": 0.04435985299671483
        }
    },
    "user": 19870,
    "size": 34590,
    "weights": [
        4.8469,
        4.8469,
        13.0853,
        17.6182,
        5.1043,
        1.1303,
        0.823,
        0.0465,
        1.629,
        0.135,
        1.0045,
        2.132,
        0.0839,
        0.3204,
        1.3547,
        0.219,
        2.7849
    ]
}