{
    "metrics": {
        "RMSE": 0.4734485248764211,
        "LogLoss": 0.669893878400417,
        "RMSE(bins)": 0.16165870822193243,
        "ICI": 0.1340043970582117
    },
    "user": 19880,
    "size": 16510,
    "weights": [
        0.1474,
        0.3393,
        1.3612,
        10.9355,
        5.1443,
        1.2006,
        0.8627,
        0.0362,
        1.629,
        0.1342,
        1.0166,
        2.1174,
        0.0839,
        0.3204,
        1.4676,
        0.219,
        2.8237
    ]
}