{
    "metrics": {
        "RMSE": 0.21102127317657018,
        "LogLoss": 0.1963247387473568,
        "RMSE(bins)": 0.08660014987166031,
        "ICI": 0.06784211286512469
    },
    "user": 19917,
    "size": 13855,
    "weights": [
        0.241,
        0.6267,
        2.6278,
        11.675,
        5.1443,
        1.2006,
        0.8627,
        0.0362,
        1.629,
        0.1342,
        1.0166,
        2.1174,
        0.0839,
        0.3204,
        1.4676,
        0.219,
        2.8237
    ]
}