{
    "metrics": {
        "RMSE": 0.28836760606413686,
        "LogLoss": 0.3015159398208095,
        "RMSE(bins)": 0.13856513335063186,
        "ICI": 0.04114141901144241
    },
    "user": 19977,
    "size": 178935,
    "weights": [
        2.0266,
        3.4295,
        7.5495,
        25.4035,
        5.1443,
        1.2006,
        0.8627,
        0.0362,
        1.629,
        0.1342,
        1.0166,
        2.1174,
        0.0839,
        0.3204,
        1.4676,
        0.219,
        2.8237
    ]
}