{
    "metrics": {
        "RMSE": 0.38243402475210175,
        "LogLoss": 0.4631033695045367,
        "RMSE(bins)": 0.09614191063943041,
        "ICI": 0.061834664919512686
    },
    "user": 19980,
    "size": 32665,
    "weights": [
        1.7147,
        2.8865,
        9.5558,
        22.9206,
        5.1443,
        1.2006,
        0.8627,
        0.0362,
        1.629,
        0.1342,
        1.0166,
        2.1174,
        0.0839,
        0.3204,
        1.4676,
        0.219,
        2.8237
    ]
}