{
    "metrics": {
        "RMSE": 0.5014773259459749,
        "LogLoss": 0.7363277549649706,
        "RMSE(bins)": 0.23725799952684004,
        "ICI": 0.18299445448559976
    },
    "user": 2054,
    "size": 78695,
    "weights": [
        0.2518,
        0.412,
        1.2136,
        4.6284,
        5.1443,
        1.2006,
        0.8627,
        0.0362,
        1.629,
        0.1342,
        1.0166,
        2.1174,
        0.0839,
        0.3204,
        1.4676,
        0.219,
        2.8237
    ]
}