{
    "metrics": {
        "RMSE": 0.33028406336556665,
        "LogLoss": 0.37678505197810686,
        "RMSE(bins)": 0.041740025898877306,
        "ICI": 0.031854202024646096,
        "RMSE(bins)Ratings": {
            "1": 0.07879207823718438,
            "2": 0.059810695448648366,
            "3": 0.04254742776663966,
            "4": 0.07684214986723767
        }
    },
    "user": 2121,
    "size": 13280,
    "weights": [
        0.7976,
        2.1468,
        5.5496,
        27.1196,
        5.1043,
        1.1303,
        0.823,
        0.0465,
        1.629,
        0.135,
        1.0045,
        2.132,
        0.0839,
        0.3204,
        1.3547,
        0.219,
        2.7849
    ]
}