{
    "metrics": {
        "RMSE": 0.24356331959624786,
        "LogLoss": 0.22459838066026483,
        "RMSE(bins)": 0.02058796950964582,
        "ICI": 0.008893436743463797
    },
    "user": 2131,
    "size": 108185,
    "weights": [
        0.6298,
        1.4544,
        5.103,
        13.1639,
        5.1443,
        1.2006,
        0.8627,
        0.0362,
        1.629,
        0.1342,
        1.0166,
        2.1174,
        0.0839,
        0.3204,
        1.4676,
        0.219,
        2.8237
    ]
}