{
    "metrics": {
        "RMSE": 0.4548492587967326,
        "LogLoss": 0.6089088574936773,
        "RMSE(bins)": 0.17150891205109073,
        "ICI": 0.11704498682064214,
        "RMSE(bins)Ratings": {
            "1": 0.29945036424991267,
            "2": 0.16964160214134474,
            "3": 0.1522148992565346,
            "4": 0.20957289642518762
        }
    },
    "user": 2195,
    "size": 2280,
    "weights": [
        2.1057,
        2.8871,
        4.6348,
        6.3545,
        5.1043,
        1.1303,
        0.823,
        0.0465,
        1.629,
        0.135,
        1.0045,
        2.132,
        0.0839,
        0.3204,
        1.3547,
        0.219,
        2.7849
    ]
}