{
    "metrics": {
        "RMSE": 0.3382492656506715,
        "LogLoss": 0.38439327821723873,
        "RMSE(bins)": 0.10183099795079902,
        "ICI": 0.046572819026685405
    },
    "user": 2300,
    "size": 27220,
    "weights": [
        0.804,
        1.6503,
        4.8528,
        19.7784,
        5.1443,
        1.2006,
        0.8627,
        0.0362,
        1.629,
        0.1342,
        1.0166,
        2.1174,
        0.0839,
        0.3204,
        1.4676,
        0.219,
        2.8237
    ]
}