{
    "metrics": {
        "RMSE": 0.31035201120306316,
        "LogLoss": 0.35218731265539416,
        "RMSE(bins)": 0.07488077209168158,
        "ICI": 0.05416048573857484
    },
    "user": 2356,
    "size": 21920,
    "weights": [
        2.8072,
        3.5992,
        3.5992,
        24.1486,
        5.1443,
        1.2006,
        0.8627,
        0.0362,
        1.629,
        0.1342,
        1.0166,
        2.1174,
        0.0839,
        0.3204,
        1.4676,
        0.219,
        2.8237
    ]
}