{
    "metrics": {
        "RMSE": 0.2570643117957813,
        "LogLoss": 0.2493574837696207,
        "RMSE(bins)": 0.10610301859039853,
        "ICI": 0.08390800087000337
    },
    "user": 2399,
    "size": 2035,
    "weights": [
        0.4973,
        1.4436,
        5.6341,
        10.9355,
        5.1443,
        1.2006,
        0.8627,
        0.0362,
        1.629,
        0.1342,
        1.0166,
        2.1174,
        0.0839,
        0.3204,
        1.4676,
        0.219,
        2.8237
    ]
}