{
    "metrics": {
        "RMSE": 0.23806322299097857,
        "LogLoss": 0.22372002396166435,
        "RMSE(bins)": 0.02658437500558092,
        "ICI": 0.0062604661879096975
    },
    "user": 2433,
    "size": 25460,
    "weights": [
        2.2396,
        5.5086,
        9.6168,
        18.05,
        5.1443,
        1.2006,
        0.8627,
        0.0362,
        1.629,
        0.1342,
        1.0166,
        2.1174,
        0.0839,
        0.3204,
        1.4676,
        0.219,
        2.8237
    ]
}