{
    "metrics": {
        "RMSE": 0.27269277120139235,
        "LogLoss": 0.2721733882581759,
        "RMSE(bins)": 0.049380983605370424,
        "ICI": 0.013532029741540594
    },
    "user": 2452,
    "size": 157240,
    "weights": [
        1.0578,
        3.1414,
        7.2859,
        10.9355,
        5.1443,
        1.2006,
        0.8627,
        0.0362,
        1.629,
        0.1342,
        1.0166,
        2.1174,
        0.0839,
        0.3204,
        1.4676,
        0.219,
        2.8237
    ]
}