{
    "metrics": {
        "RMSE": 0.5247124227898587,
        "LogLoss": 0.7833784018098378,
        "RMSE(bins)": 0.2265451432516159,
        "ICI": 0.16099126758430016
    },
    "user": 2505,
    "size": 7715,
    "weights": [
        2.0682,
        2.9611,
        5.073,
        17.1689,
        5.1443,
        1.2006,
        0.8627,
        0.0362,
        1.629,
        0.1342,
        1.0166,
        2.1174,
        0.0839,
        0.3204,
        1.4676,
        0.219,
        2.8237
    ]
}