{
    "metrics": {
        "RMSE": 0.07593419982611187,
        "LogLoss": 0.04642378984548755,
        "RMSE(bins)": 0.047517429232377076,
        "ICI": 0.03174132656124724,
        "RMSE(bins)Ratings": {
            "1": 0.1734065538305535,
            "2": 0.05376431391709764,
            "3": 0.05997488466186653,
            "4": 0.050666674117227396
        }
    },
    "user": 257,
    "size": 16515,
    "weights": [
        12.0075,
        25.3229,
        52.8544,
        74.2751,
        5.1043,
        1.1303,
        0.823,
        0.0465,
        1.629,
        0.135,
        1.0045,
        2.132,
        0.0839,
        0.3204,
        1.3547,
        0.219,
        2.7849
    ]
}