{
    "metrics": {
        "RMSE": 0.2225864999286369,
        "LogLoss": 0.19967894901778352,
        "RMSE(bins)": 0.04111401247801832,
        "ICI": 0.01860532581576484,
        "RMSE(bins)Ratings": {
            "1": 0.0759401643420533,
            "2": 0.05822223744807964,
            "3": 0.05379063899633298,
            "4": 0.05002587265147652
        }
    },
    "user": 2585,
    "size": 23060,
    "weights": [
        2.3408,
        2.3408,
        14.9601,
        14.9601,
        5.1043,
        1.1303,
        0.823,
        0.0465,
        1.629,
        0.135,
        1.0045,
        2.132,
        0.0839,
        0.3204,
        1.3547,
        0.219,
        2.7849
    ]
}