{
    "FSRS-4.5-pretrain": {
        "RMSE": 0.3566539477022521,
        "LogLoss": 0.43367438561549876,
        "RMSE(bins)": 0.06578964510880023,
        "ICI": 0.05052587173382372,
        "RMSE(bins)Ratings": {
            "1": 0.18677220480797332,
            "2": 0.09337237514535604,
            "3": 0.04884208777863452,
            "4": 0.06485260433785049
        }
    },
    "user": 267,
    "size": 16925,
    "weights": [
        1.6415,
        3.6962,
        4.8501,
        48.1729,
        5.1043,
        1.1303,
        0.823,
        0.0465,
        1.629,
        0.135,
        1.0045,
        2.132,
        0.0839,
        0.3204,
        1.3547,
        0.219,
        2.7849
    ]
}