{
    "metrics": {
        "RMSE": 0.24744353254062693,
        "LogLoss": 0.24084423391540372,
        "RMSE(bins)": 0.06957449740850769,
        "ICI": 0.05447881584522953
    },
    "user": 2682,
    "size": 59430,
    "weights": [
        0.1769,
        0.3136,
        0.7404,
        10.9355,
        5.1443,
        1.2006,
        0.8627,
        0.0362,
        1.629,
        0.1342,
        1.0166,
        2.1174,
        0.0839,
        0.3204,
        1.4676,
        0.219,
        2.8237
    ]
}