{
    "metrics": {
        "RMSE": 0.25130635016656167,
        "LogLoss": 0.23798179225928787,
        "RMSE(bins)": 0.058462750146874375,
        "ICI": 0.020528546551096573,
        "RMSE(bins)Ratings": {
            "1": 0.3218930009724048,
            "2": 0.05259781351477016,
            "3": 0.07099182869191872,
            "4": 0.04472333014129292
        }
    },
    "user": 2732,
    "size": 7390,
    "weights": [
        0.7479,
        1.8611,
        7.3055,
        35.8344,
        5.1043,
        1.1303,
        0.823,
        0.0465,
        1.629,
        0.135,
        1.0045,
        2.132,
        0.0839,
        0.3204,
        1.3547,
        0.219,
        2.7849
    ]
}