{
    "metrics": {
        "RMSE": 0.4470096630870056,
        "LogLoss": 0.5887368833251336,
        "RMSE(bins)": 0.17938437465760332,
        "ICI": 0.1392278515373897
    },
    "user": 2759,
    "size": 111465,
    "weights": [
        0.0297,
        1.0032,
        1.4956,
        2.2154,
        5.1443,
        1.2006,
        0.8627,
        0.0362,
        1.629,
        0.1342,
        1.0166,
        2.1174,
        0.0839,
        0.3204,
        1.4676,
        0.219,
        2.8237
    ]
}