{
    "metrics": {
        "RMSE": 0.331729221510974,
        "LogLoss": 0.39485078524000533,
        "RMSE(bins)": 0.05343572159169718,
        "ICI": 0.04772386576839065,
        "RMSE(bins)Ratings": {
            "1": 0.07579366023028723,
            "2": 0.08337756846780241,
            "3": 0.03710078527344592,
            "4": 0.09286287265373211
        }
    },
    "user": 2806,
    "size": 22010,
    "weights": [
        0.6801,
        2.2605,
        3.437,
        14.5549,
        5.1043,
        1.1303,
        0.823,
        0.0465,
        1.629,
        0.135,
        1.0045,
        2.132,
        0.0839,
        0.3204,
        1.3547,
        0.219,
        2.7849
    ]
}