{
    "metrics": {
        "RMSE": 0.39917435029139264,
        "LogLoss": 0.508175414929167,
        "RMSE(bins)": 0.07543979010776514,
        "ICI": 0.06593894140883115
    },
    "user": 2858,
    "size": 12440,
    "weights": [
        0.4966,
        0.6164,
        7.2433,
        10.9355,
        5.1443,
        1.2006,
        0.8627,
        0.0362,
        1.629,
        0.1342,
        1.0166,
        2.1174,
        0.0839,
        0.3204,
        1.4676,
        0.219,
        2.8237
    ]
}