{
    "metrics": {
        "RMSE": 0.2950722603293623,
        "LogLoss": 0.3487753056612608,
        "RMSE(bins)": 0.17220873943336573,
        "ICI": 0.05153421123137022
    },
    "user": 2926,
    "size": 6120,
    "weights": [
        0.2001,
        23.4621,
        23.4621,
        23.4621,
        5.1443,
        1.2006,
        0.8627,
        0.0362,
        1.629,
        0.1342,
        1.0166,
        2.1174,
        0.0839,
        0.3204,
        1.4676,
        0.219,
        2.8237
    ]
}