{
    "metrics": {
        "RMSE": 0.18878525136648425,
        "LogLoss": 0.16222720085588122,
        "RMSE(bins)": 0.0936986903182336,
        "ICI": 0.05358075094446838
    },
    "user": 2939,
    "size": 8355,
    "weights": [
        0.2314,
        3.3342,
        4.1386,
        4.78,
        5.1443,
        1.2006,
        0.8627,
        0.0362,
        1.629,
        0.1342,
        1.0166,
        2.1174,
        0.0839,
        0.3204,
        1.4676,
        0.219,
        2.8237
    ]
}