{
    "metrics": {
        "RMSE": 0.43124279134616156,
        "LogLoss": 0.5750376965388257,
        "RMSE(bins)": 0.12259689632527418,
        "ICI": 0.06771502094692192
    },
    "user": 3013,
    "size": 14455,
    "weights": [
        0.2151,
        0.4021,
        1.4778,
        17.4201,
        5.1443,
        1.2006,
        0.8627,
        0.0362,
        1.629,
        0.1342,
        1.0166,
        2.1174,
        0.0839,
        0.3204,
        1.4676,
        0.219,
        2.8237
    ]
}