{
    "metrics": {
        "RMSE": 0.37349779241867487,
        "LogLoss": 0.4520931891644366,
        "RMSE(bins)": 0.11143627952183581,
        "ICI": 0.043634682856784096
    },
    "user": 318,
    "size": 9830,
    "weights": [
        0.3015,
        0.9834,
        5.7929,
        22.3447,
        5.1443,
        1.2006,
        0.8627,
        0.0362,
        1.629,
        0.1342,
        1.0166,
        2.1174,
        0.0839,
        0.3204,
        1.4676,
        0.219,
        2.8237
    ]
}