{
    "metrics": {
        "RMSE": 0.29976957728963155,
        "LogLoss": 0.32414865940001003,
        "RMSE(bins)": 0.04883886058611946,
        "ICI": 0.03168418122676887
    },
    "user": 3213,
    "size": 46700,
    "weights": [
        0.3766,
        1.9643,
        1.9643,
        5.9978,
        5.1443,
        1.2006,
        0.8627,
        0.0362,
        1.629,
        0.1342,
        1.0166,
        2.1174,
        0.0839,
        0.3204,
        1.4676,
        0.219,
        2.8237
    ]
}