{
    "metrics": {
        "RMSE": 0.39749234333852734,
        "LogLoss": 0.5054054894649076,
        "RMSE(bins)": 0.12654860548350394,
        "ICI": 0.06763759429071804
    },
    "user": 3301,
    "size": 1455,
    "weights": [
        3.5081,
        5.9863,
        13.344,
        24.5698,
        5.1443,
        1.2006,
        0.8627,
        0.0362,
        1.629,
        0.1342,
        1.0166,
        2.1174,
        0.0839,
        0.3204,
        1.4676,
        0.219,
        2.8237
    ]
}