{
    "metrics": {
        "RMSE": 0.2711087967417304,
        "LogLoss": 0.26596628380434156,
        "RMSE(bins)": 0.09735701232516283,
        "ICI": 0.036984483865823314
    },
    "user": 357,
    "size": 3685,
    "weights": [
        0.2249,
        0.5545,
        2.1463,
        13.4721,
        5.1443,
        1.2006,
        0.8627,
        0.0362,
        1.629,
        0.1342,
        1.0166,
        2.1174,
        0.0839,
        0.3204,
        1.4676,
        0.219,
        2.8237
    ]
}