{
    "metrics": {
        "RMSE": 0.30211677633195977,
        "LogLoss": 0.31650928283556984,
        "RMSE(bins)": 0.04664081798362397,
        "ICI": 0.028482943141112296
    },
    "user": 3759,
    "size": 165465,
    "weights": [
        0.2668,
        0.6584,
        1.3898,
        2.7808,
        5.1443,
        1.2006,
        0.8627,
        0.0362,
        1.629,
        0.1342,
        1.0166,
        2.1174,
        0.0839,
        0.3204,
        1.4676,
        0.219,
        2.8237
    ]
}