{
    "FSRS-4.5-pretrain": {
        "RMSE": 0.49555485129090626,
        "LogLoss": 0.7112831169060821,
        "RMSE(bins)": 0.1388538305750872,
        "ICI": 0.11821458807714731,
        "RMSE(bins)Ratings": {
            "1": 0.20741551408009515,
            "2": 0.24857595748586422,
            "3": 0.13927558634854612,
            "4": 0.27900452025130695
        }
    },
    "user": 3774,
    "size": 5410,
    "weights": [
        0.2701,
        0.2701,
        1.6508,
        7.7363,
        5.1043,
        1.1303,
        0.823,
        0.0465,
        1.629,
        0.135,
        1.0045,
        2.132,
        0.0839,
        0.3204,
        1.3547,
        0.219,
        2.7849
    ]
}