{
    "metrics": {
        "RMSE": 0.30791401357753095,
        "LogLoss": 0.3200356380061079,
        "RMSE(bins)": 0.022628099244920923,
        "ICI": 0.010562116069464217,
        "RMSE(bins)Ratings": {
            "1": 0.06743423783330126,
            "2": 0.12543769305900676,
            "3": 0.03819309240978378,
            "4": 0.05504888210885468
        }
    },
    "user": 3849,
    "size": 5360,
    "weights": [
        0.525,
        1.6481,
        9.1665,
        9.1665,
        5.1043,
        1.1303,
        0.823,
        0.0465,
        1.629,
        0.135,
        1.0045,
        2.132,
        0.0839,
        0.3204,
        1.3547,
        0.219,
        2.7849
    ]
}