{
    "metrics": {
        "RMSE": 0.3600608403270957,
        "LogLoss": 0.4307001798451559,
        "RMSE(bins)": 0.05624713614918215,
        "ICI": 0.05121452609749121,
        "RMSE(bins)Ratings": {
            "1": 0.0646016375901293,
            "2": 0.11791590722649213,
            "3": 0.05493009143125511,
            "4": 0.2338351009417495
        }
    },
    "user": 388,
    "size": 179680,
    "weights": [
        0.2179,
        0.4647,
        2.2055,
        6.3938,
        5.1043,
        1.1303,
        0.823,
        0.0465,
        1.629,
        0.135,
        1.0045,
        2.132,
        0.0839,
        0.3204,
        1.3547,
        0.219,
        2.7849
    ]
}