{
    "metrics": {
        "RMSE": 0.42174442915407573,
        "LogLoss": 0.5450103718225832,
        "RMSE(bins)": 0.10902740612791895,
        "ICI": 0.06247438744916116
    },
    "user": 3940,
    "size": 98020,
    "weights": [
        0.3714,
        1.4436,
        4.9494,
        10.9355,
        5.1443,
        1.2006,
        0.8627,
        0.0362,
        1.629,
        0.1342,
        1.0166,
        2.1174,
        0.0839,
        0.3204,
        1.4676,
        0.219,
        2.8237
    ]
}