{
    "metrics": {
        "RMSE": 0.2998875612595056,
        "LogLoss": 0.3044527720170902,
        "RMSE(bins)": 0.05394143589206128,
        "ICI": 0.01445698283966771
    },
    "user": 3991,
    "size": 27095,
    "weights": [
        0.2289,
        3.1382,
        3.4262,
        20.7694,
        5.1443,
        1.2006,
        0.8627,
        0.0362,
        1.629,
        0.1342,
        1.0166,
        2.1174,
        0.0839,
        0.3204,
        1.4676,
        0.219,
        2.8237
    ]
}