{
    "metrics": {
        "RMSE": 0.1572657221320239,
        "LogLoss": 0.09230294621565044,
        "RMSE(bins)": 0.12884219427989416,
        "ICI": 0.04482688079083618
    },
    "user": 4246,
    "size": 4635,
    "weights": [
        7.426,
        15.1137,
        43.8828,
        43.8828,
        5.1443,
        1.2006,
        0.8627,
        0.0362,
        1.629,
        0.1342,
        1.0166,
        2.1174,
        0.0839,
        0.3204,
        1.4676,
        0.219,
        2.8237
    ]
}