{
    "metrics": {
        "RMSE": 0.287196247708403,
        "LogLoss": 0.29432116996859975,
        "RMSE(bins)": 0.04731863570467576,
        "ICI": 0.03369180313983442
    },
    "user": 4290,
    "size": 23415,
    "weights": [
        1.6262,
        1.7877,
        2.0603,
        10.8778,
        5.1443,
        1.2006,
        0.8627,
        0.0362,
        1.629,
        0.1342,
        1.0166,
        2.1174,
        0.0839,
        0.3204,
        1.4676,
        0.219,
        2.8237
    ]
}