{
    "FSRS-4.5-pretrain": {
        "RMSE": 0.24254751751152895,
        "LogLoss": 0.21273887095838825,
        "RMSE(bins)": 0.06272340921688745,
        "ICI": 0.026278536669730904,
        "RMSE(bins)Ratings": {
            "1": 0.12004874108346884,
            "2": 0.23085497872274088,
            "3": 0.07217590154422458,
            "4": 0.25784158905766097
        }
    },
    "user": 4293,
    "size": 2955,
    "weights": [
        0.5936,
        1.9535,
        11.6621,
        21.0088,
        5.1043,
        1.1303,
        0.823,
        0.0465,
        1.629,
        0.135,
        1.0045,
        2.132,
        0.0839,
        0.3204,
        1.3547,
        0.219,
        2.7849
    ]
}