{
    "metrics": {
        "RMSE": 0.2897037013649761,
        "LogLoss": 0.29890856071800226,
        "RMSE(bins)": 0.019838478615635945,
        "ICI": 0.009470539955591136,
        "RMSE(bins)Ratings": {
            "1": 0.0375862551798374,
            "2": 0.10188927465530112,
            "3": 0.02039801927571082,
            "4": 0.133013005385768
        }
    },
    "user": 4415,
    "size": 225055,
    "weights": [
        0.5711,
        2.8671,
        3.5878,
        54.5595,
        5.1043,
        1.1303,
        0.823,
        0.0465,
        1.629,
        0.135,
        1.0045,
        2.132,
        0.0839,
        0.3204,
        1.3547,
        0.219,
        2.7849
    ]
}