{
    "metrics": {
        "RMSE": 0.22893017214167538,
        "LogLoss": 0.2108258362451463,
        "RMSE(bins)": 0.03554592833682944,
        "ICI": 0.02051297850633037,
        "RMSE(bins)Ratings": {
            "1": 0.09152757543042882,
            "2": 0.041661213811605646,
            "3": 0.040259027337672074,
            "4": 0.048999891006390364
        }
    },
    "user": 4459,
    "size": 6440,
    "weights": [
        7.1458,
        7.373,
        7.7274,
        7.9731,
        5.1043,
        1.1303,
        0.823,
        0.0465,
        1.629,
        0.135,
        1.0045,
        2.132,
        0.0839,
        0.3204,
        1.3547,
        0.219,
        2.7849
    ]
}