{
    "FSRS-4.5-pretrain": {
        "RMSE": 0.40196925091740787,
        "LogLoss": 0.5130372091662616,
        "RMSE(bins)": 0.06994929527782713,
        "ICI": 0.06135215829982345,
        "RMSE(bins)Ratings": {
            "1": 0.06870201811353085,
            "2": 0.11447396587688162,
            "3": 0.07566496540513461,
            "4": 0.08565279233259021
        }
    },
    "user": 4496,
    "size": 67875,
    "weights": [
        0.2095,
        0.3574,
        1.3119,
        2.7352,
        5.1043,
        1.1303,
        0.823,
        0.0465,
        1.629,
        0.135,
        1.0045,
        2.132,
        0.0839,
        0.3204,
        1.3547,
        0.219,
        2.7849
    ]
}