{
    "FSRS-4.5-pretrain": {
        "RMSE": 0.44790422514075173,
        "LogLoss": 0.5907596829594034,
        "RMSE(bins)": 0.0777844096149656,
        "ICI": 0.06718912282703608,
        "RMSE(bins)Ratings": {
            "1": 0.07739280300249853,
            "2": 0.1596437966403879,
            "3": 0.11280426786850346,
            "4": 0.30056118339450444
        }
    },
    "user": 4605,
    "size": 81175,
    "weights": [
        0.16,
        2.4637,
        9.7236,
        24.2838,
        5.1043,
        1.1303,
        0.823,
        0.0465,
        1.629,
        0.135,
        1.0045,
        2.132,
        0.0839,
        0.3204,
        1.3547,
        0.219,
        2.7849
    ]
}