{
    "metrics": {
        "RMSE": 0.3910319358292743,
        "LogLoss": 0.47431669774711704,
        "RMSE(bins)": 0.11787392297034426,
        "ICI": 0.0326238323092286
    },
    "user": 4626,
    "size": 1490,
    "weights": [
        0.3276,
        1.0691,
        1.0691,
        1.0691,
        5.1443,
        1.2006,
        0.8627,
        0.0362,
        1.629,
        0.1342,
        1.0166,
        2.1174,
        0.0839,
        0.3204,
        1.4676,
        0.219,
        2.8237
    ]
}