{
    "metrics": {
        "RMSE": 0.3343308272842091,
        "LogLoss": 0.3884022295180056,
        "RMSE(bins)": 0.0531817553201911,
        "ICI": 0.03337153766728763
    },
    "user": 4775,
    "size": 34125,
    "weights": [
        0.466,
        1.131,
        1.5783,
        10.9355,
        5.1443,
        1.2006,
        0.8627,
        0.0362,
        1.629,
        0.1342,
        1.0166,
        2.1174,
        0.0839,
        0.3204,
        1.4676,
        0.219,
        2.8237
    ]
}