{
    "metrics": {
        "RMSE": 0.3654533226826906,
        "LogLoss": 0.45173302102432583,
        "RMSE(bins)": 0.10614781901942993,
        "ICI": 0.06484424921558254
    },
    "user": 4878,
    "size": 13640,
    "weights": [
        0.5054,
        1.6287,
        4.901,
        14.3392,
        5.1443,
        1.2006,
        0.8627,
        0.0362,
        1.629,
        0.1342,
        1.0166,
        2.1174,
        0.0839,
        0.3204,
        1.4676,
        0.219,
        2.8237
    ]
}