{
    "FSRS-4.5-pretrain": {
        "RMSE": 0.40712040304938085,
        "LogLoss": 0.5303171402058174,
        "RMSE(bins)": 0.15177108549284174,
        "ICI": 0.09146027521822851,
        "RMSE(bins)Ratings": {
            "1": 0.18284033962707935,
            "2": 0.17007044701575677,
            "3": 0.08944893434447625,
            "4": 0.3295493608143891
        }
    },
    "user": 4890,
    "size": 3300,
    "weights": [
        0.743,
        1.4123,
        5.8098,
        5.8098,
        5.1043,
        1.1303,
        0.823,
        0.0465,
        1.629,
        0.135,
        1.0045,
        2.132,
        0.0839,
        0.3204,
        1.3547,
        0.219,
        2.7849
    ]
}