{
    "metrics": {
        "RMSE": 0.2555253665180382,
        "LogLoss": 0.241986701362275,
        "RMSE(bins)": 0.12253819172275231,
        "ICI": 0.039938599383664744
    },
    "user": 4910,
    "size": 10010,
    "weights": [
        0.4974,
        11.3933,
        11.3933,
        20.2624,
        5.1443,
        1.2006,
        0.8627,
        0.0362,
        1.629,
        0.1342,
        1.0166,
        2.1174,
        0.0839,
        0.3204,
        1.4676,
        0.219,
        2.8237
    ]
}