{
    "metrics": {
        "RMSE": 0.3813266481856393,
        "LogLoss": 0.5877881064268571,
        "RMSE(bins)": 0.33760488005917083,
        "ICI": 0.107255213204542
    },
    "user": 5110,
    "size": 7610,
    "weights": [
        0.01,
        0.3635,
        79.6482,
        79.6482,
        5.1443,
        1.2006,
        0.8627,
        0.0362,
        1.629,
        0.1342,
        1.0166,
        2.1174,
        0.0839,
        0.3204,
        1.4676,
        0.219,
        2.8237
    ]
}