{
    "metrics": {
        "RMSE": 0.3849494151844276,
        "LogLoss": 0.4555603660752242,
        "RMSE(bins)": 0.067828086927051,
        "ICI": 0.02421440048963204
    },
    "user": 5130,
    "size": 15165,
    "weights": [
        0.1954,
        0.6919,
        1.8147,
        10.9355,
        5.1443,
        1.2006,
        0.8627,
        0.0362,
        1.629,
        0.1342,
        1.0166,
        2.1174,
        0.0839,
        0.3204,
        1.4676,
        0.219,
        2.8237
    ]
}