{
    "metrics": {
        "RMSE": 0.11034043841737075,
        "LogLoss": 0.07583829568999464,
        "RMSE(bins)": 0.04991354945781798,
        "ICI": 0.031951231797058804
    },
    "user": 5228,
    "size": 15265,
    "weights": [
        1.1821,
        1.1821,
        15.9194,
        15.9194,
        5.1443,
        1.2006,
        0.8627,
        0.0362,
        1.629,
        0.1342,
        1.0166,
        2.1174,
        0.0839,
        0.3204,
        1.4676,
        0.219,
        2.8237
    ]
}