{
    "metrics": {
        "RMSE": 0.2965431733696765,
        "LogLoss": 0.3090111051841497,
        "RMSE(bins)": 0.054033877002707606,
        "ICI": 0.013869111688839671
    },
    "user": 527,
    "size": 16945,
    "weights": [
        0.6996,
        4.2517,
        4.2517,
        18.2994,
        5.1443,
        1.2006,
        0.8627,
        0.0362,
        1.629,
        0.1342,
        1.0166,
        2.1174,
        0.0839,
        0.3204,
        1.4676,
        0.219,
        2.8237
    ]
}