{
    "metrics": {
        "RMSE": 0.3339262751186769,
        "LogLoss": 0.37157191991456573,
        "RMSE(bins)": 0.07676398688786704,
        "ICI": 0.02951730334468672
    },
    "user": 5423,
    "size": 2110,
    "weights": [
        0.3377,
        0.9201,
        4.1386,
        11.2773,
        5.1443,
        1.2006,
        0.8627,
        0.0362,
        1.629,
        0.1342,
        1.0166,
        2.1174,
        0.0839,
        0.3204,
        1.4676,
        0.219,
        2.8237
    ]
}