{
    "FSRS-4.5-pretrain": {
        "RMSE": 0.32324971153988236,
        "LogLoss": 0.35785905447084776,
        "RMSE(bins)": 0.04174478575065457,
        "ICI": 0.0313542788628842,
        "RMSE(bins)Ratings": {
            "1": 0.0786662571602828,
            "2": 0.12221920017287517,
            "3": 0.02858881378969377,
            "4": 0.05910994508177542
        }
    },
    "user": 557,
    "size": 9990,
    "weights": [
        0.8013,
        1.8598,
        8.1456,
        10.5069,
        5.1043,
        1.1303,
        0.823,
        0.0465,
        1.629,
        0.135,
        1.0045,
        2.132,
        0.0839,
        0.3204,
        1.3547,
        0.219,
        2.7849
    ]
}