{
    "FSRS-4.5-pretrain": {
        "RMSE": 0.3907721841100034,
        "LogLoss": 0.48490901857555047,
        "RMSE(bins)": 0.07810117952268965,
        "ICI": 0.059868850131058235,
        "RMSE(bins)Ratings": {
            "1": 0.11726197464425395,
            "2": 0.12434638799749594,
            "3": 0.03972161083477235,
            "4": 0.1078397626476324
        }
    },
    "user": 5827,
    "size": 66875,
    "weights": [
        0.2841,
        1.5497,
        1.9747,
        10.6081,
        5.1043,
        1.1303,
        0.823,
        0.0465,
        1.629,
        0.135,
        1.0045,
        2.132,
        0.0839,
        0.3204,
        1.3547,
        0.219,
        2.7849
    ]
}