{
    "metrics": {
        "RMSE": 0.42735765203462084,
        "LogLoss": 0.5611063892852387,
        "RMSE(bins)": 0.07592896718187805,
        "ICI": 0.061165759706213824,
        "RMSE(bins)Ratings": {
            "1": 0.1061819624597836,
            "2": 0.15803078620756375,
            "3": 0.09547763378902718,
            "4": 0.11896282114251451
        }
    },
    "user": 5854,
    "size": 5815,
    "weights": [
        0.1232,
        0.425,
        2.7249,
        2.7249,
        5.1043,
        1.1303,
        0.823,
        0.0465,
        1.629,
        0.135,
        1.0045,
        2.132,
        0.0839,
        0.3204,
        1.3547,
        0.219,
        2.7849
    ]
}