{
    "metrics": {
        "RMSE": 0.06399272308396377,
        "LogLoss": 0.0592455067720112,
        "RMSE(bins)": 0.06156811935900992,
        "ICI": 0.05679524456084552
    },
    "user": 5905,
    "size": 46670,
    "weights": [
        2.6757,
        5.4775,
        16.043,
        24.7574,
        5.1443,
        1.2006,
        0.8627,
        0.0362,
        1.629,
        0.1342,
        1.0166,
        2.1174,
        0.0839,
        0.3204,
        1.4676,
        0.219,
        2.8237
    ]
}