{
    "FSRS-4.5-pretrain": {
        "RMSE": 0.2908305303216982,
        "LogLoss": 0.29523196087592496,
        "RMSE(bins)": 0.03603202362392462,
        "ICI": 0.012209816042972423,
        "RMSE(bins)Ratings": {
            "1": 0.07345039748400196,
            "2": 0.10265098422531725,
            "3": 0.028806328754171412
        }
    },
    "user": 5987,
    "size": 7620,
    "weights": [
        0.4143,
        0.7135,
        3.2518,
        7.9731,
        5.1043,
        1.1303,
        0.823,
        0.0465,
        1.629,
        0.135,
        1.0045,
        2.132,
        0.0839,
        0.3204,
        1.3547,
        0.219,
        2.7849
    ]
}