{
    "metrics": {
        "RMSE": 0.3511756481818717,
        "LogLoss": 0.4208938712660104,
        "RMSE(bins)": 0.07758877060310401,
        "ICI": 0.05614653918325358
    },
    "user": 6001,
    "size": 77180,
    "weights": [
        0.4084,
        0.9583,
        1.0617,
        2.6715,
        5.1443,
        1.2006,
        0.8627,
        0.0362,
        1.629,
        0.1342,
        1.0166,
        2.1174,
        0.0839,
        0.3204,
        1.4676,
        0.219,
        2.8237
    ]
}