{
    "metrics": {
        "RMSE": 0.3387317300022774,
        "LogLoss": 0.38332589669497286,
        "RMSE(bins)": 0.04644257477526718,
        "ICI": 0.026985278725641052
    },
    "user": 6181,
    "size": 23425,
    "weights": [
        0.4394,
        1.4436,
        2.9559,
        13.0669,
        5.1443,
        1.2006,
        0.8627,
        0.0362,
        1.629,
        0.1342,
        1.0166,
        2.1174,
        0.0839,
        0.3204,
        1.4676,
        0.219,
        2.8237
    ]
}