{
    "metrics": {
        "RMSE": 0.23161196479474946,
        "LogLoss": 0.19113347406307196,
        "RMSE(bins)": 0.17870996707525566,
        "ICI": 0.08550349134575444,
        "RMSE(bins)Ratings": {
            "1": 0.31590509064276445,
            "2": 0.15839944937312853,
            "3": 0.15597675711655898,
            "4": 0.10847688686109583
        }
    },
    "user": 6286,
    "size": 30990,
    "weights": [
        0.2513,
        1.9953,
        44.6381,
        100,
        5.1043,
        1.1303,
        0.823,
        0.0465,
        1.629,
        0.135,
        1.0045,
        2.132,
        0.0839,
        0.3204,
        1.3547,
        0.219,
        2.7849
    ]
}