{
    "metrics": {
        "RMSE": 0.27491512277332303,
        "LogLoss": 0.2838357375559763,
        "RMSE(bins)": 0.06284062149700925,
        "ICI": 0.023375202441804473
    },
    "user": 6332,
    "size": 122950,
    "weights": [
        0.9837,
        6.2052,
        17.6426,
        35.4079,
        5.1443,
        1.2006,
        0.8627,
        0.0362,
        1.629,
        0.1342,
        1.0166,
        2.1174,
        0.0839,
        0.3204,
        1.4676,
        0.219,
        2.8237
    ]
}