{
    "metrics": {
        "RMSE": 0.472691988772701,
        "LogLoss": 0.6628712250579506,
        "RMSE(bins)": 0.14491417328104264,
        "ICI": 0.11031976315174746
    },
    "user": 6375,
    "size": 43195,
    "weights": [
        0.0791,
        0.443,
        0.6451,
        3.1135,
        5.1443,
        1.2006,
        0.8627,
        0.0362,
        1.629,
        0.1342,
        1.0166,
        2.1174,
        0.0839,
        0.3204,
        1.4676,
        0.219,
        2.8237
    ]
}