{
    "FSRS-4.5-pretrain": {
        "RMSE": 0.47698744903268314,
        "LogLoss": 0.6812843597306454,
        "RMSE(bins)": 0.21249840096674827,
        "ICI": 0.1466469269996271,
        "RMSE(bins)Ratings": {
            "1": 0.30343043434998723,
            "2": 0.20594846719660648,
            "3": 0.15508754593583227,
            "4": 0.16808478122640413
        }
    },
    "user": 6377,
    "size": 1490,
    "weights": [
        0.6582,
        3.5878,
        3.5878,
        7.9731,
        5.1043,
        1.1303,
        0.823,
        0.0465,
        1.629,
        0.135,
        1.0045,
        2.132,
        0.0839,
        0.3204,
        1.3547,
        0.219,
        2.7849
    ]
}