{
    "metrics": {
        "RMSE": 0.19336144273670747,
        "LogLoss": 0.15295420785008798,
        "RMSE(bins)": 0.05963410025809666,
        "ICI": 0.04665405584938718
    },
    "user": 6388,
    "size": 16425,
    "weights": [
        0.1991,
        1.9973,
        2.1467,
        10.9355,
        5.1443,
        1.2006,
        0.8627,
        0.0362,
        1.629,
        0.1342,
        1.0166,
        2.1174,
        0.0839,
        0.3204,
        1.4676,
        0.219,
        2.8237
    ]
}