{
    "metrics": {
        "RMSE": 0.04098196421336834,
        "LogLoss": 0.029329871804435817,
        "RMSE(bins)": 0.03579721452367812,
        "ICI": 0.027130462328939304
    },
    "user": 6532,
    "size": 3540,
    "weights": [
        13.6069,
        18.8412,
        30.6997,
        41.3644,
        5.1443,
        1.2006,
        0.8627,
        0.0362,
        1.629,
        0.1342,
        1.0166,
        2.1174,
        0.0839,
        0.3204,
        1.4676,
        0.219,
        2.8237
    ]
}