{
    "FSRS-4.5-pretrain": {
        "RMSE": 0.26842858084877685,
        "LogLoss": 0.26321469808309583,
        "RMSE(bins)": 0.06439603497965013,
        "ICI": 0.03500669136314003,
        "RMSE(bins)Ratings": {
            "1": 0.2111702484763341,
            "2": 0.10808787397662639,
            "3": 0.052474077410680914,
            "4": 0.15144475406090285
        }
    },
    "user": 6563,
    "size": 4135,
    "weights": [
        0.275,
        1.2546,
        55.8823,
        55.8823,
        5.1043,
        1.1303,
        0.823,
        0.0465,
        1.629,
        0.135,
        1.0045,
        2.132,
        0.0839,
        0.3204,
        1.3547,
        0.219,
        2.7849
    ]
}