{
    "FSRS-4.5-pretrain": {
        "RMSE": 0.3690391930249377,
        "LogLoss": 0.4429946223185104,
        "RMSE(bins)": 0.053485724048239716,
        "ICI": 0.048196214211512906,
        "RMSE(bins)Ratings": {
            "1": 0.11327594703962571,
            "2": 0.09965475795469443,
            "3": 0.04006927310443343,
            "4": 0.12213016738488756
        }
    },
    "user": 6618,
    "size": 28225,
    "weights": [
        0.6659,
        2.213,
        3.5878,
        7.9731,
        5.1043,
        1.1303,
        0.823,
        0.0465,
        1.629,
        0.135,
        1.0045,
        2.132,
        0.0839,
        0.3204,
        1.3547,
        0.219,
        2.7849
    ]
}