{
    "metrics": {
        "RMSE": 0.18974186602631918,
        "LogLoss": 0.16231492921788748,
        "RMSE(bins)": 0.057897972156850094,
        "ICI": 0.037731447207572336
    },
    "user": 668,
    "size": 2975,
    "weights": [
        0.445,
        1.0065,
        3.4228,
        7.7405,
        5.1443,
        1.2006,
        0.8627,
        0.0362,
        1.629,
        0.1342,
        1.0166,
        2.1174,
        0.0839,
        0.3204,
        1.4676,
        0.219,
        2.8237
    ]
}