{
    "metrics": {
        "RMSE": 0.25742436325046364,
        "LogLoss": 0.2469621463329112,
        "RMSE(bins)": 0.06452357698874361,
        "ICI": 0.027324025098456578
    },
    "user": 6719,
    "size": 19500,
    "weights": [
        0.929,
        2.638,
        12.6232,
        19.8602,
        5.1443,
        1.2006,
        0.8627,
        0.0362,
        1.629,
        0.1342,
        1.0166,
        2.1174,
        0.0839,
        0.3204,
        1.4676,
        0.219,
        2.8237
    ]
}