{
    "metrics": {
        "RMSE": 0.5302632141349692,
        "LogLoss": 0.8086648473294108,
        "RMSE(bins)": 0.24978776681673434,
        "ICI": 0.2052184682825911
    },
    "user": 683,
    "size": 6240,
    "weights": [
        0.0931,
        0.1118,
        0.3809,
        1.1574,
        5.1443,
        1.2006,
        0.8627,
        0.0362,
        1.629,
        0.1342,
        1.0166,
        2.1174,
        0.0839,
        0.3204,
        1.4676,
        0.219,
        2.8237
    ]
}