{
    "metrics": {
        "RMSE": 0.3337815576709646,
        "LogLoss": 0.38187437820691855,
        "RMSE(bins)": 0.06084639858394567,
        "ICI": 0.04129559321076511
    },
    "user": 6858,
    "size": 4810,
    "weights": [
        0.6802,
        0.9236,
        1.0926,
        10.9355,
        5.1443,
        1.2006,
        0.8627,
        0.0362,
        1.629,
        0.1342,
        1.0166,
        2.1174,
        0.0839,
        0.3204,
        1.4676,
        0.219,
        2.8237
    ]
}