{
    "metrics": {
        "RMSE": 0.46216137579964156,
        "LogLoss": 0.6204859267127325,
        "RMSE(bins)": 0.15066694239926684,
        "ICI": 0.09938209712874602
    },
    "user": 6860,
    "size": 5455,
    "weights": [
        0.1638,
        0.7204,
        6.6412,
        29.1997,
        5.1443,
        1.2006,
        0.8627,
        0.0362,
        1.629,
        0.1342,
        1.0166,
        2.1174,
        0.0839,
        0.3204,
        1.4676,
        0.219,
        2.8237
    ]
}