{
    "metrics": {
        "RMSE": 0.3097405028153246,
        "LogLoss": 0.3402393826200077,
        "RMSE(bins)": 0.05465541296899238,
        "ICI": 0.03178868853188161
    },
    "user": 6865,
    "size": 4160,
    "weights": [
        1.5769,
        1.6521,
        7.095,
        18.7456,
        5.1443,
        1.2006,
        0.8627,
        0.0362,
        1.629,
        0.1342,
        1.0166,
        2.1174,
        0.0839,
        0.3204,
        1.4676,
        0.219,
        2.8237
    ]
}