{
    "metrics": {
        "RMSE": 0.2622683551857768,
        "LogLoss": 0.24697317236331318,
        "RMSE(bins)": 0.09528277515223407,
        "ICI": 0.032328831497733225
    },
    "user": 6893,
    "size": 7865,
    "weights": [
        0.9767,
        1.4436,
        8.4854,
        10.9355,
        5.1443,
        1.2006,
        0.8627,
        0.0362,
        1.629,
        0.1342,
        1.0166,
        2.1174,
        0.0839,
        0.3204,
        1.4676,
        0.219,
        2.8237
    ]
}