{
    "metrics": {
        "RMSE": 0.1582958682436793,
        "LogLoss": 0.13168055963405287,
        "RMSE(bins)": 0.06690796012130086,
        "ICI": 0.06019772670214332
    },
    "user": 6939,
    "size": 72795,
    "weights": [
        1.4724,
        1.4724,
        10.5257,
        12.1418,
        5.1443,
        1.2006,
        0.8627,
        0.0362,
        1.629,
        0.1342,
        1.0166,
        2.1174,
        0.0839,
        0.3204,
        1.4676,
        0.219,
        2.8237
    ]
}