{
    "metrics": {
        "RMSE": 0.377343048453336,
        "LogLoss": 0.49008860960617573,
        "RMSE(bins)": 0.12699300614250097,
        "ICI": 0.08729001550260267
    },
    "user": 6942,
    "size": 7495,
    "weights": [
        1.0924,
        1.662,
        5.3776,
        41.8418,
        5.1443,
        1.2006,
        0.8627,
        0.0362,
        1.629,
        0.1342,
        1.0166,
        2.1174,
        0.0839,
        0.3204,
        1.4676,
        0.219,
        2.8237
    ]
}