{
    "metrics": {
        "RMSE": 0.2647913024663026,
        "LogLoss": 0.25846284657969165,
        "RMSE(bins)": 0.0455896003670891,
        "ICI": 0.010157234386244359
    },
    "user": 7107,
    "size": 37980,
    "weights": [
        1.1355,
        5.245,
        52.0678,
        100,
        5.1443,
        1.2006,
        0.8627,
        0.0362,
        1.629,
        0.1342,
        1.0166,
        2.1174,
        0.0839,
        0.3204,
        1.4676,
        0.219,
        2.8237
    ]
}