{
    "metrics": {
        "RMSE": 0.30749921828387033,
        "LogLoss": 0.3349351911729439,
        "RMSE(bins)": 0.05968063345338728,
        "ICI": 0.04136746274489941,
        "RMSE(bins)Ratings": {
            "1": 0.11888892662500075,
            "2": 0.07107735582548096,
            "3": 0.04237137680568253,
            "4": 0.03704247036120585
        }
    },
    "user": 7275,
    "size": 18410,
    "weights": [
        0.0276,
        0.1531,
        0.4185,
        0.818,
        5.1043,
        1.1303,
        0.823,
        0.0465,
        1.629,
        0.135,
        1.0045,
        2.132,
        0.0839,
        0.3204,
        1.3547,
        0.219,
        2.7849
    ]
}