{
    "metrics": {
        "RMSE": 0.34695505142969335,
        "LogLoss": 0.42216412546799487,
        "RMSE(bins)": 0.10762169592878466,
        "ICI": 0.07717243825096118,
        "RMSE(bins)Ratings": {
            "1": 0.20482646482852013,
            "2": 0.14183750311498314,
            "3": 0.10574508235517933,
            "4": 0.127314694327032
        }
    },
    "user": 7406,
    "size": 3450,
    "weights": [
        1.0643,
        3.4068,
        3.4068,
        33.2024,
        5.1043,
        1.1303,
        0.823,
        0.0465,
        1.629,
        0.135,
        1.0045,
        2.132,
        0.0839,
        0.3204,
        1.3547,
        0.219,
        2.7849
    ]
}