{
    "metrics": {
        "RMSE": 0.30905816270355274,
        "LogLoss": 0.3324031794161532,
        "RMSE(bins)": 0.06894665553565366,
        "ICI": 0.015752549104211703
    },
    "user": 7457,
    "size": 7890,
    "weights": [
        0.7464,
        1.7748,
        6.5072,
        10.9355,
        5.1443,
        1.2006,
        0.8627,
        0.0362,
        1.629,
        0.1342,
        1.0166,
        2.1174,
        0.0839,
        0.3204,
        1.4676,
        0.219,
        2.8237
    ]
}