{
    "metrics": {
        "RMSE": 0.24701313823299328,
        "LogLoss": 0.234647570686615,
        "RMSE(bins)": 0.051801268437221805,
        "ICI": 0.02084902525682782
    },
    "user": 7685,
    "size": 119400,
    "weights": [
        1.1359,
        8.5357,
        9.089,
        68.0589,
        5.1443,
        1.2006,
        0.8627,
        0.0362,
        1.629,
        0.1342,
        1.0166,
        2.1174,
        0.0839,
        0.3204,
        1.4676,
        0.219,
        2.8237
    ]
}