{
    "metrics": {
        "RMSE": 0.3767915843657046,
        "LogLoss": 0.46933849029784797,
        "RMSE(bins)": 0.06950466911197291,
        "ICI": 0.055468598883223315
    },
    "user": 7717,
    "size": 31965,
    "weights": [
        2.5763,
        4.5839,
        8.7303,
        32.0374,
        5.1443,
        1.2006,
        0.8627,
        0.0362,
        1.629,
        0.1342,
        1.0166,
        2.1174,
        0.0839,
        0.3204,
        1.4676,
        0.219,
        2.8237
    ]
}