{
    "metrics": {
        "RMSE": 0.1477148500284028,
        "LogLoss": 0.10372236940166873,
        "RMSE(bins)": 0.024199450218224845,
        "ICI": 0.010316515653474988
    },
    "user": 7782,
    "size": 195150,
    "weights": [
        1.5393,
        5.6348,
        14.1161,
        23.9059,
        5.1443,
        1.2006,
        0.8627,
        0.0362,
        1.629,
        0.1342,
        1.0166,
        2.1174,
        0.0839,
        0.3204,
        1.4676,
        0.219,
        2.8237
    ]
}