{
    "metrics": {
        "RMSE": 0.3966655761481191,
        "LogLoss": 0.48965180001594677,
        "RMSE(bins)": 0.12480909479010269,
        "ICI": 0.07454351398586129
    },
    "user": 7823,
    "size": 74480,
    "weights": [
        0.1596,
        1.3217,
        2.1551,
        16.3171,
        5.1443,
        1.2006,
        0.8627,
        0.0362,
        1.629,
        0.1342,
        1.0166,
        2.1174,
        0.0839,
        0.3204,
        1.4676,
        0.219,
        2.8237
    ]
}