{
    "metrics": {
        "RMSE": 0.41891308386880016,
        "LogLoss": 0.6917014292669241,
        "RMSE(bins)": 0.24560512275410257,
        "ICI": 0.17708162007900383
    },
    "user": 790,
    "size": 102745,
    "weights": [
        0.4797,
        49.6143,
        100,
        100,
        5.1443,
        1.2006,
        0.8627,
        0.0362,
        1.629,
        0.1342,
        1.0166,
        2.1174,
        0.0839,
        0.3204,
        1.4676,
        0.219,
        2.8237
    ]
}