{
    "metrics": {
        "RMSE": 0.30892085057867863,
        "LogLoss": 0.34622549456582824,
        "RMSE(bins)": 0.10511021398811701,
        "ICI": 0.07657433176660101
    },
    "user": 7950,
    "size": 17755,
    "weights": [
        1.4372,
        7.1184,
        10.6009,
        74.1385,
        5.1443,
        1.2006,
        0.8627,
        0.0362,
        1.629,
        0.1342,
        1.0166,
        2.1174,
        0.0839,
        0.3204,
        1.4676,
        0.219,
        2.8237
    ]
}