{
    "metrics": {
        "RMSE": 0.4880454559671219,
        "LogLoss": 0.7264961406784104,
        "RMSE(bins)": 0.16209971293131129,
        "ICI": 0.14067877947311686,
        "RMSE(bins)Ratings": {
            "1": 0.22362404335357172,
            "2": 0.1888376995237873,
            "3": 0.16798775443851927,
            "4": 0.15344337071570285
        }
    },
    "user": 8145,
    "size": 6590,
    "weights": [
        0.2282,
        0.2282,
        0.6512,
        2.3504,
        5.1043,
        1.1303,
        0.823,
        0.0465,
        1.629,
        0.135,
        1.0045,
        2.132,
        0.0839,
        0.3204,
        1.3547,
        0.219,
        2.7849
    ]
}