{
    "metrics": {
        "RMSE": 0.32812062452354285,
        "LogLoss": 0.36223925280529884,
        "RMSE(bins)": 0.05962790982331123,
        "ICI": 0.02177458510404588
    },
    "user": 826,
    "size": 20810,
    "weights": [
        0.654,
        0.8265,
        5.2112,
        11.4951,
        5.1443,
        1.2006,
        0.8627,
        0.0362,
        1.629,
        0.1342,
        1.0166,
        2.1174,
        0.0839,
        0.3204,
        1.4676,
        0.219,
        2.8237
    ]
}