{
    "metrics": {
        "RMSE": 0.10086398790014998,
        "LogLoss": 0.08089654314411374,
        "RMSE(bins)": 0.06635516202507834,
        "ICI": 0.058522901500353934
    },
    "user": 8358,
    "size": 151595,
    "weights": [
        0.9121,
        2.1228,
        7.5373,
        23.6831,
        5.1443,
        1.2006,
        0.8627,
        0.0362,
        1.629,
        0.1342,
        1.0166,
        2.1174,
        0.0839,
        0.3204,
        1.4676,
        0.219,
        2.8237
    ]
}