{
    "metrics": {
        "RMSE": 0.19977879878080493,
        "LogLoss": 0.16874819756793885,
        "RMSE(bins)": 0.04899967080815086,
        "ICI": 0.02476302465285104
    },
    "user": 8415,
    "size": 89585,
    "weights": [
        0.9665,
        2.0395,
        6.2513,
        35.5803,
        5.1443,
        1.2006,
        0.8627,
        0.0362,
        1.629,
        0.1342,
        1.0166,
        2.1174,
        0.0839,
        0.3204,
        1.4676,
        0.219,
        2.8237
    ]
}