{
    "metrics": {
        "RMSE": 0.11349412923941879,
        "LogLoss": 0.07878598449742998,
        "RMSE(bins)": 0.10658983385101549,
        "ICI": 0.06418616955826191,
        "RMSE(bins)Ratings": {
            "1": 0.19903710901197913,
            "2": 0.1208562094214665,
            "3": 0.1227084489895963,
            "4": 0.08277513637093292
        }
    },
    "user": 8591,
    "size": 34935,
    "weights": [
        3.9585,
        6.5173,
        13.768,
        33.9996,
        5.1043,
        1.1303,
        0.823,
        0.0465,
        1.629,
        0.135,
        1.0045,
        2.132,
        0.0839,
        0.3204,
        1.3547,
        0.219,
        2.7849
    ]
}