{
    "metrics": {
        "RMSE": 0.28508380842829467,
        "LogLoss": 0.28231743766624506,
        "RMSE(bins)": 0.08478040997090242,
        "ICI": 0.036023304248461556
    },
    "user": 8622,
    "size": 6050,
    "weights": [
        0.5701,
        0.912,
        4.8872,
        10.9355,
        5.1443,
        1.2006,
        0.8627,
        0.0362,
        1.629,
        0.1342,
        1.0166,
        2.1174,
        0.0839,
        0.3204,
        1.4676,
        0.219,
        2.8237
    ]
}