{
    "metrics": {
        "RMSE": 0.405637544479409,
        "LogLoss": 0.5167683422696767,
        "RMSE(bins)": 0.21734764657183375,
        "ICI": 0.18607820161059765
    },
    "user": 8625,
    "size": 445,
    "weights": [
        0.3716,
        0.7139,
        1.9011,
        3.6524,
        5.1443,
        1.2006,
        0.8627,
        0.0362,
        1.629,
        0.1342,
        1.0166,
        2.1174,
        0.0839,
        0.3204,
        1.4676,
        0.219,
        2.8237
    ]
}