{
    "metrics": {
        "RMSE": 0.27841624829006,
        "LogLoss": 0.28538377688864813,
        "RMSE(bins)": 0.05187922104467511,
        "ICI": 0.026203871066777056
    },
    "user": 8899,
    "size": 5735,
    "weights": [
        0.5334,
        1.2976,
        4.9239,
        11.9788,
        5.1443,
        1.2006,
        0.8627,
        0.0362,
        1.629,
        0.1342,
        1.0166,
        2.1174,
        0.0839,
        0.3204,
        1.4676,
        0.219,
        2.8237
    ]
}