{
    "metrics": {
        "RMSE": 0.3302891265568849,
        "LogLoss": 0.370194144550242,
        "RMSE(bins)": 0.10083888074689458,
        "ICI": 0.03532826857901367
    },
    "user": 9044,
    "size": 43915,
    "weights": [
        0.6689,
        1.6699,
        5.8083,
        31.3835,
        5.1443,
        1.2006,
        0.8627,
        0.0362,
        1.629,
        0.1342,
        1.0166,
        2.1174,
        0.0839,
        0.3204,
        1.4676,
        0.219,
        2.8237
    ]
}