{
    "FSRS-4.5-pretrain": {
        "RMSE": 0.4463309801980401,
        "LogLoss": 0.6452081018771656,
        "RMSE(bins)": 0.15079534705517614,
        "ICI": 0.1391847783505261,
        "RMSE(bins)Ratings": {
            "1": 0.1500249297196309,
            "2": 0.17705329820908813,
            "3": 0.11028259383413601,
            "4": 0.1707624336279334
        }
    },
    "user": 9433,
    "size": 138065,
    "weights": [
        0.1446,
        0.4213,
        2.0965,
        3.988,
        5.1043,
        1.1303,
        0.823,
        0.0465,
        1.629,
        0.135,
        1.0045,
        2.132,
        0.0839,
        0.3204,
        1.3547,
        0.219,
        2.7849
    ]
}