{
    "metrics": {
        "RMSE": 0.5581721729137462,
        "LogLoss": 0.8607009867850326,
        "RMSE(bins)": 0.25936513942236744,
        "ICI": 0.2432895571678749,
        "RMSE(bins)Ratings": {
            "1": 0.3176934386068143,
            "2": 0.37399987254599804,
            "3": 0.22056449510469625,
            "4": 0.5883272226349234
        }
    },
    "user": 9505,
    "size": 33005,
    "weights": [
        0.0325,
        0.0667,
        0.1961,
        0.4026,
        5.1043,
        1.1303,
        0.823,
        0.0465,
        1.629,
        0.135,
        1.0045,
        2.132,
        0.0839,
        0.3204,
        1.3547,
        0.219,
        2.7849
    ]
}