{
    "metrics": {
        "RMSE": 0.3570390832325497,
        "LogLoss": 0.4100661339410145,
        "RMSE(bins)": 0.045574287960146696,
        "ICI": 0.029469605724850856
    },
    "user": 9639,
    "size": 108710,
    "weights": [
        0.1726,
        0.237,
        1.129,
        10.9355,
        5.1443,
        1.2006,
        0.8627,
        0.0362,
        1.629,
        0.1342,
        1.0166,
        2.1174,
        0.0839,
        0.3204,
        1.4676,
        0.219,
        2.8237
    ]
}