{
    "metrics": {
        "RMSE": 0.3141095326771617,
        "LogLoss": 0.3426895957782306,
        "RMSE(bins)": 0.08668468943614481,
        "ICI": 0.04364971732039535
    },
    "user": 9677,
    "size": 3600,
    "weights": [
        2.608,
        3.2557,
        4.5412,
        15.7161,
        5.1443,
        1.2006,
        0.8627,
        0.0362,
        1.629,
        0.1342,
        1.0166,
        2.1174,
        0.0839,
        0.3204,
        1.4676,
        0.219,
        2.8237
    ]
}