{
    "FSRS-4.5-pretrain": {
        "RMSE": 0.33857138272640763,
        "LogLoss": 0.4444450567707254,
        "RMSE(bins)": 0.09725901346581038,
        "ICI": 0.08231546531850056,
        "RMSE(bins)Ratings": {
            "1": 0.22841887283069112,
            "2": 0.12810922640435268,
            "3": 0.09885594526445364,
            "4": 0.028637570122386012
        }
    },
    "user": 9708,
    "size": 7210,
    "weights": [
        2.2266,
        8.24,
        23.0096,
        30.9487,
        5.1043,
        1.1303,
        0.823,
        0.0465,
        1.629,
        0.135,
        1.0045,
        2.132,
        0.0839,
        0.3204,
        1.3547,
        0.219,
        2.7849
    ]
}