{
    "FSRS-4.5-pretrain": {
        "RMSE": 0.4387768338848544,
        "LogLoss": 0.5791557940143256,
        "RMSE(bins)": 0.2233227002145013,
        "ICI": 0.1571120587602598,
        "RMSE(bins)Ratings": {
            "1": 0.18891917929607263,
            "2": 0.2623274488830326,
            "3": 0.21944271262417794,
            "4": 0.14607230866061258
        }
    },
    "user": 9725,
    "size": 8310,
    "weights": [
        0.6688,
        1.177,
        6.2779,
        6.2779,
        5.1043,
        1.1303,
        0.823,
        0.0465,
        1.629,
        0.135,
        1.0045,
        2.132,
        0.0839,
        0.3204,
        1.3547,
        0.219,
        2.7849
    ]
}