{
    "metrics": {
        "RMSE": 0.416156195061878,
        "LogLoss": 0.5326117540311538,
        "RMSE(bins)": 0.07356589437672889,
        "ICI": 0.04217368611179294
    },
    "user": 9789,
    "size": 15760,
    "weights": [
        0.3854,
        0.7215,
        1.8478,
        6.3294,
        5.1443,
        1.2006,
        0.8627,
        0.0362,
        1.629,
        0.1342,
        1.0166,
        2.1174,
        0.0839,
        0.3204,
        1.4676,
        0.219,
        2.8237
    ]
}