{
    "FSRS-4.5-pretrain": {
        "RMSE": 0.4859719058122283,
        "LogLoss": 0.6761675438211765,
        "RMSE(bins)": 0.1274853916039312,
        "ICI": 0.10596582730719989,
        "RMSE(bins)Ratings": {
            "1": 0.12152303009660487,
            "2": 0.40742008120213696,
            "3": 0.14878996475391915,
            "4": 0.12636915421923547
        }
    },
    "user": 9801,
    "size": 25890,
    "weights": [
        0.1658,
        0.1658,
        1.3661,
        1.3661,
        5.1043,
        1.1303,
        0.823,
        0.0465,
        1.629,
        0.135,
        1.0045,
        2.132,
        0.0839,
        0.3204,
        1.3547,
        0.219,
        2.7849
    ]
}