{
    "metrics": {
        "RMSE": 0.3225367283016507,
        "LogLoss": 0.3642269085967553,
        "RMSE(bins)": 0.06245863135515105,
        "ICI": 0.040717064818772235
    },
    "user": 9864,
    "size": 442955,
    "weights": [
        0.9918,
        1.454,
        1.454,
        62.4841,
        5.1443,
        1.2006,
        0.8627,
        0.0362,
        1.629,
        0.1342,
        1.0166,
        2.1174,
        0.0839,
        0.3204,
        1.4676,
        0.219,
        2.8237
    ]
}