{
    "metrics": {
        "RMSE": 0.3457622616819334,
        "LogLoss": 0.3910944447752784,
        "RMSE(bins)": 0.03048337244871475,
        "ICI": 0.016780305888862587,
        "RMSE(bins)Ratings": {
            "1": 0.0888545935670839,
            "2": 0.06693115772081966,
            "3": 0.04003184478176734,
            "4": 0.20194229509743541
        }
    },
    "user": 9871,
    "size": 12170,
    "weights": [
        1.6492,
        3.2301,
        8.8543,
        9.2461,
        5.1043,
        1.1303,
        0.823,
        0.0465,
        1.629,
        0.135,
        1.0045,
        2.132,
        0.0839,
        0.3204,
        1.3547,
        0.219,
        2.7849
    ]
}