{
    "metrics": {
        "RMSE": 0.12468610027372867,
        "LogLoss": 0.0934155327667185,
        "RMSE(bins)": 0.03842346748074942,
        "ICI": 0.029683374739103464
    },
    "user": 9961,
    "size": 32415,
    "weights": [
        4.9077,
        4.9077,
        23.7412,
        52.537,
        5.1443,
        1.2006,
        0.8627,
        0.0362,
        1.629,
        0.1342,
        1.0166,
        2.1174,
        0.0839,
        0.3204,
        1.4676,
        0.219,
        2.8237
    ]
}