{
    "metrics": {
        "RMSE": 0.2559323790719774,
        "LogLoss": 0.2635734035802966,
        "RMSE(bins)": 0.13619456931427998,
        "ICI": 0.08833623751306635
    },
    "user": 10085,
    "size": 13200
}