{
    "metrics": {
        "RMSE": 0.43211424228092804,
        "LogLoss": 0.5610517720902541,
        "RMSE(bins)": 0.039903308602275096,
        "ICI": 0.040737527672211324
    },
    "user": 10118,
    "size": 57485
}