{
    "metrics": {
        "RMSE": 0.4955145088922509,
        "LogLoss": 0.6842223417862685,
        "RMSE(bins)": 0.12662406215320718,
        "ICI": 0.024514769445020936
    },
    "user": 1015,
    "size": 7260
}