{
    "metrics": {
        "RMSE": 0.31255122638872473,
        "LogLoss": 0.34847012378779857,
        "RMSE(bins)": 0.11163718631175243,
        "ICI": 0.04850347861416438
    },
    "user": 10248,
    "size": 26085
}