{
    "metrics": {
        "RMSE": 0.19469469064939326,
        "LogLoss": 0.1683619367886862,
        "RMSE(bins)": 0.016622968453200798,
        "ICI": 0.0170300093884872
    },
    "user": 10448,
    "size": 5400
}