{
    "metrics": {
        "RMSE": 0.24957632275873792,
        "LogLoss": 0.24773121023875402,
        "RMSE(bins)": 0.022663096467878754,
        "ICI": 0.027963909613098224
    },
    "user": 10602,
    "size": 4440
}