{
    "metrics": {
        "RMSE": 0.15060214012374476,
        "LogLoss": 0.11098549863554574,
        "RMSE(bins)": 0.022262585636014895,
        "ICI": 0.009522552600329168
    },
    "user": 10631,
    "size": 63805
}