{
    "metrics": {
        "RMSE": 0.30692741088884096,
        "LogLoss": 0.3381320709644931,
        "RMSE(bins)": 0.10930947873393343,
        "ICI": 0.03347218612677476
    },
    "user": 10708,
    "size": 17005
}