{
    "metrics": {
        "RMSE": 0.15346057404097138,
        "LogLoss": 0.11797669962968381,
        "RMSE(bins)": 0.021288346400776717,
        "ICI": 0.018834720063893754
    },
    "user": 10745,
    "size": 14740
}