{
    "metrics": {
        "RMSE": 0.514265995378683,
        "LogLoss": 0.7249288846734512,
        "RMSE(bins)": 0.23162072472473583,
        "ICI": 0.12549185399609034
    },
    "user": 1075,
    "size": 14040
}