{
    "metrics": {
        "RMSE": 0.42957947049335204,
        "LogLoss": 0.5573653902693209,
        "RMSE(bins)": 0.1610273671642075,
        "ICI": 0.04774630004535128
    },
    "user": 10770,
    "size": 9300
}