{
    "metrics": {
        "RMSE": 0.41576959316115825,
        "LogLoss": 0.5460444401726229,
        "RMSE(bins)": 0.11621676606879398,
        "ICI": 0.11052661243514487
    },
    "user": 10789,
    "size": 31720
}