{
    "metrics": {
        "RMSE": 0.5120911934165381,
        "LogLoss": 0.7248422899581274,
        "RMSE(bins)": 0.19861908430961758,
        "ICI": 0.0902984449481851
    },
    "user": 10821,
    "size": 3275
}