{
    "metrics": {
        "RMSE": 0.3391626157113436,
        "LogLoss": 0.39294664166621807,
        "RMSE(bins)": 0.09187514981382999,
        "ICI": 0.04632268268027477
    },
    "user": 10856,
    "size": 64500
}