{
    "metrics": {
        "RMSE": 0.40905827514592125,
        "LogLoss": 0.5182309040870847,
        "RMSE(bins)": 0.21395121739865838,
        "ICI": 0.18349768823695403
    },
    "user": 1103,
    "size": 17945
}