{
    "metrics": {
        "RMSE": 0.37637265723783636,
        "LogLoss": 0.45937647370515206,
        "RMSE(bins)": 0.19463981038383527,
        "ICI": 0.0656065661729057
    },
    "user": 11150,
    "size": 3035
}