{
    "metrics": {
        "RMSE": 0.44271340033420914,
        "LogLoss": 0.5830973423073853,
        "RMSE(bins)": 0.1640054565968314,
        "ICI": 0.075587948105877
    },
    "user": 1125,
    "size": 27310
}