{
    "metrics": {
        "RMSE": 0.3579888032045173,
        "LogLoss": 0.4269120326688075,
        "RMSE(bins)": 0.054718883206879634,
        "ICI": 0.04051948943635939
    },
    "user": 11257,
    "size": 13565
}