{
    "metrics": {
        "RMSE": 0.3988625837211355,
        "LogLoss": 0.5022920063817927,
        "RMSE(bins)": 0.12522222582702874,
        "ICI": 0.09100656241661084
    },
    "user": 11358,
    "size": 4930
}