{
    "metrics": {
        "RMSE": 0.4238434702181173,
        "LogLoss": 0.5577265373714156,
        "RMSE(bins)": 0.19018105003201416,
        "ICI": 0.11224567160437357
    },
    "user": 11422,
    "size": 11845
}