{
    "metrics": {
        "RMSE": 0.3483598571352054,
        "LogLoss": 0.4093614893129575,
        "RMSE(bins)": 0.10608021169264233,
        "ICI": 0.02814729322846765
    },
    "user": 11577,
    "size": 4985
}