{
    "metrics": {
        "RMSE": 0.1640992010762274,
        "LogLoss": 0.1434775938425156,
        "RMSE(bins)": 0.07365955921328343,
        "ICI": 0.0637131680647961
    },
    "user": 11672,
    "size": 2855
}