{
    "metrics": {
        "RMSE": 0.24614145397196874,
        "LogLoss": 0.2418359631764291,
        "RMSE(bins)": 0.015286027937783804,
        "ICI": 0.013696329139202268
    },
    "user": 11720,
    "size": 229630
}