{
    "metrics": {
        "RMSE": 0.30126838794913774,
        "LogLoss": 0.32879654210562836,
        "RMSE(bins)": 0.019359043740282876,
        "ICI": 0.029112708457683767
    },
    "user": 11818,
    "size": 1235
}