{
    "metrics": {
        "RMSE": 0.2852772792694934,
        "LogLoss": 0.3018994769796883,
        "RMSE(bins)": 0.011251432825594713,
        "ICI": 0.015133763622498408
    },
    "user": 11859,
    "size": 115275
}