{
    "metrics": {
        "RMSE": 0.35871786431704755,
        "LogLoss": 0.4289091902300442,
        "RMSE(bins)": 0.08357530085190215,
        "ICI": 0.06962218025246371
    },
    "user": 11938,
    "size": 16400
}