{
    "metrics": {
        "RMSE": 0.2755736628322346,
        "LogLoss": 0.2873412406091587,
        "RMSE(bins)": 0.1028363135671569,
        "ICI": 0.02373068192116166
    },
    "user": 11974,
    "size": 7225
}