{
    "metrics": {
        "RMSE": 0.11611510779675076,
        "LogLoss": 0.07320878587191956,
        "RMSE(bins)": 0.01558631191226679,
        "ICI": 0.0059033113147473285
    },
    "user": 12004,
    "size": 191010
}