{
    "metrics": {
        "RMSE": 0.3090956599965536,
        "LogLoss": 0.34282855282966823,
        "RMSE(bins)": 0.0883155973459833,
        "ICI": 0.0349596169946926
    },
    "user": 12005,
    "size": 9430
}