{
    "metrics": {
        "RMSE": 0.27688617159218526,
        "LogLoss": 0.2885213062812915,
        "RMSE(bins)": 0.0038573611099643745,
        "ICI": 0.01662409007429826
    },
    "user": 12018,
    "size": 16520
}