{
    "metrics": {
        "RMSE": 0.5069248730258906,
        "LogLoss": 0.7078219907942286,
        "RMSE(bins)": 0.10105395858669422,
        "ICI": 0.08339787771971628
    },
    "user": 12073,
    "size": 1620
}