{
    "metrics": {
        "RMSE": 0.2747125835325811,
        "LogLoss": 0.2898048389583112,
        "RMSE(bins)": 0.10956652271602867,
        "ICI": 0.06345308734988338
    },
    "user": 12131,
    "size": 5350
}