{
    "metrics": {
        "RMSE": 0.545013615861147,
        "LogLoss": 0.8351916869794007,
        "RMSE(bins)": 0.22920112595309905,
        "ICI": 0.22403549741968956
    },
    "user": 12146,
    "size": 24475
}