{
    "metrics": {
        "RMSE": 0.3765275877094037,
        "LogLoss": 0.45872509447707804,
        "RMSE(bins)": 0.03795676948622806,
        "ICI": 0.059387374431665446
    },
    "user": 12364,
    "size": 1155
}