{
    "metrics": {
        "RMSE": 0.3580722670825683,
        "LogLoss": 0.42795579391732946,
        "RMSE(bins)": 0.18012908964441604,
        "ICI": 0.050072455966089204
    },
    "user": 12369,
    "size": 3470
}