{
    "metrics": {
        "RMSE": 0.02300279648639658,
        "LogLoss": 0.005893797110512727,
        "RMSE(bins)": 0.007096336109997348,
        "ICI": 0.0021154577707646945
    },
    "user": 12377,
    "size": 24870
}