{
    "metrics": {
        "RMSE": 0.27585962303455086,
        "LogLoss": 0.28622150216266584,
        "RMSE(bins)": 0.011323153768051488,
        "ICI": 0.009814966270046944
    },
    "user": 12599,
    "size": 44630
}