{
    "metrics": {
        "RMSE": 0.20784890446879506,
        "LogLoss": 0.18573429459625973,
        "RMSE(bins)": 0.012234752675461603,
        "ICI": 0.012300682487608227
    },
    "user": 12620,
    "size": 84485
}