{
    "metrics": {
        "RMSE": 0.37608637307178194,
        "LogLoss": 0.4610482567138503,
        "RMSE(bins)": 0.1651220660721051,
        "ICI": 0.11151549040805518
    },
    "user": 12680,
    "size": 19120
}