{
    "metrics": {
        "RMSE": 0.38185680065378586,
        "LogLoss": 0.47341831319288785,
        "RMSE(bins)": 0.09978757438677421,
        "ICI": 0.0607494303491726
    },
    "user": 12784,
    "size": 116190
}