{
    "metrics": {
        "RMSE": 0.35704596343196565,
        "LogLoss": 0.4229678685313656,
        "RMSE(bins)": 0.11575182257484289,
        "ICI": 0.016114320858615173
    },
    "user": 12812,
    "size": 69405
}