{
    "metrics": {
        "RMSE": 0.07993500204432145,
        "LogLoss": 0.043414584374538615,
        "RMSE(bins)": 0.016587810786849618,
        "ICI": 0.013331374309885624
    },
    "user": 12869,
    "size": 5595
}