{
    "metrics": {
        "RMSE": 0.21628634065428137,
        "LogLoss": 0.19775412166856784,
        "RMSE(bins)": 0.06048654958926468,
        "ICI": 0.018275188015975188
    },
    "user": 12930,
    "size": 5920
}