{
    "metrics": {
        "RMSE": 0.3046069012587125,
        "LogLoss": 0.33395676507538924,
        "RMSE(bins)": 0.017640164789921923,
        "ICI": 0.03474098514762516
    },
    "user": 12942,
    "size": 6130
}