{
    "metrics": {
        "RMSE": 0.27240421228748773,
        "LogLoss": 0.2820327559208606,
        "RMSE(bins)": 0.08874162722785221,
        "ICI": 0.02779696424646931
    },
    "user": 13003,
    "size": 11445
}