{
    "metrics": {
        "RMSE": 0.02317290567445341,
        "LogLoss": 0.00743814271123676,
        "RMSE(bins)": 0.0045698778513905275,
        "ICI": 0.004052419396373685
    },
    "user": 13020,
    "size": 5835
}