{
    "metrics": {
        "RMSE": 0.30205121702177606,
        "LogLoss": 0.3287058553384439,
        "RMSE(bins)": 0.09320987942328988,
        "ICI": 0.014000735118715756
    },
    "user": 13313,
    "size": 41065
}