{
    "metrics": {
        "RMSE": 0.27523822159430233,
        "LogLoss": 0.28644943237166465,
        "RMSE(bins)": 0.012469792038193336,
        "ICI": 0.02335711983743387
    },
    "user": 13351,
    "size": 74585
}