{
    "metrics": {
        "RMSE": 0.2918244031282141,
        "LogLoss": 0.31629144193888814,
        "RMSE(bins)": 0.08274053662926839,
        "ICI": 0.05190903450222269
    },
    "user": 13403,
    "size": 31480
}