{
    "metrics": {
        "RMSE": 0.5117134972619647,
        "LogLoss": 0.7175623857519882,
        "RMSE(bins)": 0.19614936917280348,
        "ICI": 0.11118121095301167
    },
    "user": 13426,
    "size": 2100
}