{
    "metrics": {
        "RMSE": 0.14617608800048454,
        "LogLoss": 0.10546215292579286,
        "RMSE(bins)": 0.02698581832533112,
        "ICI": 0.005277948551779987
    },
    "user": 1354,
    "size": 24195
}