{
    "metrics": {
        "RMSE": 0.5072700179883332,
        "LogLoss": 0.7090014155229745,
        "RMSE(bins)": 0.2399654907098803,
        "ICI": 0.12889764201799012
    },
    "user": 13540,
    "size": 1860
}