{
    "metrics": {
        "RMSE": 0.39925415516680196,
        "LogLoss": 0.5004194073394423,
        "RMSE(bins)": 0.05724717537119388,
        "ICI": 0.056830442511575985
    },
    "user": 13688,
    "size": 38140
}