{
    "metrics": {
        "RMSE": 0.4755281173379039,
        "LogLoss": 0.6533846838759305,
        "RMSE(bins)": 0.10797627705790681,
        "ICI": 0.08655074367711521
    },
    "user": 1390,
    "size": 4755
}