{
    "metrics": {
        "RMSE": 0.3075255973646752,
        "LogLoss": 0.3412679132315961,
        "RMSE(bins)": 0.11059288708173097,
        "ICI": 0.06996640136407027
    },
    "user": 14087,
    "size": 156130
}