{
    "metrics": {
        "RMSE": 0.34672583396498624,
        "LogLoss": 0.4181847835933829,
        "RMSE(bins)": 0.10310322399863843,
        "ICI": 0.052895370200402345
    },
    "user": 14082,
    "size": 17340
}