{
    "metrics": {
        "RMSE": 0.44993849906448397,
        "LogLoss": 0.599798681717143,
        "RMSE(bins)": 0.11267840189300396,
        "ICI": 0.08521731955135708
    },
    "user": 14173,
    "size": 8105
}