{
    "metrics": {
        "RMSE": 0.4003512656202982,
        "LogLoss": 0.5016480287917325,
        "RMSE(bins)": 0.025202079549933427,
        "ICI": 0.05713048866330987
    },
    "user": 14385,
    "size": 7240
}