{
    "metrics": {
        "RMSE": 0.2786177729996348,
        "LogLoss": 0.30217316216486007,
        "RMSE(bins)": 0.16267613738492334,
        "ICI": 0.13293279374816183
    },
    "user": 14428,
    "size": 9620
}