{
    "metrics": {
        "RMSE": 0.3239441364658914,
        "LogLoss": 0.36730813142892366,
        "RMSE(bins)": 0.10865457959340444,
        "ICI": 0.04304868660411576
    },
    "user": 14442,
    "size": 70610
}