{
    "metrics": {
        "RMSE": 0.469332354760125,
        "LogLoss": 0.6386108616211963,
        "RMSE(bins)": 0.2355862857751362,
        "ICI": 0.07953069490535426
    },
    "user": 14475,
    "size": 5110
}