{
    "metrics": {
        "RMSE": 0.22165331915802064,
        "LogLoss": 0.20915072521509853,
        "RMSE(bins)": 0.021294163425737467,
        "ICI": 0.028974360024448132
    },
    "user": 14519,
    "size": 12285
}