{
    "metrics": {
        "RMSE": 0.4086632950319023,
        "LogLoss": 0.5246141541389947,
        "RMSE(bins)": 0.11507452793227974,
        "ICI": 0.09601237002189845
    },
    "user": 14533,
    "size": 24860
}