{
    "metrics": {
        "RMSE": 0.41584904027428876,
        "LogLoss": 0.5311503513678949,
        "RMSE(bins)": 0.04064863628600882,
        "ICI": 0.06279792357837999
    },
    "user": 14613,
    "size": 16235
}