{
    "metrics": {
        "RMSE": 0.3755014900202906,
        "LogLoss": 0.45700363901367935,
        "RMSE(bins)": 0.05341371372946404,
        "ICI": 0.04945039371858573
    },
    "user": 14677,
    "size": 12975
}