{
    "metrics": {
        "RMSE": 0.3989119758711781,
        "LogLoss": 0.5009640321495672,
        "RMSE(bins)": 0.19599976603100216,
        "ICI": 0.110693814597472
    },
    "user": 14852,
    "size": 2115
}