{
    "metrics": {
        "RMSE": 0.2761253797794794,
        "LogLoss": 0.28693009072942416,
        "RMSE(bins)": 0.05349946285922471,
        "ICI": 0.01237021132749816
    },
    "user": 14960,
    "size": 10185
}