{
    "metrics": {
        "RMSE": 0.20965749325980623,
        "LogLoss": 0.18802234422076516,
        "RMSE(bins)": 0.04164296080806121,
        "ICI": 0.01840100738581474
    },
    "user": 1504,
    "size": 6225
}