{
    "metrics": {
        "RMSE": 0.4451635184794848,
        "LogLoss": 0.5860872664135118,
        "RMSE(bins)": 0.2055204926588473,
        "ICI": 0.03679424484489717
    },
    "user": 15116,
    "size": 12970
}