{
    "metrics": {
        "RMSE": 0.19830058637634457,
        "LogLoss": 0.17285404569035173,
        "RMSE(bins)": 0.046252479535871485,
        "ICI": 0.018407902222468468
    },
    "user": 15240,
    "size": 5135
}