{
    "metrics": {
        "RMSE": 0.08443726000463884,
        "LogLoss": 0.04745312139118494,
        "RMSE(bins)": 0.01601522087002004,
        "ICI": 0.01552160470256392
    },
    "user": 1546,
    "size": 2150
}