{
    "metrics": {
        "RMSE": 0.31682160281976907,
        "LogLoss": 0.3575860113354758,
        "RMSE(bins)": 0.0597992374607257,
        "ICI": 0.033589360537002504
    },
    "user": 15474,
    "size": 34280
}