{
    "metrics": {
        "RMSE": 0.47731734536769266,
        "LogLoss": 0.648274765850369,
        "RMSE(bins)": 0.22636836735323582,
        "ICI": 0.06579250549608422
    },
    "user": 15517,
    "size": 580
}