{
    "metrics": {
        "RMSE": 0.1718871803785619,
        "LogLoss": 0.14229312863629776,
        "RMSE(bins)": 0.05708408482119968,
        "ICI": 0.03292657412382773
    },
    "user": 1554,
    "size": 8325
}