{
    "metrics": {
        "RMSE": 0.1445372383436827,
        "LogLoss": 0.10459082789403243,
        "RMSE(bins)": 0.008113734475839959,
        "ICI": 0.009011118238168268
    },
    "user": 15699,
    "size": 9390
}