{
    "metrics": {
        "RMSE": 0.26445516030693955,
        "LogLoss": 0.27014103723551947,
        "RMSE(bins)": 0.01642194179352036,
        "ICI": 0.01980117318523238
    },
    "user": 1587,
    "size": 1050
}