{
    "metrics": {
        "RMSE": 0.35885590518697336,
        "LogLoss": 0.4284473963483878,
        "RMSE(bins)": 0.0692422010640573,
        "ICI": 0.05863769585142856
    },
    "user": 15911,
    "size": 5720
}