{
    "metrics": {
        "RMSE": 0.303388614503703,
        "LogLoss": 0.33138492319829016,
        "RMSE(bins)": 0.06882508854058507,
        "ICI": 0.020736668020515017
    },
    "user": 160,
    "size": 9780
}