{
    "metrics": {
        "RMSE": 0.26597774790884116,
        "LogLoss": 0.2746647197716863,
        "RMSE(bins)": 0.07732936392803372,
        "ICI": 0.03827919797693
    },
    "user": 16040,
    "size": 2765
}