{
    "metrics": {
        "RMSE": 0.36522695273924694,
        "LogLoss": 0.4383398500842289,
        "RMSE(bins)": 0.12191947742706516,
        "ICI": 0.034157159884319686
    },
    "user": 16174,
    "size": 40595
}