{
    "metrics": {
        "RMSE": 0.2072523559557739,
        "LogLoss": 0.18649879947590464,
        "RMSE(bins)": 0.041162937277679036,
        "ICI": 0.019613659420318185
    },
    "user": 16171,
    "size": 25645
}