{
    "metrics": {
        "RMSE": 0.3329273344581152,
        "LogLoss": 0.3878730191858023,
        "RMSE(bins)": 0.07676865541882907,
        "ICI": 0.05468326959463377
    },
    "user": 16298,
    "size": 7275
}