{
    "metrics": {
        "RMSE": 0.4161686486979608,
        "LogLoss": 0.5314552487724193,
        "RMSE(bins)": 0.16342714322259455,
        "ICI": 0.06569349451161435
    },
    "user": 16322,
    "size": 5705
}