{
    "metrics": {
        "RMSE": 0.43402688617532437,
        "LogLoss": 0.5653675190939091,
        "RMSE(bins)": 0.13643562012672175,
        "ICI": 0.13138926067527928
    },
    "user": 16384,
    "size": 5615
}