{
    "metrics": {
        "RMSE": 0.4809663187828061,
        "LogLoss": 0.6556569085171486,
        "RMSE(bins)": 0.1472801247894979,
        "ICI": 0.0494641096872841
    },
    "user": 16634,
    "size": 2835
}