{
    "metrics": {
        "RMSE": 0.3249484515053056,
        "LogLoss": 0.3688530450604757,
        "RMSE(bins)": 0.13383898375110953,
        "ICI": 0.03533246246237924
    },
    "user": 16642,
    "size": 3220
}