{
    "metrics": {
        "RMSE": 0.06985455054510317,
        "LogLoss": 0.031291068366828406,
        "RMSE(bins)": 0.006251340730254779,
        "ICI": 0.0019509311706231269
    },
    "user": 16699,
    "size": 37540
}