{
    "metrics": {
        "RMSE": 0.26326450048789946,
        "LogLoss": 0.26980256492107757,
        "RMSE(bins)": 0.06965960719149741,
        "ICI": 0.02838745989191569
    },
    "user": 16735,
    "size": 35310
}