{
    "metrics": {
        "RMSE": 0.5066028907413131,
        "LogLoss": 0.7066820449810786,
        "RMSE(bins)": 0.11047706764634925,
        "ICI": 0.09923810289700731
    },
    "user": 16941,
    "size": 2455
}