{
    "metrics": {
        "RMSE": 0.37663580653129836,
        "LogLoss": 0.4804896820880115,
        "RMSE(bins)": 0.13112974664673774,
        "ICI": 0.059807198634755636
    },
    "user": 16977,
    "size": 8255
}