{
    "metrics": {
        "RMSE": 0.4261723512522444,
        "LogLoss": 0.5500916507204707,
        "RMSE(bins)": 0.2010626017108529,
        "ICI": 0.04778815934163374
    },
    "user": 17002,
    "size": 7145
}