{
    "metrics": {
        "RMSE": 0.04964863359276188,
        "LogLoss": 0.03202950455059302,
        "RMSE(bins)": 0.02480451596966611,
        "ICI": 0.02376082212693753
    },
    "user": 17186,
    "size": 2340
}