{
    "metrics": {
        "RMSE": 0.2870551825856824,
        "LogLoss": 0.307690408862244,
        "RMSE(bins)": 0.05912914340174611,
        "ICI": 0.03797383391269875
    },
    "user": 17237,
    "size": 1420
}