{
    "metrics": {
        "RMSE": 0.10807606743163119,
        "LogLoss": 0.07352046891523413,
        "RMSE(bins)": 0.03218959683871671,
        "ICI": 0.019526619021094583
    },
    "user": 17266,
    "size": 27365
}