{
    "metrics": {
        "RMSE": 0.42688271387408905,
        "LogLoss": 0.5517037230905959,
        "RMSE(bins)": 0.14197131338482663,
        "ICI": 0.08249880189642426
    },
    "user": 1738,
    "size": 15680
}