{
    "metrics": {
        "RMSE": 0.38694057418369415,
        "LogLoss": 0.4777023880102844,
        "RMSE(bins)": 0.16508457892830328,
        "ICI": 0.04269688703085368
    },
    "user": 17392,
    "size": 2120
}