{
    "metrics": {
        "RMSE": 0.5309326904415529,
        "LogLoss": 4.211661446741963,
        "RMSE(bins)": 0.32774773823048914,
        "ICI": 0.28193158647167604
    },
    "user": 17453,
    "size": 2620
}