{
    "metrics": {
        "RMSE": 0.30732388111349496,
        "LogLoss": 0.33784570267572794,
        "RMSE(bins)": 0.04809229948170008,
        "ICI": 0.014994931742841878
    },
    "user": 17496,
    "size": 84755
}