{
    "metrics": {
        "RMSE": 0.49705215373603806,
        "LogLoss": 0.6883641869404908,
        "RMSE(bins)": 0.12780108081613112,
        "ICI": 0.10151255250273877
    },
    "user": 17585,
    "size": 5445
}