{
    "metrics": {
        "RMSE": 0.19208316845099843,
        "LogLoss": 0.16861518218073357,
        "RMSE(bins)": 0.046592101890450384,
        "ICI": 0.03226137989307947
    },
    "user": 17977,
    "size": 118280
}