{
    "metrics": {
        "RMSE": 0.315040825559156,
        "LogLoss": 0.35079483520825544,
        "RMSE(bins)": 0.0700553438509717,
        "ICI": 0.013431607012852951
    },
    "user": 18049,
    "size": 41735
}