{
    "metrics": {
        "RMSE": 0.38648562759293514,
        "LogLoss": 0.47783839317035104,
        "RMSE(bins)": 0.10028134526833911,
        "ICI": 0.048391627509065824
    },
    "user": 18119,
    "size": 6370
}