{
    "metrics": {
        "RMSE": 0.3228512788656384,
        "LogLoss": 0.37915771368760615,
        "RMSE(bins)": 0.18799177705783732,
        "ICI": 0.06574437576302379
    },
    "user": 1813,
    "size": 11155
}