{
    "metrics": {
        "RMSE": 0.4447431673646428,
        "LogLoss": 0.6029499133388441,
        "RMSE(bins)": 0.20694112681123997,
        "ICI": 0.08942420475454385
    },
    "user": 18182,
    "size": 3200
}