{
    "metrics": {
        "RMSE": 0.3976847852516779,
        "LogLoss": 0.4989448364367413,
        "RMSE(bins)": 0.09514913109136895,
        "ICI": 0.06778611749122654
    },
    "user": 18276,
    "size": 28960
}