{
    "metrics": {
        "RMSE": 0.12004924250783533,
        "LogLoss": 0.10941414535576213,
        "RMSE(bins)": 0.029334086830970982,
        "ICI": 0.03097277855015939
    },
    "user": 18452,
    "size": 53085
}