{
    "metrics": {
        "RMSE": 0.24697188854108393,
        "LogLoss": 0.24267970605641656,
        "RMSE(bins)": 0.01941142246021727,
        "ICI": 0.0165376149886975
    },
    "user": 18474,
    "size": 15665
}