{
    "metrics": {
        "RMSE": 0.4803275955549664,
        "LogLoss": 0.6600204207328646,
        "RMSE(bins)": 0.13793099753260624,
        "ICI": 0.10827678603432948
    },
    "user": 18617,
    "size": 3935
}