{
    "metrics": {
        "RMSE": 0.28958069163830585,
        "LogLoss": 0.3086993556274894,
        "RMSE(bins)": 0.08098141796434594,
        "ICI": 0.01537547830963981
    },
    "user": 18688,
    "size": 144115
}