{
    "metrics": {
        "RMSE": 0.38625143817972357,
        "LogLoss": 0.47730407661768914,
        "RMSE(bins)": 0.16451771027600945,
        "ICI": 0.0711622873923546
    },
    "user": 18782,
    "size": 10770
}