{
    "metrics": {
        "RMSE": 0.12706792125621177,
        "LogLoss": 0.08986624723500374,
        "RMSE(bins)": 0.03591645499719906,
        "ICI": 0.010230382212661836
    },
    "user": 18808,
    "size": 5030
}