{
    "metrics": {
        "RMSE": 0.23570779500682779,
        "LogLoss": 0.2408484292718577,
        "RMSE(bins)": 0.14209621308463022,
        "ICI": 0.12347240163266737
    },
    "user": 19044,
    "size": 16710
}