{
    "metrics": {
        "RMSE": 0.5092381377563192,
        "LogLoss": 0.7245082959117712,
        "RMSE(bins)": 0.300527028352634,
        "ICI": 0.2720475274451316
    },
    "user": 19054,
    "size": 1885
}