{
    "metrics": {
        "RMSE": 0.3763228080742359,
        "LogLoss": 0.45836053581329367,
        "RMSE(bins)": 0.04129872702865358,
        "ICI": 0.036577149266131176
    },
    "user": 19158,
    "size": 4875
}