{
    "metrics": {
        "RMSE": 0.39967110970680775,
        "LogLoss": 0.5115371296862582,
        "RMSE(bins)": 0.237268641446282,
        "ICI": 0.12364474372157258
    },
    "user": 1950,
    "size": 465
}