{
    "metrics": {
        "RMSE": 0.4518632602194366,
        "LogLoss": 0.598903435264561,
        "RMSE(bins)": 0.07903236170506382,
        "ICI": 0.07710318671087057
    },
    "user": 19524,
    "size": 7760
}