{
    "metrics": {
        "RMSE": 0.34532641090833793,
        "LogLoss": 0.4038044115269204,
        "RMSE(bins)": 0.03075580817476713,
        "ICI": 0.025456913126082892
    },
    "user": 19575,
    "size": 25225
}