{
    "metrics": {
        "RMSE": 0.1518346136731494,
        "LogLoss": 0.13946021993097052,
        "RMSE(bins)": 0.03497794321619924,
        "ICI": 0.027434237106252014
    },
    "user": 19570,
    "size": 1960
}