{
    "metrics": {
        "RMSE": 0.44579967099004747,
        "LogLoss": 0.5870470051007501,
        "RMSE(bins)": 0.217910146619676,
        "ICI": 0.03677889776981916
    },
    "user": 19597,
    "size": 4930
}