{
    "metrics": {
        "RMSE": 0.46940961018620275,
        "LogLoss": 0.6587267570133227,
        "RMSE(bins)": 0.30514877530081846,
        "ICI": 0.15117686824395093
    },
    "user": 19611,
    "size": 3915
}