{
    "metrics": {
        "RMSE": 0.07956230916162575,
        "LogLoss": 0.04064406318006005,
        "RMSE(bins)": 0.010903446993900627,
        "ICI": 0.006265299061515673
    },
    "user": 1972,
    "size": 10775
}