{
    "metrics": {
        "RMSE": 0.31223818345823146,
        "LogLoss": 0.3466724836612627,
        "RMSE(bins)": 0.06865079030553482,
        "ICI": 0.02563521303871443
    },
    "user": 19856,
    "size": 31710
}