{
    "metrics": {
        "RMSE": 0.42345575642227734,
        "LogLoss": 0.5460775304146646,
        "RMSE(bins)": 0.12130966651988215,
        "ICI": 0.058393428922999153
    },
    "user": 1993,
    "size": 3960
}