{
    "metrics": {
        "RMSE": 0.3040020974715975,
        "LogLoss": 0.33316304025334087,
        "RMSE(bins)": 0.02915623748635977,
        "ICI": 0.02638613863237675
    },
    "user": 2008,
    "size": 2020
}