{
    "metrics": {
        "RMSE": 0.31579662579371187,
        "LogLoss": 0.3721289528867506,
        "RMSE(bins)": 0.05527971176783689,
        "ICI": 0.03979364712540605
    },
    "user": 2094,
    "size": 2440
}