{
    "metrics": {
        "RMSE": 0.21109826801082798,
        "LogLoss": 0.2064782111928856,
        "RMSE(bins)": 0.025392571036396753,
        "ICI": 0.033081091959205854
    },
    "user": 2099,
    "size": 3135
}