{
    "metrics": {
        "RMSE": 0.22394805938239243,
        "LogLoss": 0.20926040477372285,
        "RMSE(bins)": 0.032641062177566155,
        "ICI": 0.019491324414557986
    },
    "user": 2107,
    "size": 338550
}