{
    "metrics": {
        "RMSE": 0.13493137346484757,
        "LogLoss": 0.0946211443528934,
        "RMSE(bins)": 0.014369098560989065,
        "ICI": 0.008969644426738156
    },
    "user": 2166,
    "size": 2055
}