{
    "metrics": {
        "RMSE": 0.29591872853127854,
        "LogLoss": 0.32766561911990555,
        "RMSE(bins)": 0.05135219870263157,
        "ICI": 0.05485877562333546
    },
    "user": 2194,
    "size": 116715
}