{
    "metrics": {
        "RMSE": 0.4154671689444195,
        "LogLoss": 0.5356900859033964,
        "RMSE(bins)": 0.128095405112745,
        "ICI": 0.060250792040392555
    },
    "user": 242,
    "size": 39430
}