{
    "metrics": {
        "RMSE": 0.36401115585971394,
        "LogLoss": 0.4365140675213301,
        "RMSE(bins)": 0.0872248390445401,
        "ICI": 0.028870481076282983
    },
    "user": 2591,
    "size": 4690
}