{
    "metrics": {
        "RMSE": 0.22380063488593419,
        "LogLoss": 0.21157858741621233,
        "RMSE(bins)": 0.03907922095827933,
        "ICI": 0.02722460770864907
    },
    "user": 2658,
    "size": 3840
}