{
    "metrics": {
        "RMSE": 0.4074797915110001,
        "LogLoss": 0.5157827680568535,
        "RMSE(bins)": 0.2576932421527082,
        "ICI": 0.0879589441012258
    },
    "user": 2693,
    "size": 2455
}