{
    "metrics": {
        "RMSE": 0.1355740910660085,
        "LogLoss": 0.09579580888199057,
        "RMSE(bins)": 0.027825332223983285,
        "ICI": 0.019867333876079727
    },
    "user": 2834,
    "size": 3570
}