{
    "metrics": {
        "RMSE": 0.3773776451126243,
        "LogLoss": 0.46178601455357715,
        "RMSE(bins)": 0.038532624570136655,
        "ICI": 0.029255556098925672
    },
    "user": 2920,
    "size": 4850
}