{
    "metrics": {
        "RMSE": 0.2707090246154635,
        "LogLoss": 0.2812127010794071,
        "RMSE(bins)": 0.06976458020306804,
        "ICI": 0.044907508060141266
    },
    "user": 2985,
    "size": 90470
}