{
    "metrics": {
        "RMSE": 0.42990526529966006,
        "LogLoss": 0.556740031068041,
        "RMSE(bins)": 0.12399535175246787,
        "ICI": 0.022364441433390045
    },
    "user": 3352,
    "size": 18810
}