{
    "metrics": {
        "RMSE": 0.001632364355171507,
        "LogLoss": 0.0013791420583339723,
        "RMSE(bins)": 0.0015547027551652717,
        "ICI": 0.001377807750757132
    },
    "user": 3422,
    "size": 29830
}