{
    "metrics": {
        "RMSE": 0.3090145832166249,
        "LogLoss": 0.3422616200046457,
        "RMSE(bins)": 0.07822799668640079,
        "ICI": 0.03246481413785052
    },
    "user": 3427,
    "size": 12730
}