{
    "metrics": {
        "RMSE": 0.3599912990984337,
        "LogLoss": 0.43136479967718927,
        "RMSE(bins)": 0.15291001356111644,
        "ICI": 0.09304002069186368
    },
    "user": 3542,
    "size": 3895
}