{
    "metrics": {
        "RMSE": 0.48805886240590585,
        "LogLoss": 0.669493349622093,
        "RMSE(bins)": 0.21390820692405307,
        "ICI": 0.06309025316984503
    },
    "user": 3610,
    "size": 3005
}