{
    "metrics": {
        "RMSE": 0.21280605924624987,
        "LogLoss": 0.19206526891077003,
        "RMSE(bins)": 0.04277612893664078,
        "ICI": 0.012106947649769339
    },
    "user": 3694,
    "size": 38030
}