{
    "metrics": {
        "RMSE": 0.33287868851224656,
        "LogLoss": 0.3811345679906823,
        "RMSE(bins)": 0.0873528103166739,
        "ICI": 0.016035071172445427
    },
    "user": 3788,
    "size": 243125
}