{
    "metrics": {
        "RMSE": 0.4622947229945578,
        "LogLoss": 0.6192959665589711,
        "RMSE(bins)": 0.14962194101550244,
        "ICI": 0.15501484451018077
    },
    "user": 3859,
    "size": 19325
}