{
    "metrics": {
        "RMSE": 0.2535640397795318,
        "LogLoss": 0.2600707145781584,
        "RMSE(bins)": 0.08170489437630292,
        "ICI": 0.07125025318375582
    },
    "user": 4088,
    "size": 2370
}