{
    "metrics": {
        "RMSE": 0.11467376644353469,
        "LogLoss": 0.07443688852872603,
        "RMSE(bins)": 0.022620126128224175,
        "ICI": 0.014702303841939953
    },
    "user": 4194,
    "size": 148230
}