{
    "metrics": {
        "RMSE": 0.268475547892376,
        "LogLoss": 0.2748368378754758,
        "RMSE(bins)": 0.05224217961421192,
        "ICI": 0.013437738146416953
    },
    "user": 4370,
    "size": 224165
}