{
    "metrics": {
        "RMSE": 0.1356424351552576,
        "LogLoss": 0.1850252127596374,
        "RMSE(bins)": 0.015157462661568588,
        "ICI": 0.01571876165877781
    },
    "user": 4371,
    "size": 1775
}