{
    "metrics": {
        "RMSE": 0.29548584760402735,
        "LogLoss": 0.3229716759663331,
        "RMSE(bins)": 0.0987735713750569,
        "ICI": 0.042399192194534606
    },
    "user": 4391,
    "size": 36240
}