{
    "metrics": {
        "RMSE": 0.290028100656794,
        "LogLoss": 0.310380757034374,
        "RMSE(bins)": 0.02274639641945998,
        "ICI": 0.03846740396681838
    },
    "user": 4397,
    "size": 38430
}