{
    "metrics": {
        "RMSE": 0.2976556706498014,
        "LogLoss": 0.3300032183044315,
        "RMSE(bins)": 0.06988384540629247,
        "ICI": 0.03468547691358137
    },
    "user": 4415,
    "size": 225055
}