{
    "metrics": {
        "RMSE": 0.30384260474963776,
        "LogLoss": 0.3339384486130302,
        "RMSE(bins)": 0.12217770705345443,
        "ICI": 0.04971649874129938
    },
    "user": 456,
    "size": 119660
}