{
    "metrics": {
        "RMSE": 0.26557645412435127,
        "LogLoss": 0.2796696176073098,
        "RMSE(bins)": 0.05757225803507823,
        "ICI": 0.05002451366582275
    },
    "user": 4676,
    "size": 1720
}