{
    "metrics": {
        "RMSE": 0.3836229691851453,
        "LogLoss": 0.4714844138844213,
        "RMSE(bins)": 0.03362403378690549,
        "ICI": 0.028874613528728107
    },
    "user": 4849,
    "size": 63740
}