{
    "metrics": {
        "RMSE": 0.2359923150525677,
        "LogLoss": 0.2548771047724637,
        "RMSE(bins)": 0.06581756446527583,
        "ICI": 0.04373973208900339
    },
    "user": 4891,
    "size": 1055
}