{
    "metrics": {
        "RMSE": 0.2050628579108602,
        "LogLoss": 0.1839734682909493,
        "RMSE(bins)": 0.028773980869634216,
        "ICI": 0.02781684733029548
    },
    "user": 5062,
    "size": 7740
}