{
    "metrics": {
        "RMSE": 0.35442690068734317,
        "LogLoss": 0.4195887458321294,
        "RMSE(bins)": 0.10693409570842947,
        "ICI": 0.046397021791745936
    },
    "user": 5105,
    "size": 68870
}