{
    "metrics": {
        "RMSE": 0.518613535673321,
        "LogLoss": 0.7322864311418857,
        "RMSE(bins)": 0.1973622737856044,
        "ICI": 0.14633566377223944
    },
    "user": 5661,
    "size": 3590
}