{
    "metrics": {
        "RMSE": 0.27520990348918306,
        "LogLoss": 0.28648391085044916,
        "RMSE(bins)": 0.013170047735452443,
        "ICI": 0.023126613517103968
    },
    "user": 5692,
    "size": 20435
}