{
    "metrics": {
        "RMSE": 0.16657911724460392,
        "LogLoss": 0.1492871394429039,
        "RMSE(bins)": 0.092289846642884,
        "ICI": 0.03979943869954818
    },
    "user": 5944,
    "size": 28460
}