{
    "metrics": {
        "RMSE": 0.3408801688714715,
        "LogLoss": 0.3952533568863009,
        "RMSE(bins)": 0.08602549790743833,
        "ICI": 0.02526964612736411
    },
    "user": 5957,
    "size": 4730
}