{
    "metrics": {
        "RMSE": 0.372207917837274,
        "LogLoss": 0.45532237906693945,
        "RMSE(bins)": 0.13731269599989035,
        "ICI": 0.06673469458415841
    },
    "user": 5991,
    "size": 57845
}