{
    "metrics": {
        "RMSE": 0.13637140317246224,
        "LogLoss": 0.0982950823727446,
        "RMSE(bins)": 0.025657318456194237,
        "ICI": 0.024647271960320793
    },
    "user": 6025,
    "size": 8955
}