{
    "metrics": {
        "RMSE": 0.31119775084764456,
        "LogLoss": 0.3441417546235922,
        "RMSE(bins)": 0.0881745127283988,
        "ICI": 0.014942705290462665
    },
    "user": 6204,
    "size": 13605
}