{
    "metrics": {
        "RMSE": 0.41663916314867466,
        "LogLoss": 0.5335321679052837,
        "RMSE(bins)": 0.18283301435794083,
        "ICI": 0.06166840511123896
    },
    "user": 6581,
    "size": 20870
}