{
    "metrics": {
        "RMSE": 0.2921964044112487,
        "LogLoss": 0.3217385324672379,
        "RMSE(bins)": 0.08240700104427484,
        "ICI": 0.043494393919067
    },
    "user": 6628,
    "size": 80915
}