{
    "metrics": {
        "RMSE": 0.0528823494346104,
        "LogLoss": 0.020075617751367587,
        "RMSE(bins)": 0.00142519953988407,
        "ICI": 0.0031944947110050578
    },
    "user": 6802,
    "size": 1430
}