{
    "metrics": {
        "RMSE": 0.174990640081329,
        "LogLoss": 0.15261538211578388,
        "RMSE(bins)": 0.03374074943351905,
        "ICI": 0.046071129813729426
    },
    "user": 6918,
    "size": 11180
}