{
    "metrics": {
        "RMSE": 0.2653602273275795,
        "LogLoss": 0.26999712716037305,
        "RMSE(bins)": 0.07099820411922426,
        "ICI": 0.007689567293434018
    },
    "user": 6961,
    "size": 67920
}