{
    "metrics": {
        "RMSE": 0.24687780836470175,
        "LogLoss": 0.24200220951991508,
        "RMSE(bins)": 0.049958862665268305,
        "ICI": 0.022418997260584713
    },
    "user": 7013,
    "size": 4665
}