{
    "metrics": {
        "RMSE": 0.47567385331131506,
        "LogLoss": 0.6442675319248939,
        "RMSE(bins)": 0.3409795436271436,
        "ICI": 0.27989466524128853
    },
    "user": 7068,
    "size": 26510
}