{
    "metrics": {
        "RMSE": 0.3492170580887221,
        "LogLoss": 0.4097910690149414,
        "RMSE(bins)": 0.14103746434136014,
        "ICI": 0.027037018782029087
    },
    "user": 7121,
    "size": 3250
}