{
    "metrics": {
        "RMSE": 0.17141863480580988,
        "LogLoss": 0.137896272191294,
        "RMSE(bins)": 0.04861909997570442,
        "ICI": 0.019592423756926405
    },
    "user": 7171,
    "size": 16015
}