{
    "metrics": {
        "RMSE": 0.4436246437310894,
        "LogLoss": 0.5838481975795572,
        "RMSE(bins)": 0.11523213234800833,
        "ICI": 0.04633171055638881
    },
    "user": 7180,
    "size": 23790
}