{
    "metrics": {
        "RMSE": 0.3559328870302344,
        "LogLoss": 0.4410809448227411,
        "RMSE(bins)": 0.169621209997897,
        "ICI": 0.056742003834816035
    },
    "user": 7227,
    "size": 26240
}