{
    "metrics": {
        "RMSE": 0.36634367116699124,
        "LogLoss": 0.44458439497852786,
        "RMSE(bins)": 0.11746088099768481,
        "ICI": 0.07892954058270782
    },
    "user": 7283,
    "size": 15300
}