{
    "metrics": {
        "RMSE": 0.42198688996793565,
        "LogLoss": 0.5451523790894489,
        "RMSE(bins)": 0.055704089858429714,
        "ICI": 0.04879781702071769
    },
    "user": 7293,
    "size": 9625
}