{
    "metrics": {
        "RMSE": 0.3063477484450397,
        "LogLoss": 0.33877355847626833,
        "RMSE(bins)": 0.07047604725441954,
        "ICI": 0.03273400973542488
    },
    "user": 7319,
    "size": 51370
}