{
    "metrics": {
        "RMSE": 0.2278251582339015,
        "LogLoss": 0.2174960340684902,
        "RMSE(bins)": 0.07544147824877538,
        "ICI": 0.04131343185436043
    },
    "user": 7508,
    "size": 2395
}