{
    "metrics": {
        "RMSE": 0.40901941892547805,
        "LogLoss": 0.5178034988555315,
        "RMSE(bins)": 0.20998837216610367,
        "ICI": 0.0436996249798608
    },
    "user": 7510,
    "size": 34465
}