{
    "metrics": {
        "RMSE": 0.2277239177707062,
        "LogLoss": 0.22609352534688446,
        "RMSE(bins)": 0.102966707123862,
        "ICI": 0.07971321864786067
    },
    "user": 7645,
    "size": 30855
}