{
    "metrics": {
        "RMSE": 0.4453753285617858,
        "LogLoss": 0.5863086480699008,
        "RMSE(bins)": 0.22334518399723532,
        "ICI": 0.1396260980729547
    },
    "user": 7722,
    "size": 75695
}