{
    "metrics": {
        "RMSE": 0.423086963852401,
        "LogLoss": 0.5480648054386805,
        "RMSE(bins)": 0.18819375930831522,
        "ICI": 0.0763293624420716
    },
    "user": 7926,
    "size": 18405
}