{
    "metrics": {
        "RMSE": 0.43092773332179074,
        "LogLoss": 0.5601884033821226,
        "RMSE(bins)": 0.17564975912493558,
        "ICI": 0.05128161682711976
    },
    "user": 8137,
    "size": 14430
}