{
    "metrics": {
        "RMSE": 0.18568703193467379,
        "LogLoss": 0.15568605564721752,
        "RMSE(bins)": 0.015349271227099594,
        "ICI": 0.016301215736784423
    },
    "user": 8178,
    "size": 14740
}