{
    "metrics": {
        "RMSE": 0.3474342879976041,
        "LogLoss": 0.40668183202785446,
        "RMSE(bins)": 0.05487798165896029,
        "ICI": 0.023848757547749778
    },
    "user": 8264,
    "size": 2670
}