{
    "metrics": {
        "RMSE": 0.30692836033845544,
        "LogLoss": 0.3378757375098959,
        "RMSE(bins)": 0.03525716399020504,
        "ICI": 0.03595238128159401
    },
    "user": 8331,
    "size": 83185
}