{
    "metrics": {
        "RMSE": 0.35407698247386366,
        "LogLoss": 0.41813664200716955,
        "RMSE(bins)": 0.026795075196026637,
        "ICI": 0.028219592279144744
    },
    "user": 8496,
    "size": 2730
}