{
    "metrics": {
        "RMSE": 0.41934919173317836,
        "LogLoss": 0.5389068694337177,
        "RMSE(bins)": 0.10556524208645844,
        "ICI": 0.057786923917426194
    },
    "user": 8519,
    "size": 4390
}