{
    "metrics": {
        "RMSE": 0.474210537787841,
        "LogLoss": 0.6423851411641579,
        "RMSE(bins)": 0.1517903091870071,
        "ICI": 0.1028006718783344
    },
    "user": 8765,
    "size": 525
}