{
    "metrics": {
        "RMSE": 0.3057279102447242,
        "LogLoss": 0.33583873369355965,
        "RMSE(bins)": 0.03485569399191181,
        "ICI": 0.02689225742305768
    },
    "user": 8776,
    "size": 2040
}