{
    "metrics": {
        "RMSE": 0.23707780998850148,
        "LogLoss": 0.23820500033885517,
        "RMSE(bins)": 0.08680702215237039,
        "ICI": 0.06903792720958539
    },
    "user": 8805,
    "size": 9095
}