{
    "metrics": {
        "RMSE": 0.3681492123836917,
        "LogLoss": 0.45843816920347125,
        "RMSE(bins)": 0.14815855411192316,
        "ICI": 0.0865801065700034
    },
    "user": 8884,
    "size": 67280
}