{
    "metrics": {
        "RMSE": 0.33449684243685357,
        "LogLoss": 0.4138661610745297,
        "RMSE(bins)": 0.09649569656169497,
        "ICI": 0.08865001628237805
    },
    "user": 9090,
    "size": 455
}