{
    "metrics": {
        "RMSE": 0.20700364955191472,
        "LogLoss": 0.18659411754995697,
        "RMSE(bins)": 0.0389354156550227,
        "ICI": 0.02870833613448647
    },
    "user": 9175,
    "size": 68695
}