{
    "metrics": {
        "RMSE": 0.3397352778287689,
        "LogLoss": 0.3947144010778737,
        "RMSE(bins)": 0.028365867457574176,
        "ICI": 0.040646434988921065
    },
    "user": 9217,
    "size": 29555
}