{
    "metrics": {
        "RMSE": 0.46472746305896123,
        "LogLoss": 0.6236353196780096,
        "RMSE(bins)": 0.16519252498189077,
        "ICI": 0.02895490242081751
    },
    "user": 9280,
    "size": 3190
}