{
    "metrics": {
        "RMSE": 0.47341327365370794,
        "LogLoss": 0.650131715541001,
        "RMSE(bins)": 0.1800900354092597,
        "ICI": 0.10324455131293349
    },
    "user": 943,
    "size": 3130
}