{
    "metrics": {
        "RMSE": 0.41406484640440544,
        "LogLoss": 0.5638427441077163,
        "RMSE(bins)": 0.13434747687614945,
        "ICI": 0.09675547738369049
    },
    "user": 9439,
    "size": 21635
}