{
    "metrics": {
        "RMSE": 0.47503329045892434,
        "LogLoss": 0.6442626012432682,
        "RMSE(bins)": 0.13522242167280105,
        "ICI": 0.057891877153535776
    },
    "user": 9600,
    "size": 1830
}