{
    "metrics": {
        "RMSE": 0.28235247615086995,
        "LogLoss": 0.29839271810461454,
        "RMSE(bins)": 0.20326018944243857,
        "ICI": 0.028081020707684815
    },
    "user": 9786,
    "size": 158780
}