{
    "metrics": {
        "RMSE": 0.3641488650318796,
        "LogLoss": 0.45084328445853866,
        "RMSE(bins)": 0.1236706728031366,
        "ICI": 0.0668937165096767
    },
    "user": 10007,
    "size": 4420,
    "weights": [
        0.0017,
        0.3206,
        0.4881,
        -0.9539,
        0.001
    ]
}