{
    "metrics": {
        "RMSE": 0.4031698770475194,
        "LogLoss": 0.4976905692086081,
        "RMSE(bins)": 0.2699868085464175,
        "ICI": 0.21501419948935602
    },
    "user": 10396,
    "size": 65030,
    "weights": [
        0.0642,
        0.0024,
        0.9867,
        -0.8428,
        0.0161
    ]
}