{
    "metrics": {
        "RMSE": 0.34020535904018695,
        "LogLoss": 0.39394794142362033,
        "RMSE(bins)": 0.0379742595116934,
        "ICI": 0.0320226731395486
    },
    "user": 10404,
    "size": 13810,
    "weights": [
        0.0083,
        0.1815,
        0.6414,
        -0.9285,
        0.1289
    ]
}