{
    "metrics": {
        "RMSE": 0.30117941646120605,
        "LogLoss": 0.3308821412939926,
        "RMSE(bins)": 0.11192002388306921,
        "ICI": 0.037153701616353216
    },
    "user": 10408,
    "size": 4420,
    "weights": [
        0.0029,
        0.4009,
        0.4857,
        -0.9629,
        0.001
    ]
}