{
    "metrics": {
        "RMSE": 0.33863352258682766,
        "LogLoss": 0.394341312070227,
        "RMSE(bins)": 0.089805285091822,
        "ICI": 0.047164124236922275
    },
    "user": 10512,
    "size": 54495,
    "weights": [
        0.001,
        0.1404,
        0.77,
        -1.0314,
        0.1705
    ]
}