{
    "metrics": {
        "RMSE": 0.314642858013683,
        "LogLoss": 0.3477455138557525,
        "RMSE(bins)": 0.08370849789186922,
        "ICI": 0.010435371618850565
    },
    "user": 10533,
    "size": 98460,
    "weights": [
        0.0921,
        0.42,
        0.3394,
        -1.3713,
        0.011
    ]
}