{
    "metrics": {
        "RMSE": 0.3079554821529156,
        "LogLoss": 0.33533422829372067,
        "RMSE(bins)": 0.12217522565570818,
        "ICI": 0.038011549232297645
    },
    "user": 10686,
    "size": 174110,
    "weights": [
        0.0506,
        0.0597,
        0.9629,
        -1.7668,
        0.0957
    ]
}