{
    "metrics": {
        "RMSE": 0.4278366522617498,
        "LogLoss": 0.5507281737469806,
        "RMSE(bins)": 0.14015287504851542,
        "ICI": 0.05426075646454292
    },
    "user": 1083,
    "size": 94150,
    "weights": [
        0.1114,
        0.7571,
        0.3979,
        -1.633,
        0.0116
    ]
}