{
    "metrics": {
        "RMSE": 0.33316239872475845,
        "LogLoss": 0.3852034029087451,
        "RMSE(bins)": 0.1512689983017636,
        "ICI": 0.0792261429110221
    },
    "user": 10895,
    "size": 21610,
    "weights": [
        0.001,
        0.6332,
        0.5434,
        -0.9434,
        0.0418
    ]
}