{
    "metrics": {
        "RMSE": 0.24668710522619833,
        "LogLoss": 0.24989893281260644,
        "RMSE(bins)": 0.10511244046915913,
        "ICI": 0.044755264691581614
    },
    "user": 1094,
    "size": 5050,
    "weights": [
        0.001,
        0.0965,
        0.5285,
        -0.9915,
        0.002
    ]
}