{
    "metrics": {
        "RMSE": 0.20019006009738166,
        "LogLoss": 0.18440000181913543,
        "RMSE(bins)": 0.07786307944064051,
        "ICI": 0.06604713219122792
    },
    "user": 1106,
    "size": 38120,
    "weights": [
        0.0011,
        0.4532,
        0.4659,
        -1.2205,
        0.0141
    ]
}