{
    "metrics": {
        "RMSE": 0.4776360583128399,
        "LogLoss": 0.6520797194378524,
        "RMSE(bins)": 0.2259236311511588,
        "ICI": 0.07884175107317852
    },
    "user": 11172,
    "size": 10560,
    "weights": [
        0.055,
        0.3986,
        0.5731,
        -0.8761,
        0.1904
    ]
}