{
    "metrics": {
        "RMSE": 0.2847938749414184,
        "LogLoss": 0.30439542659266866,
        "RMSE(bins)": 0.07936164513430606,
        "ICI": 0.027447273256157072
    },
    "user": 11244,
    "size": 5915,
    "weights": [
        0.0023,
        0.1754,
        0.4934,
        -1.0287,
        0.001
    ]
}