{
    "metrics": {
        "RMSE": 0.1872916217704983,
        "LogLoss": 0.1569526483200486,
        "RMSE(bins)": 0.023710803050479217,
        "ICI": 0.010591631772127626
    },
    "user": 11256,
    "size": 27825,
    "weights": [
        0.0216,
        0.2132,
        0.3774,
        -1.2491,
        0.0041
    ]
}