{
    "metrics": {
        "RMSE": 0.4646346496886869,
        "LogLoss": 0.6678015122889281,
        "RMSE(bins)": 0.18265837293485052,
        "ICI": 0.12313151823386663
    },
    "user": 11298,
    "size": 4105,
    "weights": [
        0.0254,
        0.4422,
        0.5425,
        -0.891,
        0.0013
    ]
}