{
    "metrics": {
        "RMSE": 0.35837120768794967,
        "LogLoss": 0.42812289346898563,
        "RMSE(bins)": 0.14169594352306714,
        "ICI": 0.03417545908792774
    },
    "user": 1139,
    "size": 3870,
    "weights": [
        0.0278,
        0.2219,
        0.5486,
        -0.9067,
        0.001
    ]
}