{
    "metrics": {
        "RMSE": 0.13282968459609099,
        "LogLoss": 0.09456540185473662,
        "RMSE(bins)": 0.0599075239034704,
        "ICI": 0.030786819972025637
    },
    "user": 11406,
    "size": 2270,
    "weights": [
        0.001,
        0.0665,
        0.3097,
        -1.006,
        0.001
    ]
}