{
    "metrics": {
        "RMSE": 0.2856694447884564,
        "LogLoss": 0.29623697579440206,
        "RMSE(bins)": 0.048968430134497344,
        "ICI": 0.01189201461115938
    },
    "user": 11464,
    "size": 28740,
    "weights": [
        0.0023,
        0.0713,
        0.6089,
        -0.951,
        0.0055
    ]
}