{
    "metrics": {
        "RMSE": 0.38478188380962336,
        "LogLoss": 0.4921041880816942,
        "RMSE(bins)": 0.09322728323923297,
        "ICI": 0.05302684545898158
    },
    "user": 11528,
    "size": 14940,
    "weights": [
        0.0048,
        0.2781,
        0.5848,
        -0.8886,
        0.1099
    ]
}