{
    "metrics": {
        "RMSE": 0.12982792820792743,
        "LogLoss": 0.09430182530887954,
        "RMSE(bins)": 0.02689241356466494,
        "ICI": 0.02186535634704849
    },
    "user": 11776,
    "size": 2565,
    "weights": [
        0.001,
        0.001,
        0.3732,
        -0.9947,
        0.001
    ]
}