{
    "metrics": {
        "RMSE": 0.3652731136318276,
        "LogLoss": 0.4490872602491867,
        "RMSE(bins)": 0.08891541545701233,
        "ICI": 0.04797920502860125
    },
    "user": 11861,
    "size": 4990,
    "weights": [
        0.001,
        0.1654,
        0.646,
        -0.9616,
        0.0032
    ]
}