{
    "metrics": {
        "RMSE": 0.27228120847823967,
        "LogLoss": 0.2761853458896916,
        "RMSE(bins)": 0.09822615625568369,
        "ICI": 0.009577117052159276
    },
    "user": 11974,
    "size": 7225,
    "weights": [
        0.001,
        0.1426,
        0.5192,
        -0.9823,
        0.001
    ]
}