{
    "metrics": {
        "RMSE": 0.4367776940777126,
        "LogLoss": 0.5759436450749903,
        "RMSE(bins)": 0.13837040884825033,
        "ICI": 0.07379610022378989
    },
    "user": 11984,
    "size": 2360,
    "weights": [
        0.0216,
        0.2698,
        0.679,
        -0.8358,
        0.1209
    ]
}