{
    "metrics": {
        "RMSE": 0.3964958661854082,
        "LogLoss": 0.5108209679002668,
        "RMSE(bins)": 0.13199491440325167,
        "ICI": 0.08448142968949551
    },
    "user": 12401,
    "size": 725,
    "weights": [
        0.0403,
        0.1189,
        0.4041,
        -0.841,
        0.0013
    ]
}