{
    "metrics": {
        "RMSE": 0.23545231397195723,
        "LogLoss": 0.22390705196110233,
        "RMSE(bins)": 0.008951127410341745,
        "ICI": 0.013930714374186987
    },
    "user": 12418,
    "size": 126440,
    "weights": [
        0.001,
        0.5848,
        0.5691,
        -1.6002,
        0.1949
    ]
}