{
    "metrics": {
        "RMSE": 0.3636524050405275,
        "LogLoss": 0.4351257335076056,
        "RMSE(bins)": 0.12560847452613663,
        "ICI": 0.034220606701905645
    },
    "user": 12474,
    "size": 17950,
    "weights": [
        0.012,
        0.5166,
        0.5333,
        -0.9906,
        0.001
    ]
}