{
    "metrics": {
        "RMSE": 0.3766402438901252,
        "LogLoss": 0.48496669849232193,
        "RMSE(bins)": 0.19824989992250966,
        "ICI": 0.09236128020448095
    },
    "user": 12678,
    "size": 3225,
    "weights": [
        0.001,
        0.2448,
        0.6474,
        -0.8862,
        0.001
    ]
}