{
    "metrics": {
        "RMSE": 0.3713777139231579,
        "LogLoss": 0.45346736529088527,
        "RMSE(bins)": 0.10931091654380465,
        "ICI": 0.05021083732615013
    },
    "user": 12744,
    "size": 25530,
    "weights": [
        0.0161,
        0.3616,
        0.5425,
        -1.1211,
        0.0118
    ]
}