{
    "metrics": {
        "RMSE": 0.3067089494314011,
        "LogLoss": 0.3393134233783831,
        "RMSE(bins)": 0.04954793721875543,
        "ICI": 0.031148826484435347
    },
    "user": 12781,
    "size": 2605,
    "weights": [
        0.0014,
        0.1267,
        0.5374,
        -0.8726,
        0.0248
    ]
}