{
    "metrics": {
        "RMSE": 0.1419892349902147,
        "LogLoss": 0.10188580731281449,
        "RMSE(bins)": 0.03368985698940203,
        "ICI": 0.01964321742769881
    },
    "user": 13095,
    "size": 4220,
    "weights": [
        0.001,
        0.1146,
        0.3771,
        -0.8738,
        0.039
    ]
}