{
    "metrics": {
        "RMSE": 0.4027695885308003,
        "LogLoss": 0.5270653919413296,
        "RMSE(bins)": 0.09997871112651767,
        "ICI": 0.06622997261714061
    },
    "user": 13202,
    "size": 3265,
    "weights": [
        0.0145,
        0.3763,
        0.581,
        -0.8263,
        0.0043
    ]
}