{
    "metrics": {
        "RMSE": 0.12023788719016713,
        "LogLoss": 0.07354507465185348,
        "RMSE(bins)": 0.005420287141087998,
        "ICI": 0.005137345646401515
    },
    "user": 13278,
    "size": 411680,
    "weights": [
        0.0033,
        0.0224,
        0.691,
        -2.0491,
        0.0065
    ]
}