{
    "metrics": {
        "RMSE": 0.6332512386224002,
        "LogLoss": 1.2150479381335375,
        "RMSE(bins)": 0.5658239006090628,
        "ICI": 0.4474377576161883
    },
    "user": 13318,
    "size": 2845,
    "weights": [
        0.0242,
        0.3642,
        0.6165,
        -0.7722,
        0.1547
    ]
}