{
    "metrics": {
        "RMSE": 0.28078197376335556,
        "LogLoss": 0.29492908378256577,
        "RMSE(bins)": 0.017496890452739222,
        "ICI": 0.016649614751158375
    },
    "user": 13584,
    "size": 83265,
    "weights": [
        0.0123,
        0.5839,
        0.4859,
        -1.3475,
        0.0352
    ]
}