{
    "metrics": {
        "RMSE": 0.5281202166566188,
        "LogLoss": 0.7627900927405019,
        "RMSE(bins)": 0.2438023169600112,
        "ICI": 0.1987769202349381
    },
    "user": 13614,
    "size": 810,
    "weights": [
        0.0858,
        0.2046,
        0.4324,
        -0.7771,
        0.0822
    ]
}