{
    "metrics": {
        "RMSE": 0.056767285189122815,
        "LogLoss": 0.03726262220870166,
        "RMSE(bins)": 0.03854130570202565,
        "ICI": 0.030331618974534173
    },
    "user": 137,
    "size": 8815,
    "weights": [
        0.001,
        0.0017,
        0.3376,
        -1.2912,
        0.001
    ]
}