{
    "metrics": {
        "RMSE": 0.5080134531634269,
        "LogLoss": 0.7130453109521447,
        "RMSE(bins)": 0.23033270212854817,
        "ICI": 0.10946106141451882
    },
    "user": 13731,
    "size": 10035,
    "weights": [
        0.0308,
        0.4963,
        0.793,
        -0.7419,
        0.124
    ]
}