{
    "metrics": {
        "RMSE": 0.39250690956506973,
        "LogLoss": 0.4907859231858895,
        "RMSE(bins)": 0.15557114198164984,
        "ICI": 0.09097151571941949
    },
    "user": 1375,
    "size": 13225,
    "weights": [
        0.001,
        0.2349,
        0.5625,
        -0.8832,
        0.0465
    ]
}