{
    "metrics": {
        "RMSE": 0.34940802946027316,
        "LogLoss": 0.4100250026462151,
        "RMSE(bins)": 0.12707227303183072,
        "ICI": 0.02444039406275266
    },
    "user": 13850,
    "size": 80885,
    "weights": [
        0.0672,
        0.3468,
        0.6667,
        -1.5182,
        0.0142
    ]
}