{
    "metrics": {
        "RMSE": 0.2319043161995814,
        "LogLoss": 0.2784675534253306,
        "RMSE(bins)": 0.08193276822488656,
        "ICI": 0.04381710564098819
    },
    "user": 13931,
    "size": 2720,
    "weights": [
        0.001,
        0.0647,
        0.421,
        -0.9369,
        0.0016
    ]
}