{
    "metrics": {
        "RMSE": 0.4016707593544541,
        "LogLoss": 0.5113165729901166,
        "RMSE(bins)": 0.15011935059474932,
        "ICI": 0.06587142841194737
    },
    "user": 1401,
    "size": 1230,
    "weights": [
        0.0372,
        0.1488,
        0.376,
        -0.8505,
        0.001
    ]
}