{
    "metrics": {
        "RMSE": 0.4643393468963795,
        "LogLoss": 0.6503124244905267,
        "RMSE(bins)": 0.13972461889614016,
        "ICI": 0.12230220162374651
    },
    "user": 14116,
    "size": 3595,
    "weights": [
        0.0579,
        0.3145,
        0.4134,
        -0.8067,
        0.0113
    ]
}