{
    "metrics": {
        "RMSE": 0.17675143541490468,
        "LogLoss": 0.14567797236148383,
        "RMSE(bins)": 0.07465377093732,
        "ICI": 0.019711799077219212
    },
    "user": 14273,
    "size": 31300,
    "weights": [
        0.0042,
        0.2163,
        0.4182,
        -1.0879,
        0.0411
    ]
}