{
    "metrics": {
        "RMSE": 0.26586564263221707,
        "LogLoss": 0.26862532839444153,
        "RMSE(bins)": 0.08181890219612649,
        "ICI": 0.018613935200958904
    },
    "user": 14282,
    "size": 14485,
    "weights": [
        0.0025,
        0.2108,
        0.5002,
        -1.0012,
        0.0195
    ]
}