{
    "metrics": {
        "RMSE": 0.36113510404773896,
        "LogLoss": 0.4281932789528222,
        "RMSE(bins)": 0.05156568170509435,
        "ICI": 0.0314003990486738
    },
    "user": 1438,
    "size": 18945,
    "weights": [
        0.0109,
        0.143,
        0.7036,
        -0.9471,
        0.001
    ]
}