{
    "metrics": {
        "RMSE": 0.2505353389681908,
        "LogLoss": 0.24828068173627788,
        "RMSE(bins)": 0.05208567209922149,
        "ICI": 0.024483429213711386
    },
    "user": 14500,
    "size": 31270,
    "weights": [
        0.0019,
        0.3074,
        0.4816,
        -1.0938,
        0.0323
    ]
}