{
    "metrics": {
        "RMSE": 0.46523758878686466,
        "LogLoss": 0.6258470021193914,
        "RMSE(bins)": 0.08749121278015717,
        "ICI": 0.07834709100606708
    },
    "user": 14659,
    "size": 8170,
    "weights": [
        0.0197,
        0.2693,
        0.6519,
        -0.7806,
        0.1736
    ]
}