{
    "metrics": {
        "RMSE": 0.10150906324026493,
        "LogLoss": 0.06491713110585252,
        "RMSE(bins)": 0.03795951983208701,
        "ICI": 0.016334370526723322
    },
    "user": 14719,
    "size": 20635,
    "weights": [
        0.0012,
        0.4023,
        0.2872,
        -1.2835,
        0.0096
    ]
}