{
    "metrics": {
        "RMSE": 0.4018641274696199,
        "LogLoss": 0.5297851993822972,
        "RMSE(bins)": 0.10680007219976455,
        "ICI": 0.08371232929357766
    },
    "user": 14716,
    "size": 980,
    "weights": [
        0.0441,
        0.1285,
        0.3926,
        -0.8386,
        0.0018
    ]
}