{
    "metrics": {
        "RMSE": 0.29473571932240455,
        "LogLoss": 0.32131571824463984,
        "RMSE(bins)": 0.27238324523658725,
        "ICI": 0.2381743469290382
    },
    "user": 14775,
    "size": 615,
    "weights": [
        0.001,
        0.0894,
        0.3884,
        -0.8764,
        0.001
    ]
}