{
    "metrics": {
        "RMSE": 0.33965774263655374,
        "LogLoss": 0.39306016668716676,
        "RMSE(bins)": 0.01786450501465833,
        "ICI": 0.012331190365062186
    },
    "user": 14941,
    "size": 54980,
    "weights": [
        0.005,
        0.4529,
        0.5618,
        -1.1186,
        0.1046
    ]
}