{
    "metrics": {
        "RMSE": 0.4588792525296647,
        "LogLoss": 0.6970427208116977,
        "RMSE(bins)": 0.2370927466164063,
        "ICI": 0.1451901745056977
    },
    "user": 14992,
    "size": 1125,
    "weights": [
        0.0453,
        0.1952,
        0.385,
        -0.831,
        0.0184
    ]
}