{
    "metrics": {
        "RMSE": 0.25304030011236095,
        "LogLoss": 0.24931090571521505,
        "RMSE(bins)": 0.06358594598459877,
        "ICI": 0.016843133263794226
    },
    "user": 15049,
    "size": 15360,
    "weights": [
        0.001,
        0.1811,
        0.4723,
        -1.0645,
        0.014
    ]
}