{
    "metrics": {
        "RMSE": 0.4500336931145719,
        "LogLoss": 0.6127175940763181,
        "RMSE(bins)": 0.2538362172848741,
        "ICI": 0.09501051654253899
    },
    "user": 15061,
    "size": 3795,
    "weights": [
        0.0032,
        0.4415,
        0.6875,
        -0.8023,
        0.0703
    ]
}