{
    "metrics": {
        "RMSE": 0.060827066170253886,
        "LogLoss": 0.03691044600922183,
        "RMSE(bins)": 0.0268509913086516,
        "ICI": 0.023946910575302505
    },
    "user": 15171,
    "size": 6980,
    "weights": [
        0.001,
        0.0409,
        0.2568,
        -1.1182,
        0.0014
    ]
}