{
    "metrics": {
        "RMSE": 0.20688596852044278,
        "LogLoss": 0.19075073842150134,
        "RMSE(bins)": 0.02524769465718909,
        "ICI": 0.015801927287230514
    },
    "user": 15300,
    "size": 96970,
    "weights": [
        0.0252,
        0.4392,
        0.4621,
        -1.7245,
        0.0596
    ]
}