{
    "metrics": {
        "RMSE": 0.48651367473650603,
        "LogLoss": 0.6668486285890142,
        "RMSE(bins)": 0.21159579414352128,
        "ICI": 0.08093607908970542
    },
    "user": 15334,
    "size": 67720,
    "weights": [
        0.0353,
        0.362,
        0.8716,
        -0.9615,
        0.1896
    ]
}