{
    "metrics": {
        "RMSE": 0.3141091799402702,
        "LogLoss": 0.3550570787307255,
        "RMSE(bins)": 0.13448417609538843,
        "ICI": 0.1077271311696067
    },
    "user": 15500,
    "size": 506460,
    "weights": [
        0.0457,
        0.1396,
        0.9994,
        -1.6651,
        0.0449
    ]
}