{
    "metrics": {
        "RMSE": 0.4983581795687999,
        "LogLoss": 0.6902088796850897,
        "RMSE(bins)": 0.19443087863726022,
        "ICI": 0.040603790396636405
    },
    "user": 15535,
    "size": 46300,
    "weights": [
        0.1125,
        0.3101,
        0.9811,
        -0.7968,
        0.2096
    ]
}