{
    "metrics": {
        "RMSE": 0.2617907116630081,
        "LogLoss": 0.29082981435011657,
        "RMSE(bins)": 0.05114823073847291,
        "ICI": 0.03944984427927807
    },
    "user": 15559,
    "size": 6185,
    "weights": [
        0.001,
        0.1752,
        0.4713,
        -1.0066,
        0.0096
    ]
}