{
    "metrics": {
        "RMSE": 0.3403935323514456,
        "LogLoss": 0.39223661063546356,
        "RMSE(bins)": 0.16955813061046038,
        "ICI": 0.022100710523452954
    },
    "user": 15709,
    "size": 5230,
    "weights": [
        0.001,
        0.2567,
        0.5971,
        -0.9588,
        0.001
    ]
}