{
    "metrics": {
        "RMSE": 0.15484761120898863,
        "LogLoss": 0.13449978337013588,
        "RMSE(bins)": 0.02608787608332729,
        "ICI": 0.02222179753246405
    },
    "user": 15759,
    "size": 3655,
    "weights": [
        0.001,
        0.2608,
        0.3258,
        -0.9275,
        0.001
    ]
}