{
    "metrics": {
        "RMSE": 0.2922258785198306,
        "LogLoss": 0.31458727884872634,
        "RMSE(bins)": 0.06578198220571747,
        "ICI": 0.02197468203613459
    },
    "user": 15767,
    "size": 15395,
    "weights": [
        0.001,
        0.1731,
        0.5615,
        -1.0278,
        0.0225
    ]
}