{
    "metrics": {
        "RMSE": 0.30936700464964767,
        "LogLoss": 0.34180593107627416,
        "RMSE(bins)": 0.05592671042401109,
        "ICI": 0.03254363089767448
    },
    "user": 15835,
    "size": 2675,
    "weights": [
        0.0024,
        0.1305,
        0.478,
        -0.8932,
        0.0142
    ]
}