{
    "metrics": {
        "RMSE": 0.07861535278243804,
        "LogLoss": 0.04944979453258607,
        "RMSE(bins)": 0.026984354789211257,
        "ICI": 0.018064792096041053
    },
    "user": 16101,
    "size": 2680,
    "weights": [
        0.001,
        0.0019,
        0.326,
        -0.9623,
        0.001
    ]
}