{
    "metrics": {
        "RMSE": 0.37110363757680837,
        "LogLoss": 0.4579670861314923,
        "RMSE(bins)": 0.10577469853971952,
        "ICI": 0.08520964978675379
    },
    "user": 16120,
    "size": 1585,
    "weights": [
        0.0033,
        0.2053,
        0.3958,
        -0.8772,
        0.001
    ]
}