{
    "metrics": {
        "RMSE": 0.2680481667603623,
        "LogLoss": 0.28042558236804155,
        "RMSE(bins)": 0.0664636304483002,
        "ICI": 0.0329970707998543
    },
    "user": 16191,
    "size": 44275,
    "weights": [
        0.001,
        0.2844,
        0.497,
        -1.12,
        0.1572
    ]
}