{
    "metrics": {
        "RMSE": 0.3834402508762781,
        "LogLoss": 0.5225475739545453,
        "RMSE(bins)": 0.11100864532458736,
        "ICI": 0.09079568318124015
    },
    "user": 16374,
    "size": 3555,
    "weights": [
        0.001,
        0.1294,
        0.5992,
        -0.9222,
        0.0032
    ]
}