{
    "metrics": {
        "RMSE": 0.45000279910680135,
        "LogLoss": 0.5971998926660913,
        "RMSE(bins)": 0.07569639620228882,
        "ICI": 0.06834527697084926
    },
    "user": 16413,
    "size": 37625,
    "weights": [
        0.0071,
        0.4309,
        0.7648,
        -1.0263,
        0.1432
    ]
}