{
    "metrics": {
        "RMSE": 0.28745667268234726,
        "LogLoss": 0.30134578288914216,
        "RMSE(bins)": 0.02463536254032897,
        "ICI": 0.015911121774515844
    },
    "user": 16470,
    "size": 91265,
    "weights": [
        0.0941,
        0.507,
        0.2768,
        -1.3989,
        0.009
    ]
}