{
    "metrics": {
        "RMSE": 0.08610452953642567,
        "LogLoss": 0.05171430723058676,
        "RMSE(bins)": 0.017140575803687882,
        "ICI": 0.012074494153951018
    },
    "user": 16497,
    "size": 4205,
    "weights": [
        0.001,
        0.001,
        0.3688,
        -1.0354,
        0.001
    ]
}