{
    "metrics": {
        "RMSE": 0.09334777202371888,
        "LogLoss": 0.05502470982388161,
        "RMSE(bins)": 0.06219364619064275,
        "ICI": 0.028088098192973265
    },
    "user": 16699,
    "size": 36950,
    "weights": [
        0.0067,
        0.2159,
        0.2417,
        -1.167,
        0.0147
    ]
}