{
    "metrics": {
        "RMSE": 0.3831021671483374,
        "LogLoss": 0.46935761633599776,
        "RMSE(bins)": 0.14395438135202598,
        "ICI": 0.019595936786759065
    },
    "user": 16865,
    "size": 238535,
    "weights": [
        0.0356,
        0.3239,
        0.8876,
        -1.608,
        0.0589
    ]
}