{
    "metrics": {
        "RMSE": 0.19071624285230512,
        "LogLoss": 0.15933374335917222,
        "RMSE(bins)": 0.0414093245778624,
        "ICI": 0.014033882100152634
    },
    "user": 16987,
    "size": 51065,
    "weights": [
        0.0031,
        0.162,
        0.3907,
        -1.142,
        0.0081
    ]
}