{
    "metrics": {
        "RMSE": 0.43022881598604595,
        "LogLoss": 0.5600704041694462,
        "RMSE(bins)": 0.17721755827022467,
        "ICI": 0.05185271404464485
    },
    "user": 17034,
    "size": 6360,
    "weights": [
        0.0385,
        0.2926,
        0.5181,
        -0.8894,
        0.1659
    ]
}