{
    "metrics": {
        "RMSE": 0.35240925967686937,
        "LogLoss": 0.41433637616119745,
        "RMSE(bins)": 0.09345111202872199,
        "ICI": 0.01661951047980044
    },
    "user": 17191,
    "size": 38055,
    "weights": [
        0.0115,
        0.2385,
        0.6408,
        -1.0952,
        0.0184
    ]
}