{
    "metrics": {
        "RMSE": 0.3668440746469093,
        "LogLoss": 0.4445318617760732,
        "RMSE(bins)": 0.11176051964800168,
        "ICI": 0.04274204662639754
    },
    "user": 17201,
    "size": 26465,
    "weights": [
        0.0383,
        0.4251,
        0.4408,
        -1.1129,
        0.0121
    ]
}