{
    "metrics": {
        "RMSE": 0.3007390237879915,
        "LogLoss": 0.32681935711817717,
        "RMSE(bins)": 0.0663394876491718,
        "ICI": 0.01051292701138422
    },
    "user": 1734,
    "size": 79900,
    "weights": [
        0.0263,
        0.3732,
        0.4752,
        -1.2992,
        0.1125
    ]
}