{
    "metrics": {
        "RMSE": 0.4627115956777071,
        "LogLoss": 0.6188256535182045,
        "RMSE(bins)": 0.2289100081238428,
        "ICI": 0.14124839457516983
    },
    "user": 17360,
    "size": 3390,
    "weights": [
        0.0506,
        0.3205,
        0.5889,
        -0.8164,
        0.0358
    ]
}