{
    "metrics": {
        "RMSE": 0.08048068694751788,
        "LogLoss": 0.05331938031364349,
        "RMSE(bins)": 0.03987023130935308,
        "ICI": 0.03670488373219544
    },
    "user": 174,
    "size": 4760,
    "weights": [
        0.001,
        0.049,
        0.3189,
        -1.0153,
        0.001
    ]
}