{
    "metrics": {
        "RMSE": 0.3265890175435401,
        "LogLoss": 0.37312074504168974,
        "RMSE(bins)": 0.09271269296237175,
        "ICI": 0.0796870598957092
    },
    "user": 17419,
    "size": 80755,
    "weights": [
        0.0847,
        0.2864,
        0.5269,
        -1.4031,
        0.1005
    ]
}