{
    "metrics": {
        "RMSE": 0.30686890583493254,
        "LogLoss": 0.3453933598663126,
        "RMSE(bins)": 0.08208127406331063,
        "ICI": 0.043304001211781816
    },
    "user": 17546,
    "size": 7595,
    "weights": [
        0.001,
        0.1712,
        0.5693,
        -0.9984,
        0.002
    ]
}