{
    "metrics": {
        "RMSE": 0.3214197509759033,
        "LogLoss": 0.361759461663059,
        "RMSE(bins)": 0.11530620775452766,
        "ICI": 0.02707607166201574
    },
    "user": 17563,
    "size": 92000,
    "weights": [
        0.001,
        0.8602,
        0.5651,
        -1.1065,
        0.013
    ]
}