{
    "metrics": {
        "RMSE": 0.4723904640537721,
        "LogLoss": 0.6379958231944938,
        "RMSE(bins)": 0.061016193450200866,
        "ICI": 0.052614704486914125
    },
    "user": 17943,
    "size": 13425,
    "weights": [
        0.0856,
        0.2629,
        0.5859,
        -0.7402,
        0.2123
    ]
}