{
    "metrics": {
        "RMSE": 0.34115238385425056,
        "LogLoss": 0.4012655788167425,
        "RMSE(bins)": 0.15785322496816137,
        "ICI": 0.10166305490015731
    },
    "user": 18030,
    "size": 3695,
    "weights": [
        0.001,
        0.2257,
        0.6784,
        -0.8225,
        0.008
    ]
}