{
    "metrics": {
        "RMSE": 0.313456113368104,
        "LogLoss": 0.3558500377137543,
        "RMSE(bins)": 0.04143352522592773,
        "ICI": 0.03336938444076921
    },
    "user": 18037,
    "size": 5670,
    "weights": [
        0.001,
        0.411,
        0.5055,
        -1.0038,
        0.0021
    ]
}