{
    "metrics": {
        "RMSE": 0.5224135612817826,
        "LogLoss": 0.7610623741727809,
        "RMSE(bins)": 0.23320842490663776,
        "ICI": 0.175416279474859
    },
    "user": 18057,
    "size": 1350,
    "weights": [
        0.0439,
        0.3008,
        0.4001,
        -0.8213,
        0.0747
    ]
}