{
    "metrics": {
        "RMSE": 0.2201472939986572,
        "LogLoss": 0.20647631001577657,
        "RMSE(bins)": 0.06350278931368329,
        "ICI": 0.058912104484651416
    },
    "user": 18105,
    "size": 1625,
    "weights": [
        0.0018,
        0.1383,
        0.3653,
        -0.8852,
        0.001
    ]
}