{
    "metrics": {
        "RMSE": 0.25650023150261025,
        "LogLoss": 0.2567369719139278,
        "RMSE(bins)": 0.0648926433887605,
        "ICI": 0.013069405755289205
    },
    "user": 18408,
    "size": 23230,
    "weights": [
        0.012,
        0.3842,
        0.3993,
        -1.1288,
        0.0116
    ]
}