{
    "metrics": {
        "RMSE": 0.35322577078267736,
        "LogLoss": 0.41094942499257675,
        "RMSE(bins)": 0.12992725322644036,
        "ICI": 0.03701705819305926
    },
    "user": 18487,
    "size": 38390,
    "weights": [
        0.0769,
        0.2914,
        0.4061,
        -1.2744,
        0.0163
    ]
}