{
    "metrics": {
        "RMSE": 0.3591506027956961,
        "LogLoss": 0.44084641980301725,
        "RMSE(bins)": 0.09966852123568747,
        "ICI": 0.05822103693537279
    },
    "user": 18536,
    "size": 3055,
    "weights": [
        0.0035,
        0.1638,
        0.5533,
        -0.8745,
        0.1088
    ]
}