{
    "metrics": {
        "RMSE": 0.38241526711253876,
        "LogLoss": 0.4711382240159728,
        "RMSE(bins)": 0.1356979775878454,
        "ICI": 0.043910401883934094
    },
    "user": 18878,
    "size": 6595,
    "weights": [
        0.001,
        0.3018,
        0.6138,
        -0.8198,
        0.0785
    ]
}