{
    "metrics": {
        "RMSE": 0.21083354669486676,
        "LogLoss": 0.20729165831978288,
        "RMSE(bins)": 0.0476897138169927,
        "ICI": 0.03913317991177861
    },
    "user": 19140,
    "size": 6150,
    "weights": [
        0.001,
        0.1924,
        0.4591,
        -0.9947,
        0.0089
    ]
}