{
    "metrics": {
        "RMSE": 0.36904152069680835,
        "LogLoss": 0.44333312906438216,
        "RMSE(bins)": 0.1407189363925968,
        "ICI": 0.029904312841895098
    },
    "user": 19180,
    "size": 53830,
    "weights": [
        0.0553,
        0.2858,
        0.5098,
        -1.0879,
        0.1812
    ]
}