{
    "metrics": {
        "RMSE": 0.3763039861370858,
        "LogLoss": 0.458325438749731,
        "RMSE(bins)": 0.04657123467840255,
        "ICI": 0.04094777850386374
    },
    "user": 19403,
    "size": 17345,
    "weights": [
        0.001,
        0.3457,
        0.6362,
        -0.9081,
        0.0934
    ]
}