{
    "metrics": {
        "RMSE": 0.49074986828477557,
        "LogLoss": 0.6851462251916337,
        "RMSE(bins)": 0.16474359934666818,
        "ICI": 0.0972572736277889
    },
    "user": 1945,
    "size": 6955,
    "weights": [
        0.0252,
        0.3628,
        0.8562,
        -0.8102,
        0.1367
    ]
}