{
    "metrics": {
        "RMSE": 0.3387431248949466,
        "LogLoss": 0.391634547882594,
        "RMSE(bins)": 0.10735847093982791,
        "ICI": 0.04017871452196193
    },
    "user": 19665,
    "size": 60235,
    "weights": [
        0.0047,
        0.1354,
        0.7932,
        -0.9404,
        0.1755
    ]
}