{
    "metrics": {
        "RMSE": 0.2453395180651437,
        "LogLoss": 0.22973577339097118,
        "RMSE(bins)": 0.06949608344542262,
        "ICI": 0.005988386870389731
    },
    "user": 2086,
    "size": 26700,
    "weights": [
        0.0022,
        0.0183,
        0.5743,
        -0.954,
        0.0078
    ]
}