{
    "metrics": {
        "RMSE": 0.3292026058993771,
        "LogLoss": 0.3766009896582341,
        "RMSE(bins)": 0.08316198903443767,
        "ICI": 0.024152654647546963
    },
    "user": 2189,
    "size": 94860,
    "weights": [
        0.001,
        0.0503,
        0.9735,
        -1.189,
        0.0921
    ]
}