{
    "metrics": {
        "RMSE": 0.2647368010656213,
        "LogLoss": 0.27341476082754146,
        "RMSE(bins)": 0.13088463599520483,
        "ICI": 0.02481068514580726
    },
    "user": 2246,
    "size": 40645,
    "weights": [
        0.0555,
        0.5363,
        0.3145,
        -1.3052,
        0.0258
    ]
}