{
    "metrics": {
        "RMSE": 0.3425783464921193,
        "LogLoss": 0.39758833053747517,
        "RMSE(bins)": 0.09236689895196645,
        "ICI": 0.030993277518902622
    },
    "user": 2328,
    "size": 330080,
    "weights": [
        0.0144,
        0.1491,
        0.9902,
        -1.5043,
        0.1389
    ]
}