{
    "metrics": {
        "RMSE": 0.19474203881427432,
        "LogLoss": 0.17909900659510808,
        "RMSE(bins)": 0.07190933485715992,
        "ICI": 0.05788182049266788
    },
    "user": 2332,
    "size": 229300,
    "weights": [
        0.0029,
        0.1306,
        0.7576,
        -1.7986,
        0.0127
    ]
}