{
    "metrics": {
        "RMSE": 0.2716629932568074,
        "LogLoss": 0.20996954005533125,
        "RMSE(bins)": 0.1570163193115582,
        "ICI": 0.12450319385974735
    },
    "user": 2563,
    "size": 17445,
    "weights": [
        0.0093,
        0.1063,
        0.2678,
        -1.0259,
        0.0262
    ]
}