{
    "metrics": {
        "RMSE": 0.3978575761709732,
        "LogLoss": 0.5114207828070714,
        "RMSE(bins)": 0.1189026783256092,
        "ICI": 0.0923252887842122
    },
    "user": 2570,
    "size": 1155,
    "weights": [
        0.0375,
        0.1178,
        0.3744,
        -0.8498,
        0.001
    ]
}