{
    "metrics": {
        "RMSE": 0.42182653964065775,
        "LogLoss": 0.5532781479012961,
        "RMSE(bins)": 0.15537951529320151,
        "ICI": 0.05910141474840857
    },
    "user": 271,
    "size": 7550,
    "weights": [
        0.001,
        0.3476,
        0.6658,
        -0.8527,
        0.0432
    ]
}