{
    "metrics": {
        "RMSE": 0.3520249969228904,
        "LogLoss": 0.418970869535447,
        "RMSE(bins)": 0.12607728270633592,
        "ICI": 0.05506531754712602
    },
    "user": 2828,
    "size": 21030,
    "weights": [
        0.001,
        0.284,
        0.5406,
        -1.0708,
        0.0318
    ]
}