{
    "metrics": {
        "RMSE": 0.4330084222449595,
        "LogLoss": 0.5620815340149992,
        "RMSE(bins)": 0.14460687486634063,
        "ICI": 0.022433874866556392
    },
    "user": 2958,
    "size": 8135,
    "weights": [
        0.0191,
        0.2891,
        0.5969,
        -0.8396,
        0.1684
    ]
}