{
    "metrics": {
        "RMSE": 0.22379982237770513,
        "LogLoss": 0.21413688154241828,
        "RMSE(bins)": 0.041274038752724215,
        "ICI": 0.03635171362300014
    },
    "user": 2998,
    "size": 33735,
    "weights": [
        0.0028,
        0.408,
        0.3769,
        -1.1846,
        0.014
    ]
}