{
    "metrics": {
        "RMSE": 0.04307288799655803,
        "LogLoss": 0.038595910721773936,
        "RMSE(bins)": 0.038199829083956784,
        "ICI": 0.03737357614983962
    },
    "user": 3073,
    "size": 141570,
    "weights": [
        0.0011,
        0.6743,
        0.3236,
        -1.5076,
        0.0341
    ]
}