{
    "metrics": {
        "RMSE": 0.45651310154670344,
        "LogLoss": 0.6078885564152765,
        "RMSE(bins)": 0.1269001809238072,
        "ICI": 0.05236904741033869
    },
    "user": 3230,
    "size": 19435,
    "weights": [
        0.0042,
        0.4279,
        0.8882,
        -0.7125,
        0.076
    ]
}