{
    "metrics": {
        "RMSE": 0.40397396942332536,
        "LogLoss": 0.5229175348302553,
        "RMSE(bins)": 0.07459106060281534,
        "ICI": 0.06654744853942614
    },
    "user": 3396,
    "size": 4835,
    "weights": [
        0.0072,
        0.2721,
        0.5962,
        -0.8657,
        0.019
    ]
}