{
    "metrics": {
        "RMSE": 0.06337447289603616,
        "LogLoss": 0.027902746953161042,
        "RMSE(bins)": 0.005446943764001486,
        "ICI": 0.0047230475976400834
    },
    "user": 3560,
    "size": 272575,
    "weights": [
        0.0024,
        0.4482,
        0.3454,
        -1.7775,
        0.0152
    ]
}