{
    "metrics": {
        "RMSE": 0.31668211418544684,
        "LogLoss": 0.3506348403451465,
        "RMSE(bins)": 0.08112715645944552,
        "ICI": 0.016498932376823407
    },
    "user": 370,
    "size": 48775,
    "weights": [
        0.0852,
        0.3881,
        0.3629,
        -1.2573,
        0.0058
    ]
}