{
    "metrics": {
        "RMSE": 0.3948032087219608,
        "LogLoss": 0.4961441736526016,
        "RMSE(bins)": 0.10459999968310355,
        "ICI": 0.08569086853230573
    },
    "user": 3989,
    "size": 3640,
    "weights": [
        0.0117,
        0.3162,
        0.6549,
        -0.8648,
        0.001
    ]
}