{
    "metrics": {
        "RMSE": 0.2968940911800991,
        "LogLoss": 0.33254263063639294,
        "RMSE(bins)": 0.10457331850194093,
        "ICI": 0.05073778877011392
    },
    "user": 4078,
    "size": 1420,
    "weights": [
        0.0205,
        0.0934,
        0.3936,
        -0.8687,
        0.001
    ]
}