{
    "metrics": {
        "RMSE": 0.4890997027186391,
        "LogLoss": 0.6721871145123807,
        "RMSE(bins)": 0.1787993703911501,
        "ICI": 0.045733525570420284
    },
    "user": 4168,
    "size": 3995,
    "weights": [
        0.0841,
        0.3064,
        0.6913,
        -0.7928,
        0.1485
    ]
}