{
    "metrics": {
        "RMSE": 0.11450225448175004,
        "LogLoss": 0.07297163244638315,
        "RMSE(bins)": 0.021831441906021234,
        "ICI": 0.012946783767121502
    },
    "user": 4194,
    "size": 149025,
    "weights": [
        0.0076,
        0.3004,
        0.3554,
        -1.2837,
        0.0286
    ]
}