{
    "metrics": {
        "RMSE": 0.35551901896200655,
        "LogLoss": 0.4059230064656879,
        "RMSE(bins)": 0.2193766147880538,
        "ICI": 0.1105924514045936
    },
    "user": 4216,
    "size": 1035,
    "weights": [
        0.0275,
        0.1906,
        0.4047,
        -0.8535,
        0.0028
    ]
}