{
    "metrics": {
        "RMSE": 0.07748514368418943,
        "LogLoss": 0.0408120747432788,
        "RMSE(bins)": 0.01523492033906406,
        "ICI": 0.004880941551732584
    },
    "user": 4601,
    "size": 91380,
    "weights": [
        0.0017,
        0.3225,
        0.226,
        -1.301,
        0.0259
    ]
}