{
    "metrics": {
        "RMSE": 0.46288918947632207,
        "LogLoss": 0.6225821694159034,
        "RMSE(bins)": 0.15011653076682416,
        "ICI": 0.07840085892623269
    },
    "user": 4643,
    "size": 159505,
    "weights": [
        0.0394,
        0.4854,
        0.9995,
        -1.3069,
        0.1992
    ]
}