{
    "metrics": {
        "RMSE": 0.337914479290491,
        "LogLoss": 0.3964034658486236,
        "RMSE(bins)": 0.0699531701556482,
        "ICI": 0.048360284302147234
    },
    "user": 4801,
    "size": 2625,
    "weights": [
        0.0012,
        0.1096,
        0.4486,
        -0.9244,
        0.0016
    ]
}