{
    "metrics": {
        "RMSE": 0.3934345404207798,
        "LogLoss": 0.49116846512737405,
        "RMSE(bins)": 0.14114248859965892,
        "ICI": 0.052512094327474494
    },
    "user": 491,
    "size": 3035,
    "weights": [
        0.023,
        0.2028,
        0.5245,
        -0.8683,
        0.0841
    ]
}