{
    "metrics": {
        "RMSE": 0.421450853191253,
        "LogLoss": 0.5551525851728032,
        "RMSE(bins)": 0.18831630103351596,
        "ICI": 0.09146729525688894
    },
    "user": 4921,
    "size": 5910,
    "weights": [
        0.0216,
        0.1927,
        0.5141,
        -0.8504,
        0.0354
    ]
}