{
    "metrics": {
        "RMSE": 0.2641220325215116,
        "LogLoss": 0.2745590092335473,
        "RMSE(bins)": 0.05466210841128069,
        "ICI": 0.034467923056089166
    },
    "user": 4993,
    "size": 139865,
    "weights": [
        0.0592,
        0.7155,
        0.4479,
        -1.7437,
        0.0084
    ]
}