{
    "metrics": {
        "RMSE": 0.388672506183759,
        "LogLoss": 0.483602758839629,
        "RMSE(bins)": 0.1478253767886786,
        "ICI": 0.0897522260593406
    },
    "user": 5104,
    "size": 5105,
    "weights": [
        0.001,
        0.2282,
        0.6744,
        -0.8622,
        0.0561
    ]
}