{
    "metrics": {
        "RMSE": 0.3479025998965394,
        "LogLoss": 0.40776606575791646,
        "RMSE(bins)": 0.0920051875479411,
        "ICI": 0.02702626912511575
    },
    "user": 5124,
    "size": 44285,
    "weights": [
        0.01,
        0.4947,
        0.6027,
        -1.1457,
        0.0208
    ]
}