{
    "metrics": {
        "RMSE": 0.25304182615691134,
        "LogLoss": 0.2645975297047771,
        "RMSE(bins)": 0.15286488312182872,
        "ICI": 0.04027256813501968
    },
    "user": 5143,
    "size": 2800,
    "weights": [
        0.001,
        0.1408,
        0.4663,
        -0.9153,
        0.017
    ]
}