{
    "metrics": {
        "RMSE": 0.3816593093965763,
        "LogLoss": 0.47044234538027724,
        "RMSE(bins)": 0.09714003144451876,
        "ICI": 0.04567423982688625
    },
    "user": 5206,
    "size": 41350,
    "weights": [
        0.001,
        0.218,
        0.6769,
        -0.9179,
        0.078
    ]
}