{
    "metrics": {
        "RMSE": 0.24695287074131908,
        "LogLoss": 0.2344211666108116,
        "RMSE(bins)": 0.0465205483617407,
        "ICI": 0.018435426431450123
    },
    "user": 5347,
    "size": 57705,
    "weights": [
        0.0754,
        0.2711,
        0.3143,
        -1.32,
        0.0082
    ]
}