{
    "metrics": {
        "RMSE": 0.18679095295163062,
        "LogLoss": 0.1745986373195325,
        "RMSE(bins)": 0.10823881143635332,
        "ICI": 0.08539940565491203
    },
    "user": 5369,
    "size": 9625,
    "weights": [
        0.001,
        0.2252,
        0.4705,
        -1.071,
        0.0048
    ]
}