{
    "metrics": {
        "RMSE": 0.36040802605407984,
        "LogLoss": 0.43824086197614387,
        "RMSE(bins)": 0.13333069766547073,
        "ICI": 0.07343604139413493
    },
    "user": 5595,
    "size": 119205,
    "weights": [
        0.1514,
        0.8088,
        0.3881,
        -1.909,
        0.0134
    ]
}