{
    "metrics": {
        "RMSE": 0.35750961472800896,
        "LogLoss": 0.4235507713561473,
        "RMSE(bins)": 0.1348244060372166,
        "ICI": 0.013130490668491538
    },
    "user": 5934,
    "size": 25235,
    "weights": [
        0.0268,
        0.2768,
        0.5401,
        -1.0254,
        0.1448
    ]
}