{
    "metrics": {
        "RMSE": 0.1412084880790724,
        "LogLoss": 0.12053611016336896,
        "RMSE(bins)": 0.07637442382482443,
        "ICI": 0.07205416828949494
    },
    "user": 5996,
    "size": 1340,
    "weights": [
        0.0052,
        0.042,
        0.3791,
        -0.8911,
        0.001
    ]
}