{
    "metrics": {
        "RMSE": 0.2948445144828084,
        "LogLoss": 0.390998267463112,
        "RMSE(bins)": 0.08823954521667438,
        "ICI": 0.06783955739399772
    },
    "user": 6051,
    "size": 10825,
    "weights": [
        0.001,
        0.1878,
        0.6043,
        -1.1281,
        0.0186
    ]
}