{
    "metrics": {
        "RMSE": 0.30823287260129656,
        "LogLoss": 0.34476194698124085,
        "RMSE(bins)": 0.10155584323179721,
        "ICI": 0.0404903772541064
    },
    "user": 6114,
    "size": 9745,
    "weights": [
        0.0021,
        0.5527,
        0.4491,
        -0.9845,
        0.004
    ]
}