{
    "metrics": {
        "RMSE": 0.25921523603583124,
        "LogLoss": 0.2615196982108607,
        "RMSE(bins)": 0.11648431862447911,
        "ICI": 0.07236094464105979
    },
    "user": 632,
    "size": 1620,
    "weights": [
        0.001,
        0.0449,
        0.4753,
        -0.9214,
        0.001
    ]
}