{
    "metrics": {
        "RMSE": 0.21640545688353266,
        "LogLoss": 0.20653115856461574,
        "RMSE(bins)": 0.04923995245664573,
        "ICI": 0.02162166999584315
    },
    "user": 641,
    "size": 14435,
    "weights": [
        0.0035,
        0.2535,
        0.4065,
        -1.0719,
        0.0068
    ]
}