{
    "metrics": {
        "RMSE": 0.32544234503023256,
        "LogLoss": 0.37211096410864314,
        "RMSE(bins)": 0.03953505333778835,
        "ICI": 0.022813973389692516
    },
    "user": 6500,
    "size": 6830,
    "weights": [
        0.0034,
        0.2342,
        0.5239,
        -0.9747,
        0.003
    ]
}