{
    "metrics": {
        "RMSE": 0.3991890607610172,
        "LogLoss": 0.5015327558311671,
        "RMSE(bins)": 0.09097645837562128,
        "ICI": 0.044695293757595504
    },
    "user": 6511,
    "size": 3020,
    "weights": [
        0.018,
        0.2096,
        0.5323,
        -0.8547,
        0.079
    ]
}