{
    "metrics": {
        "RMSE": 0.4147661617726816,
        "LogLoss": 0.5302890674277395,
        "RMSE(bins)": 0.08185913458292485,
        "ICI": 0.05305627424278128
    },
    "user": 6623,
    "size": 4215,
    "weights": [
        0.0236,
        0.2273,
        0.6467,
        -0.8195,
        0.1354
    ]
}