{
    "metrics": {
        "RMSE": 0.5185983951576647,
        "LogLoss": 0.7455915288471463,
        "RMSE(bins)": 0.1869021364456244,
        "ICI": 0.1801816476401435
    },
    "user": 6681,
    "size": 3570,
    "weights": [
        0.0487,
        0.3997,
        0.5946,
        -0.7538,
        0.0331
    ]
}