{
    "metrics": {
        "RMSE": 0.2885398619557673,
        "LogLoss": 0.3161545719626295,
        "RMSE(bins)": 0.03766018500318548,
        "ICI": 0.026441859623239902
    },
    "user": 6703,
    "size": 5335,
    "weights": [
        0.001,
        0.2284,
        0.4709,
        -1.0546,
        0.0013
    ]
}