{
    "metrics": {
        "RMSE": 0.45158336692541917,
        "LogLoss": 0.6067365559445091,
        "RMSE(bins)": 0.16173287892666688,
        "ICI": 0.056407759108199895
    },
    "user": 7039,
    "size": 1330,
    "weights": [
        0.0892,
        0.2071,
        0.3417,
        -0.792,
        0.001
    ]
}