{
    "metrics": {
        "RMSE": 0.36501907048069665,
        "LogLoss": 0.44049563365535493,
        "RMSE(bins)": 0.05035932184110424,
        "ICI": 0.04183099135143769
    },
    "user": 7119,
    "size": 22370,
    "weights": [
        0.0363,
        0.227,
        0.5067,
        -1.0304,
        0.0151
    ]
}