{
    "metrics": {
        "RMSE": 0.4050381391885948,
        "LogLoss": 0.5102449307431057,
        "RMSE(bins)": 0.15128065731435644,
        "ICI": 0.026839575454411145
    },
    "user": 7392,
    "size": 18025,
    "weights": [
        0.001,
        0.619,
        0.6077,
        -0.8357,
        0.0663
    ]
}