{
    "metrics": {
        "RMSE": 0.2665944465279811,
        "LogLoss": 0.27063391737856424,
        "RMSE(bins)": 0.07978137333132956,
        "ICI": 0.03490503945904143
    },
    "user": 7661,
    "size": 9155,
    "weights": [
        0.001,
        0.1833,
        0.5326,
        -0.9668,
        0.0372
    ]
}