{
    "metrics": {
        "RMSE": 0.422462489868202,
        "LogLoss": 0.5448211153113036,
        "RMSE(bins)": 0.06545865783884534,
        "ICI": 0.03942067559597467
    },
    "user": 7767,
    "size": 18265,
    "weights": [
        0.0411,
        0.7288,
        0.5708,
        -1.0284,
        0.0011
    ]
}