{
    "metrics": {
        "RMSE": 0.2837341942625058,
        "LogLoss": 0.30173031722003646,
        "RMSE(bins)": 0.034604967145908716,
        "ICI": 0.027641630226566294
    },
    "user": 7950,
    "size": 17755,
    "weights": [
        0.0071,
        0.2588,
        0.4993,
        -1.1552,
        0.0073
    ]
}