{
    "metrics": {
        "RMSE": 0.37874029303660517,
        "LogLoss": 0.4649247382042241,
        "RMSE(bins)": 0.09170871109991086,
        "ICI": 0.020723097806651398
    },
    "user": 8062,
    "size": 12775,
    "weights": [
        0.0063,
        0.3693,
        0.5535,
        -0.9137,
        0.0283
    ]
}