{
    "metrics": {
        "RMSE": 0.5068311719378851,
        "LogLoss": 0.7082651638965345,
        "RMSE(bins)": 0.19259521179687436,
        "ICI": 0.06733753345247792
    },
    "user": 816,
    "size": 20945,
    "weights": [
        0.0917,
        0.3846,
        0.5677,
        -0.8927,
        0.2056
    ]
}