{
    "metrics": {
        "RMSE": 0.4923381870505507,
        "LogLoss": 0.6912273555025578,
        "RMSE(bins)": 0.18308394921312154,
        "ICI": 0.10164167497562294
    },
    "user": 8172,
    "size": 6175,
    "weights": [
        0.0414,
        0.2681,
        0.6939,
        -0.7641,
        0.182
    ]
}