{
    "metrics": {
        "RMSE": 0.33684823264626446,
        "LogLoss": 0.4040864407392846,
        "RMSE(bins)": 0.08714923289428081,
        "ICI": 0.06762244506874154
    },
    "user": 8180,
    "size": 980,
    "weights": [
        0.0285,
        0.1126,
        0.3689,
        -0.8612,
        0.001
    ]
}