{
    "metrics": {
        "RMSE": 0.14680326202007832,
        "LogLoss": 0.12374691493672949,
        "RMSE(bins)": 0.050304845217514826,
        "ICI": 0.02063796530155999
    },
    "user": 8203,
    "size": 25525,
    "weights": [
        0.0013,
        0.259,
        0.2862,
        -1.2391,
        0.0139
    ]
}