{
    "metrics": {
        "RMSE": 0.4039248827198598,
        "LogLoss": 0.5188560382420854,
        "RMSE(bins)": 0.18403478050724106,
        "ICI": 0.11590529247568887
    },
    "user": 8372,
    "size": 4455,
    "weights": [
        0.0168,
        0.3755,
        0.6108,
        -0.8505,
        0.0169
    ]
}