{
    "metrics": {
        "RMSE": 0.3119789893678015,
        "LogLoss": 0.34644665604591607,
        "RMSE(bins)": 0.11844155674228012,
        "ICI": 0.03436443490061156
    },
    "user": 8730,
    "size": 94180,
    "weights": [
        0.0169,
        0.149,
        0.613,
        -1.3243,
        0.03
    ]
}