{
    "metrics": {
        "RMSE": 0.44356840042438367,
        "LogLoss": 0.582388894837752,
        "RMSE(bins)": 0.052330920700961084,
        "ICI": 0.03497967792854453
    },
    "user": 8913,
    "size": 10600,
    "weights": [
        0.0435,
        0.2818,
        0.5538,
        -0.8947,
        0.0659
    ]
}