{
    "metrics": {
        "RMSE": 0.511769517037033,
        "LogLoss": 0.7223041980314607,
        "RMSE(bins)": 0.30542211911025396,
        "ICI": 0.24990667902570599
    },
    "user": 8949,
    "size": 795,
    "weights": [
        0.0717,
        0.2058,
        0.4295,
        -0.7886,
        0.0451
    ]
}