{
    "metrics": {
        "RMSE": 0.3390271598749785,
        "LogLoss": 0.398755741183644,
        "RMSE(bins)": 0.09033364875156916,
        "ICI": 0.035639153271075086
    },
    "user": 902,
    "size": 40155,
    "weights": [
        0.0304,
        0.5648,
        0.4507,
        -1.1303,
        0.0075
    ]
}