{
    "metrics": {
        "RMSE": 0.20223825913874882,
        "LogLoss": 0.17898076071988897,
        "RMSE(bins)": 0.04543969470188878,
        "ICI": 0.016141026251961295
    },
    "user": 9048,
    "size": 153065,
    "weights": [
        0.0011,
        0.3019,
        0.5371,
        -1.4288,
        0.0248
    ]
}