{
    "metrics": {
        "RMSE": 0.42099804484490866,
        "LogLoss": 0.5388809113290975,
        "RMSE(bins)": 0.10052183065788503,
        "ICI": 0.017351170704858032
    },
    "user": 9163,
    "size": 7980,
    "weights": [
        0.0282,
        0.2176,
        0.5457,
        -0.86,
        0.0749
    ]
}