{
    "metrics": {
        "RMSE": 0.1279679386384953,
        "LogLoss": 0.1627484767664089,
        "RMSE(bins)": 0.04370084379271494,
        "ICI": 0.022167244073069723
    },
    "user": 9193,
    "size": 30560,
    "weights": [
        0.038,
        0.2925,
        0.2557,
        -1.2517,
        0.0136
    ]
}