{
    "metrics": {
        "RMSE": 0.39450743486230433,
        "LogLoss": 0.48928574920670836,
        "RMSE(bins)": 0.11963126747212077,
        "ICI": 0.020954739556950406
    },
    "user": 9344,
    "size": 122390,
    "weights": [
        0.077,
        0.442,
        0.6203,
        -1.4738,
        0.1248
    ]
}