{
    "metrics": {
        "RMSE": 0.1697925042732868,
        "LogLoss": 0.15864095815797877,
        "RMSE(bins)": 0.06875304914635284,
        "ICI": 0.050847514241404546
    },
    "user": 9588,
    "size": 2405,
    "weights": [
        0.001,
        0.0691,
        0.3372,
        -0.9911,
        0.001
    ]
}