{
    "metrics": {
        "RMSE": 0.2019677561532865,
        "LogLoss": 0.20670404685068472,
        "RMSE(bins)": 0.0283243338500743,
        "ICI": 0.024245825211600677
    },
    "user": 9680,
    "size": 24720,
    "weights": [
        0.0056,
        0.3213,
        0.3713,
        -1.1863,
        0.0328
    ]
}