{
    "metrics": {
        "RMSE": 0.4904861430972634,
        "LogLoss": 0.7108654992612596,
        "RMSE(bins)": 0.16066077814520438,
        "ICI": 0.14854741681333672
    },
    "user": 9767,
    "size": 4825,
    "weights": [
        0.0211,
        0.3937,
        0.6537,
        -0.8022,
        0.0586
    ]
}