{
    "metrics": {
        "RMSE": 0.29382183153705593,
        "LogLoss": 0.3171539070010549,
        "RMSE(bins)": 0.081844531059317,
        "ICI": 0.06716767426304587
    },
    "user": 98,
    "size": 1815,
    "weights": [
        0.0012,
        0.142,
        0.4638,
        -0.9067,
        0.001
    ]
}