{
    "metrics": {
        "RMSE": 0.48964857569615927,
        "LogLoss": 0.6727258401528722,
        "RMSE(bins)": 0.18573113717650006,
        "ICI": 0.09217992308244963
    },
    "user": 9836,
    "size": 36255,
    "weights": [
        0.0195,
        0.5157,
        0.9994,
        -0.7041,
        0.0584
    ]
}