{
    "metrics": {
        "RMSE": 0.2809300405392348,
        "LogLoss": 0.30727560595425746,
        "RMSE(bins)": 0.07094933598772038,
        "ICI": 0.037385623286501135
    },
    "user": 9924,
    "size": 11565,
    "weights": [
        0.001,
        0.2383,
        0.4704,
        -0.9995,
        0.0113
    ]
}