{
    "metrics": {
        "RMSE": 0.31896579405934183,
        "LogLoss": 0.3531895351171332,
        "RMSE(bins)": 0.19621836794315245,
        "ICI": 0.027082665442430376
    },
    "user": 9925,
    "size": 3240,
    "weights": [
        0.0136,
        0.2982,
        0.4536,
        -0.8663,
        0.001
    ]
}