{
    "metrics": {
        "RMSE": 0.43094187267306655,
        "LogLoss": 0.5601537255029471,
        "RMSE(bins)": 0.13837375310004882,
        "ICI": 0.06223822954618032
    },
    "user": 9983,
    "size": 107140,
    "weights": [
        0.0392,
        0.6624,
        0.7918,
        -1.3626,
        0.015
    ]
}