{
    "metrics": {
        "RMSE": 0.4012936523381927,
        "LogLoss": 0.503219590346504,
        "RMSE(bins)": 0.11570747746267587,
        "ICI": 0.05845057258661536
    },
    "user": 10042,
    "size": 2450,
    "weights": [
        0.3123,
        2.7609,
        6.4588,
        14.9646,
        5.2372,
        1.2647,
        0.9741,
        0.0475,
        1.604,
        0.2615,
        0.99,
        2.0422,
        0.1379,
        0.2624,
        1.3923,
        0.2781,
        2.7871
    ]
}