{
    "FSRS-rs": {
        "RMSE": 0.2328715753352371,
        "LogLoss": 0.20151006779542308,
        "RMSE(bins)": 0.05746481637581561,
        "ICI": 0.022042305204627573,
        "RMSE(bins)Ratings": {
            "1": 0.11191908480910276,
            "2": 0.07569085122015343,
            "3": 0.05882456743600011,
            "4": 0.05457859176065158
        }
    },
    "user": 10060,
    "size": 7620,
    "weights": [
        0.5406,
        2.9843,
        11.3975,
        35.5007,
        5.2217,
        1.2819,
        1.0055,
        0.0042,
        1.8163,
        0.1279,
        1.1599,
        2.076,
        0.1498,
        0.2526,
        1.0723,
        0.1769,
        3.3687
    ]
}