{
    "metrics": {
        "RMSE": 0.3564417132395838,
        "LogLoss": 0.40941265578694813,
        "RMSE(bins)": 0.06111583054353484,
        "ICI": 0.02758296662048748
    },
    "user": 10142,
    "size": 6270,
    "weights": [
        0.3035,
        1.1036,
        4.3437,
        10.9355,
        5.0273,
        1.1023,
        0.7311,
        0.0469,
        1.6298,
        0.0308,
        0.9801,
        2.1361,
        0.0776,
        0.326,
        1.4947,
        0.1129,
        2.6986
    ]
}