{
    "FSRS-rs": {
        "RMSE": 0.4254326488584462,
        "LogLoss": 0.5409337336014953,
        "RMSE(bins)": 0.054168386021791276,
        "RMSE(bins)Ratings": {
            "1": 0.11361832641756545,
            "2": 0.3036093752725253,
            "3": 0.05844052291148885,
            "4": 0.27196921416545267
        }
    },
    "user": 10185,
    "size": 7860,
    "weights": [
        0.1626,
        1.0805,
        3.849,
        4.248,
        4.995,
        0.8525,
        0.8118,
        0.0265,
        1.6765,
        0.4486,
        1.0338,
        2.2206,
        0.0254,
        0.3174,
        1.4597,
        0.2042,
        2.7012
    ]
}