{
    "metrics": {
        "RMSE": 0.4269997855619176,
        "LogLoss": 0.5570857635796814,
        "RMSE(bins)": 0.15858845998183968,
        "ICI": 0.06501224360554142
    },
    "user": 10218,
    "size": 3080,
    "weights": [
        0.3454,
        0.5602,
        1.1572,
        10.9355,
        4.9288,
        1.2529,
        0.7949,
        0.0512,
        1.7016,
        0.062,
        1.0885,
        1.9071,
        0.2,
        0.1098,
        1.257,
        0.2905,
        2.9794
    ]
}