{
    "FSRS-rs": {
        "RMSE": 0.33760542573337976,
        "LogLoss": 0.3887713674803008,
        "RMSE(bins)": 0.12389178524281988,
        "ICI": 0.06223162467818527,
        "RMSE(bins)Ratings": {
            "1": 0.2622897028081148,
            "2": 0.11064951985307443,
            "3": 0.13154184625688947,
            "4": 0.17348735569268467
        }
    },
    "user": 10337,
    "size": 29265,
    "weights": [
        0.09,
        2.2546,
        9.3039,
        36.6088,
        4.7506,
        0.9491,
        0.6919,
        0.1354,
        2.1558,
        0.1482,
        1.4834,
        2.0504,
        0.1424,
        0.2414,
        1.0373,
        0.1861,
        3.8989
    ]
}