{
    "metrics": {
        "RMSE": 0.31656319455813614,
        "LogLoss": 0.34419800776792764,
        "RMSE(bins)": 0.19322100382384008,
        "ICI": 0.11433766173748076
    },
    "user": 10359,
    "size": 1870,
    "weights": [
        1.5066,
        10.6634,
        25.2591,
        25.2591,
        5.1693,
        1.0302,
        0.6949,
        0.214,
        1.6016,
        0.1542,
        0.9892,
        2.1762,
        0.0256,
        0.3785,
        1.5419,
        0.1914,
        2.8072
    ]
}