{
    "FSRS-rs": {
        "RMSE": 0.2922502965247893,
        "LogLoss": 0.3046896130324877,
        "RMSE(bins)": 0.03941133193826949,
        "RMSE(bins)Ratings": {
            "1": 0.0657621584558452,
            "2": 0.0364942242361911,
            "3": 0.10100530903646444,
            "4": 0.11061756026821652
        }
    },
    "user": 10354,
    "size": 121170,
    "weights": [
        0.2154,
        0.8844,
        1.1799,
        3.0692,
        5.1273,
        1.7408,
        0.9111,
        0.1614,
        1.8924,
        0.1187,
        1.16,
        2.3013,
        0.0565,
        0.2666,
        1.0416,
        0.3449,
        2.5361
    ]
}