{
    "FSRS-rs": {
        "RMSE": 0.2313020885540117,
        "LogLoss": 0.21399036061697824,
        "RMSE(bins)": 0.02061576206160545,
        "ICI": 0.01603341014599207,
        "RMSE(bins)Ratings": {
            "1": 0.06559110563544977,
            "2": 0.04571425856632997,
            "3": 0.014002375857445449,
            "4": 0.013639254116254225
        }
    },
    "user": 10374,
    "size": 124765,
    "weights": [
        0.7331,
        1.3012,
        3.0767,
        43.7317,
        4.9419,
        0.2378,
        1.7026,
        0.0301,
        2.1946,
        0.2376,
        1.4884,
        2.2998,
        0.0831,
        0.3692,
        1.9682,
        0.1284,
        3.0909
    ]
}