{
    "metrics": {
        "RMSE": 0.421699110923852,
        "LogLoss": 0.5390591579026882,
        "RMSE(bins)": 0.06340583410381331,
        "ICI": 0.0281416714652022
    },
    "user": 10406,
    "size": 56735,
    "weights": [
        0.0927,
        0.3359,
        2.3178,
        8.401,
        5.4234,
        1.2391,
        0.7677,
        0.0004,
        1.1321,
        0.211,
        0.5161,
        2.0831,
        0.11,
        0.3165,
        1.1558,
        0.4259,
        2.8237
    ]
}