{
    "FSRS-rs": {
        "RMSE": 0.41918262956655494,
        "LogLoss": 0.5426382434307541,
        "RMSE(bins)": 0.1941228330545906,
        "RMSE(bins)Ratings": {
            "1": 0.22188328904399676,
            "2": 0.31444437919933577,
            "3": 0.31739021322129607,
            "4": 0.15483626107302073
        }
    },
    "user": 10400,
    "size": 10765,
    "weights": [
        0.1,
        0.7302,
        2.198,
        3.0318,
        5.1224,
        1.1059,
        0.7835,
        0.2135,
        1.0667,
        0.2259,
        0.5271,
        1.9931,
        0.0987,
        0.1555,
        0.9107,
        0.4064,
        2.0412
    ]
}