{
    "FSRS-rs": {
        "RMSE": 0.434925406390362,
        "LogLoss": 0.5677832429776185,
        "RMSE(bins)": 0.08304171109159453,
        "ICI": 0.06556846093479114,
        "RMSE(bins)Ratings": {
            "1": 0.13677217268556144,
            "2": 0.44906656529113226,
            "3": 0.08637062143187081,
            "4": 0.23104560250354692
        }
    },
    "user": 10579,
    "size": 7510,
    "weights": [
        0.2641,
        0.698,
        2.5318,
        6.8054,
        5.1883,
        1.2783,
        0.9381,
        0.0359,
        1.5824,
        0.2179,
        0.9291,
        2.1051,
        0.0622,
        0.2755,
        1.29,
        0.1289,
        2.8621
    ]
}