{
    "metrics": {
        "RMSE": 0.23756023369999055,
        "LogLoss": 0.19363424070801027,
        "RMSE(bins)": 0.14435346467905183,
        "ICI": 0.05457006247824437
    },
    "user": 10604,
    "size": 650,
    "weights": [
        1.1301,
        2.1746,
        5.8051,
        11.1709,
        5.0817,
        1.1215,
        0.8934,
        0.0457,
        1.7082,
        0.0621,
        1.0958,
        2.128,
        0.0366,
        0.3072,
        1.5446,
        0.1702,
        2.8237
    ]
}