{
    "metrics": {
        "RMSE": 0.15595311900367226,
        "LogLoss": 0.11145401387056231,
        "RMSE(bins)": 0.048558240103123436,
        "ICI": 0.010032996192035664
    },
    "user": 10625,
    "size": 6630,
    "weights": [
        2.0496,
        2.761,
        4.3169,
        5.8154,
        4.6788,
        0.9351,
        0.7563,
        0.0908,
        2.1512,
        0.0155,
        1.5384,
        2.4081,
        0.0289,
        0.7067,
        1.675,
        0.6297,
        3.0365
    ]
}