{
    "FSRS-rs": {
        "RMSE": 0.41142993355103,
        "LogLoss": 0.5121208895223202,
        "RMSE(bins)": 0.20041070434668506,
        "RMSE(bins)Ratings": {
            "1": 0.2039198426508122,
            "2": 0.24524744441868185,
            "3": 0.197808626342758,
            "4": 0.3213007373900128
        }
    },
    "user": 10629,
    "size": 1555,
    "weights": [
        1.082,
        1.082,
        15.4251,
        15.4251,
        5.1263,
        1.0853,
        0.7189,
        0.0767,
        1.552,
        0.1382,
        0.922,
        2.1631,
        0.0567,
        0.3115,
        1.2966,
        0.1775,
        2.7042
    ]
}