{
    "metrics": {
        "RMSE": 0.41083991173683454,
        "LogLoss": 0.517535136779309,
        "RMSE(bins)": 0.05889385734065155,
        "ICI": 0.027971205313875185
    },
    "user": 10703,
    "size": 76505,
    "weights": [
        0.3127,
        1.4436,
        4.2608,
        15.1279,
        5.935,
        1.0862,
        0.7062,
        0.1481,
        1.6022,
        0.1981,
        0.8889,
        2.4819,
        0.0203,
        0.2222,
        0.7021,
        0.4179,
        3.4556
    ]
}