{
    "metrics": {
        "RMSE": 0.29335241779952714,
        "LogLoss": 0.30521876581550356,
        "RMSE(bins)": 0.03358011215324164,
        "ICI": 0.01035460603495774
    },
    "user": 10717,
    "size": 24030,
    "weights": [
        0.6289,
        1.3362,
        4.1386,
        8.7937,
        5.3232,
        1.6055,
        1.2762,
        0.0226,
        1.5832,
        0.1663,
        0.9247,
        2.3186,
        0.0821,
        0.4426,
        1.6888,
        0.9726,
        2.9661
    ]
}