{
    "metrics": {
        "RMSE": 0.4785407352306259,
        "LogLoss": 0.6556045934351769,
        "RMSE(bins)": 0.1553707139832401,
        "ICI": 0.12560709188450128
    },
    "user": 10742,
    "size": 9540,
    "weights": [
        0.8562,
        1.1191,
        4.2667,
        14.7866,
        5.5652,
        1.1161,
        0.635,
        0.2078,
        1.0658,
        0.7428,
        0.4364,
        2.1271,
        0.093,
        0.3294,
        1.1895,
        0.1408,
        2.6231
    ]
}