{
    "metrics": {
        "RMSE": 0.2928125463801068,
        "LogLoss": 0.31101696312255495,
        "RMSE(bins)": 0.038944790321875145,
        "ICI": 0.019953078612381162
    },
    "user": 10816,
    "size": 20805,
    "weights": [
        1.2422,
        1.9725,
        3.947,
        12.9758,
        5.3184,
        1.3603,
        0.8096,
        0.0534,
        1.7631,
        0.2866,
        1.1509,
        2.2567,
        0.01,
        0.2692,
        1.8861,
        0.0004,
        2.9665
    ]
}