{
    "metrics": {
        "RMSE": 0.20178691779809782,
        "LogLoss": 0.17038995571417853,
        "RMSE(bins)": 0.06021601395483616,
        "ICI": 0.013995147018768283
    },
    "user": 10824,
    "size": 7545,
    "weights": [
        0.7109,
        1.448,
        4.2086,
        8.5716,
        4.579,
        1.3844,
        0.7255,
        0.0715,
        2.3831,
        0.0,
        1.7528,
        2.2456,
        0.113,
        0.3912,
        1.6263,
        1.0,
        2.969
    ]
}