{
    "metrics": {
        "RMSE": 0.2540076174433945,
        "LogLoss": 0.20704841008317332,
        "RMSE(bins)": 0.10324753476196508,
        "ICI": 0.04339995303094028
    },
    "user": 10827,
    "size": 1650,
    "weights": [
        2.4096,
        7.1391,
        36.4084,
        40.649,
        5.1265,
        1.0741,
        0.7232,
        0.1211,
        1.5886,
        0.218,
        1.0034,
        2.2971,
        0.01,
        0.5004,
        1.6325,
        0.377,
        2.7537
    ]
}