{
    "metrics": {
        "RMSE": 0.5204752389100112,
        "LogLoss": 0.8568472584271487,
        "RMSE(bins)": 0.22509844519156502,
        "ICI": 0.20177281013837453
    },
    "user": 1092,
    "size": 2000,
    "weights": [
        0.6587,
        1.1693,
        2.7654,
        3.7937,
        5.3846,
        1.2398,
        1.0564,
        0.0209,
        1.3887,
        0.4142,
        0.7763,
        2.0479,
        0.0996,
        0.2305,
        1.4527,
        0.3777,
        2.5558
    ]
}