{
    "FSRS-rs": {
        "RMSE": 0.32607068651290616,
        "LogLoss": 0.375508457633299,
        "RMSE(bins)": 0.1680255530140736,
        "RMSE(bins)Ratings": {
            "1": 0.36281640159940776,
            "2": 0.08692884327349837,
            "3": 0.07394053222288369,
            "4": 0.02640198359135835
        }
    },
    "user": 11060,
    "size": 41100,
    "weights": [
        1.1488,
        11.3636,
        11.3636,
        21.261,
        4.6833,
        0.9073,
        0.126,
        0.4971,
        1.8231,
        0.118,
        1.2228,
        2.2031,
        0.0898,
        0.3576,
        1.6452,
        0.4554,
        4.0
    ]
}