{
    "metrics": {
        "RMSE": 0.44411613433582753,
        "LogLoss": 0.5772492598827667,
        "RMSE(bins)": 0.07489156620699923,
        "ICI": 0.05724921080867097
    },
    "user": 1113,
    "size": 7280,
    "weights": [
        0.1782,
        0.3736,
        1.1348,
        2.38,
        5.2687,
        1.34,
        0.7867,
        0.0875,
        1.4828,
        0.0135,
        0.8671,
        2.0433,
        0.1654,
        0.2477,
        1.4269,
        0.4388,
        2.9646
    ]
}