{
    "metrics": {
        "RMSE": 0.3236267347766115,
        "LogLoss": 0.35864145527105135,
        "RMSE(bins)": 0.09232249284129992,
        "ICI": 0.028635587911455068
    },
    "user": 11142,
    "size": 7445,
    "weights": [
        0.6537,
        0.6537,
        1.8948,
        10.9355,
        5.4225,
        1.1025,
        0.8225,
        0.0478,
        1.1747,
        0.7049,
        0.5722,
        2.2049,
        0.0636,
        0.4351,
        1.5299,
        0.2356,
        2.3361
    ]
}