{
    "metrics": {
        "RMSE": 0.3269856841904472,
        "LogLoss": 0.3689753047215149,
        "RMSE(bins)": 0.050699596423255416,
        "ICI": 0.03849933060830702
    },
    "user": 1117,
    "size": 163045,
    "weights": [
        0.4782,
        0.8259,
        1.8743,
        10.9355,
        4.4196,
        0.6633,
        1.572,
        0.0001,
        1.5975,
        0.1162,
        1.1055,
        3.5938,
        0.0173,
        0.1608,
        2.9698,
        0.1578,
        6.0
    ]
}