{
    "metrics": {
        "RMSE": 0.4727847857533369,
        "LogLoss": 0.6483634940653914,
        "RMSE(bins)": 0.14528047754187742,
        "ICI": 0.04981018455793402
    },
    "user": 11190,
    "size": 49790,
    "weights": [
        0.1088,
        0.1088,
        0.1088,
        1.0116,
        5.5279,
        0.4162,
        0.5896,
        0.1306,
        0.8733,
        0.3259,
        0.2986,
        1.8296,
        0.1701,
        0.4632,
        0.97,
        0.5884,
        2.0737
    ]
}