{
    "FSRS-rs": {
        "RMSE": 0.36459431291888483,
        "LogLoss": 0.4196698106516933,
        "RMSE(bins)": 0.02985806725507208,
        "RMSE(bins)Ratings": {
            "1": 0.05383558355408343,
            "2": 0.13841314073449754,
            "3": 0.04455038173113394,
            "4": 0.034441630865940286
        }
    },
    "user": 11201,
    "size": 11405,
    "weights": [
        0.2734,
        0.998,
        1.9833,
        10.0071,
        5.2001,
        1.2451,
        0.7336,
        0.1401,
        1.3865,
        0.1035,
        0.7548,
        2.1233,
        0.1057,
        0.2832,
        1.1575,
        0.5896,
        2.9594
    ]
}