{
    "metrics": {
        "RMSE": 0.43074458948090094,
        "LogLoss": 0.5589824828467727,
        "RMSE(bins)": 0.10609616037297528,
        "ICI": 0.06567978694344188
    },
    "user": 11230,
    "size": 3640,
    "weights": [
        1.8335,
        3.0366,
        6.4724,
        18.534,
        5.2187,
        1.1128,
        0.9806,
        0.0344,
        1.4828,
        0.2104,
        0.8708,
        2.0824,
        0.1191,
        0.2851,
        1.4323,
        0.5646,
        2.5928
    ]
}