{
    "metrics": {
        "RMSE": 0.30947771737249447,
        "LogLoss": 0.32134930163535896,
        "RMSE(bins)": 0.11366491163426697,
        "ICI": 0.0706210217038274
    },
    "user": 11233,
    "size": 16905,
    "weights": [
        2.909,
        2.909,
        2.909,
        26.2765,
        5.1422,
        1.353,
        0.939,
        0.1189,
        1.6318,
        0.0741,
        1.0206,
        2.1182,
        0.0841,
        0.3213,
        1.548,
        0.14,
        2.9053
    ]
}