{
    "metrics": {
        "RMSE": 0.17098963761183458,
        "LogLoss": 0.1457395811764166,
        "RMSE(bins)": 0.11247020124763867,
        "ICI": 0.07983161852959687
    },
    "user": 11372,
    "size": 1585,
    "weights": [
        15.8086,
        32.2274,
        46.171,
        58.6767,
        5.1046,
        1.1608,
        0.8627,
        0.0362,
        1.6689,
        0.0942,
        1.0565,
        2.1572,
        0.0439,
        0.3604,
        1.4967,
        0.2549,
        2.853
    ]
}