{
    "metrics": {
        "RMSE": 0.31208271234968804,
        "LogLoss": 0.3421498761688735,
        "RMSE(bins)": 0.10601666863801205,
        "ICI": 0.09022305075593061
    },
    "user": 11390,
    "size": 4505,
    "weights": [
        0.8967,
        0.5459,
        0.8967,
        1.2483,
        5.0239,
        1.08,
        0.6722,
        0.2839,
        1.7497,
        0.1932,
        1.1373,
        2.0327,
        0.1679,
        0.2355,
        1.5254,
        0.3534,
        3.1937
    ]
}