{
    "metrics": {
        "RMSE": 0.23762874614691706,
        "LogLoss": 0.21632634785159316,
        "RMSE(bins)": 0.038593824759274226,
        "ICI": 0.01940440788023187
    },
    "user": 11423,
    "size": 61500,
    "weights": [
        2.2379,
        2.6456,
        3.4005,
        10.9355,
        4.8808,
        0.9383,
        2.0846,
        0.1454,
        2.0554,
        0.1584,
        1.4427,
        2.2915,
        0.017,
        0.4408,
        2.1377,
        0.3196,
        3.1296
    ]
}