{
    "metrics": {
        "RMSE": 0.10680996395017044,
        "LogLoss": 0.053306204188313756,
        "RMSE(bins)": 0.07708216401539214,
        "ICI": 0.03974920911615472
    },
    "user": 1146,
    "size": 6185,
    "weights": [
        5.6164,
        17.7696,
        100.0,
        100.0,
        4.175,
        1.0078,
        0.4867,
        0.4344,
        2.6073,
        0.0,
        1.9939,
        2.4258,
        0.0101,
        0.6632,
        1.6924,
        0.9993,
        3.5601
    ]
}