{
    "metrics": {
        "RMSE": 0.04765552092958079,
        "LogLoss": 0.025134882149789234,
        "RMSE(bins)": 0.019705184489501787,
        "ICI": 0.01395130219297274
    },
    "user": 11463,
    "size": 6170,
    "weights": [
        2.1096,
        8.8892,
        51.6145,
        51.6145,
        4.7693,
        0.9033,
        0.6825,
        0.3035,
        2.0081,
        0.0,
        1.3956,
        2.386,
        0.01,
        0.6201,
        1.485,
        0.5274,
        3.1965
    ]
}