{
    "metrics": {
        "RMSE": 0.031654059992896125,
        "LogLoss": 0.014207971104386156,
        "RMSE(bins)": 0.011339049146573866,
        "ICI": 0.009537501958864717
    },
    "user": 1147,
    "size": 16075,
    "weights": [
        6.2846,
        6.9762,
        11.5696,
        28.3429,
        3.5141,
        2.6189,
        0.1,
        0.0,
        3.2286,
        0.0,
        2.6288,
        2.4205,
        0.0252,
        0.7767,
        1.4924,
        1.0,
        3.0723
    ]
}