{
    "metrics": {
        "RMSE": 0.26234996603049837,
        "LogLoss": 0.2556888858913804,
        "RMSE(bins)": 0.02128937857883805,
        "ICI": 0.0036263407665482134
    },
    "user": 11488,
    "size": 91445,
    "weights": [
        0.7703,
        3.6833,
        5.0929,
        12.1331,
        5.2322,
        1.8825,
        0.9254,
        0.0008,
        2.0159,
        0.3808,
        1.2871,
        2.7781,
        0.0297,
        0.27,
        1.701,
        0.0586,
        5.994
    ]
}