{
    "metrics": {
        "RMSE": 0.32311621970765586,
        "LogLoss": 0.35852572164466817,
        "RMSE(bins)": 0.07451331384523775,
        "ICI": 0.036418018126741704
    },
    "user": 11508,
    "size": 56370,
    "weights": [
        0.8452,
        1.8974,
        6.3818,
        6.6331,
        5.3354,
        1.1147,
        0.9718,
        0.1231,
        1.4202,
        0.0417,
        0.8091,
        2.1579,
        0.0467,
        0.3572,
        1.9896,
        0.6598,
        3.2831
    ]
}