{
    "metrics": {
        "RMSE": 0.4377861964521153,
        "LogLoss": 0.5992280573223181,
        "RMSE(bins)": 0.12832538353224252,
        "ICI": 0.08903537252800243
    },
    "user": 1154,
    "size": 65530,
    "weights": [
        0.3654,
        1.0887,
        5.1206,
        11.4255,
        5.5401,
        1.0753,
        1.0717,
        0.0558,
        1.344,
        0.6127,
        0.6063,
        2.0927,
        0.0737,
        0.2253,
        1.9258,
        0.6,
        1.9347
    ]
}