{
    "FSRS-rs": {
        "RMSE": 0.2875070657375084,
        "LogLoss": 0.2913394404812016,
        "RMSE(bins)": 0.053501259912315635,
        "RMSE(bins)Ratings": {
            "1": 0.08970575304484048,
            "2": 0.06685443807343341,
            "3": 0.05638715009153912,
            "4": 0.20999871571685022
        }
    },
    "user": 11559,
    "size": 55255,
    "weights": [
        0.3751,
        1.9685,
        4.7771,
        5.5199,
        5.3652,
        1.0685,
        0.8175,
        0.0863,
        1.5696,
        0.1715,
        0.7645,
        2.1855,
        0.0674,
        0.3221,
        1.4966,
        0.2834,
        3.2407
    ]
}