{
    "FSRS-rs": {
        "RMSE": 0.3162854838379364,
        "LogLoss": 0.32456414341130896,
        "RMSE(bins)": 0.14156906802824992,
        "ICI": 0.09625415694623926,
        "RMSE(bins)Ratings": {
            "1": 0.2090052874587929,
            "2": 0.13862808406888114,
            "3": 0.16426815265998299,
            "4": 0.1829237360581895
        }
    },
    "user": 11573,
    "size": 3235,
    "weights": [
        0.9188,
        10.5218,
        10.5218,
        19.6885,
        5.1413,
        1.2639,
        0.8532,
        0.0225,
        1.6857,
        0.1,
        1.0592,
        2.0947,
        0.1172,
        0.283,
        1.2141,
        0.3186,
        2.8675
    ]
}