{
    "metrics": {
        "RMSE": 0.41254846833056574,
        "LogLoss": 0.5432219767425865,
        "RMSE(bins)": 0.11891747136679752,
        "ICI": 0.08974745001844658
    },
    "user": 1159,
    "size": 890,
    "weights": [
        0.3195,
        0.3195,
        51.3079,
        51.3079,
        5.2241,
        1.2805,
        0.9426,
        0.0,
        1.6365,
        0.0542,
        1.0241,
        2.0718,
        0.1286,
        0.268,
        1.4235,
        0.1391,
        2.8982
    ]
}