{
    "metrics": {
        "RMSE": 0.29354065045113154,
        "LogLoss": 0.30974093868823377,
        "RMSE(bins)": 0.03755874550532977,
        "ICI": 0.034671262491907065
    },
    "user": 11604,
    "size": 89930,
    "weights": [
        0.3112,
        3.3071,
        3.3071,
        10.9355,
        5.5963,
        1.5953,
        1.1224,
        0.0119,
        1.8781,
        0.213,
        1.1977,
        2.3042,
        0.0542,
        0.3263,
        1.9801,
        0.3086,
        5.9846
    ]
}