{
    "metrics": {
        "RMSE": 0.41712850902519316,
        "LogLoss": 0.5338499904429573,
        "RMSE(bins)": 0.052074904955219666,
        "ICI": 0.046229785855386146
    },
    "user": 11648,
    "size": 12680,
    "weights": [
        0.2315,
        0.6745,
        1.0069,
        1.3152,
        5.5126,
        1.41,
        0.9298,
        0.0405,
        1.2761,
        0.4141,
        0.6645,
        2.0345,
        0.117,
        0.2323,
        1.4417,
        0.5703,
        2.8237
    ]
}