{
    "FSRS-rs": {
        "RMSE": 0.2181392660848281,
        "LogLoss": 0.1932759362726836,
        "RMSE(bins)": 0.026849327092982253,
        "ICI": 0.012100394201276747,
        "RMSE(bins)Ratings": {
            "1": 0.08992327488447888,
            "2": 0.06851158119420901,
            "3": 0.02125143715476578,
            "4": 0.019409352172678265
        }
    },
    "user": 11751,
    "size": 26335,
    "weights": [
        0.5219,
        1.2274,
        4.4266,
        10.4104,
        5.1891,
        2.1754,
        1.672,
        0.002,
        2.1173,
        0.1043,
        1.3761,
        2.0551,
        0.1176,
        0.3882,
        1.2942,
        0.294,
        3.4967
    ]
}