{
    "metrics": {
        "RMSE": 0.3255866581383873,
        "LogLoss": 0.3580616906961541,
        "RMSE(bins)": 0.0752953558736251,
        "ICI": 0.039363815509437315,
        "RMSE(bins)Ratings": {
            "1": 0.10332747219332694,
            "2": 0.08415658140048436,
            "3": 0.09933417218265297,
            "4": 0.07118997827101224
        }
    },
    "user": 11762,
    "size": 18245,
    "weights": [
        1.4094,
        2.4606,
        7.4901,
        7.9732,
        5.0279,
        0.1032,
        0.9839,
        0.2436,
        1.448,
        0.4629,
        0.8254,
        2.0167,
        0.1911,
        0.5058,
        1.663,
        0.03,
        3.3371
    ]
}