{
    "metrics": {
        "RMSE": 0.38672457374521785,
        "LogLoss": 0.47753134576051887,
        "RMSE(bins)": 0.09181609215322124,
        "ICI": 0.030568723649110435
    },
    "user": 11783,
    "size": 3900,
    "weights": [
        0.5174,
        1.186,
        4.1157,
        9.4336,
        5.3477,
        1.3081,
        0.9409,
        0.0164,
        1.5035,
        0.1836,
        0.826,
        2.1632,
        0.0735,
        0.4269,
        1.4107,
        0.219,
        2.9074
    ]
}