{
    "FSRS-rs": {
        "RMSE": 0.44814740928321134,
        "LogLoss": 0.636620146803211,
        "RMSE(bins)": 0.10996600100704279,
        "RMSE(bins)Ratings": {
            "1": 0.11244801016442167,
            "2": 0.35851451319248606,
            "3": 0.08920749793265273,
            "4": 0.14107853103440746
        }
    },
    "user": 11787,
    "size": 74425,
    "weights": [
        0.769,
        1.6132,
        4.9021,
        14.689,
        5.5339,
        1.1792,
        0.8908,
        0.0265,
        1.2021,
        0.1551,
        0.8628,
        2.047,
        0.2,
        0.354,
        1.52,
        0.9157,
        3.7587
    ]
}