{
    "FSRS-rs": {
        "RMSE": 0.37990048878304683,
        "LogLoss": 0.4492823972808507,
        "RMSE(bins)": 0.20037854589074605,
        "RMSE(bins)Ratings": {
            "1": 0.11482920552543283,
            "2": 0.42249242052082203,
            "3": 0.2417713769305018,
            "4": 0.4337153904118615
        }
    },
    "user": 11827,
    "size": 12260,
    "weights": [
        0.1221,
        1.0364,
        1.1277,
        1.193,
        6.028,
        1.3562,
        1.8755,
        0.0264,
        0.3867,
        0.7999,
        0.0294,
        2.2483,
        0.0714,
        0.4216,
        1.1411,
        0.0041,
        2.4257
    ]
}