{
    "metrics": {
        "RMSE": 0.2745290384683078,
        "LogLoss": 0.2694651566677959,
        "RMSE(bins)": 0.10355108782287262,
        "ICI": 0.03811678433699065
    },
    "user": 11860,
    "size": 47175,
    "weights": [
        0.992,
        2.6848,
        2.6848,
        35.2771,
        4.6777,
        1.3129,
        1.5349,
        0.0089,
        2.2411,
        0.1631,
        1.3412,
        2.4,
        0.0849,
        0.3583,
        0.7483,
        0.8659,
        3.7842
    ]
}