{
    "FSRS-rs": {
        "RMSE": 0.2855060050807621,
        "LogLoss": 0.29370438172904895,
        "RMSE(bins)": 0.07001743529104579,
        "RMSE(bins)Ratings": {
            "1": 0.12768202322426833,
            "2": 0.10894299781350526,
            "3": 0.06947161767779911,
            "4": 0.12501628065243217
        }
    },
    "user": 11914,
    "size": 17615,
    "weights": [
        1.2885,
        2.1194,
        4.471,
        4.8058,
        5.0685,
        1.3524,
        1.0738,
        0.0176,
        1.67,
        0.1297,
        1.0502,
        2.2122,
        0.0992,
        0.3105,
        1.4326,
        0.0711,
        2.5963
    ]
}