{
    "metrics": {
        "RMSE": 0.4132246233667908,
        "LogLoss": 0.5430670047189551,
        "RMSE(bins)": 0.14611097037858944,
        "ICI": 0.09449284382162562
    },
    "user": 11913,
    "size": 4545,
    "weights": [
        0.7184,
        2.5298,
        5.2574,
        10.9355,
        5.1659,
        1.0126,
        1.0358,
        0.0115,
        1.6071,
        0.2701,
        0.9947,
        2.057,
        0.1444,
        0.2599,
        1.4068,
        0.5475,
        2.8799
    ]
}