{
    "metrics": {
        "RMSE": 0.28369238547889,
        "LogLoss": 0.29116311655548444,
        "RMSE(bins)": 0.07011486566392516,
        "ICI": 0.028560724955253556
    },
    "user": 11914,
    "size": 17660,
    "weights": [
        1.1101,
        1.9883,
        4.7659,
        13.8687,
        5.2042,
        1.4141,
        1.2076,
        0.0578,
        1.6777,
        0.0786,
        1.0434,
        2.1915,
        0.0477,
        0.3219,
        1.6029,
        0.055,
        2.4168
    ]
}