{
    "metrics": {
        "RMSE": 0.35512337365051094,
        "LogLoss": 0.4215114137088765,
        "RMSE(bins)": 0.07588530045415258,
        "ICI": 0.04853528801869528
    },
    "user": 11947,
    "size": 8475,
    "weights": [
        2.0205,
        3.0338,
        5.582,
        14.3558,
        5.217,
        1.0011,
        0.8222,
        0.2242,
        1.5457,
        0.1396,
        0.9062,
        2.1329,
        0.1019,
        0.3427,
        1.3747,
        0.2028,
        2.5383
    ]
}