{
    "metrics": {
        "RMSE": 0.4663543944667158,
        "LogLoss": 0.6416359050323772,
        "RMSE(bins)": 0.15937060616097562,
        "ICI": 0.10816619922982128,
        "RMSE(bins)Ratings": {
            "1": 0.19583717809845624,
            "2": 0.29077942744763796,
            "3": 0.23601776205360714,
            "4": 0.1731877545542708
        }
    },
    "user": 11997,
    "size": 2090,
    "weights": [
        0.2507,
        0.4774,
        1.3038,
        4.9892,
        5.1712,
        1.2979,
        0.8206,
        0.0177,
        1.5032,
        0.104,
        0.8819,
        2.1064,
        0.1151,
        0.2948,
        1.2834,
        0.3445,
        2.7309
    ]
}