{
    "metrics": {
        "RMSE": 0.4943951159332462,
        "LogLoss": 0.7163700546419592,
        "RMSE(bins)": 0.21157486317048677,
        "ICI": 0.12821770261337087,
        "RMSE(bins)Ratings": {
            "1": 0.20992480283877155,
            "2": 0.32777411587084126,
            "3": 0.26582650505266653,
            "4": 0.17518854932278505
        }
    },
    "user": 1202,
    "size": 875,
    "weights": [
        0.01,
        0.0735,
        3.5878,
        47.9349,
        5.1843,
        1.2103,
        0.8999,
        0.0015,
        1.549,
        0.1,
        0.9245,
        2.052,
        0.1628,
        0.2404,
        1.2778,
        0.139,
        2.7385
    ]
}