{
    "metrics": {
        "RMSE": 0.3269439381413154,
        "LogLoss": 0.3550130713065332,
        "RMSE(bins)": 0.08476445408083112,
        "ICI": 0.05654598519282242
    },
    "user": 12051,
    "size": 18235,
    "weights": [
        0.223,
        0.4378,
        3.8787,
        75.1204,
        4.9566,
        1.3075,
        0.5291,
        0.3176,
        1.8176,
        0.0979,
        1.205,
        2.1525,
        0.0421,
        0.4297,
        1.643,
        0.1777,
        3.1125
    ]
}