{
    "FSRS-rs": {
        "RMSE": 0.14263120405297727,
        "LogLoss": 0.08798216920698768,
        "RMSE(bins)": 0.03635142877464256,
        "RMSE(bins)Ratings": {
            "1": 0.04144101780491779,
            "2": 0.01566156491065199,
            "3": 0.08403584932888655,
            "4": 0.005318469902924496
        }
    },
    "user": 12076,
    "size": 12475,
    "weights": [
        1.237,
        1.7463,
        2.9067,
        10.2408,
        4.5894,
        0.8382,
        0.2213,
        0.3877,
        2.1195,
        0.1031,
        1.3645,
        2.238,
        0.1166,
        0.3745,
        1.5729,
        0.752,
        3.8039
    ]
}