{
    "FSRS-rs": {
        "RMSE": 0.4770231514469322,
        "LogLoss": 0.647688205549234,
        "RMSE(bins)": 0.13765328712901517,
        "RMSE(bins)Ratings": {
            "1": 0.14644825324501695,
            "2": 0.15391766862478962,
            "3": 0.40662759524537845,
            "4": 0.6113624194455768
        }
    },
    "user": 12072,
    "size": 1635,
    "weights": [
        0.1,
        0.2028,
        0.2028,
        0.2028,
        5.2606,
        1.1598,
        0.8942,
        0.0037,
        1.4462,
        0.1,
        0.8085,
        2.0993,
        0.1166,
        0.2492,
        1.2596,
        0.3534,
        2.5123
    ]
}