{
    "FSRS-rs": {
        "RMSE": 0.42926594156301967,
        "LogLoss": 0.5486410494394309,
        "RMSE(bins)": 0.14400341099407857,
        "RMSE(bins)Ratings": {
            "1": 0.11171537869476292,
            "3": 0.05967905068173259
        }
    },
    "user": 12103,
    "size": 1280,
    "weights": [
        0.4336,
        1.1026,
        4.4713,
        11.3706,
        4.8528,
        0.8642,
        0.8607,
        0.0366,
        1.5676,
        0.1664,
        1.0176,
        2.185,
        0.0352,
        0.3448,
        1.1909,
        0.29,
        2.61
    ]
}