{
    "metrics": {
        "RMSE": 0.05497468016322544,
        "LogLoss": 0.025470873628538906,
        "RMSE(bins)": 0.015118178566014846,
        "ICI": 0.009812129262388716,
        "RMSE(bins)Ratings": {
            "1": 0.004831189135840271,
            "2": 0.01517375648608243,
            "3": 0.016603838930367758,
            "4": 0.007120244839960654
        }
    },
    "user": 12118,
    "size": 17215,
    "weights": [
        3.1649,
        7.0728,
        20.2263,
        44.9486,
        3.453,
        1.1303,
        0.4844,
        0.4775,
        3.0,
        0.1,
        2.5,
        2.9705,
        0.01,
        0.9,
        1.4433,
        0.9504,
        3.7689
    ]
}