{
    "metrics": {
        "RMSE": 0.3368601749368881,
        "LogLoss": 0.40588185245177905,
        "RMSE(bins)": 0.06597110017335138,
        "ICI": 0.046812652572401435
    },
    "user": 12202,
    "size": 9290,
    "weights": [
        1.4187,
        6.0638,
        6.0638,
        10.9355,
        5.0908,
        0.7288,
        1.0126,
        0.0908,
        1.5772,
        0.2194,
        0.9247,
        2.0697,
        0.0748,
        0.2621,
        1.6416,
        0.2486,
        3.1096
    ]
}