{
    "metrics": {
        "RMSE": 0.30623057865037967,
        "LogLoss": 0.3250641793943242,
        "RMSE(bins)": 0.11580311441249191,
        "ICI": 0.05855460522881277
    },
    "user": 12241,
    "size": 4310,
    "weights": [
        0.8337,
        2.0795,
        8.192,
        26.866,
        5.1532,
        1.1957,
        0.8132,
        0.0877,
        1.6208,
        0.1439,
        1.0081,
        2.0878,
        0.1307,
        0.3309,
        1.5679,
        0.2902,
        2.8168
    ]
}