{
    "metrics": {
        "RMSE": 0.3564732579249529,
        "LogLoss": 0.40909301859999814,
        "RMSE(bins)": 0.058645414813072616,
        "ICI": 0.02573104848512467
    },
    "user": 12263,
    "size": 20830,
    "weights": [
        0.872,
        2.3669,
        10.5846,
        16.7181,
        5.0738,
        1.1673,
        0.6598,
        0.0536,
        1.643,
        0.1051,
        1.0955,
        2.146,
        0.0779,
        0.3772,
        1.804,
        0.4085,
        3.2452
    ]
}