{
    "FSRS-rs": {
        "RMSE": 0.284844772924264,
        "LogLoss": 0.2862338646646435,
        "RMSE(bins)": 0.036459098267869215,
        "RMSE(bins)Ratings": {
            "1": 0.05282037021488126,
            "2": 0.04499806549596365,
            "3": 0.05874725886996332,
            "4": 0.18072648335576316
        }
    },
    "user": 12291,
    "size": 17110,
    "weights": [
        0.4343,
        1.5427,
        3.5699,
        6.2456,
        5.1588,
        1.1798,
        0.6315,
        0.0645,
        1.6219,
        0.1197,
        0.9457,
        2.1212,
        0.1652,
        0.4266,
        0.9126,
        0.6678,
        1.6798
    ]
}