{
    "metrics": {
        "RMSE": 0.2659334999051384,
        "LogLoss": 0.2565183940783098,
        "RMSE(bins)": 0.07475604403521995,
        "ICI": 0.03423714460572845,
        "RMSE(bins)Ratings": {
            "1": 0.14229872968410182,
            "2": 0.08084254841604349,
            "3": 0.0791822753633847,
            "4": 0.08553510669216007
        }
    },
    "user": 12295,
    "size": 72460,
    "weights": [
        2.3828,
        4.0865,
        21.657,
        99.9999,
        4.5897,
        1.5879,
        0.8525,
        0.0624,
        2.2758,
        0.1465,
        1.5367,
        2.1951,
        0.0751,
        0.282,
        1.8583,
        0.0325,
        3.9833
    ]
}