{
    "FSRS-rs": {
        "RMSE": 0.1739109611575226,
        "LogLoss": 0.13229536722691002,
        "RMSE(bins)": 0.01788198123202531,
        "RMSE(bins)Ratings": {
            "1": 0.05125652031721792,
            "2": 0.01251589247168873,
            "3": 0.007115904620123809,
            "4": 0.014351542365426719
        }
    },
    "user": 12332,
    "size": 273275,
    "weights": [
        1.9397,
        6.3082,
        17.304,
        100.0,
        3.5892,
        1.021,
        2.1722,
        0.014,
        2.5433,
        0.1045,
        1.3001,
        1.8038,
        0.0651,
        0.466,
        0.6984,
        0.1707,
        4.0
    ]
}