{
    "metrics": {
        "RMSE": 0.47865301179174113,
        "LogLoss": 0.6649876612540836,
        "RMSE(bins)": 0.14645717057619512,
        "ICI": 0.10440049405859514
    },
    "user": 12348,
    "size": 3035,
    "weights": [
        0.6218,
        1.0261,
        2.1752,
        7.6723,
        5.2956,
        1.2412,
        0.947,
        0.0241,
        1.4062,
        0.3885,
        0.7387,
        2.0707,
        0.1307,
        0.2736,
        1.4209,
        0.301,
        2.7408
    ]
}