{
    "metrics": {
        "RMSE": 0.38021734339154745,
        "LogLoss": 0.44931656817020865,
        "RMSE(bins)": 0.10238656015585167,
        "ICI": 0.05738251574820755
    },
    "user": 1246,
    "size": 8005,
    "weights": [
        0.4385,
        2.3775,
        2.6115,
        10.9355,
        5.2174,
        1.4812,
        0.6152,
        0.0423,
        1.6514,
        0.4844,
        1.005,
        2.0828,
        0.1284,
        0.2805,
        1.4616,
        0.0194,
        2.8755
    ]
}