{
    "metrics": {
        "RMSE": 0.4295191814215015,
        "LogLoss": 0.556709383298181,
        "RMSE(bins)": 0.12213356895632742,
        "ICI": 0.07535332334735728
    },
    "user": 12507,
    "size": 2515,
    "weights": [
        0.8245,
        1.1601,
        3.0489,
        22.8252,
        5.0815,
        1.1469,
        0.8804,
        0.0798,
        1.7211,
        0.0786,
        1.0943,
        2.1396,
        0.071,
        0.3331,
        1.5208,
        0.2263,
        2.8352
    ]
}