{
    "FSRS-rs": {
        "RMSE": 0.3780324420786945,
        "LogLoss": 0.4522230265606536,
        "RMSE(bins)": 0.11725572738370471,
        "RMSE(bins)Ratings": {
            "1": 0.1619141422271755,
            "2": 0.1067636115073697,
            "3": 0.10073951150764303,
            "4": 0.05317634281216778
        }
    },
    "user": 12520,
    "size": 11365,
    "weights": [
        0.2707,
        0.9928,
        1.2576,
        10.6269,
        4.9081,
        1.5663,
        0.841,
        0.0061,
        1.5748,
        0.1,
        0.9941,
        2.1123,
        0.0938,
        0.3452,
        1.2741,
        0.43,
        3.086
    ]
}