{
    "metrics": {
        "RMSE": 0.28205296925865714,
        "LogLoss": 0.2849633155770334,
        "RMSE(bins)": 0.14096002643971128,
        "ICI": 0.07430329002900979
    },
    "user": 12557,
    "size": 1355,
    "weights": [
        1.2495,
        1.2495,
        12.6858,
        12.6858,
        5.2596,
        1.2664,
        0.8164,
        0.0832,
        1.486,
        0.2289,
        0.8724,
        2.2581,
        0.015,
        0.4619,
        1.6306,
        0.2072,
        2.8176
    ]
}