{
    "metrics": {
        "RMSE": 0.45104516374789627,
        "LogLoss": 0.5978092830002616,
        "RMSE(bins)": 0.07965966604260719,
        "ICI": 0.06030298724259785
    },
    "user": 12590,
    "size": 122560,
    "weights": [
        0.2738,
        1.4487,
        3.5503,
        10.9355,
        4.8121,
        0.1827,
        1.255,
        0.0777,
        1.0317,
        0.0001,
        0.4807,
        2.0811,
        0.0594,
        0.2781,
        2.039,
        0.1408,
        5.8201
    ]
}