{
    "metrics": {
        "RMSE": 0.27841285904654134,
        "LogLoss": 0.2836034657046602,
        "RMSE(bins)": 0.13469837722434463,
        "ICI": 0.058167685718593855
    },
    "user": 1262,
    "size": 6275,
    "weights": [
        0.7656,
        2.0225,
        8.6829,
        25.0806,
        4.896,
        1.0643,
        0.7289,
        0.0447,
        1.9446,
        0.001,
        1.234,
        2.0455,
        0.0809,
        0.3257,
        1.4826,
        0.1317,
        3.3027
    ]
}