{
    "metrics": {
        "RMSE": 0.2321094781291424,
        "LogLoss": 0.2120922778674743,
        "RMSE(bins)": 0.04317263558785166,
        "ICI": 0.013622838677669906
    },
    "user": 12636,
    "size": 7090,
    "weights": [
        1.1056,
        2.773,
        11.0151,
        27.6276,
        4.9725,
        1.3252,
        0.7698,
        0.0823,
        1.8719,
        0.0061,
        1.2719,
        2.1574,
        0.0721,
        0.4351,
        1.6385,
        0.0625,
        3.2595
    ]
}