{
    "metrics": {
        "RMSE": 0.3855042539841592,
        "LogLoss": 0.4666612278852929,
        "RMSE(bins)": 0.09182738138856732,
        "ICI": 0.03916618365041926
    },
    "user": 12646,
    "size": 835,
    "weights": [
        0.536,
        0.9509,
        2.2472,
        3.9869,
        5.2242,
        1.2805,
        0.9426,
        0.0,
        1.549,
        0.0543,
        0.9366,
        2.0374,
        0.1639,
        0.2404,
        1.3954,
        0.219,
        2.8237
    ]
}