{
    "metrics": {
        "RMSE": 0.20559748734827774,
        "LogLoss": 0.13916471773731345,
        "RMSE(bins)": 0.13165914728602027,
        "ICI": 0.03934094619025198
    },
    "user": 12692,
    "size": 4590,
    "weights": [
        2.0345,
        16.3621,
        22.5667,
        28.7138,
        4.9779,
        1.2577,
        0.863,
        0.0551,
        1.7818,
        0.0,
        1.169,
        2.168,
        0.0568,
        0.3718,
        1.4839,
        0.0229,
        3.0846
    ]
}