{
    "FSRS-rs": {
        "RMSE": 0.37463502465834503,
        "LogLoss": 0.48601653839396824,
        "RMSE(bins)": 0.17284908709220212,
        "RMSE(bins)Ratings": {
            "1": 0.26178265454347016,
            "2": 0.37756936916904166,
            "3": 0.15404208977030148,
            "4": 0.05935597752959638
        }
    },
    "user": 12738,
    "size": 650,
    "weights": [
        1.1194,
        1.9101,
        4.2579,
        10.5998,
        5.0099,
        0.92,
        0.9399,
        0.0,
        1.41,
        0.22,
        0.86,
        2.135,
        0.1072,
        0.2797,
        1.193,
        0.2517,
        2.5302
    ]
}