{
    "metrics": {
        "RMSE": 0.48132781785657924,
        "LogLoss": 0.6662915096384806,
        "RMSE(bins)": 0.1484035610981143,
        "ICI": 0.1006142549050697
    },
    "user": 12760,
    "size": 1565,
    "weights": [
        0.164,
        0.4729,
        0.4729,
        0.4729,
        5.3144,
        1.356,
        0.9414,
        0.0499,
        1.4491,
        0.0047,
        0.8367,
        2.1519,
        0.0532,
        0.3551,
        1.4553,
        0.1083,
        2.9282
    ]
}