{
    "metrics": {
        "RMSE": 0.28400361088617854,
        "LogLoss": 0.28008967435944016,
        "RMSE(bins)": 0.08404370150038006,
        "ICI": 0.03206966200981201
    },
    "user": 12782,
    "size": 9590,
    "weights": [
        0.7721,
        0.8666,
        7.743,
        10.9355,
        4.8752,
        0.9928,
        0.8699,
        0.0612,
        1.832,
        0.198,
        1.2196,
        2.0416,
        0.0866,
        0.2425,
        1.3809,
        0.091,
        3.1578
    ]
}