{
    "metrics": {
        "RMSE": 0.40694080401325056,
        "LogLoss": 0.5152418941173679,
        "RMSE(bins)": 0.12120166573854542,
        "ICI": 0.046148874367407645
    },
    "user": 12791,
    "size": 6945,
    "weights": [
        0.8433,
        1.4115,
        3.0567,
        14.4046,
        5.5238,
        1.5521,
        1.1184,
        0.0003,
        1.2909,
        0.4253,
        0.6785,
        1.9229,
        0.1853,
        0.1258,
        1.1262,
        0.0045,
        2.4858
    ]
}