{
    "metrics": {
        "RMSE": 0.3629329624807363,
        "LogLoss": 0.42289977630816294,
        "RMSE(bins)": 0.13181872902809535,
        "ICI": 0.08872110989669106
    },
    "user": 1279,
    "size": 28960,
    "weights": [
        3.5828,
        6.7583,
        17.5088,
        63.9752,
        5.1711,
        1.5311,
        0.4319,
        0.2356,
        1.687,
        0.0505,
        1.022,
        2.115,
        0.1084,
        0.4116,
        1.4824,
        0.3375,
        2.6788
    ]
}