{
    "metrics": {
        "RMSE": 0.20539749237564034,
        "LogLoss": 0.18340614916336254,
        "RMSE(bins)": 0.07177558943863971,
        "ICI": 0.04461590359890832
    },
    "user": 12804,
    "size": 3680,
    "weights": [
        6.8705,
        6.8705,
        24.1575,
        37.1132,
        5.1117,
        1.3671,
        0.7533,
        0.1722,
        1.6364,
        0.1439,
        1.0262,
        2.1715,
        0.0676,
        0.3308,
        1.5172,
        0.179,
        3.0255
    ]
}