{
    "FSRS-rs": {
        "RMSE": 0.20397077592063875,
        "LogLoss": 0.17962465806729516,
        "RMSE(bins)": 0.048605957986345476,
        "RMSE(bins)Ratings": {
            "1": 0.05851121925231697,
            "2": 0.03529620279102628,
            "3": 0.022269464504821774,
            "4": 0.1878449237860122
        }
    },
    "user": 12880,
    "size": 165955,
    "weights": [
        0.9269,
        1.1354,
        3.4513,
        99.9989,
        5.1658,
        2.26,
        1.9803,
        0.048,
        2.1175,
        0.1609,
        1.3651,
        2.4924,
        0.1152,
        0.3287,
        1.9183,
        0.0639,
        3.9921
    ]
}