{
    "FSRS-rs": {
        "RMSE": 0.32659568251275095,
        "LogLoss": 0.3611621591393073,
        "RMSE(bins)": 0.07485524056646604,
        "RMSE(bins)Ratings": {
            "1": 0.1673464854843217,
            "2": 0.06958035177956454,
            "3": 0.04505495153589455,
            "4": 0.1498897786446967
        }
    },
    "user": 12988,
    "size": 2610,
    "weights": [
        0.8231,
        1.3391,
        3.1303,
        13.081,
        4.9013,
        0.9856,
        0.9158,
        0.01,
        1.5183,
        0.1986,
        0.9681,
        2.3444,
        0.0145,
        0.475,
        1.3495,
        0.1581,
        2.7362
    ]
}