{
    "metrics": {
        "RMSE": 0.34464544328961133,
        "LogLoss": 0.4021674045450233,
        "RMSE(bins)": 0.07276607859280108,
        "ICI": 0.03557867620494253
    },
    "user": 12991,
    "size": 5505,
    "weights": [
        1.5023,
        1.5023,
        1.5023,
        6.9549,
        5.3517,
        1.3723,
        0.9264,
        0.0279,
        1.4158,
        0.2316,
        0.8064,
        2.1345,
        0.0192,
        0.2981,
        1.4232,
        0.0234,
        2.3361
    ]
}