{
    "metrics": {
        "RMSE": 0.41849571121509677,
        "LogLoss": 0.5228748360100274,
        "RMSE(bins)": 0.09380137012568661,
        "ICI": 0.035504326380544966
    },
    "user": 13015,
    "size": 5310,
    "weights": [
        0.2057,
        0.4291,
        2.3424,
        4.3208,
        5.5312,
        1.5836,
        0.9268,
        0.0046,
        1.3099,
        0.2341,
        0.6721,
        2.0744,
        0.0812,
        0.2763,
        1.5029,
        0.2528,
        2.5621
    ]
}