{
    "metrics": {
        "RMSE": 0.32042215800414015,
        "LogLoss": 0.3494293148758646,
        "RMSE(bins)": 0.05343061839840214,
        "ICI": 0.02194758751314881
    },
    "user": 13023,
    "size": 7500,
    "weights": [
        1.5004,
        2.2451,
        4.1097,
        6.1497,
        5.2247,
        1.4665,
        0.9945,
        0.0432,
        1.6609,
        0.0914,
        1.0257,
        2.0933,
        0.0845,
        0.3503,
        1.175,
        0.4453,
        2.8237
    ]
}