{
    "metrics": {
        "RMSE": 0.3335325392601797,
        "LogLoss": 0.3663512339286007,
        "RMSE(bins)": 0.0778453206736394,
        "ICI": 0.01966092905576163
    },
    "user": 1319,
    "size": 4330,
    "weights": [
        0.3112,
        1.6557,
        7.6038,
        11.8115,
        5.0134,
        1.1522,
        0.7308,
        0.0884,
        1.7535,
        0.0918,
        1.1286,
        2.1113,
        0.0715,
        0.316,
        1.5304,
        0.08,
        3.3314
    ]
}