{
    "FSRS-rs": {
        "RMSE": 0.13169370101660202,
        "LogLoss": 0.09188495040007515,
        "RMSE(bins)": 0.033872817767890376,
        "RMSE(bins)Ratings": {
            "1": 0.1923432802852168,
            "2": 0.08855191075145223,
            "3": 0.02682274917106696,
            "4": 0.034327371465139395
        }
    },
    "user": 13196,
    "size": 3535,
    "weights": [
        0.3202,
        1.1644,
        8.0768,
        29.3759,
        4.6313,
        0.5911,
        0.5501,
        0.3998,
        2.0311,
        0.1018,
        1.4011,
        2.1375,
        0.1303,
        0.3098,
        1.496,
        0.2193,
        3.1473
    ]
}