{
    "metrics": {
        "RMSE": 0.4026308343561532,
        "LogLoss": 0.49350484861411364,
        "RMSE(bins)": 0.16424132366551084,
        "ICI": 0.11486927861134401
    },
    "user": 13228,
    "size": 4320,
    "weights": [
        0.7828,
        1.2868,
        2.7742,
        12.7739,
        5.3241,
        1.3803,
        0.9347,
        0.005,
        1.449,
        0.3141,
        0.8366,
        2.1553,
        0.0276,
        0.3509,
        1.6461,
        0.0602,
        2.6446
    ]
}