{
    "FSRS-rs": {
        "RMSE": 0.5021885270128349,
        "LogLoss": 0.7401857419126665,
        "RMSE(bins)": 0.4597330148002042,
        "RMSE(bins)Ratings": {
            "1": 0.8391245965562503,
            "3": 0.4490787681748055,
            "4": 0.27951978233545766
        }
    },
    "user": 13352,
    "size": 35,
    "weights": [
        0.27,
        0.74,
        1.3,
        5.52,
        5.02,
        1.1,
        0.78,
        0.06,
        1.65,
        0.1,
        1.02,
        2.24,
        0.01,
        0.39,
        1.42,
        0.21,
        2.77
    ]
}