{
    "metrics": {
        "RMSE": 0.39949523026628114,
        "LogLoss": 0.5204696647608831,
        "RMSE(bins)": 0.09826949008939187,
        "ICI": 0.07562521995015296
    },
    "user": 13387,
    "size": 21745,
    "weights": [
        0.6249,
        1.2526,
        8.7453,
        17.4234,
        5.125,
        1.2685,
        0.6931,
        0.0899,
        1.8033,
        0.025,
        1.1781,
        2.0923,
        0.084,
        0.216,
        1.5683,
        0.1709,
        2.9035
    ]
}