{
    "metrics": {
        "RMSE": 0.3015720919183694,
        "LogLoss": 0.3159985372911404,
        "RMSE(bins)": 0.04004682297291844,
        "ICI": 0.016519325148729207
    },
    "user": 13458,
    "size": 12665,
    "weights": [
        0.675,
        1.8865,
        4.0273,
        20.7026,
        4.9611,
        1.2382,
        0.9985,
        0.0284,
        1.7728,
        0.0118,
        1.1251,
        2.1163,
        0.0821,
        0.3033,
        1.6657,
        0.1242,
        3.2648
    ]
}