{
    "metrics": {
        "RMSE": 0.4356219070545407,
        "LogLoss": 0.5730693087638936,
        "RMSE(bins)": 0.08405040198405368,
        "ICI": 0.057473538209559444
    },
    "user": 13524,
    "size": 6110,
    "weights": [
        0.4103,
        0.6504,
        1.298,
        3.9311,
        5.6437,
        1.6468,
        0.8478,
        0.0001,
        1.1271,
        0.4531,
        0.5146,
        2.075,
        0.0754,
        0.2255,
        1.6676,
        0.0638,
        2.3146
    ]
}