{
    "metrics": {
        "RMSE": 0.38187041757310514,
        "LogLoss": 0.45401635114606037,
        "RMSE(bins)": 0.05045798856334712,
        "ICI": 0.02111818818537137
    },
    "user": 13549,
    "size": 8685,
    "weights": [
        0.1289,
        0.3633,
        1.7188,
        4.8439,
        5.3095,
        1.3737,
        0.814,
        0.04,
        1.5354,
        0.3464,
        0.9231,
        2.1195,
        0.0803,
        0.3246,
        1.5491,
        0.1541,
        2.8237
    ]
}