{
    "metrics": {
        "RMSE": 0.4670194830357941,
        "LogLoss": 0.6482737334841164,
        "RMSE(bins)": 0.14655022574559792,
        "ICI": 0.10508914951901922
    },
    "user": 13580,
    "size": 7485,
    "weights": [
        0.1597,
        0.535,
        1.3182,
        3.8943,
        5.5377,
        1.6239,
        1.4764,
        0.0114,
        1.171,
        0.4095,
        0.6356,
        2.0692,
        0.1211,
        0.2721,
        1.3844,
        0.0201,
        2.5655
    ]
}