{
    "metrics": {
        "RMSE": 0.22207661959282793,
        "LogLoss": 0.1983544524652052,
        "RMSE(bins)": 0.041841741118714575,
        "ICI": 0.0207760537132798
    },
    "user": 13617,
    "size": 4810,
    "weights": [
        1.7773,
        4.2998,
        16.1801,
        16.1801,
        5.1822,
        1.1079,
        0.9237,
        0.1056,
        1.5467,
        0.1615,
        0.9314,
        2.25,
        0.0575,
        0.4795,
        1.5487,
        0.0028,
        2.7573
    ]
}