{
    "FSRS-rs": {
        "RMSE": 0.15802466388951003,
        "LogLoss": 0.11218866397383308,
        "RMSE(bins)": 0.01114310992357745,
        "RMSE(bins)Ratings": {
            "1": 0.04705632528569449,
            "2": 0.01107511169219286,
            "3": 0.015960151034353387,
            "4": 0.011495984521771136
        }
    },
    "user": 13626,
    "size": 50955,
    "weights": [
        0.3948,
        2.4243,
        7.5938,
        7.5938,
        4.4253,
        1.1093,
        0.8309,
        0.0621,
        2.4782,
        0.1963,
        1.7631,
        2.3427,
        0.0597,
        0.5429,
        1.965,
        0.3336,
        3.9953
    ]
}