{
    "metrics": {
        "RMSE": 0.3768719271666462,
        "LogLoss": 0.42456263160347735,
        "RMSE(bins)": 0.2069755313468205,
        "ICI": 0.12208745018809018,
        "RMSE(bins)Ratings": {
            "1": 0.2699683045162619,
            "2": 0.3187912948143558,
            "3": 0.1355891522455343,
            "4": 0.025371656940968827
        }
    },
    "user": 13648,
    "size": 1690,
    "weights": [
        1.1276,
        2.3039,
        9.7531,
        25.5225,
        5.2577,
        1.3097,
        0.9715,
        0.0099,
        1.4492,
        0.2642,
        0.8246,
        2.1207,
        0.1126,
        0.344,
        1.374,
        0.2816,
        2.7083
    ]
}