{
    "FSRS-rs": {
        "RMSE": 0.29190999123554795,
        "LogLoss": 0.30271658281504443,
        "RMSE(bins)": 0.049583750744067644,
        "RMSE(bins)Ratings": {
            "1": 0.1326874034086178,
            "2": 0.1331368885475878,
            "3": 0.029672321460389266,
            "4": 0.04608245351247881
        }
    },
    "user": 13659,
    "size": 21720,
    "weights": [
        0.376,
        5.828,
        100.0,
        100.0,
        4.7675,
        0.9588,
        1.0415,
        0.0176,
        1.8631,
        0.1984,
        1.1958,
        2.2794,
        0.0764,
        0.3092,
        0.9522,
        0.0482,
        2.6547
    ]
}