{
    "metrics": {
        "RMSE": 0.23916861280711627,
        "LogLoss": 0.22388652825271463,
        "RMSE(bins)": 0.08782753152189905,
        "ICI": 0.036425592796414615
    },
    "user": 13680,
    "size": 3255,
    "weights": [
        0.9851,
        2.3056,
        8.2562,
        19.3243,
        5.221,
        1.2768,
        0.7085,
        0.0393,
        1.552,
        0.2113,
        0.9396,
        2.1965,
        0.011,
        0.399,
        1.6129,
        0.295,
        2.8693
    ]
}