{
    "FSRS-rs": {
        "RMSE": 0.45823482247375136,
        "LogLoss": 0.6348752216737185,
        "RMSE(bins)": 0.11283854861165059,
        "RMSE(bins)Ratings": {
            "1": 0.1507068694370222,
            "2": 0.10248240182932682,
            "3": 0.0755575910447084,
            "4": 0.11302964109171466
        }
    },
    "user": 13699,
    "size": 19970,
    "weights": [
        0.685,
        1.0333,
        1.6374,
        5.455,
        4.8505,
        0.661,
        1.1134,
        0.0836,
        1.5908,
        0.116,
        1.0093,
        2.2115,
        0.0502,
        0.2815,
        1.1333,
        0.5251,
        1.5675
    ]
}