{
    "FSRS-rs": {
        "RMSE": 0.06029034421404904,
        "LogLoss": 0.03975447895043987,
        "RMSE(bins)": 0.04733293561887688,
        "RMSE(bins)Ratings": {
            "1": 0.08100088577929901,
            "2": 0.024807830775702526,
            "3": 0.02795096781411873,
            "4": 0.017402128679345163
        }
    },
    "user": 13750,
    "size": 2160,
    "weights": [
        0.676,
        2.7253,
        22.0622,
        72.4366,
        4.8589,
        1.0072,
        0.8132,
        0.0404,
        1.5684,
        0.1,
        1.0185,
        2.2567,
        0.01,
        0.4197,
        1.2821,
        0.366,
        2.684
    ]
}