{
    "FSRS-rs": {
        "RMSE": 0.21948416616182592,
        "LogLoss": 0.19888166315003983,
        "RMSE(bins)": 0.035477060615874766,
        "RMSE(bins)Ratings": {
            "1": 0.0405060909775615,
            "2": 0.04132767785147292,
            "3": 0.02891047645208979,
            "4": 0.03288788362808875
        }
    },
    "user": 13768,
    "size": 3755,
    "weights": [
        0.603,
        0.603,
        11.3798,
        11.3798,
        5.0484,
        0.8637,
        0.7884,
        0.0618,
        1.3273,
        0.3533,
        0.7773,
        2.468,
        0.0186,
        0.6466,
        1.557,
        0.3283,
        2.6983
    ]
}