{
    "metrics": {
        "RMSE": 0.44483847727271947,
        "LogLoss": 0.5971511570326707,
        "RMSE(bins)": 0.1806293660683444,
        "ICI": 0.11803570355034873,
        "RMSE(bins)Ratings": {
            "1": 0.22125619096021856,
            "2": 0.24175182832273576,
            "3": 0.16583767831100077
        }
    },
    "user": 13803,
    "size": 1290,
    "weights": [
        0.1937,
        0.4184,
        2.1827,
        6.5649,
        5.2444,
        1.282,
        0.9163,
        0.0,
        1.5551,
        0.1,
        0.918,
        2.0806,
        0.1319,
        0.269,
        1.3018,
        0.3726,
        2.7849
    ]
}