{
    "FSRS-rs": {
        "RMSE": 0.19537835460282876,
        "LogLoss": 0.16868938077810058,
        "RMSE(bins)": 0.05028928424639205,
        "RMSE(bins)Ratings": {
            "1": 0.10041031272560055,
            "2": 0.03759109197735852,
            "3": 0.04770527512371479,
            "4": 0.05310294230429711
        }
    },
    "user": 13811,
    "size": 44940,
    "weights": [
        0.6335,
        0.6335,
        0.6335,
        6.585,
        5.3426,
        3.0684,
        0.8701,
        0.2197,
        1.6031,
        0.1002,
        0.9726,
        2.2095,
        0.0816,
        0.3709,
        1.601,
        0.6965,
        1.5954
    ]
}