{
    "metrics": {
        "RMSE": 0.4554954701966818,
        "LogLoss": 0.609779608240968,
        "RMSE(bins)": 0.135377508718589,
        "ICI": 0.05734838490035515
    },
    "user": 13821,
    "size": 6230,
    "weights": [
        0.1474,
        0.2317,
        0.4563,
        0.717,
        5.3121,
        1.3201,
        0.7215,
        0.1513,
        1.2873,
        0.2956,
        0.6959,
        2.0834,
        0.1092,
        0.2783,
        1.501,
        0.3115,
        2.9632
    ]
}