{
    "metrics": {
        "RMSE": 0.2514699293275311,
        "LogLoss": 0.21883766812054264,
        "RMSE(bins)": 0.05350654554558717,
        "ICI": 0.024335155088258256
    },
    "user": 13852,
    "size": 54355,
    "weights": [
        0.4892,
        0.7308,
        0.7308,
        11.401,
        4.8185,
        0.7774,
        1.2072,
        0.0829,
        2.4005,
        0.0164,
        1.5642,
        1.9241,
        0.0373,
        0.1036,
        2.3167,
        0.2171,
        2.6865
    ]
}