{
    "FSRS-rs": {
        "RMSE": 0.2336876365721912,
        "LogLoss": 0.21596604240467895,
        "RMSE(bins)": 0.0709577757564635,
        "ICI": 0.03111894222812171,
        "RMSE(bins)Ratings": {
            "1": 0.18996844555201137,
            "2": 0.08037942394521047,
            "3": 0.06216502934603994,
            "4": 0.06803493300085138
        }
    },
    "user": 13916,
    "size": 7005,
    "weights": [
        0.9021,
        5.525,
        24.5074,
        66.1615,
        4.8095,
        0.8337,
        0.7646,
        0.1291,
        2.0923,
        0.1184,
        1.409,
        2.0191,
        0.1645,
        0.2276,
        1.4053,
        0.3785,
        2.7892
    ]
}