{
    "metrics": {
        "RMSE": 0.2529845123074633,
        "LogLoss": 0.23283038515095494,
        "RMSE(bins)": 0.11819044357724169,
        "ICI": 0.05819362734410422
    },
    "user": 13967,
    "size": 1735,
    "weights": [
        9.5622,
        12.638,
        19.2024,
        19.2024,
        5.2242,
        1.1229,
        0.8309,
        0.0026,
        1.549,
        0.2142,
        0.9366,
        2.1973,
        0.01,
        0.4004,
        1.5467,
        0.282,
        2.8237
    ]
}