{
    "metrics": {
        "RMSE": 0.10184676307993717,
        "LogLoss": 0.05332868130373423,
        "RMSE(bins)": 0.020946448243723086,
        "ICI": 0.00607833815655065
    },
    "user": 14007,
    "size": 116305,
    "weights": [
        1.7922,
        1.7922,
        1.7922,
        1.7922,
        4.8531,
        0.5319,
        2.3894,
        0.0135,
        2.3124,
        0.1256,
        1.7516,
        2.6024,
        0.01,
        0.9,
        1.6411,
        0.2764,
        2.8597
    ]
}