{
    "FSRS-rs": {
        "RMSE": 0.20415369182958,
        "LogLoss": 0.17919036257894289,
        "RMSE(bins)": 0.04345047454520037,
        "RMSE(bins)Ratings": {
            "1": 0.051285604025411324,
            "2": 0.040997809745323126,
            "3": 0.05892253499600096,
            "4": 0.03875834022614859
        }
    },
    "user": 1415,
    "size": 4005,
    "weights": [
        1.4683,
        1.4683,
        3.1602,
        18.8597,
        4.7138,
        0.6958,
        0.4478,
        0.3925,
        1.6718,
        0.101,
        1.1326,
        2.3469,
        0.0339,
        0.5139,
        1.4098,
        0.1524,
        3.134
    ]
}