{
    "metrics": {
        "RMSE": 0.32986386427107817,
        "LogLoss": 0.3598610571555451,
        "RMSE(bins)": 0.049799502786888994,
        "ICI": 0.005821933114227456
    },
    "user": 14157,
    "size": 12445,
    "weights": [
        0.1664,
        1.3462,
        6.8261,
        10.9355,
        5.0796,
        1.5706,
        0.8207,
        0.0024,
        1.5488,
        0.1897,
        0.9352,
        2.0862,
        0.104,
        0.2727,
        1.8443,
        0.0533,
        4.0247
    ]
}