{
    "FSRS-rs": {
        "RMSE": 0.2597771826505494,
        "LogLoss": 0.2566478710171344,
        "RMSE(bins)": 0.04049221397165242,
        "RMSE(bins)Ratings": {
            "1": 0.08951429049358725,
            "2": 0.07691899405711418,
            "3": 0.036664672779825956,
            "4": 0.050719720760038486
        }
    },
    "user": 14212,
    "size": 24005,
    "weights": [
        0.5775,
        0.7051,
        4.7241,
        16.7887,
        4.9744,
        1.4309,
        0.9023,
        0.0707,
        2.1916,
        0.1004,
        1.4508,
        2.3346,
        0.0469,
        0.4373,
        1.3526,
        0.1296,
        2.9872
    ]
}