{
    "metrics": {
        "RMSE": 0.3014078254336637,
        "LogLoss": 0.32837728399339416,
        "RMSE(bins)": 0.08511811010027441,
        "ICI": 0.04641409720260451
    },
    "user": 14243,
    "size": 11335,
    "weights": [
        2.8769,
        15.0555,
        15.0555,
        38.1526,
        5.1806,
        1.1364,
        1.0583,
        0.0475,
        1.5653,
        0.1828,
        0.9564,
        2.3041,
        0.0285,
        0.203,
        2.1747,
        0.0297,
        2.7737
    ]
}