{
    "FSRS-rs": {
        "RMSE": 0.18837576746607299,
        "LogLoss": 0.1521260551101772,
        "RMSE(bins)": 0.08095148203161885,
        "RMSE(bins)Ratings": {
            "1": 0.1213413707857427,
            "2": 0.08468357471492048,
            "3": 0.08834325981762027,
            "4": 0.16809268406961542
        }
    },
    "user": 14261,
    "size": 5890,
    "weights": [
        5.4534,
        7.3102,
        93.0427,
        99.9998,
        4.8967,
        0.4837,
        0.3522,
        0.5,
        1.3584,
        0.3442,
        0.8107,
        2.3763,
        0.0256,
        0.5166,
        1.4843,
        0.6643,
        2.2179
    ]
}