{
    "FSRS-rs": {
        "RMSE": 0.08257907327209706,
        "LogLoss": 0.043051863723786304,
        "RMSE(bins)": 0.0481552252221336,
        "ICI": 0.01904336212075605,
        "RMSE(bins)Ratings": {
            "1": 0.25497780058161307,
            "2": 0.03171914114097919,
            "3": 0.05477578277837031,
            "4": 0.008697908496524017
        }
    },
    "user": 14288,
    "size": 20575,
    "weights": [
        0.1856,
        2.2889,
        99.0959,
        99.0959,
        4.8316,
        1.9608,
        0.5784,
        0.0652,
        2.2594,
        0.1162,
        1.4867,
        2.1692,
        0.1413,
        0.5016,
        1.0126,
        0.9816,
        3.5262
    ]
}