{
    "FSRS-rs": {
        "RMSE": 0.27924448078302,
        "LogLoss": 0.27510786585158603,
        "RMSE(bins)": 0.10627559486956491,
        "RMSE(bins)Ratings": {
            "1": 0.13697049572111467,
            "2": 0.09916463018279253,
            "3": 0.13039846882341674,
            "4": 0.06781551292304401
        }
    },
    "user": 14282,
    "size": 15205,
    "weights": [
        1.2325,
        1.5629,
        5.4784,
        14.4065,
        4.9098,
        0.9615,
        0.7345,
        0.0657,
        1.5656,
        0.2751,
        1.0011,
        2.2294,
        0.1089,
        0.3578,
        1.1173,
        0.11,
        2.5717
    ]
}