{
    "metrics": {
        "RMSE": 0.21522457760872085,
        "LogLoss": 0.19247841289179088,
        "RMSE(bins)": 0.02935510346795895,
        "ICI": 0.013151553061172518
    },
    "user": 1433,
    "size": 211970,
    "weights": [
        1.644,
        3.7722,
        13.1112,
        36.4753,
        4.3125,
        0.4737,
        1.806,
        0.0729,
        2.0769,
        0.225,
        1.5032,
        2.6545,
        0.01,
        0.8848,
        1.8454,
        0.2834,
        5.9986
    ]
}