{
    "FSRS-rs": {
        "RMSE": 0.24346494554077883,
        "LogLoss": 0.23021673564475492,
        "RMSE(bins)": 0.014647596601884236,
        "ICI": 0.010030606945361856,
        "RMSE(bins)Ratings": {
            "1": 0.029931608970161,
            "2": 0.051688900973819105,
            "3": 0.014493622603787911,
            "4": 0.016784125979383342
        }
    },
    "user": 14347,
    "size": 218810,
    "weights": [
        0.693,
        1.4003,
        4.022,
        12.8464,
        5.8545,
        1.5767,
        1.3336,
        0.0174,
        1.9971,
        0.1869,
        1.2447,
        2.7788,
        0.0334,
        0.2924,
        1.9829,
        0.0893,
        3.9513
    ]
}