{
    "metrics": {
        "RMSE": 0.43999254047615627,
        "LogLoss": 0.5847671691687271,
        "RMSE(bins)": 0.08769766236891072,
        "ICI": 0.05809918103586054
    },
    "user": 14382,
    "size": 8720,
    "weights": [
        0.1078,
        0.312,
        1.2514,
        3.1588,
        5.6556,
        1.4207,
        0.3726,
        0.0364,
        1.2891,
        0.497,
        0.6406,
        2.1931,
        0.0479,
        0.2882,
        1.4421,
        0.4189,
        2.226
    ]
}