{
    "metrics": {
        "RMSE": 0.16974815190298276,
        "LogLoss": 0.12703706356873368,
        "RMSE(bins)": 0.08420327000754681,
        "ICI": 0.027955558503555838
    },
    "user": 14384,
    "size": 11685,
    "weights": [
        17.3614,
        22.0599,
        31.5958,
        31.5958,
        4.9136,
        1.1283,
        0.6693,
        0.3874,
        1.9977,
        0.0,
        1.2404,
        2.0028,
        0.1741,
        0.2124,
        1.7784,
        0.026,
        3.4484
    ]
}