{
    "metrics": {
        "RMSE": 0.4211120849982051,
        "LogLoss": 0.549302510248506,
        "RMSE(bins)": 0.14079213744732577,
        "ICI": 0.1019916458468851
    },
    "user": 14420,
    "size": 12860,
    "weights": [
        0.9983,
        1.5109,
        4.7874,
        8.6919,
        5.3017,
        1.2768,
        1.0918,
        0.0,
        1.3968,
        0.3664,
        0.7843,
        2.12,
        0.0861,
        0.3221,
        1.3218,
        0.2212,
        2.3969
    ]
}