{
    "FSRS-rs": {
        "RMSE": 0.33691048784588323,
        "LogLoss": 0.38467814236009823,
        "RMSE(bins)": 0.16253341599322874,
        "RMSE(bins)Ratings": {
            "1": 0.17061670265156204,
            "2": 0.1751471099709845,
            "3": 0.22148738312522126,
            "4": 0.14012188831414527
        }
    },
    "user": 14439,
    "size": 2240,
    "weights": [
        1.1008,
        4.6516,
        11.2124,
        11.5985,
        4.7502,
        0.7603,
        0.8098,
        0.1368,
        1.67,
        0.1,
        1.12,
        2.3349,
        0.0106,
        0.4938,
        1.4396,
        0.2335,
        2.731
    ]
}