{
    "metrics": {
        "RMSE": 0.5056738614515485,
        "LogLoss": 0.7272560049688952,
        "RMSE(bins)": 0.12274483705473613,
        "ICI": 0.10174302073716839
    },
    "user": 14483,
    "size": 1400,
    "weights": [
        0.1912,
        0.1912,
        0.3399,
        0.7016,
        5.3242,
        1.3805,
        1.0425,
        0.0,
        1.449,
        0.0,
        0.8366,
        2.082,
        0.116,
        0.285,
        1.4422,
        0.0982,
        2.6439
    ]
}