{
    "metrics": {
        "RMSE": 0.4136928920894743,
        "LogLoss": 0.542487883626791,
        "RMSE(bins)": 0.09269021614718098,
        "ICI": 0.07564311224460912
    },
    "user": 14495,
    "size": 41275,
    "weights": [
        0.2092,
        1.3589,
        1.3589,
        4.8008,
        5.1962,
        0.5715,
        1.0015,
        0.2813,
        1.5693,
        0.0003,
        0.8868,
        2.1187,
        0.0939,
        0.2478,
        1.4944,
        0.5348,
        4.2216
    ]
}