{
    "FSRS-rs": {
        "RMSE": 0.4857488000737517,
        "LogLoss": 0.6914904823650853,
        "RMSE(bins)": 0.15135984502541197,
        "RMSE(bins)Ratings": {
            "1": 0.35733361263867713,
            "2": 0.40180011801354387,
            "3": 0.25071454669243975,
            "4": 0.26746657815493574
        }
    },
    "user": 1449,
    "size": 1440,
    "weights": [
        0.3343,
        0.4791,
        0.9023,
        4.5051,
        5.01,
        1.02,
        0.9399,
        0.0,
        1.41,
        0.132,
        0.86,
        2.2599,
        0.01,
        0.42,
        1.2766,
        0.2101,
        2.53
    ]
}