{
    "FSRS-rs": {
        "RMSE": 0.2670090635991579,
        "LogLoss": 0.26378581408326385,
        "RMSE(bins)": 0.039991908828817944,
        "ICI": 0.011157956417918304,
        "RMSE(bins)Ratings": {
            "1": 0.10998606180398567,
            "2": 0.11461993970790388,
            "3": 0.03741716353094474,
            "4": 0.036939898040713175
        }
    },
    "user": 14508,
    "size": 5565,
    "weights": [
        1.4351,
        2.2575,
        4.4543,
        7.0072,
        5.0523,
        1.1816,
        0.8929,
        0.0343,
        1.7921,
        0.107,
        1.1603,
        2.1611,
        0.0462,
        0.3487,
        1.4522,
        0.1327,
        3.1596
    ]
}