{
    "metrics": {
        "RMSE": 0.35181000745151986,
        "LogLoss": 0.4085973291369987,
        "RMSE(bins)": 0.07129252039904703,
        "ICI": 0.04171425968366474
    },
    "user": 14527,
    "size": 24780,
    "weights": [
        0.3774,
        0.8021,
        1.529,
        5.5231,
        5.3628,
        0.9405,
        0.9517,
        0.0026,
        1.414,
        0.1646,
        0.7355,
        2.2721,
        0.02,
        0.1512,
        2.4279,
        0.14,
        2.4429
    ]
}