{
    "metrics": {
        "RMSE": 0.3541019192714988,
        "LogLoss": 0.423018117885005,
        "RMSE(bins)": 0.06615133233649263,
        "ICI": 0.05089005473382302
    },
    "user": 14632,
    "size": 27560,
    "weights": [
        1.2351,
        2.0042,
        3.675,
        17.6134,
        4.9329,
        0.8611,
        0.8736,
        0.184,
        1.7087,
        0.3688,
        1.0603,
        2.2734,
        0.0347,
        0.2345,
        1.2315,
        0.155,
        3.1544
    ]
}