{
    "metrics": {
        "RMSE": 0.40192919765292856,
        "LogLoss": 0.5030569167317964,
        "RMSE(bins)": 0.11977030380942576,
        "ICI": 0.06968415869809655
    },
    "user": 14690,
    "size": 2065,
    "weights": [
        0.1571,
        1.6951,
        3.1066,
        10.9355,
        5.3168,
        1.2432,
        1.1418,
        0.0,
        1.4699,
        0.4064,
        0.9007,
        2.2234,
        0.0221,
        0.4271,
        1.5168,
        0.1921,
        2.7607
    ]
}