{
    "metrics": {
        "RMSE": 0.34463692011342634,
        "LogLoss": 0.41064273138101587,
        "RMSE(bins)": 0.09221549937619646,
        "ICI": 0.05945989192077008
    },
    "user": 14798,
    "size": 125480,
    "weights": [
        0.5554,
        2.3869,
        3.6202,
        30.3865,
        5.1281,
        0.8461,
        1.1721,
        0.0944,
        1.5717,
        0.0985,
        0.9888,
        2.3069,
        0.0236,
        0.1859,
        2.1051,
        0.3701,
        4.4986
    ]
}