{
    "FSRS-rs": {
        "RMSE": 0.39804970189425964,
        "LogLoss": 0.49019589391351387,
        "RMSE(bins)": 0.07898345023098063,
        "RMSE(bins)Ratings": {
            "1": 0.10271155307733298,
            "2": 0.140167921984594,
            "3": 0.09441744995859115,
            "4": 0.08469822255498918
        }
    },
    "user": 14826,
    "size": 2715,
    "weights": [
        0.6968,
        0.6968,
        2.8281,
        5.52,
        5.2286,
        1.1757,
        0.9086,
        0.0055,
        1.5175,
        0.2044,
        0.8874,
        2.1613,
        0.0795,
        0.3108,
        1.3498,
        0.2754,
        2.7092
    ]
}