{
    "metrics": {
        "RMSE": 0.45487860990604617,
        "LogLoss": 0.6172644011684538,
        "RMSE(bins)": 0.13350721183213352,
        "ICI": 0.09664271966994692
    },
    "user": 14878,
    "size": 4190,
    "weights": [
        0.4057,
        0.6412,
        1.2739,
        10.9355,
        5.6151,
        1.5924,
        0.8037,
        0.0285,
        1.1573,
        0.3717,
        0.5448,
        2.0564,
        0.1448,
        0.2594,
        1.3829,
        0.1875,
        2.4133
    ]
}