{
    "FSRS-rs": {
        "RMSE": 0.3958732286956704,
        "LogLoss": 0.49914943599240597,
        "RMSE(bins)": 0.15083609623768554,
        "RMSE(bins)Ratings": {
            "1": 0.15519556223504735,
            "2": 0.1366540115748788,
            "3": 0.20822131473669073,
            "4": 0.10668275001485725
        }
    },
    "user": 14930,
    "size": 5235,
    "weights": [
        0.3261,
        0.5753,
        1.3101,
        4.3529,
        5.2397,
        0.9153,
        1.0128,
        0.0561,
        1.1576,
        0.539,
        0.6261,
        2.1667,
        0.0425,
        0.271,
        1.4261,
        0.1065,
        2.4231
    ]
}