{
    "FSRS-rs": {
        "RMSE": 0.1504502077493275,
        "LogLoss": 0.1079934418832089,
        "RMSE(bins)": 0.07335922865838357,
        "RMSE(bins)Ratings": {
            "1": 0.1334479437474827,
            "2": 0.07382812611638113,
            "3": 0.0802497047091188,
            "4": 0.033887045145335276
        }
    },
    "user": 14970,
    "size": 27355,
    "weights": [
        1.7809,
        11.1639,
        51.372,
        51.372,
        4.612,
        0.388,
        0.708,
        0.1792,
        1.7547,
        0.2362,
        1.2152,
        2.3006,
        0.1114,
        0.5095,
        1.6214,
        0.8607,
        2.4263
    ]
}