{
    "metrics": {
        "RMSE": 0.47215902240905677,
        "LogLoss": 0.717664649755178,
        "RMSE(bins)": 0.25721876527144427,
        "ICI": 0.165927633466715
    },
    "user": 14992,
    "size": 1125,
    "weights": [
        2.5329,
        4.1207,
        14.7352,
        34.4571,
        5.1352,
        1.1732,
        0.8351,
        0.0638,
        1.6381,
        0.3065,
        1.0257,
        2.1265,
        0.0747,
        0.3296,
        1.4767,
        0.2282,
        2.9208
    ]
}