{
    "metrics": {
        "RMSE": 0.3167935505379262,
        "LogLoss": 0.3462489672707241,
        "RMSE(bins)": 0.09053866210710759,
        "ICI": 0.05764208994862378
    },
    "user": 15169,
    "size": 4615,
    "weights": [
        0.8433,
        3.5055,
        4.1386,
        4.623,
        5.1859,
        1.149,
        1.0342,
        0.0305,
        1.6581,
        0.2456,
        1.0455,
        2.1421,
        0.0732,
        0.3093,
        1.6064,
        0.094,
        3.14
    ]
}