{
    "FSRS-rs": {
        "RMSE": 0.3213364901659163,
        "LogLoss": 0.38307024898413045,
        "RMSE(bins)": 0.11907913033375746,
        "RMSE(bins)Ratings": {
            "1": 0.260487744069697,
            "2": 0.15027774849504572,
            "3": 0.09875576004480276,
            "4": 0.11548038608787545
        }
    },
    "user": 15298,
    "size": 4990,
    "weights": [
        1.6567,
        6.2076,
        7.565,
        8.6311,
        4.7136,
        0.6329,
        0.5748,
        0.2716,
        1.9697,
        0.1,
        1.3403,
        2.2197,
        0.0557,
        0.3287,
        1.3969,
        0.5141,
        2.931
    ]
}