{
    "metrics": {
        "RMSE": 0.3669803665759354,
        "LogLoss": 0.44813105538129655,
        "RMSE(bins)": 0.08736988321826959,
        "ICI": 0.04166351008918727
    },
    "user": 15315,
    "size": 1970,
    "weights": [
        0.9404,
        1.2241,
        1.8178,
        10.9355,
        5.1024,
        1.2175,
        0.6911,
        0.2028,
        1.5464,
        0.2335,
        0.9753,
        2.1877,
        0.0238,
        0.3904,
        1.5459,
        0.37,
        2.653
    ]
}