{
    "FSRS-rs": {
        "RMSE": 0.25683815964557705,
        "LogLoss": 0.2544441376840517,
        "RMSE(bins)": 0.0379273363098461,
        "RMSE(bins)Ratings": {
            "1": 0.14083952272434946,
            "2": 0.011732438593055866,
            "3": 0.041142236219422916,
            "4": 0.04404363586783141
        }
    },
    "user": 15353,
    "size": 35825,
    "weights": [
        0.4344,
        1.0965,
        1.2802,
        3.3339,
        5.0379,
        0.9411,
        1.111,
        0.1154,
        1.8733,
        0.2673,
        1.3302,
        2.1394,
        0.104,
        0.4472,
        1.5374,
        0.171,
        3.7874
    ]
}