{
    "metrics": {
        "RMSE": 0.1968946087851747,
        "LogLoss": 0.173530517283883,
        "RMSE(bins)": 0.04187460826800822,
        "ICI": 0.0215042716515031
    },
    "user": 15370,
    "size": 13880,
    "weights": [
        9.3892,
        9.3892,
        19.1762,
        28.4587,
        5.3608,
        1.2896,
        1.0237,
        0.0123,
        1.2473,
        0.6895,
        0.6353,
        2.0885,
        0.036,
        0.2444,
        1.525,
        0.0213,
        3.793
    ]
}