{
    "FSRS-rs": {
        "RMSE": 0.21617237067966746,
        "LogLoss": 0.1807913381545322,
        "RMSE(bins)": 0.030545709860695786,
        "RMSE(bins)Ratings": {
            "1": 0.037548942272580974,
            "2": 0.054627909071846344,
            "3": 0.025988933033515172,
            "4": 0.009127146314105687
        }
    },
    "user": 1539,
    "size": 179350,
    "weights": [
        0.8123,
        2.3919,
        12.0854,
        99.9999,
        3.5119,
        0.664,
        1.7181,
        0.0337,
        1.8455,
        0.1196,
        1.1726,
        2.5295,
        0.0622,
        0.4128,
        1.2223,
        0.1684,
        4.0
    ]
}