{
    "metrics": {
        "RMSE": 0.25584029775162337,
        "LogLoss": 0.24711142965638644,
        "RMSE(bins)": 0.06873103535554675,
        "ICI": 0.0302667079946374
    },
    "user": 15402,
    "size": 29185,
    "weights": [
        4.2498,
        11.4194,
        17.6576,
        19.9963,
        4.9634,
        1.002,
        0.6895,
        0.1005,
        1.7573,
        0.0964,
        1.1168,
        2.3121,
        0.08,
        0.4317,
        1.7743,
        0.3705,
        3.3944
    ]
}