{
    "metrics": {
        "RMSE": 0.3077652428574496,
        "LogLoss": 0.3205351330506332,
        "RMSE(bins)": 0.0579108420008068,
        "ICI": 0.014400651052276302
    },
    "user": 15442,
    "size": 9250,
    "weights": [
        0.1678,
        0.6406,
        4.7766,
        18.2307,
        4.9793,
        1.0207,
        0.7826,
        0.01,
        1.8256,
        0.1666,
        1.1893,
        2.108,
        0.0599,
        0.239,
        1.8584,
        0.4109,
        3.5528
    ]
}