{
    "metrics": {
        "RMSE": 0.13306965487181147,
        "LogLoss": 0.087645929659005,
        "RMSE(bins)": 0.0845886450808105,
        "ICI": 0.036415708510862954
    },
    "user": 15457,
    "size": 2565,
    "weights": [
        0.4448,
        11.2097,
        11.2097,
        39.6985,
        4.865,
        0.9457,
        0.586,
        0.3151,
        1.9089,
        0.0,
        1.2965,
        2.1286,
        0.0581,
        0.302,
        1.6761,
        0.4987,
        3.0976
    ]
}