{
    "FSRS-rs": {
        "RMSE": 0.3298297228832483,
        "LogLoss": 0.3583883602262752,
        "RMSE(bins)": 0.04931675277082498,
        "RMSE(bins)Ratings": {
            "1": 0.11153896829489994,
            "2": 0.04723303715821788,
            "3": 0.01989442929022566,
            "4": 0.017916081641438264
        }
    },
    "user": 15504,
    "size": 18900,
    "weights": [
        0.153,
        0.4704,
        1.3,
        1.4983,
        4.853,
        1.0092,
        0.8223,
        0.1884,
        1.9732,
        0.1034,
        1.2097,
        2.1023,
        0.064,
        0.183,
        0.6807,
        0.1778,
        3.865
    ]
}