{
    "metrics": {
        "RMSE": 0.3837927348068623,
        "LogLoss": 0.47909668856051435,
        "RMSE(bins)": 0.07594889024120048,
        "ICI": 0.05206586773783155
    },
    "user": 15555,
    "size": 2395,
    "weights": [
        1.0273,
        1.5075,
        3.3931,
        5.0993,
        5.3802,
        1.1868,
        0.804,
        0.1009,
        1.3456,
        0.4177,
        0.7332,
        2.1755,
        0.0279,
        0.2994,
        1.5304,
        0.3536,
        2.5407
    ]
}