{
    "metrics": {
        "RMSE": 0.25843357018125335,
        "LogLoss": 0.2514990129806644,
        "RMSE(bins)": 0.039414548922941134,
        "ICI": 0.018008532140898325
    },
    "user": 15618,
    "size": 14055,
    "weights": [
        1.4595,
        5.1168,
        9.5804,
        14.5537,
        5.2466,
        1.3243,
        1.1223,
        0.0112,
        1.7283,
        0.1853,
        1.1297,
        2.187,
        0.1223,
        0.4123,
        1.5685,
        0.5914,
        3.2977
    ]
}