{
    "FSRS-rs": {
        "RMSE": 0.3581680616775402,
        "LogLoss": 0.4341040063189985,
        "RMSE(bins)": 0.1137769244508069,
        "RMSE(bins)Ratings": {
            "1": 0.1803648865452734,
            "2": 0.06505977442326302,
            "3": 0.08344305618569109,
            "4": 0.04394718932180946
        }
    },
    "user": 15631,
    "size": 30030,
    "weights": [
        0.9438,
        1.2566,
        1.8515,
        4.4964,
        5.2084,
        0.3701,
        0.7978,
        0.2106,
        1.3034,
        0.7532,
        0.7089,
        2.2352,
        0.0971,
        0.3039,
        1.9331,
        0.4782,
        2.7924
    ]
}