{
    "metrics": {
        "RMSE": 0.5129147520101588,
        "LogLoss": 0.7820519143968023,
        "RMSE(bins)": 0.23634923415650846,
        "ICI": 0.17307167483888378
    },
    "user": 15645,
    "size": 815,
    "weights": [
        0.3382,
        1.7066,
        1.7066,
        10.9355,
        5.2076,
        1.2161,
        0.8231,
        0.0618,
        1.564,
        0.1595,
        0.9621,
        2.0963,
        0.1032,
        0.2867,
        1.4486,
        0.2553,
        2.8388
    ]
}