{
    "metrics": {
        "RMSE": 0.31917016166899814,
        "LogLoss": 0.35041277379221836,
        "RMSE(bins)": 0.04806525364578623,
        "ICI": 0.010619198964819363
    },
    "user": 15680,
    "size": 1990,
    "weights": [
        0.5217,
        2.2508,
        20.1731,
        87.0414,
        4.99,
        1.0489,
        0.7921,
        0.1056,
        1.8046,
        0.0783,
        1.1921,
        2.143,
        0.0593,
        0.3596,
        1.5134,
        0.3341,
        2.9452
    ]
}