{
    "metrics": {
        "RMSE": 0.3698089209080377,
        "LogLoss": 0.45240651375980523,
        "RMSE(bins)": 0.09784759146430526,
        "ICI": 0.059276299315304024
    },
    "user": 15695,
    "size": 655,
    "weights": [
        0.4029,
        1.4436,
        3.1179,
        5.2095,
        5.1842,
        1.2406,
        0.9026,
        0.0,
        1.589,
        0.1742,
        0.9766,
        2.0774,
        0.1239,
        0.2804,
        1.4277,
        0.179,
        2.7838
    ]
}