{
    "metrics": {
        "RMSE": 0.051167362430363704,
        "LogLoss": 0.0213427623261698,
        "RMSE(bins)": 0.04816696956293257,
        "ICI": 0.019810641786084233
    },
    "user": 15728,
    "size": 4385,
    "weights": [
        27.5234,
        27.5234,
        27.5234,
        27.5234,
        4.3306,
        1.2006,
        0.1,
        0.75,
        2.4479,
        0.0,
        1.8351,
        2.1989,
        0.01,
        0.4218,
        1.4718,
        1.0,
        2.8471
    ]
}