{
    "FSRS-rs": {
        "RMSE": 0.49303405127077926,
        "LogLoss": 0.7121294570546526,
        "RMSE(bins)": 0.14858985824871968,
        "ICI": 0.12836585145515067,
        "RMSE(bins)Ratings": {
            "1": 0.19620314107784012,
            "2": 0.24244598444442292,
            "3": 0.361518891190375,
            "4": 0.07374638066065771
        }
    },
    "user": 15805,
    "size": 8605,
    "weights": [
        0.28,
        0.28,
        3.6593,
        20.3015,
        5.6017,
        1.1781,
        0.8683,
        0.0297,
        1.1787,
        0.28,
        0.5508,
        2.0221,
        0.0538,
        0.1799,
        1.5885,
        0.1841,
        2.4153
    ]
}