{
    "metrics": {
        "RMSE": 0.3857123905834996,
        "LogLoss": 0.47777120056029143,
        "RMSE(bins)": 0.21221382082193851,
        "ICI": 0.18303476401826207
    },
    "user": 1586,
    "size": 705,
    "weights": [
        0.1575,
        1.5542,
        1.5542,
        35.8437,
        5.0803,
        1.2006,
        0.8627,
        0.0362,
        1.693,
        0.0702,
        1.0806,
        2.1174,
        0.0839,
        0.3204,
        1.4676,
        0.219,
        2.8877
    ]
}