{
    "metrics": {
        "RMSE": 0.18753273207364043,
        "LogLoss": 0.14113223177573905,
        "RMSE(bins)": 0.07016135274365287,
        "ICI": 0.02632650360952909
    },
    "user": 15955,
    "size": 7635,
    "weights": [
        16.1407,
        20.1777,
        28.2029,
        46.8154,
        5.1015,
        1.1372,
        0.5279,
        0.2912,
        1.5378,
        0.2297,
        0.9263,
        2.5591,
        0.01,
        0.7842,
        1.7651,
        0.5924,
        2.8997
    ]
}