{
    "FSRS-rs": {
        "RMSE": 0.2702711135025146,
        "LogLoss": 0.26480393232591853,
        "RMSE(bins)": 0.035621235436709545,
        "RMSE(bins)Ratings": {
            "1": 0.07386490334231895,
            "2": 0.025997479279152007,
            "3": 0.03879718208787059,
            "4": 0.03621774190708706
        }
    },
    "user": 16044,
    "size": 41185,
    "weights": [
        0.151,
        0.151,
        0.5286,
        9.6177,
        4.8977,
        1.716,
        1.0542,
        0.0685,
        1.876,
        0.1316,
        1.1441,
        2.2258,
        0.0235,
        0.1922,
        1.9996,
        0.2002,
        4.0
    ]
}