{
    "FSRS-rs": {
        "RMSE": 0.2541230067604744,
        "LogLoss": 0.2459983219601542,
        "RMSE(bins)": 0.08151920713818755,
        "RMSE(bins)Ratings": {
            "1": 0.18787833688980723,
            "2": 0.06856735008157418,
            "3": 0.06816901526853968,
            "4": 0.07241618332755187
        }
    },
    "user": 16104,
    "size": 23855,
    "weights": [
        1.7334,
        1.7334,
        2.0278,
        10.3205,
        4.9472,
        1.1674,
        0.8106,
        0.1357,
        1.5493,
        0.1436,
        0.9667,
        2.1003,
        0.0891,
        0.3366,
        1.5743,
        0.4814,
        2.3034
    ]
}