{
    "FSRS-rs": {
        "RMSE": 0.4422694599724405,
        "LogLoss": 0.5806808184105807,
        "RMSE(bins)": 0.07728372454219536,
        "ICI": 0.06201799442374245,
        "RMSE(bins)Ratings": {
            "1": 0.13026190335970514,
            "2": 0.16073556052895488,
            "3": 0.06423429166759727,
            "4": 0.07701499036511525
        }
    },
    "user": 16137,
    "size": 5280,
    "weights": [
        0.2998,
        0.7998,
        1.4874,
        7.0307,
        5.3945,
        1.3254,
        0.8309,
        0.1092,
        1.3733,
        0.305,
        0.8171,
        2.0187,
        0.1505,
        0.2,
        1.3098,
        0.1584,
        2.5854
    ]
}