{
    "metrics": {
        "RMSE": 0.38652006580247394,
        "LogLoss": 0.47408585323852276,
        "RMSE(bins)": 0.13505357754917735,
        "ICI": 0.044265878709583886
    },
    "user": 1617,
    "size": 5470,
    "weights": [
        0.0705,
        0.4021,
        1.2089,
        2.518,
        5.236,
        1.3854,
        1.0612,
        0.1758,
        1.562,
        0.1966,
        0.9291,
        1.9822,
        0.1121,
        0.1853,
        1.3313,
        0.3464,
        2.8041
    ]
}