{
    "metrics": {
        "RMSE": 0.1745643967610958,
        "LogLoss": 0.12144592144107919,
        "RMSE(bins)": 0.030159507977722575,
        "ICI": 0.011022728720538494
    },
    "user": 16255,
    "size": 49935,
    "weights": [
        0.8973,
        2.8926,
        11.7449,
        23.9829,
        4.9928,
        1.6722,
        1.1341,
        0.0865,
        2.2744,
        0.0182,
        1.521,
        2.296,
        0.0766,
        0.4525,
        1.8822,
        0.0882,
        5.3427
    ]
}