{
    "FSRS-rs": {
        "RMSE": 0.1758542006766509,
        "LogLoss": 0.1230215938452894,
        "RMSE(bins)": 0.02619731160136137,
        "RMSE(bins)Ratings": {
            "1": 0.09356944949565751,
            "2": 0.06004090643187065,
            "3": 0.01970828923135909,
            "4": 0.0330793368058789
        }
    },
    "user": 16255,
    "size": 48875,
    "weights": [
        0.8975,
        1.2593,
        11.7708,
        11.7708,
        4.9254,
        1.9465,
        1.2079,
        0.0642,
        2.458,
        0.103,
        1.7344,
        2.3222,
        0.1099,
        0.3909,
        1.6622,
        0.0495,
        3.9973
    ]
}