{
    "metrics": {
        "RMSE": 0.38422168658188477,
        "LogLoss": 0.46419869159157123,
        "RMSE(bins)": 0.0774034562534306,
        "ICI": 0.039942010787956624
    },
    "user": 16316,
    "size": 50915,
    "weights": [
        2.1189,
        2.932,
        4.7722,
        8.9329,
        6.3156,
        0.3743,
        1.5792,
        0.1283,
        0.0481,
        0.7434,
        0.063,
        2.2171,
        0.1157,
        0.4223,
        1.755,
        0.0029,
        1.9098
    ]
}