{
    "metrics": {
        "RMSE": 0.43192169315506396,
        "LogLoss": 0.5532172533649536,
        "RMSE(bins)": 0.1500433686231822,
        "ICI": 0.03231963368626912
    },
    "user": 16323,
    "size": 6160,
    "weights": [
        0.157,
        1.5759,
        11.5324,
        11.5324,
        5.3119,
        1.3122,
        0.8105,
        0.0908,
        1.245,
        0.2741,
        0.6326,
        2.0876,
        0.1133,
        0.2455,
        1.5053,
        0.173,
        2.1815
    ]
}