{
    "metrics": {
        "RMSE": 0.35034699774195127,
        "LogLoss": 0.40136006014014586,
        "RMSE(bins)": 0.05274608779889068,
        "ICI": 0.020895736119638426
    },
    "user": 16369,
    "size": 40140,
    "weights": [
        0.4518,
        1.2186,
        5.3982,
        48.9914,
        5.3478,
        1.1299,
        0.6192,
        0.028,
        1.434,
        0.1469,
        0.8905,
        2.1543,
        0.0917,
        0.4303,
        1.3598,
        0.2388,
        2.031
    ]
}