{
    "metrics": {
        "RMSE": 0.22474190311823652,
        "LogLoss": 0.21382227236450108,
        "RMSE(bins)": 0.03665531686987729,
        "ICI": 0.02047042371258673,
        "RMSE(bins)Ratings": {
            "1": 0.10573467002671116,
            "2": 0.029502446627334065,
            "3": 0.023862145434990052,
            "4": 0.05144990520646696
        }
    },
    "user": 16385,
    "size": 16585,
    "weights": [
        1.2929,
        2.5498,
        7.0622,
        10.4314,
        4.5907,
        1.4715,
        0.6933,
        0.0129,
        2.2474,
        0.1101,
        1.6077,
        2.2209,
        0.0969,
        0.3936,
        1.9405,
        0.7376,
        3.5624
    ]
}