{
    "metrics": {
        "RMSE": 0.5193385027675314,
        "LogLoss": 0.7373215274714462,
        "RMSE(bins)": 0.33064422066145743,
        "ICI": 0.20206837373711145
    },
    "user": 16387,
    "size": 3145,
    "weights": [
        0.1232,
        0.131,
        0.1435,
        0.6657,
        5.3947,
        1.0169,
        1.0891,
        0.0117,
        1.3551,
        0.0399,
        0.7427,
        1.9637,
        0.147,
        0.1047,
        1.3483,
        0.1879,
        2.55
    ]
}