{
    "metrics": {
        "RMSE": 0.4848658402899724,
        "LogLoss": 0.6645702102353813,
        "RMSE(bins)": 0.1196176223108697,
        "ICI": 0.09401862966447365
    },
    "user": 16437,
    "size": 1065,
    "weights": [
        0.0895,
        0.1962,
        0.6371,
        1.397,
        5.2241,
        1.2805,
        0.9425,
        0.0,
        1.5491,
        0.0542,
        0.9367,
        2.1687,
        0.0336,
        0.3724,
        1.507,
        0.1569,
        2.7604
    ]
}