{
    "metrics": {
        "RMSE": 0.11807124666750898,
        "LogLoss": 0.0635541110812509,
        "RMSE(bins)": 0.11533732007611647,
        "ICI": 0.05373449390681354
    },
    "user": 16561,
    "size": 725,
    "weights": [
        1.0305,
        3.328,
        19.3149,
        25.6425,
        5.0646,
        1.1827,
        0.8627,
        0.0362,
        1.7089,
        0.0542,
        1.0965,
        2.1174,
        0.0839,
        0.3204,
        1.4676,
        0.219,
        2.9035
    ]
}