{
    "FSRS-rs": {
        "RMSE": 0.31101101538072995,
        "LogLoss": 0.3350861210405254,
        "RMSE(bins)": 0.04093822759731891,
        "RMSE(bins)Ratings": {
            "1": 0.09783896303112069,
            "2": 0.12261380557488923,
            "3": 0.03263152970121703,
            "4": 0.12712843983228378
        }
    },
    "user": 16576,
    "size": 10720,
    "weights": [
        0.3213,
        0.5832,
        1.4261,
        2.5885,
        5.0621,
        1.3774,
        0.9373,
        0.0254,
        1.7367,
        0.1022,
        1.0678,
        2.1646,
        0.0962,
        0.3856,
        1.3178,
        0.7227,
        3.2595
    ]
}