{
    "metrics": {
        "RMSE": 0.09778304074723139,
        "LogLoss": 0.050312222847635805,
        "RMSE(bins)": 0.02497015196652832,
        "ICI": 0.016525602747993376
    },
    "user": 16606,
    "size": 103490,
    "weights": [
        0.7604,
        7.2105,
        62.8806,
        100.0,
        4.414,
        2.3509,
        1.454,
        0.0047,
        2.7796,
        0.0725,
        2.0305,
        1.8276,
        0.0911,
        0.6169,
        0.0169,
        0.5092,
        4.8
    ]
}