{
    "metrics": {
        "RMSE": 0.35779622148703705,
        "LogLoss": 0.4180835546792992,
        "RMSE(bins)": 0.05133735455447406,
        "ICI": 0.032946580203825675,
        "RMSE(bins)Ratings": {
            "1": 0.09757319127097316,
            "2": 0.0665627875964963,
            "3": 0.06665195786286737,
            "4": 0.0373103644135684
        }
    },
    "user": 16613,
    "size": 11390,
    "weights": [
        0.3195,
        0.6179,
        1.662,
        10.0703,
        5.3798,
        0.9597,
        1.2885,
        0.0388,
        1.5398,
        0.2161,
        0.8961,
        2.1312,
        0.0387,
        0.1916,
        1.5342,
        0.1665,
        3.1904
    ]
}