{
    "metrics": {
        "RMSE": 0.4152765616277467,
        "LogLoss": 0.5202223786562081,
        "RMSE(bins)": 0.07621572091016857,
        "ICI": 0.031190067458234084
    },
    "user": 16617,
    "size": 8795,
    "weights": [
        0.1764,
        0.5391,
        2.8791,
        5.9541,
        5.3717,
        1.3556,
        1.0983,
        0.0,
        1.4781,
        0.0,
        0.8659,
        2.1149,
        0.0862,
        0.3181,
        1.4626,
        0.1397,
        2.7382
    ]
}