{
    "metrics": {
        "RMSE": 0.390181114002185,
        "LogLoss": 0.4735379983836763,
        "RMSE(bins)": 0.07372738274546924,
        "ICI": 0.026247506492809318
    },
    "user": 1663,
    "size": 3070,
    "weights": [
        0.4954,
        1.0614,
        3.3286,
        14.4442,
        5.3862,
        1.4266,
        0.8942,
        0.0108,
        1.3887,
        0.2812,
        0.7763,
        2.123,
        0.0525,
        0.2461,
        1.3354,
        0.0719,
        2.6226
    ]
}