{
    "FSRS-rs": {
        "RMSE": 0.2811741792959701,
        "LogLoss": 0.2906176633602227,
        "RMSE(bins)": 0.025153480319686367,
        "RMSE(bins)Ratings": {
            "1": 0.0509890896354538,
            "2": 0.03073306601882292,
            "3": 0.022189221427017413,
            "4": 0.016711468828076503
        }
    },
    "user": 1676,
    "size": 67625,
    "weights": [
        0.7122,
        0.7122,
        0.7122,
        7.9452,
        4.8525,
        2.046,
        1.0723,
        0.0055,
        1.4464,
        0.1961,
        0.8445,
        2.4836,
        0.0383,
        0.2099,
        1.9643,
        0.4699,
        1.3355
    ]
}