{
    "metrics": {
        "RMSE": 0.3040784417499594,
        "LogLoss": 0.3174861149196862,
        "RMSE(bins)": 0.056697812081356075,
        "ICI": 0.02190666932999104
    },
    "user": 16767,
    "size": 6795,
    "weights": [
        0.1988,
        1.7962,
        7.2912,
        10.9355,
        5.0181,
        0.9571,
        0.812,
        0.0441,
        1.9426,
        0.0875,
        1.3322,
        2.1808,
        0.0144,
        0.2943,
        1.7,
        0.2418,
        3.3911
    ]
}