{
    "FSRS-rs": {
        "RMSE": 0.21970670732068528,
        "LogLoss": 0.19492040405722139,
        "RMSE(bins)": 0.08871452801778759,
        "RMSE(bins)Ratings": {
            "1": 0.3952180742493877,
            "2": 0.05913045327333301,
            "3": 0.043023240030965415,
            "4": 0.06497257756113803
        }
    },
    "user": 1678,
    "size": 80640,
    "weights": [
        0.1353,
        3.9441,
        3.9441,
        16.552,
        4.2801,
        1.9057,
        1.4433,
        0.031,
        2.4087,
        0.2475,
        1.846,
        2.0566,
        0.1385,
        0.2777,
        1.0661,
        0.188,
        3.8657
    ]
}