{
    "metrics": {
        "RMSE": 0.20385362547668726,
        "LogLoss": 0.1669585089903337,
        "RMSE(bins)": 0.09810267198024197,
        "ICI": 0.016791637616064548
    },
    "user": 1678,
    "size": 78280,
    "weights": [
        0.1126,
        5.8526,
        5.8526,
        12.813,
        4.5805,
        1.6793,
        0.9368,
        0.0218,
        2.3156,
        0.2458,
        1.6757,
        1.8513,
        0.1346,
        0.1837,
        0.9659,
        0.1316,
        3.9765
    ]
}