{
    "FSRS-rs": {
        "RMSE": 0.22141398368090132,
        "LogLoss": 0.22965688609545284,
        "RMSE(bins)": 0.15618910370870437,
        "RMSE(bins)Ratings": {
            "1": 0.281232974136474,
            "2": 0.49007826562506823,
            "3": 0.2860978802429534,
            "4": 0.24009926497018397
        }
    },
    "user": 16810,
    "size": 860,
    "weights": [
        0.7665,
        2.6116,
        16.4248,
        55.962,
        5.0201,
        0.9401,
        0.8598,
        0.0,
        1.65,
        0.1,
        1.02,
        2.2252,
        0.0305,
        0.364,
        1.293,
        0.1707,
        2.7686
    ]
}