{
    "metrics": {
        "RMSE": 0.3450536930830432,
        "LogLoss": 0.4078674464973344,
        "RMSE(bins)": 0.08465248435934558,
        "ICI": 0.045187390189331586
    },
    "user": 16817,
    "size": 4815,
    "weights": [
        0.9191,
        1.5493,
        3.391,
        3.391,
        5.3037,
        1.1774,
        0.9352,
        0.1137,
        1.4978,
        0.1945,
        0.8697,
        2.1285,
        0.064,
        0.3399,
        1.4442,
        0.3039,
        2.6817
    ]
}