{
    "metrics": {
        "RMSE": 0.26995716676801634,
        "LogLoss": 0.2740594925255441,
        "RMSE(bins)": 0.06134545804088978,
        "ICI": 0.03178828184154271
    },
    "user": 16823,
    "size": 37260,
    "weights": [
        1.4072,
        3.4697,
        7.7516,
        61.0748,
        5.1057,
        1.1104,
        0.7975,
        0.1386,
        1.8094,
        0.2307,
        1.1235,
        2.5287,
        0.084,
        0.2889,
        1.7763,
        0.1796,
        3.5527
    ]
}