{
    "metrics": {
        "RMSE": 0.17339724371334445,
        "LogLoss": 0.1378099763397268,
        "RMSE(bins)": 0.055566519229773556,
        "ICI": 0.04228955667180708
    },
    "user": 16880,
    "size": 6170,
    "weights": [
        0.1012,
        0.3534,
        2.3061,
        21.4676,
        5.4096,
        0.8946,
        1.2223,
        0.0795,
        1.6083,
        0.1136,
        0.9956,
        2.1352,
        0.0875,
        0.4128,
        1.6203,
        0.2547,
        2.9437
    ]
}