{
    "metrics": {
        "RMSE": 0.3444641160651323,
        "LogLoss": 0.3903365497355382,
        "RMSE(bins)": 0.07655436140351049,
        "ICI": 0.03525762997836655
    },
    "user": 16935,
    "size": 6715,
    "weights": [
        0.5641,
        1.3195,
        4.7214,
        5.0628,
        5.341,
        1.2582,
        0.9804,
        0.0,
        1.553,
        0.4076,
        0.9403,
        2.1906,
        0.0787,
        0.4004,
        1.5968,
        0.1783,
        2.8717
    ]
}