{
    "metrics": {
        "RMSE": 0.47465697844777927,
        "LogLoss": 0.6687360615846099,
        "RMSE(bins)": 0.1866271803797973,
        "ICI": 0.1396837828600247
    },
    "user": 16978,
    "size": 2625,
    "weights": [
        0.3065,
        0.826,
        2.3581,
        4.7456,
        5.2223,
        1.2824,
        0.7856,
        0.1133,
        1.6294,
        0.1314,
        1.0166,
        2.039,
        0.1624,
        0.2419,
        1.4648,
        0.2206,
        2.8592
    ]
}