{
    "metrics": {
        "RMSE": 0.47409317149847424,
        "LogLoss": 0.655798779264326,
        "RMSE(bins)": 0.11358552314472786,
        "ICI": 0.09104892942746975
    },
    "user": 17,
    "size": 76725,
    "weights": [
        0.2305,
        0.2305,
        0.2305,
        4.9931,
        5.5371,
        0.9842,
        0.677,
        0.0038,
        1.1453,
        0.0869,
        0.6351,
        1.4621,
        0.1882,
        0.3281,
        2.1164,
        0.2502,
        2.1241
    ]
}