{
    "metrics": {
        "RMSE": 0.3734607377336304,
        "LogLoss": 0.43839377153876447,
        "RMSE(bins)": 0.07708600451072758,
        "ICI": 0.03969803758083983
    },
    "user": 17027,
    "size": 24880,
    "weights": [
        2.8377,
        4.8583,
        10.8828,
        10.9355,
        5.3738,
        1.4493,
        0.5182,
        0.1031,
        1.6468,
        0.1889,
        0.8988,
        2.2013,
        0.1343,
        0.5201,
        1.2422,
        0.8334,
        3.973
    ]
}