{
    "FSRS-rs": {
        "RMSE": 0.31061120738792825,
        "LogLoss": 0.41045293261491844,
        "RMSE(bins)": 0.1197477035846951,
        "RMSE(bins)Ratings": {
            "1": 0.33232109150962275,
            "2": 0.15616821245778606,
            "3": 0.07620205648529885,
            "4": 0.026496620079025215
        }
    },
    "user": 1704,
    "size": 10435,
    "weights": [
        1.5037,
        8.4076,
        25.116,
        53.4421,
        4.8539,
        0.7643,
        0.8542,
        0.1066,
        1.5271,
        0.2166,
        0.9523,
        2.1582,
        0.0917,
        0.2492,
        1.5248,
        0.0018,
        3.0842
    ]
}