{
    "FSRS-rs": {
        "RMSE": 0.4436469670946008,
        "LogLoss": 0.6153075803583421,
        "RMSE(bins)": 0.17692744606736005,
        "RMSE(bins)Ratings": {
            "1": 0.1910383215030644,
            "2": 0.11981993845049532,
            "3": 0.08655433454259946,
            "4": 0.05367689649509589
        }
    },
    "user": 17045,
    "size": 13555,
    "weights": [
        0.2839,
        0.9746,
        2.3456,
        7.3571,
        5.1334,
        1.0153,
        0.822,
        0.149,
        1.2457,
        0.3693,
        0.6736,
        2.1255,
        0.072,
        0.2642,
        1.1766,
        0.1908,
        2.1712
    ]
}