{
    "metrics": {
        "RMSE": 0.3789726430339715,
        "LogLoss": 0.48206913847516847,
        "RMSE(bins)": 0.09484925272354953,
        "ICI": 0.06507670521735505
    },
    "user": 17075,
    "size": 4190,
    "weights": [
        0.9514,
        1.606,
        3.5223,
        10.9355,
        5.432,
        1.1588,
        0.7172,
        0.0188,
        1.2636,
        0.7616,
        0.6513,
        2.1048,
        0.0183,
        0.307,
        1.431,
        0.2648,
        2.2737
    ]
}