{
    "metrics": {
        "RMSE": 0.1307787464504685,
        "LogLoss": 0.08390048035706953,
        "RMSE(bins)": 0.03257307853932857,
        "ICI": 0.014004934434055052
    },
    "user": 17086,
    "size": 6040,
    "weights": [
        1.7454,
        1.8918,
        22.1262,
        22.1262,
        4.5877,
        0.9392,
        0.8731,
        0.0209,
        2.1895,
        0.0135,
        1.5768,
        2.6191,
        0.01,
        0.8696,
        1.8251,
        0.4921,
        3.3018
    ]
}