{
    "metrics": {
        "RMSE": 0.3553761323911433,
        "LogLoss": 0.40828081093389496,
        "RMSE(bins)": 0.04545885494922239,
        "ICI": 0.014874675710303122
    },
    "user": 17091,
    "size": 10265,
    "weights": [
        0.1833,
        0.1833,
        0.9733,
        2.9622,
        5.0148,
        1.0101,
        0.8133,
        0.1275,
        1.68,
        0.145,
        1.0685,
        2.0466,
        0.1272,
        0.2311,
        1.5684,
        0.2575,
        3.2932
    ]
}