{
    "metrics": {
        "RMSE": 0.1400133701960061,
        "LogLoss": 0.10028235142789212,
        "RMSE(bins)": 0.05690017714823272,
        "ICI": 0.037733969256693804,
        "RMSE(bins)Ratings": {
            "1": 0.30309002056015677,
            "2": 0.04694063451475151,
            "3": 0.02761349900603433,
            "4": 0.024900898599661707
        }
    },
    "user": 17125,
    "size": 4365,
    "weights": [
        2.1155,
        2.1155,
        19.0417,
        82.3949,
        4.8833,
        1.2841,
        0.8495,
        0.1156,
        1.8726,
        0.1011,
        1.2481,
        2.0576,
        0.1905,
        0.4128,
        1.1355,
        0.4365,
        3.0598
    ]
}