{
    "metrics": {
        "RMSE": 0.31241708846547356,
        "LogLoss": 0.33975101860198254,
        "RMSE(bins)": 0.03817704143339396,
        "ICI": 0.015713204861369286
    },
    "user": 17223,
    "size": 32190,
    "weights": [
        0.6633,
        0.6633,
        6.6481,
        30.9052,
        5.0952,
        0.5964,
        0.837,
        0.1246,
        1.6261,
        0.7713,
        1.0119,
        2.6682,
        0.01,
        0.7585,
        1.6612,
        0.3246,
        3.4087
    ]
}