{
    "metrics": {
        "RMSE": 0.2105309687370977,
        "LogLoss": 0.1911022614477169,
        "RMSE(bins)": 0.12447441512253837,
        "ICI": 0.0758950797245353,
        "RMSE(bins)Ratings": {
            "1": 0.2634971613218214,
            "2": 0.11403137388857194,
            "3": 0.11392977823909821,
            "4": 0.1178623020455126
        }
    },
    "user": 17277,
    "size": 4925,
    "weights": [
        1.3805,
        19.5887,
        99.9923,
        99.9923,
        4.8252,
        0.8723,
        0.589,
        0.3144,
        1.9088,
        0.1,
        1.2843,
        2.4105,
        0.01,
        0.5957,
        1.6298,
        0.1526,
        3.0627
    ]
}