{
    "metrics": {
        "RMSE": 0.34499222220115405,
        "LogLoss": 0.3877197794172108,
        "RMSE(bins)": 0.10452838477968632,
        "ICI": 0.04965540431987988
    },
    "user": 17283,
    "size": 3025,
    "weights": [
        1.1832,
        3.078,
        12.9142,
        33.5947,
        5.1464,
        1.2821,
        0.7896,
        0.0572,
        1.6891,
        0.074,
        1.0762,
        2.184,
        0.0604,
        0.3987,
        1.5468,
        0.3078,
        2.996
    ]
}