{
    "metrics": {
        "RMSE": 0.12431511854854486,
        "LogLoss": 0.07580734266206035,
        "RMSE(bins)": 0.02096695866157709,
        "ICI": 0.009631896273277861
    },
    "user": 17305,
    "size": 102090,
    "weights": [
        1.1612,
        1.6927,
        13.9203,
        13.9203,
        4.0804,
        0.9691,
        0.2926,
        0.4361,
        2.7388,
        0.3345,
        2.1189,
        1.9823,
        0.2,
        0.3904,
        1.3182,
        0.7788,
        2.5903
    ]
}