{
    "metrics": {
        "RMSE": 0.5130385115357221,
        "LogLoss": 0.7489217388023753,
        "RMSE(bins)": 0.21207790155438244,
        "ICI": 0.18985422870780788
    },
    "user": 17311,
    "size": 25290,
    "weights": [
        0.1251,
        5.1867,
        5.8975,
        10.9355,
        5.1814,
        1.1921,
        0.6957,
        0.3687,
        1.5167,
        0.1421,
        0.9006,
        2.0351,
        0.1065,
        0.2375,
        1.5796,
        0.5791,
        3.0878
    ]
}