{
    "metrics": {
        "RMSE": 0.3495026128222573,
        "LogLoss": 0.4244446701573406,
        "RMSE(bins)": 0.1652908736365091,
        "ICI": 0.08250169321668153
    },
    "user": 17319,
    "size": 1445,
    "weights": [
        0.3098,
        0.702,
        3.2933,
        10.9355,
        5.1531,
        1.022,
        0.8713,
        0.0299,
        1.6275,
        0.162,
        1.0152,
        2.1546,
        0.01,
        0.2894,
        1.6466,
        0.0866,
        2.7627
    ]
}