{
    "FSRS-rs": {
        "RMSE": 0.4287514911534136,
        "LogLoss": 0.5581621316752383,
        "RMSE(bins)": 0.09180591392199143,
        "ICI": 0.07529392743842292,
        "RMSE(bins)Ratings": {
            "1": 0.09659276591257557,
            "2": 0.14301252564319908,
            "3": 0.09431733905492382,
            "4": 0.09882109444849688
        }
    },
    "user": 17327,
    "size": 55665,
    "weights": [
        0.1664,
        0.6816,
        1.9222,
        16.2419,
        4.9028,
        0.5442,
        0.616,
        0.0183,
        1.4355,
        0.1001,
        0.8762,
        2.0262,
        0.057,
        0.1606,
        1.3438,
        0.0971,
        1.4217
    ]
}