{
    "FSRS-rs": {
        "RMSE": 0.31006301605811326,
        "LogLoss": 0.33526305799805695,
        "RMSE(bins)": 0.04650270107625885,
        "RMSE(bins)Ratings": {
            "1": 0.06424893264562695,
            "2": 0.08542560346564224,
            "3": 0.012170257543882082,
            "4": 0.0291278373681477
        }
    },
    "user": 17467,
    "size": 47080,
    "weights": [
        0.2614,
        0.4168,
        0.605,
        3.2977,
        4.7669,
        0.6588,
        1.0043,
        0.0825,
        1.6414,
        0.2091,
        1.0851,
        2.4124,
        0.0629,
        0.3679,
        1.9129,
        0.0157,
        3.5913
    ]
}