{
    "metrics": {
        "RMSE": 0.42771842795606985,
        "LogLoss": 0.5458901807294944,
        "RMSE(bins)": 0.11588431996939405,
        "ICI": 0.03524306081136282
    },
    "user": 17509,
    "size": 11355,
    "weights": [
        0.0437,
        0.0437,
        0.6113,
        3.2234,
        5.1788,
        1.2057,
        0.7841,
        0.063,
        1.6874,
        0.2507,
        1.0451,
        2.1159,
        0.0528,
        0.2805,
        1.5221,
        0.4633,
        2.6726
    ]
}