{
    "FSRS-rs": {
        "RMSE": 0.23007402410760405,
        "LogLoss": 0.21086080629768703,
        "RMSE(bins)": 0.013615576778118362,
        "RMSE(bins)Ratings": {
            "1": 0.04683399351468113,
            "2": 0.05411702416603333,
            "3": 0.009507291202665894,
            "4": 0.12206684639859208
        }
    },
    "user": 17539,
    "size": 58485,
    "weights": [
        1.1667,
        2.6682,
        6.8267,
        12.7705,
        5.0053,
        1.3897,
        1.6619,
        0.0481,
        2.2147,
        0.1133,
        1.5107,
        2.1094,
        0.0903,
        0.4424,
        0.9069,
        0.0636,
        4.0
    ]
}