{
    "FSRS-rs": {
        "RMSE": 0.02045037611231765,
        "LogLoss": 0.012104340434378644,
        "RMSE(bins)": 0.014645134728349649,
        "ICI": 0.011100695654989714,
        "RMSE(bins)Ratings": {
            "1": 0.08360742999401219,
            "2": 0.006532148324293476,
            "3": 0.016904083736777906,
            "4": 0.026702901694578673
        }
    },
    "user": 17564,
    "size": 15615,
    "weights": [
        0.9694,
        3.2156,
        16.8058,
        50.6126,
        3.0449,
        0.1,
        0.1,
        0.5,
        3.0,
        0.1,
        2.5,
        2.5419,
        0.01,
        0.9,
        1.4353,
        1.0,
        2.8221
    ]
}