{
    "metrics": {
        "RMSE": 0.3887728024061988,
        "LogLoss": 0.4705649795657395,
        "RMSE(bins)": 0.04484839340989534,
        "ICI": 0.018558398307059364
    },
    "user": 17568,
    "size": 26095,
    "weights": [
        0.4016,
        0.5884,
        3.5972,
        7.4636,
        5.162,
        1.3524,
        0.7486,
        0.0479,
        1.5547,
        0.038,
        0.9373,
        2.1198,
        0.0874,
        0.2794,
        1.3913,
        0.2065,
        2.6496
    ]
}