{
    "FSRS-rs": {
        "RMSE": 0.3080696525476619,
        "LogLoss": 0.3243217630380977,
        "RMSE(bins)": 0.08868653843390856,
        "RMSE(bins)Ratings": {
            "1": 0.12582265433298445,
            "2": 0.059433724066213146,
            "3": 0.058488931544028566,
            "4": 0.07301477909115449
        }
    },
    "user": 17606,
    "size": 85790,
    "weights": [
        0.3801,
        0.3801,
        3.0719,
        21.7677,
        4.5849,
        1.2864,
        0.1359,
        0.0284,
        1.7208,
        0.4436,
        1.018,
        2.648,
        0.0341,
        0.3259,
        1.8787,
        0.1539,
        3.2728
    ]
}