{
    "FSRS-rs": {
        "RMSE": 0.3731006513708716,
        "LogLoss": 0.4369450482179863,
        "RMSE(bins)": 0.13748295433791813,
        "RMSE(bins)Ratings": {
            "1": 0.21883489357124605,
            "2": 0.18266439697969103,
            "3": 0.10043884054089978
        }
    },
    "user": 1767,
    "size": 2960,
    "weights": [
        1.0519,
        2.6393,
        9.7114,
        9.7114,
        5.0714,
        1.0268,
        0.7976,
        0.0926,
        1.6115,
        0.102,
        0.9813,
        2.171,
        0.0718,
        0.2867,
        1.1548,
        0.0603,
        2.8093
    ]
}