{
    "metrics": {
        "RMSE": 0.02210788915469464,
        "LogLoss": 0.013637754259160483,
        "RMSE(bins)": 0.01360568899153438,
        "ICI": 0.012067604205351636,
        "RMSE(bins)Ratings": {
            "1": 0.011755256042458528,
            "2": 0.013542835455390501,
            "3": 0.014891248967141205
        }
    },
    "user": 17708,
    "size": 6925,
    "weights": [
        7.0542,
        15.7645,
        45.082,
        100.0,
        4.5428,
        1.1303,
        0.6385,
        0.2171,
        2.2056,
        0.1001,
        1.5801,
        2.3533,
        0.01,
        0.6643,
        1.3752,
        0.6135,
        2.8339
    ]
}