{
    "metrics": {
        "RMSE": 0.44753893631796265,
        "LogLoss": 0.5913560876985036,
        "RMSE(bins)": 0.0858589432548622,
        "ICI": 0.06621081434703158
    },
    "user": 17734,
    "size": 3110,
    "weights": [
        0.9246,
        1.588,
        11.2601,
        18.0011,
        5.4221,
        1.5256,
        1.0299,
        0.0827,
        1.4199,
        0.3747,
        0.8074,
        2.0765,
        0.1248,
        0.2794,
        1.3763,
        0.3129,
        2.3586
    ]
}