{
    "metrics": {
        "RMSE": 0.1646635524020602,
        "LogLoss": 0.10947473881369384,
        "RMSE(bins)": 0.13217487840105466,
        "ICI": 0.0632798207893452
    },
    "user": 17731,
    "size": 1295,
    "weights": [
        0.4374,
        14.2646,
        40.4675,
        81.097,
        5.0246,
        1.0811,
        0.7487,
        0.1542,
        1.7489,
        0.0142,
        1.1365,
        2.071,
        0.1371,
        0.3082,
        1.577,
        0.3389,
        2.9417
    ]
}