{
    "metrics": {
        "RMSE": 0.16868473773690112,
        "LogLoss": 0.11280753389408471,
        "RMSE(bins)": 0.14202928893539674,
        "ICI": 0.06568488373578145,
        "RMSE(bins)Ratings": {
            "1": 0.07932609930652057,
            "2": 0.24628072854391828,
            "3": 0.2725156655462953,
            "4": 0.30723175105177536
        }
    },
    "user": 17731,
    "size": 1295,
    "weights": [
        0.4028,
        14.4373,
        40.6582,
        81.0819,
        5.0245,
        1.0507,
        0.7473,
        0.125,
        1.709,
        0.1,
        1.0845,
        2.1022,
        0.1167,
        0.291,
        1.3736,
        0.2989,
        2.8635
    ]
}