{
    "FSRS-rs": {
        "RMSE": 0.43396077906475766,
        "LogLoss": 0.5722824486332012,
        "RMSE(bins)": 0.06681417223861771,
        "RMSE(bins)Ratings": {
            "1": 0.09573542001699088,
            "2": 0.28763449867249136,
            "3": 0.05329456598411404,
            "4": 0.550761866593376
        }
    },
    "user": 17750,
    "size": 43585,
    "weights": [
        0.2556,
        0.74,
        1.3,
        5.52,
        5.789,
        1.8244,
        1.3228,
        0.0214,
        1.193,
        0.4623,
        0.5436,
        2.3373,
        0.0951,
        0.3062,
        1.4287,
        0.9335,
        3.9951
    ]
}