{
    "FSRS-rs": {
        "RMSE": 0.11690661621793907,
        "LogLoss": 0.08288636476479871,
        "RMSE(bins)": 0.01853371601401403,
        "RMSE(bins)Ratings": {
            "1": 0.10092991118018316,
            "2": 0.03568250610120079,
            "3": 0.014003721997291444,
            "4": 0.0029122931345735292
        }
    },
    "user": 17772,
    "size": 36520,
    "weights": [
        0.6134,
        0.6134,
        11.5278,
        11.5278,
        3.0911,
        0.2724,
        0.9823,
        0.22,
        2.947,
        0.1745,
        2.4474,
        2.981,
        0.0367,
        0.8765,
        1.4402,
        0.8228,
        3.9998
    ]
}