{
    "metrics": {
        "RMSE": 0.40260205875682636,
        "LogLoss": 0.5209246779509957,
        "RMSE(bins)": 0.11956243310618404,
        "ICI": 0.07976691518853317
    },
    "user": 17797,
    "size": 132485,
    "weights": [
        0.3691,
        0.3691,
        1.7936,
        3.5759,
        4.9872,
        0.7507,
        1.0357,
        0.1193,
        1.8038,
        0.296,
        1.0535,
        2.9648,
        0.0342,
        0.0869,
        1.8623,
        0.3254,
        1.2891
    ]
}