{
    "metrics": {
        "RMSE": 0.23535173526592856,
        "LogLoss": 0.20593032696618901,
        "RMSE(bins)": 0.03474429638534635,
        "ICI": 0.011868055346043047
    },
    "user": 17799,
    "size": 16890,
    "weights": [
        0.0852,
        0.7595,
        4.1386,
        21.5803,
        5.0921,
        1.9314,
        0.6503,
        0.0998,
        1.8911,
        0.0001,
        1.263,
        1.8449,
        0.106,
        0.3217,
        1.6571,
        0.461,
        4.0212
    ]
}