{
    "FSRS-rs": {
        "RMSE": 0.3420999263260365,
        "LogLoss": 0.4084398885096542,
        "RMSE(bins)": 0.13921219485526717,
        "RMSE(bins)Ratings": {
            "1": 0.44833846208342376,
            "2": 0.3172809417260125,
            "3": 0.07069040439922708
        }
    },
    "user": 17845,
    "size": 1025,
    "weights": [
        0.5362,
        0.5362,
        2.7081,
        7.9718,
        5.1614,
        0.9408,
        0.7061,
        0.1337,
        1.5075,
        0.2199,
        0.8776,
        2.2133,
        0.01,
        0.3329,
        1.4196,
        0.1301,
        2.69
    ]
}