{
    "metrics": {
        "RMSE": 0.2430649878741691,
        "LogLoss": 0.22566041992745992,
        "RMSE(bins)": 0.08719514434447387,
        "ICI": 0.040858448151017614,
        "RMSE(bins)Ratings": {
            "1": 0.1977777188915627,
            "2": 0.10772725663850456,
            "3": 0.08224308282908138,
            "4": 0.06699041399835563
        }
    },
    "user": 17841,
    "size": 8585,
    "weights": [
        1.1274,
        4.8632,
        17.1896,
        23.7276,
        5.123,
        1.0523,
        1.1565,
        0.0708,
        1.7899,
        0.1121,
        1.1304,
        2.2325,
        0.1183,
        0.4567,
        1.9624,
        0.1964,
        2.9319
    ]
}