{
    "metrics": {
        "RMSE": 0.02376731072951425,
        "LogLoss": 0.02012090488044441,
        "RMSE(bins)": 0.02175923726046797,
        "ICI": 0.0198252258997349
    },
    "user": 17864,
    "size": 4380,
    "weights": [
        1.9493,
        4.936,
        14.1507,
        37.3907,
        4.3676,
        1.2006,
        0.7924,
        0.1222,
        2.4085,
        0.0,
        1.7958,
        2.1174,
        0.0839,
        0.3204,
        1.4676,
        0.3106,
        2.8237
    ]
}