{
    "metrics": {
        "RMSE": 0.2872894362301014,
        "LogLoss": 0.3019965826751252,
        "RMSE(bins)": 0.03488205226691016,
        "ICI": 0.022626340122345708
    },
    "user": 17885,
    "size": 171350,
    "weights": [
        0.22,
        3.1532,
        4.3294,
        10.9355,
        6.3674,
        1.1736,
        0.4954,
        0.0127,
        1.7553,
        0.0005,
        0.852,
        2.6138,
        0.035,
        0.2138,
        2.125,
        0.3999,
        4.9733
    ]
}