{
    "metrics": {
        "RMSE": 0.31956459152888106,
        "LogLoss": 0.34145923571616965,
        "RMSE(bins)": 0.06126739622074463,
        "ICI": 0.011050005749782755,
        "RMSE(bins)Ratings": {
            "1": 0.13271903121253747,
            "2": 0.1400329409587095,
            "3": 0.09632535073972949,
            "4": 0.11170777825065019
        }
    },
    "user": 17881,
    "size": 1485,
    "weights": [
        1.1338,
        1.4853,
        6.3028,
        7.9732,
        5.1099,
        1.2009,
        0.7767,
        0.0234,
        1.5595,
        0.2468,
        0.9349,
        2.2098,
        0.0323,
        0.4087,
        1.3964,
        0.2145,
        2.759
    ]
}