{
    "FSRS-rs": {
        "RMSE": 0.31657553219760015,
        "LogLoss": 0.35228003317678097,
        "RMSE(bins)": 0.05603651171480496,
        "ICI": 0.0435311907789089,
        "RMSE(bins)Ratings": {
            "1": 0.13510925127415693,
            "2": 0.05462568307349183,
            "3": 0.07510629543218217,
            "4": 0.0760800631084132
        }
    },
    "user": 17984,
    "size": 9860,
    "weights": [
        0.4185,
        1.0208,
        13.1508,
        15.5736,
        5.0327,
        1.2652,
        0.7292,
        0.1103,
        1.9311,
        0.1032,
        1.1817,
        2.2019,
        0.0337,
        0.2587,
        1.5739,
        0.5309,
        2.5563
    ]
}