{
    "metrics": {
        "RMSE": 0.37083220784390086,
        "LogLoss": 0.44641716093585,
        "RMSE(bins)": 0.06722897869860897,
        "ICI": 0.04345264314032864
    },
    "user": 17985,
    "size": 30770,
    "weights": [
        1.1401,
        3.5781,
        16.1203,
        20.6923,
        5.056,
        1.3906,
        0.7971,
        0.0387,
        2.0482,
        0.3246,
        1.3515,
        2.1016,
        0.0917,
        0.2993,
        0.9984,
        0.3385,
        2.9768
    ]
}