{
    "metrics": {
        "RMSE": 0.3801158936793831,
        "LogLoss": 0.4651812777627021,
        "RMSE(bins)": 0.08480051202935117,
        "ICI": 0.0586467968877447
    },
    "user": 18009,
    "size": 11375,
    "weights": [
        0.7437,
        1.1841,
        2.3787,
        10.9355,
        5.2903,
        1.0193,
        0.6622,
        0.2657,
        1.3752,
        0.3595,
        0.733,
        2.0834,
        0.0954,
        0.2796,
        1.4765,
        0.1037,
        2.9726
    ]
}