{
    "FSRS-rs": {
        "RMSE": 0.16691190717938617,
        "LogLoss": 0.13234220451610126,
        "RMSE(bins)": 0.016242895543014824,
        "RMSE(bins)Ratings": {
            "1": 0.024171064286801807,
            "2": 0.09859618876891135,
            "3": 0.015503440512828275
        }
    },
    "user": 18000,
    "size": 6110,
    "weights": [
        1.3366,
        2.5624,
        6.8021,
        13.0406,
        4.5006,
        0.7278,
        0.3156,
        0.3003,
        2.1822,
        0.1086,
        1.5518,
        2.7341,
        0.014,
        0.8373,
        1.9481,
        0.235,
        2.6142
    ]
}