{
    "metrics": {
        "RMSE": 0.22690840719219615,
        "LogLoss": 0.19797595552341432,
        "RMSE(bins)": 0.028619485709136642,
        "ICI": 0.009288223797999495
    },
    "user": 18165,
    "size": 127225,
    "weights": [
        0.732,
        4.7686,
        7.7731,
        32.7237,
        5.2318,
        1.3984,
        0.5369,
        0.0004,
        1.82,
        0.0609,
        1.2046,
        2.812,
        0.0101,
        0.2131,
        2.9997,
        0.2213,
        3.0549
    ]
}