{
    "metrics": {
        "RMSE": 0.3514686680785951,
        "LogLoss": 0.40475769660140526,
        "RMSE(bins)": 0.0495759803724806,
        "ICI": 0.018287639726527593
    },
    "user": 18242,
    "size": 72140,
    "weights": [
        0.2376,
        0.8051,
        5.0224,
        10.9355,
        4.748,
        1.3252,
        0.9144,
        0.004,
        1.4421,
        0.0,
        0.6616,
        1.8953,
        0.0274,
        0.2103,
        2.2146,
        0.4391,
        3.9874
    ]
}