{
    "FSRS-rs": {
        "RMSE": 0.45510822255538014,
        "LogLoss": 0.6146751581453496,
        "RMSE(bins)": 0.08393028982772228,
        "ICI": 0.07218215945070024,
        "RMSE(bins)Ratings": {
            "1": 0.09718445962141478,
            "2": 0.18070837043628857,
            "3": 0.13382964763529864,
            "4": 0.12469502557388816
        }
    },
    "user": 18254,
    "size": 14905,
    "weights": [
        0.3658,
        0.4863,
        0.7453,
        1.8745,
        5.7578,
        1.073,
        1.1278,
        0.1867,
        1.0078,
        0.7738,
        0.3674,
        2.0887,
        0.0719,
        0.2459,
        1.3605,
        0.2319,
        2.1852
    ]
}