{
    "FSRS-rs": {
        "RMSE": 0.18719894495106743,
        "LogLoss": 0.14920638672317993,
        "RMSE(bins)": 0.054665200125028034,
        "RMSE(bins)Ratings": {
            "1": 0.32531994322300367,
            "2": 0.027515128290603732,
            "3": 0.11301858266712742,
            "4": 0.058374129658976114
        }
    },
    "user": 18287,
    "size": 15935,
    "weights": [
        1.5764,
        4.0916,
        15.3834,
        37.1957,
        4.8862,
        1.4321,
        0.4376,
        0.3385,
        1.7607,
        0.2255,
        1.1226,
        2.0728,
        0.1453,
        0.1709,
        1.4739,
        0.5721,
        2.8354
    ]
}