{
    "metrics": {
        "RMSE": 0.3656337916084909,
        "LogLoss": 0.48990694378261473,
        "RMSE(bins)": 0.12831813214423143,
        "ICI": 0.09568668663252398
    },
    "user": 18281,
    "size": 2255,
    "weights": [
        1.631,
        31.1523,
        31.1523,
        31.1523,
        5.2142,
        1.2695,
        0.9672,
        0.0678,
        1.4877,
        0.3557,
        0.8754,
        2.0561,
        0.1448,
        0.2154,
        1.4058,
        0.0,
        2.6647
    ]
}