{
    "metrics": {
        "RMSE": 0.40430058072461544,
        "LogLoss": 0.5004109613773448,
        "RMSE(bins)": 0.053057058221081435,
        "ICI": 0.031842282280291435,
        "RMSE(bins)Ratings": {
            "1": 0.08127934797138442,
            "2": 0.10792345075407954,
            "3": 0.056736619803414934,
            "4": 0.06491025826099953
        }
    },
    "user": 18329,
    "size": 35410,
    "weights": [
        0.0893,
        0.3123,
        1.949,
        13.6252,
        4.8355,
        1.1263,
        0.3415,
        0.0177,
        1.3162,
        0.1961,
        0.7077,
        2.0653,
        0.0642,
        0.1555,
        1.4119,
        0.464,
        1.3714
    ]
}