{
    "metrics": {
        "RMSE": 0.34453308410559774,
        "LogLoss": 0.39825927384055515,
        "RMSE(bins)": 0.05295072537605544,
        "ICI": 0.042468105090088824
    },
    "user": 18381,
    "size": 307145,
    "weights": [
        0.4318,
        1.02,
        2.0646,
        8.4846,
        4.7274,
        0.5484,
        1.373,
        0.0786,
        1.1836,
        0.1818,
        0.8309,
        1.8867,
        0.1476,
        0.4685,
        1.8407,
        0.2692,
        3.4375
    ]
}