{
    "metrics": {
        "RMSE": 0.1981558759200943,
        "LogLoss": 0.15720821324987103,
        "RMSE(bins)": 0.08297029991274564,
        "ICI": 0.024127250886892045
    },
    "user": 18411,
    "size": 1820,
    "weights": [
        3.8108,
        5.0041,
        8.0779,
        11.6991,
        5.0144,
        1.0955,
        0.7719,
        0.1237,
        1.7595,
        0.0361,
        1.1473,
        2.2055,
        0.0439,
        0.4099,
        1.5494,
        0.336,
        2.9798
    ]
}