{
    "metrics": {
        "RMSE": 0.3159195095748704,
        "LogLoss": 0.38737895817279583,
        "RMSE(bins)": 0.08439330967160255,
        "ICI": 0.0694351991369558
    },
    "user": 18441,
    "size": 1275,
    "weights": [
        0.1347,
        1.4436,
        50.6712,
        100.0,
        5.2641,
        1.0827,
        0.9797,
        0.0,
        1.509,
        0.2542,
        0.8966,
        2.2359,
        0.01,
        0.4403,
        1.5757,
        0.3372,
        2.8481
    ]
}