{
    "metrics": {
        "RMSE": 0.41237010475930463,
        "LogLoss": 0.5612277603648487,
        "RMSE(bins)": 0.12807548871704816,
        "ICI": 0.10875719666151532
    },
    "user": 1845,
    "size": 10365,
    "weights": [
        2.7776,
        5.5734,
        15.9756,
        15.9756,
        5.2621,
        1.3182,
        0.7464,
        0.1563,
        1.5153,
        0.2476,
        0.8254,
        2.077,
        0.1233,
        0.2807,
        1.356,
        0.1438,
        3.0457
    ]
}