{
    "metrics": {
        "RMSE": 0.3913747792955597,
        "LogLoss": 0.4737206479816954,
        "RMSE(bins)": 0.15639370124958824,
        "ICI": 0.08054384403954817,
        "RMSE(bins)Ratings": {
            "1": 0.33433399913568385,
            "2": 0.08696940961820278,
            "3": 0.11893002124597107,
            "4": 0.05100930750336074
        }
    },
    "user": 18501,
    "size": 15740,
    "weights": [
        0.3325,
        0.9077,
        6.41,
        8.4941,
        5.1202,
        1.0544,
        1.1781,
        0.0383,
        1.7568,
        0.1388,
        1.1549,
        2.2733,
        0.0608,
        0.3824,
        1.9508,
        0.1259,
        3.7857
    ]
}