{
    "metrics": {
        "RMSE": 0.43447102051093056,
        "LogLoss": 0.5509943794505349,
        "RMSE(bins)": 0.21682669400599205,
        "ICI": 0.11866029914753488
    },
    "user": 18512,
    "size": 1490,
    "weights": [
        0.0466,
        0.1479,
        0.8349,
        10.9355,
        5.223,
        1.2794,
        0.8619,
        0.037,
        1.55,
        0.0552,
        0.9376,
        2.0385,
        0.1629,
        0.2414,
        1.389,
        0.259,
        2.8625
    ]
}