{
    "metrics": {
        "RMSE": 0.3767695927725593,
        "LogLoss": 0.4627166864186868,
        "RMSE(bins)": 0.11810092778946976,
        "ICI": 0.07366233381902146
    },
    "user": 18524,
    "size": 2320,
    "weights": [
        0.5896,
        2.2383,
        5.987,
        17.4223,
        5.4309,
        1.361,
        1.1494,
        0.0,
        1.472,
        0.3582,
        0.7981,
        2.2014,
        0.0431,
        0.3259,
        1.5482,
        0.1454,
        2.7341
    ]
}