{
    "metrics": {
        "RMSE": 0.2158323375415406,
        "LogLoss": 0.17652507426074246,
        "RMSE(bins)": 0.050458419224327256,
        "ICI": 0.013540969806784802
    },
    "user": 18520,
    "size": 68545,
    "weights": [
        0.2433,
        5.6801,
        6.0574,
        13.3288,
        5.2504,
        1.583,
        0.3847,
        0.1244,
        1.7468,
        0.0084,
        1.0871,
        2.2168,
        0.0733,
        0.2421,
        2.0627,
        0.2924,
        4.3789
    ]
}