{
    "metrics": {
        "RMSE": 0.3441495780903607,
        "LogLoss": 0.38252672198851423,
        "RMSE(bins)": 0.04735368531446342,
        "ICI": 0.010643372321089842
    },
    "user": 1856,
    "size": 10450,
    "weights": [
        0.2309,
        0.6494,
        6.0391,
        10.9355,
        5.1763,
        1.0796,
        0.8148,
        0.0,
        1.6622,
        0.2522,
        1.0498,
        2.1631,
        0.0239,
        0.2788,
        1.592,
        0.1053,
        2.9435
    ]
}