{
    "FSRS-rs": {
        "RMSE": 0.3537357375953681,
        "LogLoss": 0.4008578582468126,
        "RMSE(bins)": 0.07140951864643272,
        "RMSE(bins)Ratings": {
            "1": 0.1045394596004602,
            "2": 0.08302514053113054,
            "3": 0.07948754703896835,
            "4": 0.03123411148315336
        }
    },
    "user": 18573,
    "size": 1410,
    "weights": [
        0.2721,
        1.0132,
        1.9584,
        1.9584,
        5.115,
        1.0346,
        0.7574,
        0.0992,
        1.5403,
        0.104,
        0.9103,
        2.2513,
        0.0168,
        0.3576,
        1.487,
        0.3151,
        2.7437
    ]
}