{
    "metrics": {
        "RMSE": 0.29426597298709023,
        "LogLoss": 0.302006751057767,
        "RMSE(bins)": 0.05840681105731854,
        "ICI": 0.011979803581646327
    },
    "user": 18607,
    "size": 7785,
    "weights": [
        0.8049,
        1.4436,
        7.9394,
        10.9355,
        5.1738,
        1.0561,
        1.4484,
        0.0001,
        1.7957,
        0.0366,
        1.1796,
        2.5947,
        0.0349,
        0.6798,
        2.0062,
        0.1056,
        3.4661
    ]
}