{
    "metrics": {
        "RMSE": 0.2565173787890657,
        "LogLoss": 0.24745187771644409,
        "RMSE(bins)": 0.03242371661716251,
        "ICI": 0.011801658908021859
    },
    "user": 18643,
    "size": 72705,
    "weights": [
        0.8175,
        1.4611,
        3.4909,
        3.7628,
        5.7689,
        1.6818,
        1.5614,
        0.0148,
        1.812,
        0.025,
        1.0568,
        2.0542,
        0.0681,
        0.2999,
        1.4859,
        1.0,
        3.5435
    ]
}