{
    "FSRS-rs": {
        "RMSE": 0.198381206788972,
        "LogLoss": 0.1651998385149224,
        "RMSE(bins)": 0.021711634033148144,
        "RMSE(bins)Ratings": {
            "1": 0.0942545570554849,
            "2": 0.015358175383245805,
            "3": 0.014400408290111789,
            "4": 0.11574346469318034
        }
    },
    "user": 18680,
    "size": 159915,
    "weights": [
        1.1261,
        2.439,
        7.7744,
        7.7744,
        4.5189,
        0.8876,
        0.4094,
        0.0205,
        1.9349,
        0.168,
        1.1192,
        2.0392,
        0.0841,
        0.2832,
        1.9466,
        0.8082,
        3.9975
    ]
}