{
    "FSRS-rs": {
        "RMSE": 0.4305229154019566,
        "LogLoss": 0.5585403007426915,
        "RMSE(bins)": 0.08837114148938595,
        "RMSE(bins)Ratings": {
            "1": 0.11476029341337023,
            "2": 0.5774346846126895,
            "3": 0.10162616679294253
        }
    },
    "user": 18703,
    "size": 9065,
    "weights": [
        0.1938,
        0.8085,
        0.8295,
        17.5495,
        5.3956,
        1.3676,
        0.906,
        0.2576,
        0.9859,
        0.1639,
        0.4445,
        2.2484,
        0.0403,
        0.2844,
        1.4755,
        0.2832,
        2.684
    ]
}