{
    "FSRS-rs": {
        "RMSE": 0.06938887110234718,
        "LogLoss": 0.030335105011337203,
        "RMSE(bins)": 0.043597075492189025,
        "RMSE(bins)Ratings": {
            "1": 0.23147993312965742,
            "2": 0.016393365932511495,
            "3": 0.02547396418432263
        }
    },
    "user": 1871,
    "size": 7395,
    "weights": [
        17.6377,
        17.6377,
        77.7948,
        100.0,
        4.4722,
        0.4972,
        0.5357,
        0.4096,
        1.9643,
        0.1,
        1.4081,
        2.5633,
        0.01,
        0.8006,
        1.3706,
        0.4958,
        2.61
    ]
}