{
    "FSRS-rs": {
        "RMSE": 0.357200658068771,
        "LogLoss": 0.4452753834069087,
        "RMSE(bins)": 0.13326697735879336,
        "RMSE(bins)Ratings": {
            "1": 0.08472229789272823,
            "2": 0.0701714752581039,
            "3": 0.04405443559853428,
            "4": 0.03303954511903522
        }
    },
    "user": 18781,
    "size": 14315,
    "weights": [
        0.7396,
        1.4076,
        1.4076,
        8.0897,
        5.0918,
        0.1034,
        0.9481,
        0.1587,
        1.4056,
        0.4222,
        0.7641,
        2.1944,
        0.0729,
        0.2569,
        1.79,
        0.2442,
        2.6577
    ]
}