{
    "metrics": {
        "RMSE": 0.2708327916425048,
        "LogLoss": 0.26899924503654105,
        "RMSE(bins)": 0.07059662761593812,
        "ICI": 0.04171342436647564
    },
    "user": 18796,
    "size": 6175,
    "weights": [
        0.3581,
        2.4639,
        8.0942,
        46.6858,
        4.9454,
        1.0778,
        0.9198,
        0.0194,
        1.8405,
        0.0167,
        1.2146,
        2.0255,
        0.1747,
        0.2269,
        1.3958,
        0.0273,
        3.2658
    ]
}