{
    "FSRS-rs": {
        "RMSE": 0.40795702738925654,
        "LogLoss": 0.5380534399845434,
        "RMSE(bins)": 0.10435781636127378,
        "RMSE(bins)Ratings": {
            "1": 0.2538903419362472,
            "2": 0.18330808723411998,
            "3": 0.18403996580114432,
            "4": 0.5588222508888657
        }
    },
    "user": 18865,
    "size": 7150,
    "weights": [
        0.3242,
        0.6198,
        0.6198,
        0.6198,
        5.1678,
        0.545,
        1.0433,
        0.0191,
        1.2222,
        0.2118,
        0.6724,
        2.0817,
        0.1348,
        0.223,
        1.0587,
        0.2806,
        2.1356
    ]
}