{
    "FSRS-rs": {
        "RMSE": 0.3170881649263104,
        "LogLoss": 0.34609957677967707,
        "RMSE(bins)": 0.03163403009115945,
        "RMSE(bins)Ratings": {
            "1": 0.04087829447926435,
            "2": 0.03058284063761812,
            "3": 0.025843025474627457,
            "4": 0.03437526439118752
        }
    },
    "user": 18945,
    "size": 86950,
    "weights": [
        0.142,
        0.1898,
        0.2933,
        0.8746,
        5.9005,
        0.785,
        0.6885,
        0.0694,
        1.4723,
        0.2268,
        0.8051,
        2.1787,
        0.0934,
        0.1926,
        1.7181,
        0.2492,
        2.5455
    ]
}