{
    "metrics": {
        "RMSE": 0.2518277283359642,
        "LogLoss": 0.22398984706515887,
        "RMSE(bins)": 0.08062608908382413,
        "ICI": 0.023075654517104752
    },
    "user": 18966,
    "size": 24100,
    "weights": [
        0.7356,
        1.0345,
        5.9661,
        10.9355,
        4.7891,
        1.3418,
        0.78,
        0.1529,
        2.3479,
        0.0,
        1.5724,
        2.1974,
        0.0457,
        0.3209,
        1.548,
        0.4906,
        3.4094
    ]
}