{
    "metrics": {
        "RMSE": 0.31157005139784033,
        "LogLoss": 0.33512641047003083,
        "RMSE(bins)": 0.08788709832022784,
        "ICI": 0.03809623004951071,
        "RMSE(bins)Ratings": {
            "1": 0.1898384412184037,
            "2": 0.1591909895932174,
            "3": 0.10542567591609289,
            "4": 0.08557949181115658
        }
    },
    "user": 18960,
    "size": 2230,
    "weights": [
        0.373,
        1.1153,
        5.7661,
        30.0555,
        5.1341,
        1.2009,
        0.8434,
        0.0763,
        1.6668,
        0.1194,
        1.0274,
        2.1337,
        0.0969,
        0.3427,
        1.3295,
        0.2048,
        2.9243
    ]
}