{
    "FSRS-rs": {
        "RMSE": 0.3048644900627309,
        "LogLoss": 0.3138095617248585,
        "RMSE(bins)": 0.0317093390712333,
        "RMSE(bins)Ratings": {
            "1": 0.05873019967078447,
            "2": 0.13409554839565238,
            "3": 0.025440604988141775,
            "4": 0.07611791810035418
        }
    },
    "user": 18996,
    "size": 89990,
    "weights": [
        0.3701,
        0.6006,
        0.7928,
        3.3345,
        5.2218,
        1.2421,
        0.9839,
        0.1567,
        1.674,
        0.1008,
        0.9531,
        2.2392,
        0.0735,
        0.3224,
        1.7502,
        0.1921,
        2.32
    ]
}