{
    "metrics": {
        "RMSE": 0.3834850721592272,
        "LogLoss": 0.47339877784875456,
        "RMSE(bins)": 0.16093274091250187,
        "ICI": 0.09672155246214503
    },
    "user": 19018,
    "size": 12115,
    "weights": [
        0.8409,
        2.7551,
        16.3395,
        100.0,
        4.701,
        1.6135,
        0.6452,
        0.2802,
        1.9901,
        0.0127,
        1.353,
        1.9503,
        0.1667,
        0.2257,
        1.3886,
        0.1915,
        3.9691
    ]
}