{
    "metrics": {
        "RMSE": 0.36224207706756856,
        "LogLoss": 0.4238372453909697,
        "RMSE(bins)": 0.0642506183050202,
        "ICI": 0.015157290656410229
    },
    "user": 19020,
    "size": 10000,
    "weights": [
        0.5281,
        0.8081,
        1.5299,
        3.6265,
        5.4597,
        1.5066,
        0.32,
        0.0381,
        1.3103,
        0.5286,
        0.6979,
        2.3426,
        0.01,
        0.4738,
        1.474,
        0.2123,
        2.4299
    ]
}