{
    "metrics": {
        "RMSE": 0.317964580397964,
        "LogLoss": 0.3501774314553721,
        "RMSE(bins)": 0.12024265203463053,
        "ICI": 0.03611773844831923
    },
    "user": 19040,
    "size": 9020,
    "weights": [
        0.172,
        0.4541,
        1.9473,
        12.589,
        5.6003,
        1.5628,
        1.1877,
        0.068,
        1.5418,
        0.0085,
        0.9352,
        2.031,
        0.1246,
        0.2613,
        1.6306,
        0.3367,
        2.5116
    ]
}