{
    "metrics": {
        "RMSE": 0.1512855502099398,
        "LogLoss": 0.11459353922017991,
        "RMSE(bins)": 0.037351567440434594,
        "ICI": 0.0190678182486375
    },
    "user": 19064,
    "size": 7390,
    "weights": [
        0.5701,
        1.8737,
        11.1644,
        36.6934,
        4.744,
        1.3177,
        0.9018,
        0.0353,
        2.2223,
        0.0,
        1.5961,
        2.1648,
        0.0594,
        0.2823,
        1.7501,
        0.7549,
        2.8842
    ]
}