{
    "metrics": {
        "RMSE": 0.28065960640269577,
        "LogLoss": 0.28023595313166644,
        "RMSE(bins)": 0.03846694170148452,
        "ICI": 0.011020905533187464
    },
    "user": 19104,
    "size": 106130,
    "weights": [
        0.6756,
        1.0407,
        4.4661,
        14.8761,
        5.4756,
        1.5821,
        1.4006,
        0.0001,
        1.8607,
        0.1642,
        1.0137,
        2.3172,
        0.0895,
        0.4467,
        2.1309,
        0.0793,
        6.0
    ]
}