{
    "metrics": {
        "RMSE": 0.36463243145308316,
        "LogLoss": 0.43656948867539813,
        "RMSE(bins)": 0.10953965187542335,
        "ICI": 0.06483275172006904
    },
    "user": 19168,
    "size": 23420,
    "weights": [
        0.6104,
        1.1727,
        3.1228,
        27.3434,
        5.258,
        0.9301,
        1.0229,
        0.4204,
        1.4636,
        0.1674,
        0.7755,
        2.0437,
        0.0817,
        0.2756,
        1.4465,
        0.2475,
        4.1661
    ]
}