{
    "FSRS-rs": {
        "RMSE": 0.37703843001819254,
        "LogLoss": 0.4481903676306879,
        "RMSE(bins)": 0.1530867681423268,
        "RMSE(bins)Ratings": {
            "1": 0.22689070896035443,
            "2": 0.1789418188791381,
            "3": 0.152687518670225,
            "4": 0.12330277561891305
        }
    },
    "user": 19199,
    "size": 1285,
    "weights": [
        0.5676,
        0.5676,
        2.0911,
        10.6446,
        5.1568,
        1.0964,
        0.7517,
        0.067,
        1.5043,
        0.1,
        0.874,
        2.1923,
        0.0325,
        0.3424,
        1.307,
        0.1657,
        2.6441
    ]
}