{
    "metrics": {
        "RMSE": 0.12893167343420964,
        "LogLoss": 0.08552139143498506,
        "RMSE(bins)": 0.03226339059276304,
        "ICI": 0.0190033275310724
    },
    "user": 19200,
    "size": 4065,
    "weights": [
        3.0207,
        3.0207,
        6.377,
        19.2535,
        4.8061,
        1.2166,
        0.8395,
        0.2213,
        2.0055,
        0.0,
        1.3806,
        2.146,
        0.0596,
        0.3218,
        1.4977,
        0.0038,
        3.0416
    ]
}