{
    "metrics": {
        "RMSE": 0.46868503492813224,
        "LogLoss": 0.6797793491879208,
        "RMSE(bins)": 0.21083004397181623,
        "ICI": 0.11479823663081437
    },
    "user": 19211,
    "size": 2145,
    "weights": [
        0.4769,
        1.3493,
        6.4209,
        6.4209,
        5.3109,
        1.0244,
        1.029,
        0.0369,
        1.3634,
        0.468,
        0.751,
        2.123,
        0.0785,
        0.3258,
        1.4769,
        0.1733,
        2.804
    ]
}