{
    "metrics": {
        "RMSE": 0.4188617668740303,
        "LogLoss": 0.532883057529761,
        "RMSE(bins)": 0.08412147078637856,
        "ICI": 0.06305861988408379
    },
    "user": 19246,
    "size": 10785,
    "weights": [
        0.5929,
        0.7774,
        1.1672,
        7.7706,
        5.3153,
        1.1499,
        0.9297,
        0.0093,
        1.5143,
        0.406,
        0.9556,
        2.1304,
        0.1056,
        0.2872,
        1.4562,
        0.2552,
        2.4668
    ]
}