{
    "metrics": {
        "RMSE": 0.3975402553887756,
        "LogLoss": 0.49325302459834,
        "RMSE(bins)": 0.05458326026473268,
        "ICI": 0.03527113563856284
    },
    "user": 19358,
    "size": 69075,
    "weights": [
        0.2462,
        0.2462,
        0.615,
        1.8736,
        5.5747,
        1.2201,
        0.6994,
        0.0734,
        0.998,
        0.517,
        0.3464,
        2.1243,
        0.131,
        0.4195,
        0.9975,
        0.2376,
        1.5353
    ]
}