{
    "metrics": {
        "RMSE": 0.2879785938720625,
        "LogLoss": 0.2976635825954188,
        "RMSE(bins)": 0.0544559532436022,
        "ICI": 0.024668348633604693
    },
    "user": 19417,
    "size": 11835,
    "weights": [
        1.8281,
        3.7519,
        11.0315,
        100.0,
        5.0176,
        1.4673,
        0.9902,
        0.0547,
        1.7105,
        0.099,
        1.0985,
        2.1087,
        0.0279,
        0.2635,
        1.5583,
        0.1271,
        2.9406
    ]
}