{
    "metrics": {
        "RMSE": 0.4056215917676082,
        "LogLoss": 0.495562540020668,
        "RMSE(bins)": 0.10658364142973101,
        "ICI": 0.04501315631484699,
        "RMSE(bins)Ratings": {
            "1": 0.23225670476496826,
            "2": 0.41638314019439987,
            "3": 0.31414042853958246,
            "4": 0.5696095692729399
        }
    },
    "user": 19426,
    "size": 670,
    "weights": [
        0.1258,
        1.2494,
        5.2909,
        6.2489,
        5.1551,
        1.1671,
        0.7822,
        0.0252,
        1.5777,
        0.1477,
        0.9532,
        2.1767,
        0.0402,
        0.3488,
        1.41,
        0.2848,
        2.7191
    ]
}