{
    "metrics": {
        "RMSE": 0.4533213820560748,
        "LogLoss": 0.6020173713685046,
        "RMSE(bins)": 0.0852761228337177,
        "ICI": 0.04539975704937969
    },
    "user": 19435,
    "size": 15710,
    "weights": [
        0.1026,
        0.4598,
        0.4756,
        4.777,
        5.2315,
        1.0994,
        0.7487,
        0.1897,
        1.1061,
        0.5107,
        0.4799,
        2.0916,
        0.0889,
        0.2858,
        1.2377,
        0.3502,
        1.6698
    ]
}