{
    "metrics": {
        "RMSE": 0.19469014779572355,
        "LogLoss": 0.16098434402448078,
        "RMSE(bins)": 0.028734580034080588,
        "ICI": 0.011541876750503997
    },
    "user": 19436,
    "size": 10670,
    "weights": [
        0.5508,
        1.4052,
        2.6467,
        10.9355,
        4.8457,
        1.0814,
        0.6308,
        0.2672,
        1.9358,
        0.0,
        1.2544,
        1.9695,
        0.0164,
        0.2338,
        1.4712,
        0.5291,
        3.2036
    ]
}