{
    "metrics": {
        "RMSE": 0.25624530371193716,
        "LogLoss": 0.2500311696583698,
        "RMSE(bins)": 0.05460970306516532,
        "ICI": 0.03537330870294689
    },
    "user": 19456,
    "size": 71895,
    "weights": [
        0.3631,
        1.0432,
        5.0794,
        10.9355,
        5.6227,
        0.1179,
        1.7916,
        0.0271,
        1.5446,
        0.1334,
        0.8951,
        1.8454,
        0.1375,
        0.3639,
        2.9556,
        0.0338,
        5.0763
    ]
}