{
    "FSRS-rs": {
        "RMSE": 0.3856219024893274,
        "LogLoss": 0.46678051924504527,
        "RMSE(bins)": 0.0328163721690069,
        "ICI": 0.020074090099344227,
        "RMSE(bins)Ratings": {
            "1": 0.07053755699785068,
            "2": 0.33901319050537415,
            "3": 0.03358056263472812
        }
    },
    "user": 19479,
    "size": 5595,
    "weights": [
        0.1338,
        0.4583,
        2.9065,
        7.9731,
        5.2668,
        1.2546,
        1.0864,
        0.014,
        1.5067,
        0.1001,
        0.8759,
        2.1418,
        0.0387,
        0.3085,
        1.426,
        0.2807,
        2.7849
    ]
}