{
    "metrics": {
        "RMSE": 0.2362950533389192,
        "LogLoss": 0.2198426877222306,
        "RMSE(bins)": 0.05165366179917762,
        "ICI": 0.018619933657896076
    },
    "user": 19499,
    "size": 7890,
    "weights": [
        0.9644,
        2.4825,
        10.5368,
        23.9001,
        4.9723,
        1.4734,
        0.7598,
        0.2045,
        1.8838,
        0.0149,
        1.1984,
        2.0879,
        0.1318,
        0.2758,
        1.6254,
        0.109,
        3.3065
    ]
}