{
    "metrics": {
        "RMSE": 0.49441597977010393,
        "LogLoss": 0.7140600799883569,
        "RMSE(bins)": 0.18905995360264985,
        "ICI": 0.1434379032886907
    },
    "user": 19509,
    "size": 885,
    "weights": [
        0.2657,
        0.7949,
        1.0936,
        3.9332,
        5.2243,
        1.2806,
        0.8511,
        0.0087,
        1.549,
        0.0542,
        0.9366,
        2.0375,
        0.1623,
        0.2404,
        1.3877,
        0.2186,
        2.7437
    ]
}