{
    "metrics": {
        "RMSE": 0.26405623576351145,
        "LogLoss": 0.25740805237076875,
        "RMSE(bins)": 0.05558093525353343,
        "ICI": 0.02506067737712179,
        "RMSE(bins)Ratings": {
            "1": 0.12988976976874642,
            "2": 0.07537966861205843,
            "3": 0.041197158541950524,
            "4": 0.01846974441446288
        }
    },
    "user": 19539,
    "size": 4065,
    "weights": [
        0.981,
        6.6353,
        6.7809,
        8.3704,
        4.917,
        0.9664,
        0.6877,
        0.2635,
        1.8511,
        0.1023,
        1.2281,
        2.2426,
        0.0446,
        0.4642,
        1.3635,
        0.4451,
        3.0241
    ]
}