{
    "FSRS-rs": {
        "RMSE": 0.29049010636354283,
        "LogLoss": 0.29437968484733645,
        "RMSE(bins)": 0.021059830192173203,
        "RMSE(bins)Ratings": {
            "1": 0.06459708763020132,
            "2": 0.17440290953322238,
            "3": 0.06000377210729944,
            "4": 0.019519424858398405
        }
    },
    "user": 19588,
    "size": 80660,
    "weights": [
        0.4262,
        0.4709,
        0.9663,
        7.7838,
        5.4043,
        0.7931,
        1.0368,
        0.0624,
        1.0687,
        0.1275,
        0.5119,
        2.4462,
        0.0458,
        0.2181,
        1.9816,
        0.0766,
        2.8273
    ]
}