{
    "metrics": {
        "RMSE": 0.1994433806993576,
        "LogLoss": 0.16980249527550437,
        "RMSE(bins)": 0.030817412049619575,
        "ICI": 0.010176215853833468,
        "RMSE(bins)Ratings": {
            "1": 0.04609332322229964,
            "2": 0.10044864167192694,
            "3": 0.011052757637342724,
            "4": 0.02087675779205833
        }
    },
    "user": 19609,
    "size": 10860,
    "weights": [
        1.1398,
        1.8732,
        3.9465,
        7.9731,
        4.8039,
        0.9689,
        0.9633,
        0.0379,
        1.9186,
        0.1863,
        1.293,
        2.2972,
        0.0879,
        0.4914,
        1.532,
        0.0171,
        3.0765
    ]
}