{
    "metrics": {
        "RMSE": 0.2668127057965733,
        "LogLoss": 0.2485974803733063,
        "RMSE(bins)": 0.033977110073510994,
        "ICI": 0.01703201414165026
    },
    "user": 19600,
    "size": 18930,
    "weights": [
        0.5661,
        1.1732,
        2.0546,
        4.1907,
        4.9766,
        0.9699,
        0.9272,
        0.2183,
        1.7785,
        0.0429,
        1.1201,
        2.206,
        0.052,
        0.4204,
        1.6132,
        0.3092,
        3.1308
    ]
}