{
    "FSRS-rs": {
        "RMSE": 0.33482992826951663,
        "LogLoss": 0.3793674998547864,
        "RMSE(bins)": 0.02942000063919859,
        "ICI": 0.02158712562527741,
        "RMSE(bins)Ratings": {
            "1": 0.04747622959677656,
            "2": 0.45971530180461495,
            "3": 0.029244541478490677,
            "4": 0.6129538093644646
        }
    },
    "user": 19607,
    "size": 116850,
    "weights": [
        0.3509,
        0.6776,
        2.853,
        9.7395,
        5.0221,
        1.2946,
        0.9855,
        0.0219,
        1.6584,
        0.2323,
        0.8992,
        2.5149,
        0.0688,
        0.2413,
        1.8981,
        0.9889,
        3.9897
    ]
}