{
    "metrics": {
        "RMSE": 0.3879172428501494,
        "LogLoss": 0.5031730908765041,
        "RMSE(bins)": 0.09953689660299367,
        "ICI": 0.065559707553012,
        "RMSE(bins)Ratings": {
            "1": 0.18771486058578082,
            "2": 0.12238161979462843,
            "3": 0.10933547067290686,
            "4": 0.036720133190073945
        }
    },
    "user": 19663,
    "size": 1690,
    "weights": [
        0.2713,
        2.6842,
        9.4586,
        21.9031,
        5.1395,
        1.1847,
        0.7554,
        0.0814,
        1.5668,
        0.2097,
        0.943,
        2.1446,
        0.0834,
        0.3279,
        1.3433,
        0.2545,
        2.8521
    ]
}