{
    "metrics": {
        "RMSE": 0.3649343850401109,
        "LogLoss": 0.4520844628938261,
        "RMSE(bins)": 0.07299311443881636,
        "ICI": 0.07692816975756647
    },
    "user": 1967,
    "size": 3645,
    "weights": [
        0.7566,
        2.4548,
        5.0678,
        10.9355,
        5.1497,
        1.2058,
        0.8678,
        0.0347,
        1.6236,
        0.363,
        1.0112,
        2.1583,
        0.0483,
        0.3615,
        1.6093,
        0.149,
        2.8173
    ]
}