{
    "metrics": {
        "RMSE": 0.3218322373712271,
        "LogLoss": 0.364039967263007,
        "RMSE(bins)": 0.04640354865221459,
        "ICI": 0.03219396506597439,
        "RMSE(bins)Ratings": {
            "1": 0.06883810392974807,
            "2": 0.30880281913202634,
            "3": 0.03998676040858014,
            "4": 0.08146715322682761
        }
    },
    "user": 19670,
    "size": 71185,
    "weights": [
        1.0429,
        1.0429,
        6.8073,
        6.8073,
        5.2085,
        1.1518,
        0.7166,
        0.1031,
        1.4973,
        0.1609,
        0.6826,
        2.5352,
        0.0341,
        0.2664,
        1.8926,
        0.9641,
        3.5114
    ]
}