{
    "metrics": {
        "RMSE": 0.4119266466511026,
        "LogLoss": 0.5159132799731863,
        "RMSE(bins)": 0.062268081814204596,
        "ICI": 0.038945159652888084,
        "RMSE(bins)Ratings": {
            "1": 0.10960565745870575,
            "2": 0.09114759179254968,
            "3": 0.06463570375163712,
            "4": 0.06270608659225589
        }
    },
    "user": 19721,
    "size": 8195,
    "weights": [
        0.0852,
        1.7915,
        8.6242,
        24.5875,
        5.0332,
        1.0534,
        0.6503,
        0.0314,
        1.5428,
        0.1823,
        0.9178,
        2.1768,
        0.0616,
        0.3228,
        1.5267,
        0.4116,
        2.5074
    ]
}