{
    "FSRS-rs": {
        "RMSE": 0.3695807612667737,
        "LogLoss": 0.4408574491393441,
        "RMSE(bins)": 0.09970524075820322,
        "RMSE(bins)Ratings": {
            "1": 0.10718913882388105,
            "2": 0.11123327493779406,
            "3": 0.18302992419219907,
            "4": 0.07294692190377255
        }
    },
    "user": 19720,
    "size": 28930,
    "weights": [
        0.2188,
        0.2188,
        1.0276,
        12.2103,
        5.2989,
        1.6166,
        0.8202,
        0.0291,
        1.2507,
        0.2482,
        0.7064,
        2.1981,
        0.0502,
        0.3003,
        1.4785,
        0.3325,
        2.162
    ]
}