{
    "metrics": {
        "RMSE": 0.3297802423391949,
        "LogLoss": 0.385590863306144,
        "RMSE(bins)": 0.09263702705656854,
        "ICI": 0.05991141408595209
    },
    "user": 1978,
    "size": 16040,
    "weights": [
        1.583,
        1.583,
        27.2642,
        36.007,
        5.4548,
        0.6733,
        0.861,
        0.2446,
        1.2415,
        0.769,
        0.6281,
        2.1102,
        0.1012,
        0.3131,
        1.8868,
        0.0,
        2.931
    ]
}