{
    "metrics": {
        "RMSE": 0.28528207959610563,
        "LogLoss": 0.27878739459093355,
        "RMSE(bins)": 0.07340594790592721,
        "ICI": 0.02381049602291403
    },
    "user": 19800,
    "size": 8140,
    "weights": [
        0.3117,
        1.2516,
        8.09,
        25.1917,
        4.8016,
        0.9411,
        0.9041,
        0.1578,
        2.0487,
        0.0166,
        1.4104,
        2.2906,
        0.0474,
        0.3873,
        1.5969,
        0.1457,
        3.1971
    ]
}