{
    "metrics": {
        "RMSE": 0.4478118881503496,
        "LogLoss": 0.5928801164024166,
        "RMSE(bins)": 0.0680309813403917,
        "ICI": 0.05505762858177969,
        "RMSE(bins)Ratings": {
            "1": 0.11082453221950507,
            "2": 0.08909519716154549,
            "3": 0.09849100810751489,
            "4": 0.044376364537695986
        }
    },
    "user": 19812,
    "size": 6690,
    "weights": [
        0.2711,
        0.653,
        2.3033,
        9.3157,
        5.3234,
        1.2527,
        0.8369,
        0.053,
        1.2729,
        0.4935,
        0.6468,
        2.0428,
        0.1337,
        0.2302,
        1.2331,
        0.2155,
        2.4205
    ]
}