{
    "metrics": {
        "RMSE": 0.4227935910535268,
        "LogLoss": 0.5402308770040118,
        "RMSE(bins)": 0.19655467144616326,
        "ICI": 0.047653351495274054
    },
    "user": 19849,
    "size": 1470,
    "weights": [
        0.4396,
        4.1346,
        4.1386,
        18.3782,
        5.0819,
        1.2251,
        0.8593,
        0.0612,
        1.7792,
        0.0,
        1.1387,
        2.007,
        0.1744,
        0.2043,
        1.3281,
        0.0977,
        3.0032
    ]
}