{
    "metrics": {
        "RMSE": 0.32239825697690494,
        "LogLoss": 0.3522508899758952,
        "RMSE(bins)": 0.08258811184255178,
        "ICI": 0.03186313228627396
    },
    "user": 19905,
    "size": 3350,
    "weights": [
        0.7287,
        1.0498,
        4.1386,
        10.9355,
        5.4381,
        1.3535,
        0.7729,
        0.0006,
        1.3346,
        0.4801,
        0.7222,
        2.2063,
        0.0126,
        0.3834,
        1.6108,
        0.1516,
        2.5298
    ]
}