{
    "metrics": {
        "RMSE": 0.3727972904508898,
        "LogLoss": 0.44378463653174866,
        "RMSE(bins)": 0.10197665524934729,
        "ICI": 0.030454917558603543
    },
    "user": 19960,
    "size": 2435,
    "weights": [
        0.4337,
        1.0691,
        4.1386,
        15.6095,
        5.0464,
        1.1283,
        0.8723,
        0.0169,
        1.5596,
        0.0947,
        0.9475,
        2.2419,
        0.0224,
        0.4452,
        1.6397,
        0.2267,
        2.7548
    ]
}