{
    "FSRS-rs": {
        "RMSE": 0.2624815310826587,
        "LogLoss": 0.26635959826527145,
        "RMSE(bins)": 0.08078530120208141,
        "RMSE(bins)Ratings": {
            "1": 0.16513544105867828,
            "2": 0.106283849473561,
            "3": 0.0540217866787137,
            "4": 0.24307078499209137
        }
    },
    "user": 2035,
    "size": 38170,
    "weights": [
        1.2293,
        2.2887,
        8.3938,
        12.1532,
        4.5469,
        0.8147,
        0.1895,
        0.3447,
        1.92,
        0.1009,
        1.3228,
        2.2835,
        0.1002,
        0.5102,
        1.8358,
        0.5638,
        2.5714
    ]
}