{
    "metrics": {
        "RMSE": 0.25308908732512264,
        "LogLoss": 0.23922213012180013,
        "RMSE(bins)": 0.050555841422424766,
        "ICI": 0.04214368461975467
    },
    "user": 2036,
    "size": 14505,
    "weights": [
        0.2348,
        1.8088,
        4.5257,
        4.5257,
        5.2748,
        1.8147,
        0.807,
        0.1904,
        1.5958,
        0.0,
        0.9105,
        2.0077,
        0.1224,
        0.488,
        1.2395,
        0.4119,
        2.8576
    ]
}