{
    "FSRS-rs": {
        "RMSE": 0.20306407189795234,
        "LogLoss": 0.17543331885772137,
        "RMSE(bins)": 0.058902734671937185,
        "RMSE(bins)Ratings": {
            "1": 0.13736831861470464,
            "2": 0.11437582632564422,
            "3": 0.04671676360204303,
            "4": 0.03157945331238599
        }
    },
    "user": 204,
    "size": 7185,
    "weights": [
        0.6255,
        1.814,
        2.7297,
        8.0199,
        4.7766,
        0.9831,
        0.8796,
        0.0966,
        1.9634,
        0.1404,
        1.3374,
        2.1797,
        0.0875,
        0.3069,
        1.034,
        0.0921,
        2.5698
    ]
}