{
    "metrics": {
        "RMSE": 0.40993764497351465,
        "LogLoss": 0.5294974676700608,
        "RMSE(bins)": 0.11793051460166373,
        "ICI": 0.09245655333794107
    },
    "user": 2127,
    "size": 6135,
    "weights": [
        0.4071,
        0.4071,
        1.6469,
        10.4678,
        5.332,
        1.3173,
        1.0117,
        0.0538,
        1.3592,
        0.037,
        0.7467,
        2.068,
        0.1325,
        0.2715,
        1.2928,
        0.2045,
        2.9319
    ]
}