{
    "FSRS-rs": {
        "RMSE": 0.32181863089288676,
        "LogLoss": 0.36099453898644124,
        "RMSE(bins)": 0.13247631517170713,
        "RMSE(bins)Ratings": {
            "1": 0.18416400471018418,
            "2": 0.07075989806115221,
            "3": 0.11141616037003739,
            "4": 0.08940473256193608
        }
    },
    "user": 2174,
    "size": 35205,
    "weights": [
        0.6148,
        1.5869,
        5.7997,
        5.7997,
        5.0387,
        1.4333,
        0.813,
        0.0868,
        1.6816,
        0.1118,
        1.0303,
        2.3698,
        0.025,
        0.3256,
        1.6862,
        0.1607,
        2.873
    ]
}