{
    "metrics": {
        "RMSE": 0.26520483702959813,
        "LogLoss": 0.25611012898266905,
        "RMSE(bins)": 0.0393456105495332,
        "ICI": 0.011069377013537794
    },
    "user": 2217,
    "size": 7185,
    "weights": [
        0.6181,
        1.9774,
        3.3246,
        11.6327,
        5.0678,
        1.1273,
        0.7807,
        0.1232,
        1.5563,
        0.2126,
        0.9427,
        2.1183,
        0.0105,
        0.3199,
        1.5659,
        0.2211,
        2.7491
    ]
}