{
    "metrics": {
        "RMSE": 0.1341892409704458,
        "LogLoss": 0.08649121383474956,
        "RMSE(bins)": 0.035602636198828815,
        "ICI": 0.006702724694356839
    },
    "user": 2234,
    "size": 24000,
    "weights": [
        2.4394,
        9.0638,
        21.0631,
        21.0631,
        4.7329,
        0.6548,
        0.8749,
        0.2642,
        2.172,
        0.041,
        1.5538,
        2.5271,
        0.01,
        0.8146,
        1.6557,
        0.0361,
        3.311
    ]
}