{
    "metrics": {
        "RMSE": 0.42599102326468014,
        "LogLoss": 0.5467577158101989,
        "RMSE(bins)": 0.10133275155855247,
        "ICI": 0.04608704015212953
    },
    "user": 2345,
    "size": 19720,
    "weights": [
        0.1741,
        0.475,
        2.1397,
        2.1397,
        5.5904,
        1.8164,
        1.0947,
        0.0199,
        1.6494,
        0.1621,
        1.0024,
        2.2242,
        0.0754,
        0.4182,
        1.2851,
        0.2125,
        2.8199
    ]
}