{
    "FSRS-rs": {
        "RMSE": 0.24598166876158242,
        "LogLoss": 0.23076826853675284,
        "RMSE(bins)": 0.028732122336177387,
        "RMSE(bins)Ratings": {
            "1": 0.07811264671655756,
            "2": 0.14916364123049067,
            "3": 0.018399856956907372,
            "4": 0.05617838819930281
        }
    },
    "user": 2357,
    "size": 36650,
    "weights": [
        0.7106,
        0.7512,
        4.8689,
        10.9,
        4.8485,
        1.8349,
        1.2825,
        0.0142,
        2.227,
        0.1025,
        1.449,
        2.4305,
        0.0534,
        0.4044,
        1.4916,
        0.3419,
        3.9723
    ]
}