{
    "FSRS-rs": {
        "RMSE": 0.43396235585529847,
        "LogLoss": 0.569681673800934,
        "RMSE(bins)": 0.11577337580376604,
        "RMSE(bins)Ratings": {
            "1": 0.1401933843106447,
            "2": 0.054045124145259665,
            "3": 0.0903216551276022,
            "4": 0.3635387897821766
        }
    },
    "user": 2372,
    "size": 49540,
    "weights": [
        0.2503,
        0.5554,
        0.5554,
        5.52,
        4.8848,
        1.6268,
        0.6495,
        0.0285,
        1.7577,
        0.1078,
        1.1003,
        2.1334,
        0.083,
        0.2144,
        0.7782,
        0.1577,
        3.5694
    ]
}