{
    "FSRS-rs": {
        "RMSE": 0.27150940036672205,
        "LogLoss": 0.2809338754018337,
        "RMSE(bins)": 0.05633563070194269,
        "ICI": 0.042757510814124856,
        "RMSE(bins)Ratings": {
            "1": 0.03903834020465003,
            "2": 0.11231447939006789,
            "3": 0.04598853725270908,
            "4": 0.13660508910432698
        }
    },
    "user": 2469,
    "size": 289365,
    "weights": [
        0.6235,
        1.0291,
        2.1822,
        6.2388,
        5.0406,
        1.6593,
        1.0564,
        0.0351,
        1.516,
        0.134,
        0.8306,
        1.6964,
        0.0922,
        0.3789,
        1.493,
        0.6142,
        1.034
    ]
}