{
    "metrics": {
        "RMSE": 0.4728443920868512,
        "LogLoss": 0.6391665153953371,
        "RMSE(bins)": 0.0939603494073277,
        "ICI": 0.048785729937636586
    },
    "user": 2476,
    "size": 2850,
    "weights": [
        0.0329,
        0.3947,
        0.4883,
        6.322,
        5.251,
        1.2275,
        0.8892,
        0.0031,
        1.3941,
        0.0352,
        0.7817,
        2.0436,
        0.1071,
        0.295,
        1.4445,
        0.1641,
        2.5497
    ]
}