{
    "metrics": {
        "RMSE": 0.01672075526387101,
        "LogLoss": 0.005799834527642072,
        "RMSE(bins)": 0.00670457518690181,
        "ICI": 0.004684936245084245
    },
    "user": 2477,
    "size": 135870,
    "weights": [
        0.2338,
        0.8635,
        6.1299,
        57.9719,
        1.0376,
        2.5521,
        0.1,
        0.4811,
        3.9728,
        0.0263,
        2.9718,
        2.5165,
        0.01,
        0.9,
        1.5739,
        1.0,
        6.0
    ]
}