{
    "metrics": {
        "RMSE": 0.40235797395970235,
        "LogLoss": 0.5049933838886658,
        "RMSE(bins)": 0.05662700315265999,
        "ICI": 0.02756341871650781
    },
    "user": 2489,
    "size": 139895,
    "weights": [
        0.2512,
        1.0174,
        1.2099,
        10.9355,
        6.6054,
        0.7959,
        0.4919,
        0.056,
        1.4131,
        0.0892,
        0.67,
        2.7699,
        0.0282,
        0.1383,
        2.1329,
        0.2623,
        3.5306
    ]
}