{
    "FSRS-rs": {
        "RMSE": 0.3695272033566511,
        "LogLoss": 0.4572228056749361,
        "RMSE(bins)": 0.06607778618466209,
        "RMSE(bins)Ratings": {
            "1": 0.1418349401140538,
            "2": 0.06364654283946494,
            "3": 0.04972042019094922,
            "4": 0.08407724416598675
        }
    },
    "user": 2549,
    "size": 18415,
    "weights": [
        0.3934,
        1.0595,
        5.7454,
        5.7454,
        4.6996,
        0.8386,
        0.7493,
        0.0833,
        1.5432,
        0.1029,
        0.8751,
        2.087,
        0.0567,
        0.2278,
        1.1142,
        0.4061,
        1.8353
    ]
}