{
    "metrics": {
        "RMSE": 0.3198577853025537,
        "LogLoss": 0.34929537985769477,
        "RMSE(bins)": 0.0959625388565965,
        "ICI": 0.027502192425611804
    },
    "user": 255,
    "size": 805,
    "weights": [
        1.3765,
        2.6355,
        3.329,
        9.9547,
        5.1868,
        1.1215,
        0.7834,
        0.116,
        1.55,
        0.2141,
        0.9368,
        2.1212,
        0.0837,
        0.3724,
        1.3879,
        0.139,
        2.7483
    ]
}