{
    "metrics": {
        "RMSE": 0.14067498175045617,
        "LogLoss": 0.08670713890201055,
        "RMSE(bins)": 0.017323985203285118,
        "ICI": 0.013203245147724937
    },
    "user": 2550,
    "size": 13635,
    "weights": [
        0.5451,
        0.9005,
        1.0548,
        1.1721,
        4.7393,
        1.0293,
        0.5706,
        0.2863,
        2.0364,
        0.0212,
        1.4222,
        2.2371,
        0.1129,
        0.4216,
        1.7119,
        0.648,
        2.9607
    ]
}