{
    "metrics": {
        "RMSE": 0.3411613209789972,
        "LogLoss": 0.3853411216835287,
        "RMSE(bins)": 0.08390820959649459,
        "ICI": 0.04919900141087025
    },
    "user": 2593,
    "size": 5040,
    "weights": [
        1.2993,
        1.3799,
        5.715,
        5.715,
        5.2495,
        1.2868,
        0.6806,
        0.1502,
        1.4507,
        0.1957,
        0.8381,
        2.1578,
        0.1023,
        0.3613,
        1.444,
        0.2828,
        2.4169
    ]
}