{
    "FSRS-rs": {
        "RMSE": 0.23659325169619955,
        "LogLoss": 0.21166275338942014,
        "RMSE(bins)": 0.04307974488706133,
        "RMSE(bins)Ratings": {
            "1": 0.09744381080809883,
            "2": 0.03065416756345456,
            "3": 0.0267750553764259,
            "4": 0.01363475225655153
        }
    },
    "user": 2608,
    "size": 30695,
    "weights": [
        1.0179,
        1.0179,
        8.9685,
        10.9,
        5.105,
        2.0195,
        2.1177,
        0.0057,
        1.7294,
        0.1308,
        1.0926,
        2.1122,
        0.1499,
        0.4496,
        1.0501,
        0.7654,
        3.1265
    ]
}