{
    "metrics": {
        "RMSE": 0.19780450233488436,
        "LogLoss": 0.17363563855454514,
        "RMSE(bins)": 0.06931939606112096,
        "ICI": 0.04716283480607955
    },
    "user": 2648,
    "size": 12160,
    "weights": [
        5.9165,
        7.9105,
        21.9606,
        100.0,
        5.1461,
        0.8963,
        0.7196,
        0.1509,
        1.6268,
        0.1364,
        1.0144,
        2.1995,
        0.0842,
        0.402,
        1.6967,
        0.2164,
        2.7906
    ]
}