{
    "FSRS-rs": {
        "RMSE": 0.47774126043814735,
        "LogLoss": 0.646422539830186,
        "RMSE(bins)": 0.13554607103083008,
        "RMSE(bins)Ratings": {
            "1": 0.2189619294786739,
            "2": 0.4687581917805671,
            "4": 0.09989991543041565
        }
    },
    "user": 2752,
    "size": 755,
    "weights": [
        0.1139,
        0.3843,
        0.4801,
        0.8137,
        5.1784,
        1.0983,
        0.8174,
        0.0,
        1.491,
        0.1,
        0.8609,
        2.1767,
        0.0448,
        0.3268,
        1.3778,
        0.1378,
        2.7676
    ]
}