{
    "metrics": {
        "RMSE": 0.27859887711622766,
        "LogLoss": 0.2685623683271978,
        "RMSE(bins)": 0.08870326358795796,
        "ICI": 0.054056910784170985
    },
    "user": 276,
    "size": 1655,
    "weights": [
        1.6592,
        3.598,
        6.5417,
        10.9355,
        5.0641,
        1.1307,
        0.7176,
        0.204,
        1.7,
        0.0403,
        1.0965,
        2.1572,
        0.023,
        0.36,
        1.5864,
        0.3379,
        2.6946
    ]
}