{
    "metrics": {
        "RMSE": 0.26880545101917924,
        "LogLoss": 0.2643901820346234,
        "RMSE(bins)": 0.03993164629550448,
        "ICI": 0.015185294838780188
    },
    "user": 2783,
    "size": 12765,
    "weights": [
        0.2317,
        0.6458,
        1.7542,
        7.9968,
        5.0852,
        1.085,
        0.7384,
        0.1083,
        1.6992,
        0.0218,
        1.036,
        2.031,
        0.0898,
        0.2412,
        1.7321,
        0.5407,
        2.0278
    ]
}