{
    "FSRS-rs": {
        "RMSE": 0.3284446704097766,
        "LogLoss": 0.359135167898736,
        "RMSE(bins)": 0.05269824953315909,
        "RMSE(bins)Ratings": {
            "1": 0.11129136356431027,
            "2": 0.0450572255180142,
            "3": 0.03142999285601257,
            "4": 0.04568234383257065
        }
    },
    "user": 2799,
    "size": 38620,
    "weights": [
        0.4114,
        0.9511,
        3.3437,
        7.372,
        5.2928,
        1.4461,
        0.6972,
        0.1375,
        1.564,
        0.1799,
        1.0285,
        2.1785,
        0.0529,
        0.2278,
        0.7562,
        0.7148,
        3.8334
    ]
}