{
    "FSRS-rs": {
        "RMSE": 0.28927353176386666,
        "LogLoss": 0.31268552912523034,
        "RMSE(bins)": 0.06140371280307218,
        "RMSE(bins)Ratings": {
            "1": 0.08357431675282233,
            "2": 0.04132038195591865,
            "3": 0.027415673183133163,
            "4": 0.055689685785833734
        }
    },
    "user": 280,
    "size": 54460,
    "weights": [
        0.9648,
        0.9648,
        1.2881,
        10.4141,
        4.9763,
        2.8089,
        1.1848,
        0.0501,
        1.6428,
        0.1017,
        1.042,
        2.1661,
        0.1197,
        0.4001,
        1.3799,
        0.0642,
        3.9447
    ]
}