{
    "metrics": {
        "RMSE": 0.28429611413974726,
        "LogLoss": 0.2732547106375309,
        "RMSE(bins)": 0.10001330607908149,
        "ICI": 0.04489992652259242
    },
    "user": 2816,
    "size": 2000,
    "weights": [
        0.8412,
        9.5575,
        15.204,
        20.719,
        5.0238,
        1.0464,
        0.85,
        0.0806,
        1.7525,
        0.1571,
        1.1316,
        2.1429,
        0.0452,
        0.3266,
        1.3893,
        0.3421,
        3.0562
    ]
}