{
    "metrics": {
        "RMSE": 0.0692127446369824,
        "LogLoss": 0.03285808353838528,
        "RMSE(bins)": 0.008577215670622666,
        "ICI": 0.004571766405841886
    },
    "user": 2818,
    "size": 72080,
    "weights": [
        8.2235,
        7.758,
        8.2235,
        10.9355,
        4.1692,
        0.8648,
        0.9327,
        0.1162,
        2.8828,
        0.0599,
        2.2578,
        2.5494,
        0.01,
        0.8994,
        1.5873,
        0.6377,
        5.917
    ]
}