{
    "metrics": {
        "RMSE": 0.283543744221748,
        "LogLoss": 0.2895637247357575,
        "RMSE(bins)": 0.054113668941607504,
        "ICI": 0.017279989271117523
    },
    "user": 2837,
    "size": 17835,
    "weights": [
        0.5553,
        1.1386,
        3.3429,
        29.504,
        5.337,
        1.6923,
        0.9585,
        0.1869,
        1.6627,
        0.1205,
        0.9969,
        2.117,
        0.0383,
        0.3031,
        1.3039,
        0.222,
        3.1523
    ]
}