{
    "metrics": {
        "RMSE": 0.42287014686438135,
        "LogLoss": 0.5596109221029129,
        "RMSE(bins)": 0.07473085885056376,
        "ICI": 0.07829815714576024
    },
    "user": 2971,
    "size": 22425,
    "weights": [
        0.1298,
        1.782,
        1.782,
        1.8326,
        5.6504,
        1.0675,
        0.8167,
        0.3534,
        0.9926,
        0.5958,
        0.3941,
        2.0124,
        0.0767,
        0.1985,
        1.2726,
        0.6441,
        2.8421
    ]
}