{
    "FSRS-rs": {
        "RMSE": 0.2658705032899662,
        "LogLoss": 0.2488569156477901,
        "RMSE(bins)": 0.025687202939483195,
        "RMSE(bins)Ratings": {
            "1": 0.07470604291519808,
            "2": 0.20652644465175501,
            "3": 0.03384440879714829,
            "4": 0.07440735885098428
        }
    },
    "user": 2990,
    "size": 29355,
    "weights": [
        1.7536,
        6.1146,
        39.8137,
        39.8137,
        4.8166,
        1.7754,
        1.9135,
        0.0056,
        2.2264,
        0.1459,
        1.5417,
        2.2111,
        0.1052,
        0.3651,
        1.6778,
        0.7475,
        3.9662
    ]
}