{
    "metrics": {
        "RMSE": 0.23641126327351472,
        "LogLoss": 0.2238094785373282,
        "RMSE(bins)": 0.03905677347987085,
        "ICI": 0.02394777347341366
    },
    "user": 3015,
    "size": 17335,
    "weights": [
        1.0352,
        1.6647,
        9.669,
        16.3407,
        4.9423,
        1.9689,
        0.8121,
        0.0406,
        1.917,
        0.0256,
        1.3008,
        2.1654,
        0.0717,
        0.3268,
        1.9666,
        0.5141,
        4.178
    ]
}