{
    "metrics": {
        "RMSE": 0.22024605449162904,
        "LogLoss": 0.20115166872139734,
        "RMSE(bins)": 0.07785317113917845,
        "ICI": 0.036689471472017864
    },
    "user": 3020,
    "size": 2405,
    "weights": [
        5.9198,
        5.9198,
        5.9198,
        10.9355,
        4.9648,
        1.1629,
        0.6864,
        0.2135,
        1.8089,
        0.0,
        1.1965,
        2.0953,
        0.0864,
        0.3026,
        1.4558,
        0.3989,
        3.0026
    ]
}