{
    "FSRS-rs": {
        "RMSE": 0.27109002564836826,
        "LogLoss": 0.2678921798518569,
        "RMSE(bins)": 0.04344093949338472,
        "RMSE(bins)Ratings": {
            "1": 0.1182651792489956,
            "2": 0.024632257548274902,
            "3": 0.0407949718719376,
            "4": 0.02690503861995397
        }
    },
    "user": 3044,
    "size": 109910,
    "weights": [
        0.7587,
        2.0275,
        8.8573,
        74.5994,
        5.0714,
        1.5966,
        1.1819,
        0.1463,
        1.9951,
        0.1171,
        1.2582,
        2.0947,
        0.0591,
        0.2599,
        1.4072,
        0.2863,
        3.9909
    ]
}