{
    "metrics": {
        "RMSE": 0.23967260093338583,
        "LogLoss": 0.22215622356159317,
        "RMSE(bins)": 0.020624241701757712,
        "ICI": 0.003286172572541818
    },
    "user": 3057,
    "size": 6445,
    "weights": [
        1.1234,
        1.9881,
        4.6806,
        8.2833,
        5.1423,
        1.3555,
        0.9873,
        0.0039,
        1.7631,
        0.0445,
        1.172,
        2.1006,
        0.0802,
        0.2699,
        1.4596,
        0.5688,
        2.8237
    ]
}