{
    "FSRS-rs": {
        "RMSE": 0.359273267038385,
        "LogLoss": 0.42392564483236395,
        "RMSE(bins)": 0.06465496349154776,
        "ICI": 0.04981429826371131,
        "RMSE(bins)Ratings": {
            "1": 0.14231820754968388,
            "2": 0.05848615598879206,
            "3": 0.04510415724259445,
            "4": 0.10389212049402952
        }
    },
    "user": 3060,
    "size": 40475,
    "weights": [
        0.5808,
        3.0801,
        3.5879,
        18.1759,
        5.3687,
        1.5136,
        0.9902,
        0.2766,
        1.6911,
        0.4568,
        0.9714,
        2.1322,
        0.0653,
        0.2159,
        1.287,
        0.1037,
        3.9973
    ]
}