{
    "FSRS-rs": {
        "RMSE": 0.12308787500422085,
        "LogLoss": 0.08882841054078766,
        "RMSE(bins)": 0.09371545878214521,
        "ICI": 0.06013845815433824,
        "RMSE(bins)Ratings": {
            "1": 0.1654113708278607,
            "2": 0.09563846659866829,
            "3": 0.04068871828113558,
            "4": 0.05793706058730327
        }
    },
    "user": 3116,
    "size": 7280,
    "weights": [
        2.8914,
        3.4171,
        4.3903,
        16.9734,
        4.4655,
        0.6129,
        0.6079,
        0.0516,
        2.3199,
        0.1,
        1.678,
        2.0014,
        0.1599,
        0.2265,
        1.322,
        0.1442,
        3.4459
    ]
}