{
    "metrics": {
        "RMSE": 0.28785052543802747,
        "LogLoss": 0.29181331188777504,
        "RMSE(bins)": 0.08846987252756368,
        "ICI": 0.030602750133447456
    },
    "user": 3177,
    "size": 36220,
    "weights": [
        1.5581,
        5.1167,
        30.4505,
        100.0,
        4.9379,
        1.9556,
        0.9275,
        0.0019,
        1.7738,
        0.0756,
        1.1854,
        1.9766,
        0.0255,
        0.2381,
        1.4144,
        0.0003,
        2.9852
    ]
}