{
    "metrics": {
        "RMSE": 0.34482967527935987,
        "LogLoss": 0.3896219288144618,
        "RMSE(bins)": 0.11394336919245614,
        "ICI": 0.06635827110100471,
        "RMSE(bins)Ratings": {
            "1": 0.19762122765578305,
            "2": 0.15969618683311954,
            "3": 0.07856262995891684,
            "4": 0.09475858058154372
        }
    },
    "user": 3191,
    "size": 4855,
    "weights": [
        0.1857,
        0.4023,
        8.0605,
        24.7158,
        5.1535,
        0.9235,
        0.9157,
        0.0981,
        1.6576,
        0.1744,
        1.0332,
        2.0301,
        0.1179,
        0.1882,
        1.5545,
        0.4051,
        2.5487
    ]
}