{
    "metrics": {
        "RMSE": 0.381285960698555,
        "LogLoss": 0.4553840683136252,
        "RMSE(bins)": 0.10448681196499363,
        "ICI": 0.056515697660816946
    },
    "user": 3242,
    "size": 2495,
    "weights": [
        0.5935,
        1.5128,
        6.7632,
        14.2946,
        5.3456,
        1.2637,
        0.932,
        0.0749,
        1.3832,
        0.454,
        0.7708,
        2.0884,
        0.1112,
        0.219,
        1.5544,
        0.0453,
        2.6437
    ]
}