{
    "FSRS-rs": {
        "RMSE": 0.21466218769036507,
        "LogLoss": 0.18534274644173063,
        "RMSE(bins)": 0.02390235651605754,
        "RMSE(bins)Ratings": {
            "1": 0.061709422910388646,
            "2": 0.03469540248683651,
            "3": 0.024405980572285626,
            "4": 0.05584572587771667
        }
    },
    "user": 3279,
    "size": 30005,
    "weights": [
        1.4756,
        2.2,
        9.6773,
        20.386,
        4.8046,
        1.2249,
        1.8302,
        0.0038,
        1.7224,
        0.131,
        1.1682,
        2.3824,
        0.0872,
        0.5021,
        1.9981,
        0.006,
        3.5192
    ]
}