{
    "metrics": {
        "RMSE": 0.4038910485409917,
        "LogLoss": 0.49639371240054864,
        "RMSE(bins)": 0.051187210410711136,
        "ICI": 0.025089735020595715,
        "RMSE(bins)Ratings": {
            "1": 0.10160198843685098,
            "2": 0.1015901040477609,
            "3": 0.05131948806872265,
            "4": 0.02985175635526626
        }
    },
    "user": 3286,
    "size": 10970,
    "weights": [
        0.1308,
        1.4546,
        3.8882,
        7.9731,
        5.2572,
        1.3404,
        0.5847,
        0.0307,
        1.3778,
        0.3415,
        0.765,
        2.1902,
        0.056,
        0.29,
        1.448,
        0.4198,
        2.4158
    ]
}