{
    "FSRS-rs": {
        "RMSE": 0.3275116071301564,
        "LogLoss": 0.3600861264206092,
        "RMSE(bins)": 0.049372573057935056,
        "RMSE(bins)Ratings": {
            "1": 0.07935952167167377,
            "2": 0.06312305072828629,
            "3": 0.037620338582968524,
            "4": 0.0427580731830193
        }
    },
    "user": 3366,
    "size": 73355,
    "weights": [
        0.9155,
        2.8828,
        10.7153,
        41.6651,
        4.9497,
        1.4153,
        0.9723,
        0.0162,
        1.7124,
        0.2259,
        1.0545,
        2.2561,
        0.1491,
        0.4124,
        1.6428,
        0.1887,
        2.8703
    ]
}