{
    "metrics": {
        "RMSE": 0.3916253947712165,
        "LogLoss": 0.5409187218975741,
        "RMSE(bins)": 0.10129520943648614,
        "ICI": 0.09749575633018195
    },
    "user": 3370,
    "size": 9525,
    "weights": [
        1.7975,
        2.8217,
        5.5496,
        19.5638,
        5.7125,
        0.3729,
        0.5718,
        0.3711,
        0.8503,
        0.8,
        0.2434,
        2.1964,
        0.0333,
        0.2496,
        1.7542,
        0.0774,
        2.1755
    ]
}