{
    "metrics": {
        "RMSE": 0.4052754527718558,
        "LogLoss": 0.513681391551467,
        "RMSE(bins)": 0.12532528653332792,
        "ICI": 0.06305670715094262
    },
    "user": 3372,
    "size": 6985,
    "weights": [
        0.4001,
        1.5847,
        3.2323,
        12.1228,
        5.21,
        1.146,
        0.7406,
        0.1346,
        1.4031,
        0.4392,
        0.7907,
        2.0309,
        0.128,
        0.2923,
        1.4556,
        0.056,
        2.5025
    ]
}