{
    "metrics": {
        "RMSE": 0.41844411751427973,
        "LogLoss": 0.537503676354545,
        "RMSE(bins)": 0.11136593425580706,
        "ICI": 0.07747065766283584
    },
    "user": 340,
    "size": 29055,
    "weights": [
        0.8302,
        2.1527,
        3.2743,
        10.9355,
        5.9209,
        1.6764,
        0.9644,
        0.1366,
        1.3237,
        0.2705,
        0.689,
        2.1555,
        0.0234,
        0.2374,
        1.4968,
        0.0959,
        2.8399
    ]
}