{
    "metrics": {
        "RMSE": 0.389332590840192,
        "LogLoss": 0.4727952990546432,
        "RMSE(bins)": 0.09264609308439023,
        "ICI": 0.056021139177945274
    },
    "user": 3539,
    "size": 4715,
    "weights": [
        0.2175,
        1.2903,
        1.2903,
        2.222,
        5.421,
        1.4019,
        1.054,
        0.0671,
        1.3664,
        0.26,
        0.7649,
        2.1651,
        0.0364,
        0.3588,
        1.5679,
        0.2271,
        2.5908
    ]
}