{
    "metrics": {
        "RMSE": 0.30541474924817125,
        "LogLoss": 0.322136855837591,
        "RMSE(bins)": 0.07552827015215463,
        "ICI": 0.03366124819861096
    },
    "user": 3587,
    "size": 6840,
    "weights": [
        2.2009,
        2.8772,
        4.3004,
        26.9708,
        5.1939,
        1.6542,
        0.6946,
        0.1873,
        1.5971,
        0.0968,
        0.9852,
        2.2254,
        0.0294,
        0.3563,
        1.6199,
        0.2015,
        2.705
    ]
}