{
    "metrics": {
        "RMSE": 0.17393647146707156,
        "LogLoss": 0.18526916419748538,
        "RMSE(bins)": 0.038499422741944955,
        "ICI": 0.02726777837562926
    },
    "user": 3629,
    "size": 7700,
    "weights": [
        5.4845,
        8.6927,
        17.3449,
        27.4907,
        5.1327,
        1.4181,
        1.1631,
        0.0863,
        1.7685,
        0.1447,
        1.1554,
        2.2032,
        0.0738,
        0.3779,
        1.7977,
        0.4307,
        3.8433
    ]
}