{
    "metrics": {
        "RMSE": 0.28902496160650726,
        "LogLoss": 0.26900013037490594,
        "RMSE(bins)": 0.056486860149925544,
        "ICI": 0.03284802456359923
    },
    "user": 3643,
    "size": 30665,
    "weights": [
        0.3547,
        3.6225,
        9.4185,
        17.8087,
        4.8284,
        2.5591,
        1.2601,
        0.0,
        1.7521,
        0.0002,
        1.1559,
        1.954,
        0.103,
        0.1928,
        1.5301,
        0.9983,
        2.7561
    ]
}