{
    "metrics": {
        "RMSE": 0.2943822806403721,
        "LogLoss": 0.3077887926753564,
        "RMSE(bins)": 0.08976392924913998,
        "ICI": 0.05324948307480529
    },
    "user": 3646,
    "size": 16880,
    "weights": [
        0.4513,
        0.8443,
        1.9801,
        3.433,
        4.9811,
        0.8248,
        0.1,
        0.2908,
        1.4838,
        0.1413,
        0.8711,
        2.2011,
        0.149,
        0.2666,
        1.2526,
        0.568,
        2.8597
    ]
}