{
    "metrics": {
        "RMSE": 0.3000345496325526,
        "LogLoss": 0.3246060631674958,
        "RMSE(bins)": 0.1076036564470203,
        "ICI": 0.047533478647528334
    },
    "user": 3664,
    "size": 2595,
    "weights": [
        1.1957,
        2.613,
        8.4414,
        18.4472,
        4.9167,
        0.9732,
        0.9052,
        0.199,
        1.8568,
        0.0,
        1.2445,
        2.1831,
        0.0657,
        0.4679,
        1.5398,
        0.219,
        2.8237
    ]
}