{
    "FSRS-rs": {
        "RMSE": 0.25596355824493716,
        "LogLoss": 0.24843997322069658,
        "RMSE(bins)": 0.026120453104080187,
        "RMSE(bins)Ratings": {
            "1": 0.05800445968230123,
            "2": 0.06424480774018064,
            "3": 0.018351027798697826,
            "4": 0.01986885463453659
        }
    },
    "user": 3700,
    "size": 33280,
    "weights": [
        0.1,
        0.2917,
        1.4535,
        13.9059,
        5.0762,
        0.9898,
        1.3464,
        0.0146,
        2.1163,
        0.3377,
        1.4986,
        2.228,
        0.1215,
        0.5313,
        1.8768,
        0.2121,
        3.9999
    ]
}