{
    "FSRS-rs": {
        "RMSE": 0.3805332524116624,
        "LogLoss": 0.46131052254207566,
        "RMSE(bins)": 0.06761604870701048,
        "RMSE(bins)Ratings": {
            "1": 0.11858433063688525,
            "2": 0.10832170707024265,
            "3": 0.06354878866049594,
            "4": 0.1216492129376052
        }
    },
    "user": 3739,
    "size": 3970,
    "weights": [
        0.886,
        1.858,
        5.6423,
        6.9644,
        4.9281,
        1.085,
        0.7315,
        0.0354,
        1.7799,
        0.1073,
        1.138,
        2.1695,
        0.0534,
        0.3151,
        1.2676,
        0.1363,
        2.8116
    ]
}