{
    "FSRS-rs": {
        "RMSE": 0.3954558477990669,
        "LogLoss": 0.4924571828665513,
        "RMSE(bins)": 0.06262178505958951,
        "RMSE(bins)Ratings": {
            "1": 0.07314220837937727,
            "2": 0.1301469384665834,
            "3": 0.0596285852467762,
            "4": 0.06801294412117158
        }
    },
    "user": 3830,
    "size": 43160,
    "weights": [
        0.1281,
        0.5711,
        2.9079,
        15.8931,
        4.4902,
        1.4625,
        0.5051,
        0.007,
        1.2757,
        0.1784,
        0.5956,
        2.1712,
        0.0987,
        0.2556,
        1.7861,
        0.0912,
        1.7969
    ]
}