{
    "metrics": {
        "RMSE": 0.3491845458634965,
        "LogLoss": 0.3897330372384067,
        "RMSE(bins)": 0.06639935532284542,
        "ICI": 0.013341955591652214
    },
    "user": 3834,
    "size": 6380,
    "weights": [
        0.23,
        1.1642,
        7.5357,
        20.0901,
        5.2131,
        1.4261,
        1.1849,
        0.0207,
        1.7398,
        0.0043,
        1.0835,
        2.0552,
        0.0739,
        0.2571,
        1.5866,
        0.2276,
        3.3426
    ]
}