{
    "metrics": {
        "RMSE": 0.37278022427379903,
        "LogLoss": 0.44980733846245774,
        "RMSE(bins)": 0.0952358252718913,
        "ICI": 0.04659744632333361
    },
    "user": 3840,
    "size": 14785,
    "weights": [
        1.0236,
        4.1533,
        22.2619,
        68.1834,
        5.4866,
        1.5566,
        1.1173,
        0.1012,
        1.4985,
        0.2656,
        0.8859,
        2.2391,
        0.0144,
        0.4433,
        1.6767,
        0.0267,
        2.8821
    ]
}