{
    "metrics": {
        "RMSE": 0.46283120816052786,
        "LogLoss": 0.6298267043778066,
        "RMSE(bins)": 0.1248611540629858,
        "ICI": 0.08170410456124758
    },
    "user": 3848,
    "size": 5820,
    "weights": [
        0.3418,
        0.4576,
        1.7703,
        4.363,
        5.6156,
        1.5193,
        1.0965,
        0.0498,
        1.2913,
        0.4976,
        0.679,
        2.0751,
        0.125,
        0.2785,
        1.3521,
        0.1728,
        2.8237
    ]
}