{
    "metrics": {
        "RMSE": 0.33461771981515087,
        "LogLoss": 0.374596426115271,
        "RMSE(bins)": 0.0607824277020953,
        "ICI": 0.02274915784055572
    },
    "user": 3899,
    "size": 323940,
    "weights": [
        0.9489,
        1.5416,
        6.8946,
        20.0658,
        3.7343,
        2.1082,
        0.8344,
        0.0,
        1.1871,
        0.2513,
        0.6692,
        3.6303,
        0.0372,
        0.079,
        2.68,
        1.0,
        2.1114
    ]
}