{
    "metrics": {
        "RMSE": 0.3996731195549741,
        "LogLoss": 0.5196911855312135,
        "RMSE(bins)": 0.098620021923244,
        "ICI": 0.06936907580721295
    },
    "user": 3925,
    "size": 3675,
    "weights": [
        1.1313,
        1.3069,
        1.3069,
        4.9084,
        5.5959,
        1.0315,
        1.1815,
        0.0031,
        1.1768,
        0.3756,
        0.5643,
        2.0451,
        0.0204,
        0.2403,
        1.538,
        0.0357,
        2.3726
    ]
}