{
    "metrics": {
        "RMSE": 0.24093833242460053,
        "LogLoss": 0.21855446879121057,
        "RMSE(bins)": 0.028415520079707175,
        "ICI": 0.01583233535855321,
        "RMSE(bins)Ratings": {
            "1": 0.013688712077436226,
            "2": 0.022759371393339643,
            "3": 0.03610291013012793,
            "4": 0.06294073793739373
        }
    },
    "user": 3926,
    "size": 164595,
    "weights": [
        2.7577,
        14.4368,
        20.4476,
        66.2537,
        5.1752,
        0.1075,
        1.663,
        0.1066,
        1.9634,
        0.5902,
        1.2288,
        2.5733,
        0.0581,
        0.6563,
        1.9131,
        0.272,
        3.9846
    ]
}