{
    "metrics": {
        "RMSE": 0.25868367348606464,
        "LogLoss": 0.24057525140151362,
        "RMSE(bins)": 0.09487920774709925,
        "ICI": 0.035587500084387894
    },
    "user": 3973,
    "size": 7155,
    "weights": [
        0.9857,
        2.796,
        13.3588,
        13.3588,
        5.1829,
        0.9866,
        0.9058,
        0.1014,
        1.6118,
        0.1514,
        0.9994,
        2.2545,
        0.0156,
        0.4597,
        1.4881,
        0.0115,
        2.8701
    ]
}