{
    "FSRS-rs": {
        "RMSE": 0.33368217756280366,
        "LogLoss": 0.3495870424976745,
        "RMSE(bins)": 0.08315640111378993,
        "RMSE(bins)Ratings": {
            "1": 0.1695358667773242,
            "2": 0.022701914993340944,
            "3": 0.06106293902231238,
            "4": 0.08484602586745595
        }
    },
    "user": 3999,
    "size": 45535,
    "weights": [
        0.1788,
        0.1788,
        1.2505,
        5.9721,
        4.5927,
        1.0524,
        1.2626,
        0.2721,
        2.7362,
        0.1,
        1.6211,
        1.9056,
        0.1442,
        0.0728,
        1.1461,
        0.1067,
        3.9517
    ]
}