{
    "metrics": {
        "RMSE": 0.32804140052088765,
        "LogLoss": 0.33752480750825903,
        "RMSE(bins)": 0.07959923130294025,
        "ICI": 0.03361883424786182
    },
    "user": 3999,
    "size": 45700,
    "weights": [
        0.1791,
        0.1791,
        1.2495,
        12.4968,
        4.6865,
        0.8948,
        1.2492,
        0.3409,
        2.4974,
        0.004,
        1.7151,
        1.9976,
        0.1146,
        0.1432,
        2.2062,
        0.099,
        3.8704
    ]
}