{
    "FSRS-rs": {
        "RMSE": 0.30503909711790794,
        "LogLoss": 0.29969027426475614,
        "RMSE(bins)": 0.09140117592424013,
        "RMSE(bins)Ratings": {
            "1": 0.13463509978896668,
            "2": 0.18241063180914485,
            "3": 0.06216767077588409
        }
    },
    "user": 4026,
    "size": 1865,
    "weights": [
        0.1347,
        0.5967,
        5.5649,
        24.655,
        4.9576,
        1.0969,
        0.9536,
        0.0056,
        1.5293,
        0.1,
        0.9271,
        2.152,
        0.0774,
        0.3042,
        1.2376,
        0.4527,
        2.6766
    ]
}