{
    "FSRS-rs": {
        "RMSE": 0.5339338693713654,
        "LogLoss": 0.8721655676172313,
        "RMSE(bins)": 0.2396598709554813,
        "RMSE(bins)Ratings": {
            "1": 0.26943420334914914,
            "2": 0.22088442416022805,
            "3": 0.2799219370717757
        }
    },
    "user": 4069,
    "size": 1530,
    "weights": [
        0.2029,
        0.2029,
        1.9505,
        10.9,
        4.8631,
        0.9136,
        0.773,
        0.1004,
        1.5604,
        0.1097,
        1.0104,
        2.1795,
        0.042,
        0.3395,
        1.207,
        0.3605,
        2.61
    ]
}