{
    "metrics": {
        "RMSE": 0.40568662156146534,
        "LogLoss": 0.516084983884828,
        "RMSE(bins)": 0.0617143603165578,
        "ICI": 0.03838756441227481
    },
    "user": 4100,
    "size": 48325,
    "weights": [
        0.7714,
        0.995,
        1.8647,
        12.5004,
        5.4513,
        1.0742,
        1.0284,
        0.015,
        1.2097,
        0.4328,
        0.5968,
        2.6473,
        0.0903,
        0.2652,
        1.674,
        0.0746,
        2.496
    ]
}