{
    "metrics": {
        "RMSE": 0.2091800649584673,
        "LogLoss": 0.18459582884993536,
        "RMSE(bins)": 0.03193188737717297,
        "ICI": 0.012769946489800265
    },
    "user": 4116,
    "size": 50575,
    "weights": [
        0.9793,
        0.9793,
        4.6155,
        19.7514,
        4.9966,
        1.1342,
        1.5538,
        0.078,
        1.8675,
        0.043,
        1.2565,
        2.206,
        0.0936,
        0.3499,
        2.2484,
        0.2195,
        3.4458
    ]
}