{
    "FSRS-rs": {
        "RMSE": 0.3175913857771355,
        "LogLoss": 0.3512882933647464,
        "RMSE(bins)": 0.1396031920214649,
        "RMSE(bins)Ratings": {
            "1": 0.20563304800092996,
            "2": 0.17140413612485736,
            "3": 0.14200833444867525,
            "4": 0.14110745093887597
        }
    },
    "user": 4162,
    "size": 26545,
    "weights": [
        1.0311,
        3.628,
        5.604,
        5.604,
        4.2609,
        0.5621,
        1.0416,
        0.003,
        2.256,
        0.1117,
        1.6548,
        2.5499,
        0.0162,
        0.4482,
        1.4291,
        0.4567,
        1.6583
    ]
}