{
    "metrics": {
        "RMSE": 0.10602035476380353,
        "LogLoss": 0.0579206089078014,
        "RMSE(bins)": 0.0319325288294439,
        "ICI": 0.011400592418390894
    },
    "user": 4206,
    "size": 69780,
    "weights": [
        0.4575,
        1.2867,
        6.0693,
        10.9355,
        5.2571,
        1.858,
        0.6609,
        0.0527,
        2.067,
        0.0102,
        1.21,
        2.0194,
        0.1042,
        0.1174,
        2.5681,
        0.9339,
        1.0053
    ]
}