{
    "metrics": {
        "RMSE": 0.1811578554032003,
        "LogLoss": 0.14893145475787534,
        "RMSE(bins)": 0.028229149002374044,
        "ICI": 0.010401328311126255
    },
    "user": 4224,
    "size": 341795,
    "weights": [
        0.8913,
        1.6601,
        4.2201,
        28.4608,
        5.4336,
        4.6788,
        1.5689,
        0.117,
        2.7815,
        0.1525,
        2.0712,
        2.4539,
        0.01,
        0.8987,
        1.939,
        0.9365,
        6.0
    ]
}