{
    "FSRS-rs": {
        "RMSE": 0.35009985961480516,
        "LogLoss": 0.3999724934492694,
        "RMSE(bins)": 0.0575194388808689,
        "RMSE(bins)Ratings": {
            "1": 0.1497053430254994,
            "2": 0.04539745572349643,
            "3": 0.0963448434624051,
            "4": 0.24249822912316027
        }
    },
    "user": 4244,
    "size": 2665,
    "weights": [
        0.4819,
        0.4819,
        2.4619,
        10.9,
        4.8986,
        0.9096,
        0.7698,
        0.0973,
        1.5559,
        0.1307,
        1.0053,
        2.1346,
        0.0865,
        0.3344,
        1.0456,
        0.4257,
        2.711
    ]
}