{
    "metrics": {
        "RMSE": 0.2632160197859835,
        "LogLoss": 0.26088255235479374,
        "RMSE(bins)": 0.040593277826389336,
        "ICI": 0.008455506109509554
    },
    "user": 4296,
    "size": 10570,
    "weights": [
        1.6896,
        3.3012,
        12.5479,
        30.561,
        5.0037,
        0.7683,
        0.7417,
        0.3653,
        1.7494,
        0.3964,
        1.1064,
        2.2029,
        0.0543,
        0.4136,
        1.6017,
        0.1162,
        2.6107
    ]
}