{
    "metrics": {
        "RMSE": 0.4330814329787996,
        "LogLoss": 0.5615331381838561,
        "RMSE(bins)": 0.11272876524435184,
        "ICI": 0.0898529015612987
    },
    "user": 4324,
    "size": 3605,
    "weights": [
        0.2507,
        0.7706,
        1.4226,
        2.6374,
        5.3317,
        1.3883,
        0.9583,
        0.0083,
        1.4414,
        0.0,
        0.829,
        2.1528,
        0.0475,
        0.2988,
        1.5037,
        0.1718,
        2.7142
    ]
}