{
    "metrics": {
        "RMSE": 0.18717612988516763,
        "LogLoss": 0.13986082533018723,
        "RMSE(bins)": 0.08241573423443486,
        "ICI": 0.01987585049597106
    },
    "user": 4369,
    "size": 64710,
    "weights": [
        0.8567,
        5.5995,
        100.0,
        100.0,
        5.3103,
        1.3319,
        0.7447,
        0.2103,
        1.6729,
        0.2624,
        1.0817,
        1.8424,
        0.1384,
        0.5254,
        2.2036,
        0.9272,
        3.3183
    ]
}