{
    "metrics": {
        "RMSE": 0.19105898865536033,
        "LogLoss": 0.15445008254829404,
        "RMSE(bins)": 0.11908251776332347,
        "ICI": 0.07277889540772851
    },
    "user": 4371,
    "size": 1775,
    "weights": [
        23.6927,
        25.0362,
        27.1956,
        49.7419,
        4.9249,
        0.9819,
        0.6464,
        0.2549,
        1.8489,
        0.0,
        1.2365,
        2.3329,
        0.01,
        0.54,
        1.617,
        0.4387,
        3.0421
    ]
}