{
    "metrics": {
        "RMSE": 0.06486543562480876,
        "LogLoss": 0.03187849152546838,
        "RMSE(bins)": 0.017785329103356232,
        "ICI": 0.014125322366802612,
        "RMSE(bins)Ratings": {
            "1": 0.13739106697352366,
            "2": 0.02089284867898417,
            "3": 0.01575304714784317,
            "4": 0.008539788411989966
        }
    },
    "user": 4410,
    "size": 12280,
    "weights": [
        1.3052,
        2.3578,
        5.7244,
        10.3408,
        3.9281,
        2.4697,
        0.5848,
        0.004,
        2.9346,
        0.1,
        2.3076,
        2.216,
        0.1056,
        0.4611,
        1.2828,
        0.3996,
        4.0
    ]
}