{
    "metrics": {
        "RMSE": 0.22193875936007817,
        "LogLoss": 0.19574909433722695,
        "RMSE(bins)": 0.06543064298009281,
        "ICI": 0.03167796997235297
    },
    "user": 443,
    "size": 40160,
    "weights": [
        12.3923,
        12.3923,
        51.0691,
        75.6722,
        4.8257,
        1.0793,
        0.7297,
        0.2839,
        2.0549,
        0.0527,
        1.3562,
        2.2735,
        0.1158,
        0.5702,
        1.8837,
        0.1548,
        4.0145
    ]
}