{
    "metrics": {
        "RMSE": 0.33845816036572113,
        "LogLoss": 0.449442076167734,
        "RMSE(bins)": 0.1388214391386775,
        "ICI": 0.12146430955754184
    },
    "user": 4437,
    "size": 9600,
    "weights": [
        5.9222,
        11.8726,
        78.9557,
        100.0,
        5.5295,
        1.675,
        1.4696,
        0.0059,
        1.3089,
        0.4544,
        0.6964,
        2.3227,
        0.0511,
        0.531,
        2.1446,
        0.3575,
        2.5029
    ]
}