{
    "FSRS-rs": {
        "RMSE": 0.24763703490807196,
        "LogLoss": 0.2107567983666273,
        "RMSE(bins)": 0.10200319278500652,
        "RMSE(bins)Ratings": {
            "1": 0.1220478004512541,
            "2": 0.06517383813351704,
            "3": 0.3059153114427567
        }
    },
    "user": 4441,
    "size": 19795,
    "weights": [
        11.217,
        11.217,
        48.0559,
        48.0559,
        5.1628,
        0.4339,
        0.1026,
        0.4777,
        1.2217,
        0.3161,
        0.6623,
        2.3758,
        0.0673,
        0.5063,
        1.9998,
        0.9878,
        2.61
    ]
}