{
    "metrics": {
        "RMSE": 0.32876808316167305,
        "LogLoss": 0.370517945298537,
        "RMSE(bins)": 0.04439063060167034,
        "ICI": 0.0207099817281707
    },
    "user": 4483,
    "size": 46590,
    "weights": [
        3.3547,
        5.46,
        11.3372,
        19.7819,
        5.1584,
        0.9111,
        0.8165,
        0.0615,
        1.5064,
        0.3792,
        0.9302,
        2.1407,
        0.0707,
        0.3296,
        1.494,
        0.2938,
        2.2372
    ]
}