{
    "metrics": {
        "RMSE": 0.4576452433570592,
        "LogLoss": 0.6037332671728924,
        "RMSE(bins)": 0.04432131211632841,
        "ICI": 0.03584844489670547,
        "RMSE(bins)Ratings": {
            "1": 0.04285760818068414,
            "2": 0.02706182222038644,
            "3": 0.0782285462461229,
            "4": 0.04184603802840209
        }
    },
    "user": 4534,
    "size": 16550,
    "weights": [
        0.0816,
        0.5404,
        2.4038,
        15.9325,
        4.8454,
        0.9553,
        0.5513,
        0.0002,
        1.3201,
        0.1106,
        0.6553,
        2.0683,
        0.1264,
        0.3028,
        1.3302,
        0.6488,
        3.2807
    ]
}