{
    "metrics": {
        "RMSE": 0.3264877977808912,
        "LogLoss": 0.36273155906796717,
        "RMSE(bins)": 0.04938502149472355,
        "ICI": 0.020951525785004914
    },
    "user": 4537,
    "size": 91285,
    "weights": [
        0.2966,
        0.3455,
        0.4344,
        10.9355,
        5.6886,
        0.9297,
        0.7941,
        0.0136,
        1.43,
        0.0246,
        0.7704,
        2.4583,
        0.0278,
        0.1459,
        2.9801,
        0.4926,
        1.5788
    ]
}