{
    "FSRS-rs": {
        "RMSE": 0.4863347662760724,
        "LogLoss": 0.6876185027840177,
        "RMSE(bins)": 0.23793887125749721,
        "RMSE(bins)Ratings": {
            "1": 0.21075672057627254,
            "2": 0.32301456404213846,
            "3": 0.3583808037979848,
            "4": 0.10932132962404156
        }
    },
    "user": 4580,
    "size": 1115,
    "weights": [
        0.2129,
        0.2129,
        0.4548,
        4.7176,
        4.9874,
        0.9411,
        0.69,
        0.1594,
        1.3299,
        0.1,
        0.7799,
        2.2544,
        0.0259,
        0.43,
        1.2527,
        0.2543,
        2.5934
    ]
}