{
    "FSRS-rs": {
        "RMSE": 0.2996194607094658,
        "LogLoss": 0.31537869626676224,
        "RMSE(bins)": 0.009773514354047478,
        "RMSE(bins)Ratings": {
            "1": 0.04995172639301881,
            "2": 0.07460780565181983,
            "3": 0.012371733596147873,
            "4": 0.026246373264991886
        }
    },
    "user": 4587,
    "size": 166890,
    "weights": [
        0.2065,
        0.6331,
        1.383,
        5.5306,
        5.35,
        1.2707,
        1.1251,
        0.0205,
        1.6279,
        0.221,
        0.8412,
        2.0424,
        0.1371,
        0.375,
        1.8801,
        0.0253,
        3.9966
    ]
}