{
    "FSRS-rs": {
        "RMSE": 0.29359650973991636,
        "LogLoss": 0.3030977462618673,
        "RMSE(bins)": 0.09722394514713874,
        "RMSE(bins)Ratings": {
            "1": 0.1697154447022481,
            "2": 0.22883893782895798,
            "3": 0.12970540995908278,
            "4": 0.06650417738379803
        }
    },
    "user": 4631,
    "size": 2970,
    "weights": [
        1.4215,
        3.7417,
        15.9788,
        15.9788,
        4.901,
        0.966,
        0.9785,
        0.0002,
        1.8748,
        0.1004,
        1.2041,
        2.2662,
        0.026,
        0.4183,
        1.5451,
        0.2591,
        2.8065
    ]
}