{
    "metrics": {
        "RMSE": 0.45820739197696075,
        "LogLoss": 0.6092861411247485,
        "RMSE(bins)": 0.09587708140861381,
        "ICI": 0.0677521320016858
    },
    "user": 4636,
    "size": 29410,
    "weights": [
        0.1058,
        0.7866,
        0.7866,
        9.144,
        4.9924,
        0.969,
        0.764,
        0.1109,
        1.424,
        0.247,
        0.9181,
        1.9841,
        0.0936,
        0.1606,
        1.6789,
        0.3028,
        3.6963
    ]
}