{
    "FSRS-rs": {
        "RMSE": 0.2559735590957814,
        "LogLoss": 0.2510930341047871,
        "RMSE(bins)": 0.027850068873409992,
        "RMSE(bins)Ratings": {
            "1": 0.06597614837025022,
            "2": 0.047561677567878796,
            "3": 0.020559495838147656,
            "4": 0.08185266933657713
        }
    },
    "user": 4648,
    "size": 27850,
    "weights": [
        1.3447,
        1.3447,
        6.8081,
        34.6237,
        4.8646,
        1.0337,
        1.0044,
        0.0309,
        1.8125,
        0.1255,
        1.253,
        2.0718,
        0.162,
        0.3995,
        1.5558,
        0.1912,
        3.351
    ]
}