{
    "FSRS-rs": {
        "RMSE": 0.2799419622985463,
        "LogLoss": 0.281813053971972,
        "RMSE(bins)": 0.13172348231970946,
        "RMSE(bins)Ratings": {
            "1": 0.1773938893376646,
            "2": 0.09141356748642396,
            "3": 0.11948915555778888,
            "4": 0.07181017115828461
        }
    },
    "user": 4659,
    "size": 51520,
    "weights": [
        0.3071,
        2.2608,
        2.2608,
        20.1255,
        4.931,
        1.1187,
        0.8836,
        0.0725,
        1.873,
        0.1261,
        1.1391,
        2.104,
        0.0873,
        0.4447,
        0.8577,
        0.4715,
        3.3848
    ]
}