{
    "FSRS-rs": {
        "RMSE": 0.3911091420986321,
        "LogLoss": 0.46966118181831734,
        "RMSE(bins)": 0.1473632170772886,
        "RMSE(bins)Ratings": {
            "1": 0.19664272333825333,
            "2": 0.08741619200033797,
            "3": 0.14465655561285579,
            "4": 0.14532184910963206
        }
    },
    "user": 4732,
    "size": 6645,
    "weights": [
        1.9063,
        2.9045,
        39.6531,
        39.6531,
        5.0773,
        0.9683,
        0.7934,
        0.0358,
        1.6,
        0.2831,
        0.9816,
        2.2145,
        0.0889,
        0.4361,
        1.2499,
        0.2406,
        2.8353
    ]
}