{
    "FSRS-rs": {
        "RMSE": 0.3731104087671315,
        "LogLoss": 0.4488866946030679,
        "RMSE(bins)": 0.02838007772256939,
        "ICI": 0.01867382284954754,
        "RMSE(bins)Ratings": {
            "1": 0.09380558741896244,
            "2": 0.034462161230443634,
            "3": 0.02434931515116365,
            "4": 0.0533897659893982
        }
    },
    "user": 4771,
    "size": 110730,
    "weights": [
        0.3308,
        0.3308,
        0.3308,
        6.632,
        5.6082,
        2.2584,
        1.0036,
        0.1385,
        1.6265,
        0.359,
        0.7688,
        2.3099,
        0.0663,
        0.2303,
        0.6209,
        0.3297,
        3.9873
    ]
}