{
    "FSRS-rs": {
        "RMSE": 0.45952769602577037,
        "LogLoss": 0.6490307138190837,
        "RMSE(bins)": 0.13021578820076457,
        "RMSE(bins)Ratings": {
            "1": 0.16774436617704463,
            "2": 0.4533064766806968,
            "3": 0.3732842124225855,
            "4": 0.2382960918092552
        }
    },
    "user": 4773,
    "size": 1850,
    "weights": [
        0.1282,
        0.1765,
        0.2851,
        1.2958,
        5.2797,
        1.1191,
        0.8641,
        0.0017,
        1.3901,
        0.1104,
        0.76,
        1.9806,
        0.1998,
        0.1304,
        1.1816,
        0.0783,
        2.5104
    ]
}