{
    "metrics": {
        "RMSE": 0.2958717495762594,
        "LogLoss": 0.3096970133411016,
        "RMSE(bins)": 0.028764779353000005,
        "ICI": 0.017511879968169435
    },
    "user": 480,
    "size": 28940,
    "weights": [
        0.8467,
        1.4436,
        5.1037,
        10.9355,
        5.1501,
        1.389,
        0.7833,
        0.1707,
        1.8282,
        0.0165,
        1.1603,
        2.1611,
        0.044,
        0.3356,
        1.7417,
        0.0931,
        3.5859
    ]
}