{
    "metrics": {
        "RMSE": 0.48261289877582464,
        "LogLoss": 0.6728924995981097,
        "RMSE(bins)": 0.3643158616942355,
        "ICI": 0.1443570357698465
    },
    "user": 4832,
    "size": 2790,
    "weights": [
        0.0856,
        1.1927,
        1.1927,
        10.9355,
        5.1872,
        1.3183,
        0.9428,
        0.0386,
        1.6254,
        0.0556,
        1.013,
        1.9971,
        0.1625,
        0.2001,
        1.3474,
        0.2576,
        2.8616
    ]
}