{
    "FSRS-rs": {
        "RMSE": 0.35190182722686614,
        "LogLoss": 0.4103119733638153,
        "RMSE(bins)": 0.0907278823697315,
        "RMSE(bins)Ratings": {
            "1": 0.11797660833292387,
            "2": 0.1329558796616271,
            "3": 0.12604770101634175,
            "4": 0.09302000268028028
        }
    },
    "user": 489,
    "size": 16415,
    "weights": [
        0.2643,
        3.2923,
        13.3504,
        13.3504,
        5.0989,
        0.7507,
        0.7221,
        0.1131,
        1.7361,
        0.1824,
        0.9856,
        2.0769,
        0.0908,
        0.1681,
        1.2835,
        0.0727,
        3.4654
    ]
}