{
    "FSRS-rs": {
        "RMSE": 0.23446500026028025,
        "LogLoss": 0.16016671044762637,
        "RMSE(bins)": 0.07164324642347839,
        "RMSE(bins)Ratings": {
            "1": 0.17327778461551227,
            "2": 0.00499837360960373,
            "3": 0.013842693793631454,
            "4": 0.0033772850000203247
        }
    },
    "user": 4919,
    "size": 33520,
    "weights": [
        0.1,
        1.2559,
        13.3211,
        17.1753,
        3.4598,
        0.208,
        0.2148,
        0.4418,
        2.9575,
        0.1,
        2.3156,
        2.2058,
        0.0827,
        0.4129,
        1.3442,
        0.7772,
        3.8891
    ]
}