{
    "metrics": {
        "RMSE": 0.34426048884698224,
        "LogLoss": 0.39062514343087024,
        "RMSE(bins)": 0.08370816502602973,
        "ICI": 0.023606489454564405
    },
    "user": 4960,
    "size": 4570,
    "weights": [
        0.2018,
        0.3277,
        0.6779,
        10.9355,
        5.2138,
        1.331,
        0.6737,
        0.2466,
        1.4881,
        0.3385,
        0.8757,
        2.0709,
        0.1168,
        0.2731,
        1.6434,
        0.4196,
        2.6221
    ]
}