{
    "metrics": {
        "RMSE": 0.14211030937727864,
        "LogLoss": 0.09560802606944738,
        "RMSE(bins)": 0.05991002267598877,
        "ICI": 0.023955034967313545,
        "RMSE(bins)Ratings": {
            "1": 0.21227964895125226,
            "2": 0.03835936215566315,
            "3": 0.08866295727240556,
            "4": 0.0495355174940039
        }
    },
    "user": 5018,
    "size": 25825,
    "weights": [
        0.3885,
        22.2175,
        59.8347,
        64.6551,
        4.4702,
        0.9691,
        1.0502,
        0.0255,
        2.4621,
        0.1227,
        1.821,
        2.2885,
        0.1381,
        0.5494,
        1.8245,
        0.9934,
        4.0
    ]
}