{
    "FSRS-rs": {
        "RMSE": 0.29091843163876746,
        "LogLoss": 0.30067957978720095,
        "RMSE(bins)": 0.06423092012168026,
        "RMSE(bins)Ratings": {
            "1": 0.14046654592677232,
            "2": 0.06285730295354616,
            "3": 0.05741662391064654,
            "4": 0.14344799107842002
        }
    },
    "user": 5041,
    "size": 15815,
    "weights": [
        0.506,
        0.7816,
        2.4396,
        22.1876,
        4.802,
        1.0901,
        0.731,
        0.078,
        1.7153,
        0.116,
        1.1352,
        2.2679,
        0.0349,
        0.3913,
        0.9271,
        0.8706,
        3.2434
    ]
}