{
    "metrics": {
        "RMSE": 0.28514589626756154,
        "LogLoss": 0.2905773996004614,
        "RMSE(bins)": 0.057870674552930906,
        "ICI": 0.03309487356764781
    },
    "user": 5041,
    "size": 15335,
    "weights": [
        0.6078,
        0.7418,
        3.0384,
        10.9355,
        5.0313,
        1.7625,
        0.55,
        0.1765,
        1.772,
        0.1748,
        1.0475,
        2.1726,
        0.1314,
        0.3503,
        1.016,
        0.6707,
        3.4989
    ]
}