{
    "FSRS-rs": {
        "RMSE": 0.41024447077513027,
        "LogLoss": 0.5240654951282907,
        "RMSE(bins)": 0.08643111436437319,
        "RMSE(bins)Ratings": {
            "1": 0.10522708737222486,
            "2": 0.10461999395602502,
            "3": 0.14214492371151125,
            "4": 0.15529238288719727
        }
    },
    "user": 5048,
    "size": 9515,
    "weights": [
        0.8032,
        3.1577,
        3.1577,
        12.8349,
        5.3096,
        0.8219,
        0.7158,
        0.3305,
        1.3262,
        0.4044,
        0.6971,
        2.2456,
        0.0219,
        0.3627,
        1.1446,
        0.0273,
        2.5015
    ]
}