{
    "metrics": {
        "RMSE": 0.1000849497994365,
        "LogLoss": 0.05530240810779295,
        "RMSE(bins)": 0.014240735653064303,
        "ICI": 0.007803723835728739
    },
    "user": 5087,
    "size": 13245,
    "weights": [
        16.0467,
        16.0467,
        16.0467,
        16.0467,
        4.7262,
        1.236,
        0.7164,
        0.2579,
        2.0511,
        0.0,
        1.4379,
        2.3555,
        0.01,
        0.5846,
        1.6555,
        0.3447,
        2.8482
    ]
}