{
    "metrics": {
        "RMSE": 0.32799334238808175,
        "LogLoss": 0.35994252637447777,
        "RMSE(bins)": 0.0689597741781847,
        "ICI": 0.021193716086709374
    },
    "user": 5137,
    "size": 5840,
    "weights": [
        0.5537,
        1.238,
        4.1386,
        10.9355,
        5.2985,
        1.388,
        0.8445,
        0.0593,
        1.5721,
        0.0278,
        0.9606,
        2.0998,
        0.0676,
        0.3055,
        1.4644,
        0.2062,
        3.1018
    ]
}