{
    "metrics": {
        "RMSE": 0.3704384834250263,
        "LogLoss": 0.42011575697641285,
        "RMSE(bins)": 0.10407941733356058,
        "ICI": 0.04694200790025155
    },
    "user": 5138,
    "size": 21340,
    "weights": [
        0.445,
        1.8283,
        15.2258,
        50.428,
        5.1436,
        1.6856,
        1.1257,
        0.0662,
        1.9352,
        0.0004,
        1.4005,
        2.0946,
        0.062,
        0.2259,
        1.4612,
        0.3556,
        3.7606
    ]
}