{
    "metrics": {
        "RMSE": 0.3687786779564524,
        "LogLoss": 0.44315095710461716,
        "RMSE(bins)": 0.1290742020224619,
        "ICI": 0.05334186842309516
    },
    "user": 5236,
    "size": 61675,
    "weights": [
        0.5164,
        1.5057,
        7.4967,
        21.8591,
        5.3189,
        0.6385,
        0.3521,
        0.0759,
        1.7425,
        0.7587,
        1.0139,
        1.5901,
        0.1713,
        0.4305,
        0.1953,
        0.214,
        1.8564
    ]
}