{
    "FSRS-rs": {
        "RMSE": 0.09658922495562935,
        "LogLoss": 0.05128523017361444,
        "RMSE(bins)": 0.025791118145585552,
        "RMSE(bins)Ratings": {
            "1": 0.2632829342210853,
            "2": 0.06921873868402445,
            "3": 0.018807860791047647,
            "4": 0.009431269673117026
        }
    },
    "user": 5252,
    "size": 19695,
    "weights": [
        1.2416,
        3.4358,
        15.8161,
        43.7674,
        4.1231,
        1.5107,
        0.5161,
        0.007,
        2.6858,
        0.1475,
        2.0367,
        2.3014,
        0.0723,
        0.4847,
        1.6607,
        1.0,
        2.8205
    ]
}