{
    "metrics": {
        "RMSE": 0.19877407527092159,
        "LogLoss": 0.18834151439697452,
        "RMSE(bins)": 0.06012412578637016,
        "ICI": 0.043943489459459965
    },
    "user": 5255,
    "size": 320,
    "weights": [
        0.4514,
        1.4436,
        8.256,
        26.4029,
        5.2241,
        1.2006,
        0.8044,
        0.0939,
        1.549,
        0.2142,
        0.9366,
        2.1969,
        0.01,
        0.4003,
        1.5431,
        0.2985,
        2.8808
    ]
}