{
    "metrics": {
        "RMSE": 0.4748030125593253,
        "LogLoss": 0.6542498938578992,
        "RMSE(bins)": 0.11933066599703986,
        "ICI": 0.08518968320865465
    },
    "user": 5283,
    "size": 22300,
    "weights": [
        0.2757,
        1.1852,
        2.1756,
        6.2033,
        5.5817,
        1.5115,
        0.8415,
        0.3153,
        1.1465,
        0.3765,
        0.3816,
        1.9962,
        0.085,
        0.1793,
        1.1003,
        0.8184,
        3.1083
    ]
}