{
    "metrics": {
        "RMSE": 0.25519155588177983,
        "LogLoss": 0.2451874121753479,
        "RMSE(bins)": 0.0564825419549059,
        "ICI": 0.018396399438764165
    },
    "user": 5330,
    "size": 3995,
    "weights": [
        1.4289,
        3.7628,
        16.079,
        28.5163,
        5.0521,
        1.0007,
        0.757,
        0.1457,
        1.748,
        0.0731,
        1.1357,
        2.2187,
        0.0499,
        0.417,
        1.543,
        0.341,
        2.9658
    ]
}