{
    "metrics": {
        "RMSE": 0.16661865113135507,
        "LogLoss": 0.12702189753842127,
        "RMSE(bins)": 0.033286209286234866,
        "ICI": 0.016720594356644573
    },
    "user": 5399,
    "size": 70740,
    "weights": [
        0.4048,
        1.5121,
        10.9181,
        40.787,
        4.6824,
        0.1,
        2.8386,
        0.0573,
        2.2362,
        0.0707,
        1.6071,
        2.539,
        0.01,
        0.8784,
        1.6915,
        0.0257,
        3.0223
    ]
}