{
    "metrics": {
        "RMSE": 0.49383786263188695,
        "LogLoss": 0.6969191944160446,
        "RMSE(bins)": 0.17209914949069338,
        "ICI": 0.12341422701143369
    },
    "user": 541,
    "size": 2975,
    "weights": [
        0.1933,
        0.4725,
        0.4725,
        1.4265,
        5.5082,
        0.9507,
        1.1022,
        0.1357,
        1.2491,
        0.1611,
        0.6367,
        2.189,
        0.0225,
        0.2683,
        1.5884,
        0.0023,
        2.4718
    ]
}