{
    "FSRS-rs": {
        "RMSE": 0.3479909193671309,
        "LogLoss": 0.4006298181363481,
        "RMSE(bins)": 0.06733097303035082,
        "RMSE(bins)Ratings": {
            "1": 0.12750025564855771,
            "2": 0.0987845109576168,
            "3": 0.08288531237511755,
            "4": 0.04313299147013728
        }
    },
    "user": 5471,
    "size": 8755,
    "weights": [
        0.4152,
        1.2742,
        2.7706,
        4.1191,
        4.9986,
        1.1147,
        0.8436,
        0.0161,
        1.352,
        0.2432,
        0.802,
        2.1323,
        0.0749,
        0.2472,
        1.2718,
        0.2754,
        2.4159
    ]
}