{
    "FSRS-rs": {
        "RMSE": 0.35454815502712705,
        "LogLoss": 0.4222672363893586,
        "RMSE(bins)": 0.06612434308627363,
        "RMSE(bins)Ratings": {
            "1": 0.08291664611243545,
            "2": 0.11368151237007017,
            "3": 0.057321308362947306,
            "4": 0.03303107304735798
        }
    },
    "user": 5595,
    "size": 120200,
    "weights": [
        0.3842,
        0.48,
        1.4042,
        6.6791,
        5.2157,
        1.3586,
        0.3662,
        0.3115,
        1.2742,
        0.7811,
        0.6365,
        2.6411,
        0.0741,
        0.4135,
        0.9347,
        0.084,
        3.9068
    ]
}