{
    "FSRS-rs": {
        "RMSE": 0.30649791131005955,
        "LogLoss": 0.4161207600770423,
        "RMSE(bins)": 0.11596398701380838,
        "RMSE(bins)Ratings": {
            "1": 0.5109644269413051,
            "2": 0.15777397388553946,
            "3": 0.08008973495378914,
            "4": 0.05338651370848449
        }
    },
    "user": 561,
    "size": 5410,
    "weights": [
        30.005,
        32.8118,
        51.6567,
        82.8893,
        4.2539,
        0.9436,
        0.6012,
        0.2726,
        2.1694,
        0.1,
        1.6192,
        2.384,
        0.0701,
        0.484,
        1.5618,
        0.8015,
        3.2662
    ]
}