{
    "metrics": {
        "RMSE": 0.3225176413652332,
        "LogLoss": 0.35749432024570216,
        "RMSE(bins)": 0.04116906350333635,
        "ICI": 0.030648765432221944
    },
    "user": 5651,
    "size": 26010,
    "weights": [
        0.4126,
        0.5968,
        1.7963,
        8.1876,
        5.6418,
        2.0153,
        0.8374,
        0.0012,
        1.3038,
        0.0039,
        0.6774,
        2.1058,
        0.1122,
        0.3571,
        1.7389,
        0.0069,
        1.756
    ]
}