{
    "metrics": {
        "RMSE": 0.39896991495604167,
        "LogLoss": 0.5131723339364371,
        "RMSE(bins)": 0.14423436312516294,
        "ICI": 0.06861533169193369
    },
    "user": 5747,
    "size": 40145,
    "weights": [
        2.7375,
        6.4546,
        6.4546,
        25.9398,
        5.5313,
        0.1637,
        0.5411,
        0.7165,
        0.8458,
        0.7942,
        0.2504,
        2.4701,
        0.0363,
        0.3682,
        0.4185,
        0.3663,
        2.1911
    ]
}