{
    "FSRS-rs": {
        "RMSE": 0.4464246255590688,
        "LogLoss": 0.5893879112691099,
        "RMSE(bins)": 0.12274056735274581,
        "RMSE(bins)Ratings": {
            "1": 0.17296820884917471,
            "2": 0.12188870549215551,
            "3": 0.05647052960602958,
            "4": 0.1023325936930186
        }
    },
    "user": 5769,
    "size": 4790,
    "weights": [
        0.2181,
        0.6132,
        1.309,
        9.6311,
        4.9238,
        1.0207,
        0.8225,
        0.04,
        1.4983,
        0.1187,
        0.9183,
        2.1891,
        0.0467,
        0.3395,
        1.2942,
        0.1582,
        2.6045
    ]
}