{
    "metrics": {
        "RMSE": 0.0633736724802026,
        "LogLoss": 0.033725859610076375,
        "RMSE(bins)": 0.018866510743093402,
        "ICI": 0.014292346402038442
    },
    "user": 5820,
    "size": 7220,
    "weights": [
        4.5865,
        11.6139,
        33.2954,
        87.977,
        4.2481,
        0.2837,
        0.354,
        0.7499,
        2.532,
        0.0001,
        1.9165,
        2.4214,
        0.015,
        0.6992,
        1.536,
        0.8599,
        2.9005
    ]
}