{
    "metrics": {
        "RMSE": 0.06177309894718739,
        "LogLoss": 0.021245697975424256,
        "RMSE(bins)": 0.03408464728124523,
        "ICI": 0.009062121970055226
    },
    "user": 5869,
    "size": 36630,
    "weights": [
        0.01,
        2.8369,
        50.8049,
        50.8049,
        2.7863,
        1.2694,
        0.673,
        0.3255,
        3.9999,
        0.0001,
        2.9999,
        2.4799,
        0.01,
        0.9,
        1.4347,
        0.9043,
        4.0714
    ]
}