{
    "FSRS-rs": {
        "RMSE": 0.44056426317949354,
        "LogLoss": 0.5748436638060195,
        "RMSE(bins)": 0.10769609714677744,
        "RMSE(bins)Ratings": {
            "1": 0.13282161447670263,
            "2": 0.1214436294657651,
            "3": 0.1160073999440399,
            "4": 0.10111615658340524
        }
    },
    "user": 5874,
    "size": 39105,
    "weights": [
        0.1877,
        0.2095,
        0.2918,
        1.7735,
        5.2964,
        1.1262,
        0.5461,
        0.0487,
        0.8999,
        0.4637,
        0.3214,
        2.1153,
        0.1534,
        0.3043,
        1.3857,
        0.3587,
        2.3871
    ]
}