{
    "FSRS-rs": {
        "RMSE": 0.42695834158077417,
        "LogLoss": 0.5488820497090678,
        "RMSE(bins)": 0.12388634327498685,
        "RMSE(bins)Ratings": {
            "1": 0.13900252908173083,
            "2": 0.20463390625803007,
            "3": 0.13821419406610796,
            "4": 0.1853652814970951
        }
    },
    "user": 5922,
    "size": 10000,
    "weights": [
        0.6375,
        2.1971,
        14.0569,
        25.1496,
        5.0871,
        1.1957,
        0.7438,
        0.018,
        1.6897,
        0.1826,
        1.0919,
        2.1387,
        0.0812,
        0.2888,
        1.4039,
        0.34,
        3.1618
    ]
}