{
    "metrics": {
        "RMSE": 0.40949902823633416,
        "LogLoss": 0.522282500625747,
        "RMSE(bins)": 0.12494828041779277,
        "ICI": 0.1030406368906944
    },
    "user": 5924,
    "size": 12605,
    "weights": [
        1.9078,
        2.101,
        8.9555,
        23.5433,
        5.3407,
        1.3138,
        0.7567,
        0.0772,
        1.3616,
        0.2487,
        0.7478,
        2.155,
        0.1228,
        0.3594,
        1.5117,
        0.0012,
        2.8237
    ]
}