{
    "metrics": {
        "RMSE": 0.3604772333110871,
        "LogLoss": 0.44879220691314947,
        "RMSE(bins)": 0.07978007865762939,
        "ICI": 0.0487107927875915
    },
    "user": 5951,
    "size": 20785,
    "weights": [
        0.9587,
        0.9587,
        2.7316,
        10.9355,
        5.2917,
        1.4851,
        0.9027,
        0.2456,
        1.3901,
        0.2215,
        0.7439,
        2.1969,
        0.0755,
        0.3469,
        1.4382,
        0.0492,
        3.6716
    ]
}