{
    "FSRS-rs": {
        "RMSE": 0.4938889849617682,
        "LogLoss": 0.7044045439629605,
        "RMSE(bins)": 0.13407065291552667,
        "ICI": 0.09431808417498448,
        "RMSE(bins)Ratings": {
            "1": 0.1380913218846619,
            "2": 0.19758402956132315,
            "3": 0.15712489075892203,
            "4": 0.16847713481532758
        }
    },
    "user": 5965,
    "size": 15970,
    "weights": [
        0.3938,
        0.7137,
        1.7413,
        9.7172,
        5.5717,
        1.5609,
        0.7127,
        0.0962,
        1.2455,
        0.3738,
        0.6358,
        1.9807,
        0.1059,
        0.1629,
        1.2074,
        0.1814,
        2.2361
    ]
}