{
    "metrics": {
        "RMSE": 0.32221968117136845,
        "LogLoss": 0.3632228278492199,
        "RMSE(bins)": 0.03230088526362717,
        "ICI": 0.030818338779025692
    },
    "user": 5992,
    "size": 230860,
    "weights": [
        0.316,
        0.584,
        2.7714,
        10.9355,
        5.1629,
        1.3843,
        0.7657,
        0.037,
        2.2245,
        0.4941,
        1.1493,
        2.1029,
        0.1119,
        0.4109,
        2.95,
        0.3969,
        6.0
    ]
}