{
    "metrics": {
        "RMSE": 0.266242876762831,
        "LogLoss": 0.26484910509393755,
        "RMSE(bins)": 0.03534768405025338,
        "ICI": 0.022654162161322884
    },
    "user": 6113,
    "size": 9520,
    "weights": [
        0.5741,
        0.5741,
        2.3557,
        23.2906,
        5.2254,
        1.2294,
        1.2962,
        0.0206,
        1.6554,
        0.0518,
        1.0436,
        2.1081,
        0.1123,
        0.345,
        1.7752,
        0.0648,
        3.1903
    ]
}