{
    "metrics": {
        "RMSE": 0.23551026813103165,
        "LogLoss": 0.2513954944918155,
        "RMSE(bins)": 0.08492127838360787,
        "ICI": 0.05407587912733623
    },
    "user": 6146,
    "size": 1730,
    "weights": [
        4.1158,
        4.1158,
        4.1386,
        50.4574,
        5.364,
        1.4196,
        0.8672,
        0.0,
        1.4091,
        0.3542,
        0.7967,
        2.179,
        0.0154,
        0.2119,
        1.6605,
        0.3504,
        2.604
    ]
}