{
    "FSRS-rs": {
        "RMSE": 0.2272084190673373,
        "LogLoss": 0.20512364374072337,
        "RMSE(bins)": 0.015411287575354872,
        "RMSE(bins)Ratings": {
            "1": 0.038278841499062806,
            "2": 0.06545968115911004,
            "3": 0.01734884743816539,
            "4": 0.03717451403363319
        }
    },
    "user": 6167,
    "size": 43600,
    "weights": [
        1.4976,
        3.3408,
        11.1304,
        11.1304,
        5.0179,
        1.6978,
        1.8864,
        0.0129,
        2.0195,
        0.2192,
        1.329,
        2.3491,
        0.1358,
        0.5024,
        1.8591,
        0.012,
        4.0
    ]
}