{
    "FSRS-rs": {
        "RMSE": 0.46347729721432407,
        "LogLoss": 0.6447806341724592,
        "RMSE(bins)": 0.14143687512485587,
        "RMSE(bins)Ratings": {
            "1": 0.2409266505302447,
            "2": 0.18186481382055578,
            "3": 0.1032219562893854,
            "4": 0.22923628965584145
        }
    },
    "user": 6171,
    "size": 2140,
    "weights": [
        0.5911,
        2.0789,
        4.6391,
        12.6587,
        4.9413,
        0.9455,
        0.883,
        0.0134,
        1.4867,
        0.1649,
        0.9152,
        2.1233,
        0.0852,
        0.2619,
        1.1006,
        0.2009,
        2.7226
    ]
}