{
    "metrics": {
        "RMSE": 0.31183231579703863,
        "LogLoss": 0.34812176577677223,
        "RMSE(bins)": 0.12331140746067402,
        "ICI": 0.06386566358703791
    },
    "user": 6273,
    "size": 10170,
    "weights": [
        0.5467,
        1.4436,
        6.627,
        15.218,
        5.071,
        1.2492,
        0.6972,
        0.1505,
        1.6413,
        0.7404,
        0.8882,
        2.0581,
        0.1419,
        0.2689,
        1.283,
        0.4053,
        3.8179
    ]
}