{
    "metrics": {
        "RMSE": 0.3908527018693609,
        "LogLoss": 0.4833406078585269,
        "RMSE(bins)": 0.10963493120730952,
        "ICI": 0.05339154317921681
    },
    "user": 6310,
    "size": 12305,
    "weights": [
        0.5637,
        1.4436,
        2.4991,
        2.4991,
        5.7088,
        1.5478,
        1.4352,
        0.0461,
        1.4243,
        0.8,
        0.815,
        2.0988,
        0.0572,
        0.3548,
        1.4455,
        0.1696,
        2.5448
    ]
}