{
    "metrics": {
        "RMSE": 0.20999705152874099,
        "LogLoss": 0.16721394642329437,
        "RMSE(bins)": 0.07451482713979296,
        "ICI": 0.021637075215952723
    },
    "user": 6352,
    "size": 8910,
    "weights": [
        0.5439,
        2.114,
        5.0249,
        18.2774,
        4.6842,
        1.143,
        0.9348,
        0.0513,
        2.1532,
        0.0021,
        1.5405,
        2.0209,
        0.0986,
        0.2241,
        1.8244,
        0.5779,
        3.1557
    ]
}