{
    "metrics": {
        "RMSE": 0.43624338717925826,
        "LogLoss": 0.5683569021096048,
        "RMSE(bins)": 0.07525987547609109,
        "ICI": 0.04326689848373678
    },
    "user": 6396,
    "size": 23230,
    "weights": [
        0.2054,
        1.319,
        1.319,
        3.7497,
        5.5974,
        1.2158,
        1.2441,
        0.113,
        1.2684,
        0.2264,
        0.6517,
        2.1565,
        0.065,
        0.2668,
        0.9563,
        0.2042,
        2.9138
    ]
}