{
    "metrics": {
        "RMSE": 0.14097320932404758,
        "LogLoss": 0.10029717254915989,
        "RMSE(bins)": 0.04825909624906826,
        "ICI": 0.018734747816385778
    },
    "user": 6470,
    "size": 2645,
    "weights": [
        10.4861,
        13.8408,
        19.9939,
        74.0933,
        5.2046,
        1.3567,
        0.8985,
        0.0108,
        1.6455,
        0.0225,
        1.0323,
        2.0499,
        0.1416,
        0.252,
        1.4131,
        0.0396,
        2.9982
    ]
}