{
    "FSRS-rs": {
        "RMSE": 0.27988776799753623,
        "LogLoss": 0.2873693212109511,
        "RMSE(bins)": 0.04411690320235359,
        "RMSE(bins)Ratings": {
            "1": 0.06301530127401157,
            "2": 0.06289769003575518,
            "3": 0.00966223071229032,
            "4": 0.024034970214904063
        }
    },
    "user": 649,
    "size": 270385,
    "weights": [
        0.3584,
        0.489,
        0.7792,
        6.2523,
        4.8437,
        0.2271,
        1.4146,
        0.0273,
        1.7735,
        0.2368,
        1.2194,
        2.3829,
        0.0367,
        0.4707,
        0.2218,
        0.1575,
        4.0
    ]
}