{
    "metrics": {
        "RMSE": 0.48817094666063426,
        "LogLoss": 0.6816497795150628,
        "RMSE(bins)": 0.11996609675034063,
        "ICI": 0.10440085202734042
    },
    "user": 6556,
    "size": 12140,
    "weights": [
        0.114,
        0.3917,
        0.9196,
        10.9355,
        5.31,
        1.1763,
        0.8776,
        0.1666,
        1.2464,
        0.0136,
        0.6441,
        2.0679,
        0.0595,
        0.2695,
        1.6901,
        0.6539,
        2.634
    ]
}