{
    "FSRS-rs": {
        "RMSE": 0.3132448082520346,
        "LogLoss": 0.3305809180660249,
        "RMSE(bins)": 0.03540499128199415,
        "RMSE(bins)Ratings": {
            "1": 0.10417058790306935,
            "2": 0.03944777947173734,
            "3": 0.049612390090079415,
            "4": 0.09982674918385438
        }
    },
    "user": 6564,
    "size": 10225,
    "weights": [
        0.2238,
        0.5829,
        2.4501,
        5.52,
        4.8585,
        0.9698,
        0.6689,
        0.0962,
        1.823,
        0.1011,
        1.1571,
        2.1317,
        0.1136,
        0.2936,
        1.1168,
        0.4462,
        2.539
    ]
}