{
    "metrics": {
        "RMSE": 0.39124581641830414,
        "LogLoss": 0.479878376511291,
        "RMSE(bins)": 0.04363577278789981,
        "ICI": 0.014980059530882717
    },
    "user": 6567,
    "size": 125995,
    "weights": [
        0.178,
        0.178,
        1.4818,
        6.0872,
        4.9637,
        1.2268,
        0.7009,
        0.0271,
        1.1913,
        0.05,
        0.6842,
        1.441,
        0.157,
        0.5633,
        1.0692,
        0.9926,
        3.4907
    ]
}