{
    "metrics": {
        "RMSE": 0.38816505604746526,
        "LogLoss": 0.478212759496572,
        "RMSE(bins)": 0.10421649949716359,
        "ICI": 0.056975674908705864
    },
    "user": 6574,
    "size": 10965,
    "weights": [
        1.4072,
        3.1352,
        10.4267,
        24.1985,
        5.1359,
        1.6356,
        0.6798,
        0.0724,
        1.7697,
        0.1521,
        1.1869,
        1.9949,
        0.1406,
        0.2417,
        1.2252,
        0.5344,
        2.9453
    ]
}