{
    "metrics": {
        "RMSE": 0.31303352358656955,
        "LogLoss": 0.33460104657284956,
        "RMSE(bins)": 0.13866724026969549,
        "ICI": 0.06278679835411821
    },
    "user": 6649,
    "size": 4575,
    "weights": [
        0.855,
        2.0941,
        8.0259,
        30.1997,
        5.0684,
        1.3253,
        0.7877,
        0.1155,
        1.705,
        0.0367,
        1.0926,
        2.1073,
        0.0943,
        0.31,
        1.6666,
        0.3576,
        2.9671
    ]
}