{
    "metrics": {
        "RMSE": 0.3118994112016038,
        "LogLoss": 0.33188779123834106,
        "RMSE(bins)": 0.10840614559501971,
        "ICI": 0.03815005903456123
    },
    "user": 6651,
    "size": 2125,
    "weights": [
        0.4509,
        2.2883,
        3.3398,
        4.2972,
        5.0075,
        1.0755,
        0.7089,
        0.2036,
        1.7718,
        0.1154,
        1.1205,
        1.9695,
        0.1885,
        0.1776,
        1.2744,
        0.1943,
        3.0419
    ]
}