{
    "metrics": {
        "RMSE": 0.01643689924257102,
        "LogLoss": 0.006153251024355389,
        "RMSE(bins)": 0.005491896556032039,
        "ICI": 0.004675105966771085
    },
    "user": 6653,
    "size": 42180,
    "weights": [
        2.5471,
        3.1622,
        19.4297,
        20.6533,
        1.3443,
        1.2515,
        0.1133,
        0.0675,
        3.9991,
        0.0009,
        2.9992,
        2.4118,
        0.01,
        0.9,
        1.5146,
        0.9985,
        4.4825
    ]
}