{
    "metrics": {
        "RMSE": 0.3792486569979382,
        "LogLoss": 0.45745929508094585,
        "RMSE(bins)": 0.04970785252252169,
        "ICI": 0.01778574566506728
    },
    "user": 6659,
    "size": 15765,
    "weights": [
        0.2505,
        1.0074,
        1.0074,
        6.219,
        5.0423,
        0.9236,
        0.9942,
        0.0182,
        1.3973,
        0.2291,
        0.8328,
        2.0977,
        0.1043,
        0.2997,
        1.6796,
        0.3477,
        3.4599
    ]
}