{
    "FSRS-rs": {
        "RMSE": 0.19565226756524964,
        "LogLoss": 0.16508780886971677,
        "RMSE(bins)": 0.019924606847218623,
        "RMSE(bins)Ratings": {
            "1": 0.11876164275925265,
            "2": 0.019851930567295787,
            "3": 0.036476436778699016,
            "4": 0.02781890548644771
        }
    },
    "user": 6671,
    "size": 5665,
    "weights": [
        0.4192,
        1.9617,
        4.2906,
        10.1105,
        4.9329,
        1.3429,
        0.4454,
        0.2729,
        1.7922,
        0.1005,
        1.152,
        2.1548,
        0.0829,
        0.3103,
        1.5669,
        0.318,
        2.9829
    ]
}