{
    "metrics": {
        "RMSE": 0.1835592109463209,
        "LogLoss": 0.14113193788793038,
        "RMSE(bins)": 0.029081552451654235,
        "ICI": 0.014460681554197321
    },
    "user": 6697,
    "size": 22920,
    "weights": [
        0.8136,
        2.149,
        9.2256,
        24.3689,
        5.3156,
        2.124,
        1.6989,
        0.0275,
        1.9489,
        0.0119,
        1.2996,
        2.1873,
        0.0452,
        0.2671,
        2.0665,
        0.9789,
        2.9124
    ]
}