{
    "metrics": {
        "RMSE": 0.16228750479507373,
        "LogLoss": 0.1289858924515412,
        "RMSE(bins)": 0.06848191863259408,
        "ICI": 0.03692341705662453
    },
    "user": 6698,
    "size": 7540,
    "weights": [
        24.7545,
        46.5546,
        60.7151,
        72.4747,
        5.0802,
        1.1566,
        0.58,
        0.3067,
        1.692,
        0.0712,
        1.0796,
        2.1281,
        0.0643,
        0.3297,
        1.4699,
        0.0,
        2.7973
    ]
}