{
    "metrics": {
        "RMSE": 0.3153216397586183,
        "LogLoss": 0.3640269124359785,
        "RMSE(bins)": 0.09142193769359608,
        "ICI": 0.045926259662795524
    },
    "user": 6700,
    "size": 47145,
    "weights": [
        0.5549,
        1.8564,
        2.1292,
        2.1292,
        5.436,
        1.0661,
        0.6382,
        0.2038,
        1.3419,
        0.0717,
        0.632,
        2.1959,
        0.0549,
        0.1115,
        2.1833,
        0.779,
        2.7607
    ]
}