{
    "metrics": {
        "RMSE": 0.2709656787383042,
        "LogLoss": 0.2704751428774521,
        "RMSE(bins)": 0.023374491427670785,
        "ICI": 0.014280056381021674
    },
    "user": 6727,
    "size": 42320,
    "weights": [
        0.6346,
        0.996,
        5.7902,
        10.9355,
        4.8453,
        1.3485,
        0.9054,
        0.0645,
        1.8929,
        0.0622,
        1.2281,
        2.1922,
        0.0487,
        0.2607,
        1.8431,
        0.4291,
        2.7557
    ]
}