{
    "metrics": {
        "RMSE": 0.11743319858544131,
        "LogLoss": 0.0925503632103219,
        "RMSE(bins)": 0.0766828748206927,
        "ICI": 0.05908971098546724
    },
    "user": 6739,
    "size": 2725,
    "weights": [
        91.9751,
        91.9751,
        91.9751,
        91.9751,
        4.865,
        1.4645,
        0.6083,
        0.2879,
        1.9089,
        0.0,
        1.2965,
        2.3623,
        0.0116,
        0.5675,
        1.6753,
        0.4984,
        3.0996
    ]
}