{
    "FSRS-rs": {
        "RMSE": 0.47095402262178987,
        "LogLoss": 0.6675840158118279,
        "RMSE(bins)": 0.2033648857879907,
        "RMSE(bins)Ratings": {
            "1": 0.28525764872662124,
            "2": 0.470437264976649,
            "3": 0.10147809227396837,
            "4": 0.1828542651910806
        }
    },
    "user": 6750,
    "size": 8170,
    "weights": [
        0.6018,
        2.071,
        2.071,
        7.4104,
        4.8249,
        0.8881,
        0.6951,
        0.134,
        1.5622,
        0.1573,
        1.0112,
        2.3936,
        0.0121,
        0.5544,
        1.3286,
        0.5263,
        2.8827
    ]
}