{
    "metrics": {
        "RMSE": 0.3947629781229078,
        "LogLoss": 0.5070220336783464,
        "RMSE(bins)": 0.16632243013670442,
        "ICI": 0.10340818706810972
    },
    "user": 676,
    "size": 4280,
    "weights": [
        1.0429,
        1.8996,
        3.9397,
        11.463,
        5.2018,
        1.2422,
        0.8358,
        0.1707,
        1.5573,
        0.1999,
        0.9271,
        2.2296,
        0.0488,
        0.4896,
        1.5788,
        0.1523,
        2.5654
    ]
}