{
    "metrics": {
        "RMSE": 0.03647749430381902,
        "LogLoss": 0.02400292522295794,
        "RMSE(bins)": 0.025074246633617365,
        "ICI": 0.021438765195983964
    },
    "user": 6786,
    "size": 8000,
    "weights": [
        14.7632,
        14.7632,
        14.7632,
        14.7632,
        4.1689,
        1.5562,
        0.2575,
        0.4076,
        2.6083,
        0.0,
        1.9955,
        2.3516,
        0.01,
        0.7344,
        1.575,
        1.0,
        3.2088
    ]
}