{
    "metrics": {
        "RMSE": 0.4373336877442223,
        "LogLoss": 0.5735145481468541,
        "RMSE(bins)": 0.22688192545453956,
        "ICI": 0.12832358234864638
    },
    "user": 6805,
    "size": 4465,
    "weights": [
        0.4531,
        3.7871,
        33.5996,
        33.5996,
        4.9257,
        0.8909,
        0.7662,
        0.0661,
        1.9391,
        0.3101,
        1.207,
        2.0582,
        0.1538,
        0.2607,
        1.3552,
        0.1403,
        2.9832
    ]
}