{
    "metrics": {
        "RMSE": 0.18963414689378016,
        "LogLoss": 0.19152335214582603,
        "RMSE(bins)": 0.036483345281525595,
        "ICI": 0.03005639994647209
    },
    "user": 6811,
    "size": 140105,
    "weights": [
        0.8883,
        2.4289,
        23.6952,
        23.6952,
        4.5504,
        0.1073,
        0.9863,
        0.2137,
        2.3629,
        0.4883,
        1.7093,
        2.2062,
        0.0508,
        0.7807,
        1.4449,
        0.0679,
        6.0
    ]
}