{
    "metrics": {
        "RMSE": 0.38775511437551236,
        "LogLoss": 0.4711382047646592,
        "RMSE(bins)": 0.13113807769594557,
        "ICI": 0.09510683188325506
    },
    "user": 6817,
    "size": 34870,
    "weights": [
        0.6356,
        1.0371,
        4.2306,
        24.8959,
        5.5094,
        1.4056,
        0.9802,
        0.0491,
        1.5091,
        0.4944,
        0.8073,
        1.9641,
        0.1332,
        0.2627,
        1.7359,
        0.0239,
        3.0581
    ]
}