{
    "FSRS-rs": {
        "RMSE": 0.34571380339077623,
        "LogLoss": 0.38860467255348524,
        "RMSE(bins)": 0.060577407088741826,
        "RMSE(bins)Ratings": {
            "1": 0.11255038364517267,
            "2": 0.2571980626627696,
            "3": 0.2147304300988435,
            "4": 0.032593731555226726
        }
    },
    "user": 6826,
    "size": 5760,
    "weights": [
        0.3696,
        0.5696,
        0.8323,
        5.7443,
        5.2425,
        1.0056,
        0.8431,
        0.0786,
        1.3969,
        0.2124,
        0.8267,
        2.0806,
        0.1067,
        0.2304,
        1.4066,
        0.1034,
        2.5842
    ]
}