{
    "metrics": {
        "RMSE": 0.4898919964093515,
        "LogLoss": 0.6909728468015192,
        "RMSE(bins)": 0.1584926172192658,
        "ICI": 0.09835399649128519
    },
    "user": 683,
    "size": 5850,
    "weights": [
        0.0712,
        0.1141,
        0.1833,
        1.1545,
        5.7456,
        1.546,
        1.4878,
        0.0059,
        1.2617,
        0.1025,
        0.6493,
        2.0063,
        0.1174,
        0.2095,
        1.472,
        0.1399,
        2.4131
    ]
}