{
    "metrics": {
        "RMSE": 0.31217528994671606,
        "LogLoss": 0.3249602253107486,
        "RMSE(bins)": 0.06388181399676722,
        "ICI": 0.015301773856850356
    },
    "user": 687,
    "size": 10235,
    "weights": [
        0.422,
        1.3676,
        7.9776,
        10.9355,
        5.0761,
        1.3599,
        0.9405,
        0.0108,
        1.7455,
        0.0223,
        1.0666,
        2.1575,
        0.0814,
        0.3564,
        1.3844,
        0.0,
        3.4002
    ]
}