{
    "metrics": {
        "RMSE": 0.4429033188286674,
        "LogLoss": 0.5861160091422243,
        "RMSE(bins)": 0.13744969525654827,
        "ICI": 0.11350598570235244,
        "RMSE(bins)Ratings": {
            "1": 0.15138383290350368,
            "2": 0.2153059108787545,
            "3": 0.1578509414009202,
            "4": 0.20540555260567286
        }
    },
    "user": 6872,
    "size": 4120,
    "weights": [
        0.1393,
        2.8761,
        2.8761,
        2.8761,
        5.1309,
        1.0244,
        0.7301,
        0.0079,
        1.4718,
        0.2909,
        0.8454,
        2.0577,
        0.1346,
        0.2453,
        1.5005,
        0.7882,
        2.294
    ]
}