{
    "metrics": {
        "RMSE": 0.22368908212080407,
        "LogLoss": 0.20122723623611552,
        "RMSE(bins)": 0.017957063377843224,
        "ICI": 0.008004101731108442
    },
    "user": 6920,
    "size": 388480,
    "weights": [
        2.1156,
        4.1813,
        11.618,
        21.5188,
        6.5067,
        0.5094,
        0.6515,
        0.014,
        1.4738,
        0.0018,
        1.0534,
        1.6675,
        0.0353,
        0.5275,
        2.9638,
        0.0207,
        2.4897
    ]
}