{
    "metrics": {
        "RMSE": 0.24304586112506688,
        "LogLoss": 0.2341014623133533,
        "RMSE(bins)": 0.03156719170444446,
        "ICI": 0.011719215554787488
    },
    "user": 7013,
    "size": 4665,
    "weights": [
        1.9754,
        2.2938,
        4.4227,
        6.8515,
        5.236,
        1.434,
        0.9585,
        0.0936,
        1.5413,
        0.1522,
        0.929,
        2.3333,
        0.038,
        0.5377,
        1.6234,
        0.038,
        2.8145
    ]
}