{
    "metrics": {
        "RMSE": 0.41368133784224553,
        "LogLoss": 0.5112571595918294,
        "RMSE(bins)": 0.07394024168507586,
        "ICI": 0.039196656622428404
    },
    "user": 7016,
    "size": 23400,
    "weights": [
        0.1879,
        0.7222,
        5.4401,
        20.9045,
        5.3612,
        1.3744,
        0.7824,
        0.049,
        1.2391,
        0.0531,
        0.6412,
        2.025,
        0.1103,
        0.2036,
        1.5036,
        0.219,
        2.9195
    ]
}