{
    "metrics": {
        "RMSE": 0.3395222035660558,
        "LogLoss": 0.37976007964371344,
        "RMSE(bins)": 0.0412105476042031,
        "ICI": 0.009225030480412908
    },
    "user": 705,
    "size": 15750,
    "weights": [
        0.2095,
        0.3361,
        0.6833,
        1.0965,
        5.5823,
        1.5054,
        1.1057,
        0.0946,
        1.2207,
        0.4427,
        0.5743,
        2.4332,
        0.01,
        0.7693,
        1.8455,
        0.226,
        3.6126
    ]
}