{
    "metrics": {
        "RMSE": 0.290673092480211,
        "LogLoss": 0.29798737595542296,
        "RMSE(bins)": 0.06851778987535175,
        "ICI": 0.010672928637030623
    },
    "user": 7054,
    "size": 8225,
    "weights": [
        0.8998,
        5.2229,
        9.0394,
        10.9355,
        5.1416,
        1.2334,
        0.8177,
        0.03,
        1.7048,
        0.159,
        1.0851,
        2.2385,
        0.0408,
        0.4006,
        1.5464,
        0.2126,
        3.156
    ]
}