{
    "metrics": {
        "RMSE": 0.17566243791593403,
        "LogLoss": 0.1253841145615482,
        "RMSE(bins)": 0.14068475949369677,
        "ICI": 0.06075448937497131,
        "RMSE(bins)Ratings": {
            "1": 0.2269925690328488,
            "2": 0.15344851765947745,
            "3": 0.1662976911119412,
            "4": 0.05623828844775859
        }
    },
    "user": 706,
    "size": 2320,
    "weights": [
        2.7139,
        5.1673,
        13.5763,
        25.8499,
        4.8256,
        0.9725,
        0.5867,
        0.2323,
        1.9088,
        0.1,
        1.2842,
        2.3992,
        0.0103,
        0.5977,
        1.548,
        0.3428,
        3.0559
    ]
}