{
    "metrics": {
        "RMSE": 0.44473075937613993,
        "LogLoss": 0.5879992295048048,
        "RMSE(bins)": 0.09494553723544902,
        "ICI": 0.06468707634257911
    },
    "user": 7082,
    "size": 2975,
    "weights": [
        0.2722,
        0.5425,
        1.7755,
        6.5946,
        5.4254,
        1.5149,
        0.8441,
        0.045,
        1.4685,
        0.1787,
        0.8562,
        2.1191,
        0.0752,
        0.3376,
        1.376,
        0.1884,
        2.7661
    ]
}