{
    "metrics": {
        "RMSE": 0.45865544170560274,
        "LogLoss": 0.6162364157280741,
        "RMSE(bins)": 0.07243545025872727,
        "ICI": 0.03761339645805853
    },
    "user": 712,
    "size": 10025,
    "weights": [
        0.0577,
        0.0824,
        0.312,
        0.619,
        5.5245,
        1.5388,
        0.9326,
        0.0202,
        1.3616,
        0.3423,
        0.7495,
        2.0874,
        0.1153,
        0.2442,
        1.5152,
        0.1472,
        3.0462
    ]
}