{
    "metrics": {
        "RMSE": 0.3970539725598822,
        "LogLoss": 0.48157431911183846,
        "RMSE(bins)": 0.05576645158881356,
        "ICI": 0.019160483228165943
    },
    "user": 72,
    "size": 9555,
    "weights": [
        0.757,
        1.6551,
        5.3512,
        16.7653,
        5.1794,
        1.379,
        0.8852,
        0.03,
        1.6287,
        0.3477,
        0.9867,
        2.1346,
        0.0715,
        0.3364,
        1.3442,
        0.173,
        3.1965
    ]
}