{
    "metrics": {
        "RMSE": 0.43359183445540295,
        "LogLoss": 0.5673216251024084,
        "RMSE(bins)": 0.12616268218676308,
        "ICI": 0.08482983274205204
    },
    "user": 7272,
    "size": 9310,
    "weights": [
        0.5815,
        1.5017,
        2.5044,
        6.549,
        5.1764,
        1.0377,
        0.9688,
        0.0476,
        1.6319,
        0.4108,
        1.0195,
        2.1012,
        0.0563,
        0.2986,
        1.6988,
        0.2711,
        2.5474
    ]
}