{
    "metrics": {
        "RMSE": 0.2092866815479486,
        "LogLoss": 0.18345676872751837,
        "RMSE(bins)": 0.03193565116368116,
        "ICI": 0.013887680682156144,
        "RMSE(bins)Ratings": {
            "1": 0.06028039673193266,
            "2": 0.03998095996215598,
            "3": 0.03274207925518155,
            "4": 0.014683790969614027
        }
    },
    "user": 7281,
    "size": 105025,
    "weights": [
        0.8913,
        1.4643,
        3.0834,
        12.7263,
        5.3085,
        1.6607,
        1.2055,
        0.0868,
        2.2463,
        0.2186,
        1.5696,
        2.128,
        0.0829,
        0.3226,
        1.9785,
        0.2196,
        2.3403
    ]
}