{
    "metrics": {
        "RMSE": 0.3406092927885522,
        "LogLoss": 0.4253033203677931,
        "RMSE(bins)": 0.06030602321948354,
        "ICI": 0.05576448671183249
    },
    "user": 7310,
    "size": 305620,
    "weights": [
        0.5912,
        1.5083,
        1.5083,
        8.3964,
        4.5677,
        2.8658,
        1.2975,
        0.2605,
        1.5361,
        0.4013,
        0.8595,
        4.3718,
        0.0133,
        0.084,
        2.9994,
        0.8987,
        3.5965
    ]
}