{
    "metrics": {
        "RMSE": 0.10046507681702319,
        "LogLoss": 0.06387664070550064,
        "RMSE(bins)": 0.06271833588298274,
        "ICI": 0.041826215455691755,
        "RMSE(bins)Ratings": {
            "1": 0.28142968426266685,
            "4": 0.035151803434590956
        }
    },
    "user": 7360,
    "size": 3465,
    "weights": [
        0.6786,
        1.9964,
        10.0748,
        29.641,
        4.8252,
        1.0527,
        0.5889,
        0.3011,
        1.9088,
        0.1,
        1.2843,
        2.1413,
        0.049,
        0.2729,
        1.4753,
        0.219,
        3.0645
    ]
}