{
    "FSRS-rs": {
        "RMSE": 0.19520467757913457,
        "LogLoss": 0.15879584299723457,
        "RMSE(bins)": 0.02145267759356151,
        "ICI": 0.008800732007292153,
        "RMSE(bins)Ratings": {
            "1": 0.08692629558152971,
            "2": 0.03895187190546207,
            "3": 0.018124176353101946,
            "4": 0.015452444179506987
        }
    },
    "user": 7379,
    "size": 16080,
    "weights": [
        0.5781,
        4.998,
        13.156,
        22.2696,
        5.0723,
        1.7115,
        1.5256,
        0.0108,
        2.2475,
        0.1056,
        1.5821,
        2.1022,
        0.122,
        0.3561,
        1.1382,
        0.1115,
        3.6467
    ]
}