{
    "FSRS-rs": {
        "RMSE": 0.3415282600111558,
        "LogLoss": 0.3901853153389652,
        "RMSE(bins)": 0.051336834361495866,
        "RMSE(bins)Ratings": {
            "1": 0.1508343336774691,
            "2": 0.06297425495627504,
            "3": 0.07072279307385204,
            "4": 0.0844093241404029
        }
    },
    "user": 7388,
    "size": 4660,
    "weights": [
        0.5314,
        2.9735,
        2.9735,
        5.52,
        5.1836,
        1.0813,
        0.7428,
        0.108,
        1.4011,
        0.3592,
        0.7717,
        2.3438,
        0.0366,
        0.5835,
        1.5499,
        0.5456,
        2.7288
    ]
}