{
    "FSRS-rs": {
        "RMSE": 0.30188918800208114,
        "LogLoss": 0.3334883283849832,
        "RMSE(bins)": 0.0344237257266941,
        "RMSE(bins)Ratings": {
            "1": 0.06420728747391534,
            "2": 0.04308599468923844,
            "3": 0.015597135849426935,
            "4": 0.012983786505652947
        }
    },
    "user": 7397,
    "size": 85755,
    "weights": [
        1.1732,
        1.2493,
        3.3889,
        11.6877,
        5.3987,
        2.0935,
        0.784,
        0.0473,
        2.2306,
        0.6372,
        1.5817,
        2.3572,
        0.0713,
        0.3149,
        1.8329,
        0.0971,
        3.1461
    ]
}