{
    "metrics": {
        "RMSE": 0.11383419729403603,
        "LogLoss": 0.09042608570382181,
        "RMSE(bins)": 0.11134774254150567,
        "ICI": 0.08264881652812968
    },
    "user": 7399,
    "size": 3995,
    "weights": [
        9.5896,
        24.2827,
        69.615,
        100.0,
        4.9669,
        1.2006,
        0.8627,
        0.0362,
        1.8086,
        0.0,
        1.1961,
        2.1174,
        0.0839,
        0.3204,
        1.4676,
        0.3937,
        2.8237
    ]
}