{
    "metrics": {
        "RMSE": 0.3437246533118981,
        "LogLoss": 0.4232905879685962,
        "RMSE(bins)": 0.10227161075375292,
        "ICI": 0.07215747576931886,
        "RMSE(bins)Ratings": {
            "1": 0.1861172998441083,
            "2": 0.1300480905393644,
            "3": 0.09241959583545745,
            "4": 0.09872300786240278
        }
    },
    "user": 7406,
    "size": 3450,
    "weights": [
        0.984,
        3.261,
        3.261,
        33.9044,
        5.0016,
        1.1215,
        0.7182,
        0.1026,
        1.7722,
        0.1303,
        1.1266,
        2.1981,
        0.0543,
        0.3922,
        1.4479,
        0.1699,
        3.0393
    ]
}