{
    "metrics": {
        "RMSE": 0.3753107825268617,
        "LogLoss": 0.4375743076303973,
        "RMSE(bins)": 0.06942838193261175,
        "ICI": 0.04158540618026873,
        "RMSE(bins)Ratings": {
            "1": 0.15739408538886115,
            "2": 0.15343893240595902,
            "3": 0.11365357843543933,
            "4": 0.05725219250276677
        }
    },
    "user": 7410,
    "size": 19890,
    "weights": [
        0.5384,
        0.9428,
        2.0334,
        18.0465,
        5.0677,
        1.3924,
        0.8938,
        0.0236,
        1.4821,
        0.1052,
        0.8737,
        2.0524,
        0.0452,
        0.1406,
        1.4523,
        0.2068,
        2.9292
    ]
}