{
    "metrics": {
        "RMSE": 0.32068787012947175,
        "LogLoss": 0.3511535399027952,
        "RMSE(bins)": 0.042372636617111166,
        "ICI": 0.013549752910932612
    },
    "user": 7418,
    "size": 2395,
    "weights": [
        0.4776,
        0.9627,
        2.7551,
        5.5534,
        5.1079,
        1.1634,
        0.6102,
        0.0776,
        1.5603,
        0.1132,
        0.9478,
        2.3891,
        0.0127,
        0.5338,
        1.6742,
        0.219,
        2.9051
    ]
}