{
    "FSRS-rs": {
        "RMSE": 0.44673287585398275,
        "LogLoss": 0.5845481233475637,
        "RMSE(bins)": 0.11316313613258215,
        "RMSE(bins)Ratings": {
            "1": 0.1294322055425637,
            "2": 0.3415292358122682,
            "3": 0.04927102169075616
        }
    },
    "user": 7448,
    "size": 3780,
    "weights": [
        0.2111,
        0.6143,
        2.7024,
        5.3698,
        4.9301,
        0.9408,
        0.8281,
        0.0361,
        1.491,
        0.151,
        0.941,
        2.2007,
        0.0469,
        0.353,
        1.2548,
        0.2399,
        2.61
    ]
}