{
    "FSRS-rs": {
        "RMSE": 0.3187558713489649,
        "LogLoss": 0.3700303682212227,
        "RMSE(bins)": 0.09431556214755467,
        "RMSE(bins)Ratings": {
            "1": 0.28976625709321246,
            "2": 0.10893867710210013,
            "3": 0.09685283367554628,
            "4": 0.11381569401823673
        }
    },
    "user": 7473,
    "size": 17820,
    "weights": [
        1.4289,
        4.2332,
        4.7509,
        4.7509,
        4.633,
        0.1003,
        0.6893,
        0.2377,
        1.7196,
        0.2759,
        1.1553,
        2.1242,
        0.1119,
        0.3646,
        1.2932,
        0.5806,
        3.0347
    ]
}