{
    "FSRS-rs": {
        "RMSE": 0.40834611067520776,
        "LogLoss": 0.5789918426642241,
        "RMSE(bins)": 0.20603600051589277,
        "RMSE(bins)Ratings": {
            "1": 0.33030393601968183,
            "2": 0.20628645283657254,
            "3": 0.10328974120324055,
            "4": 0.13145153255900718
        }
    },
    "user": 7518,
    "size": 3490,
    "weights": [
        1.7195,
        3.6838,
        17.06,
        54.7236,
        4.811,
        0.7139,
        0.6085,
        0.2888,
        1.5887,
        0.2596,
        1.0109,
        2.1141,
        0.1093,
        0.2093,
        1.1542,
        0.247,
        2.4637
    ]
}