{
    "metrics": {
        "RMSE": 0.5333553276849475,
        "LogLoss": 0.8349408739628688,
        "RMSE(bins)": 0.3082767982347763,
        "ICI": 0.18587250950769194,
        "RMSE(bins)Ratings": {
            "1": 0.4216115835971767,
            "2": 0.6055435572687147,
            "3": 0.2877950120416768,
            "4": 0.05846521164816276
        }
    },
    "user": 7646,
    "size": 305,
    "weights": [
        0.2043,
        0.2043,
        1.2099,
        10.6352,
        5.032,
        1.0565,
        0.7511,
        0.1187,
        1.709,
        0.2064,
        1.0845,
        2.0551,
        0.1608,
        0.2435,
        1.2747,
        0.2905,
        2.8432
    ]
}