{
    "metrics": {
        "RMSE": 0.2634821027266807,
        "LogLoss": 0.26151890313495924,
        "RMSE(bins)": 0.0361619569533948,
        "ICI": 0.01832459300015596,
        "RMSE(bins)Ratings": {
            "1": 0.09498417403681217,
            "2": 0.0788180858889546,
            "3": 0.04646181859282331,
            "4": 0.03094789366454607
        }
    },
    "user": 7701,
    "size": 3705,
    "weights": [
        0.618,
        1.8596,
        3.1419,
        7.9731,
        4.9894,
        1.0179,
        0.8894,
        0.0296,
        1.7829,
        0.1084,
        1.1508,
        2.1657,
        0.0437,
        0.3346,
        1.4393,
        0.2021,
        2.7721
    ]
}