{
    "metrics": {
        "RMSE": 0.05599033821005318,
        "LogLoss": 0.03395299022634394,
        "RMSE(bins)": 0.03993010759164785,
        "ICI": 0.029100650114358348
    },
    "user": 7712,
    "size": 5450,
    "weights": [
        0.01,
        0.1032,
        6.3901,
        100.0,
        4.8666,
        1.4763,
        0.8495,
        0.0007,
        1.9087,
        0.0,
        1.2962,
        2.2023,
        0.01,
        0.4068,
        1.5186,
        0.482,
        3.1024
    ]
}