{
    "FSRS-rs": {
        "RMSE": 0.20992142429699626,
        "LogLoss": 0.214272690997623,
        "RMSE(bins)": 0.039787339164374255,
        "RMSE(bins)Ratings": {
            "1": 0.12451975280798909,
            "2": 0.07643594091198597,
            "3": 0.050278400524229244,
            "4": 0.0633418042994532
        }
    },
    "user": 774,
    "size": 80370,
    "weights": [
        5.8578,
        9.2698,
        18.4536,
        18.4536,
        4.2864,
        0.142,
        1.2833,
        0.2025,
        2.4227,
        0.4023,
        1.7786,
        1.9909,
        0.1364,
        0.3862,
        0.758,
        0.7953,
        3.5602
    ]
}