{
    "metrics": {
        "RMSE": 0.41977261131989285,
        "LogLoss": 0.5536923942027079,
        "RMSE(bins)": 0.15821573165478103,
        "ICI": 0.07576205574287129
    },
    "user": 7770,
    "size": 21485,
    "weights": [
        2.4645,
        10.3013,
        12.7681,
        14.7326,
        4.6352,
        0.2874,
        0.641,
        0.0437,
        1.7615,
        0.3211,
        1.1222,
        2.095,
        0.133,
        0.2726,
        1.0717,
        0.1752,
        4.261
    ]
}