{
    "FSRS-rs": {
        "RMSE": 0.33179165243434616,
        "LogLoss": 0.37605004870882286,
        "RMSE(bins)": 0.09434281749341089,
        "RMSE(bins)Ratings": {
            "1": 0.19376263484680178,
            "2": 0.11794773134819293,
            "3": 0.042869712564083576,
            "4": 0.2529150549745358
        }
    },
    "user": 7834,
    "size": 2735,
    "weights": [
        0.3097,
        0.6477,
        2.0812,
        7.9448,
        4.9145,
        0.7535,
        0.9136,
        0.0044,
        1.5218,
        0.3879,
        0.9863,
        2.4,
        0.0162,
        0.536,
        1.4809,
        0.197,
        2.8151
    ]
}