{
    "metrics": {
        "RMSE": 0.4104653196966523,
        "LogLoss": 0.5215856514343308,
        "RMSE(bins)": 0.07593487958591985,
        "ICI": 0.04618871094794782
    },
    "user": 7864,
    "size": 90500,
    "weights": [
        0.3066,
        0.8746,
        3.1588,
        3.1588,
        5.479,
        1.338,
        0.9364,
        0.1163,
        1.511,
        0.3769,
        0.5795,
        2.2074,
        0.0459,
        0.2381,
        1.4043,
        0.1747,
        3.2461
    ]
}