{
    "metrics": {
        "RMSE": 0.14070515816321585,
        "LogLoss": 0.09499015708986985,
        "RMSE(bins)": 0.03264804420893769,
        "ICI": 0.005966122377836856
    },
    "user": 7894,
    "size": 27070,
    "weights": [
        4.1053,
        6.531,
        13.1049,
        44.0346,
        4.7835,
        2.2269,
        0.5507,
        0.0461,
        2.5254,
        0.0815,
        1.8628,
        2.0979,
        0.0641,
        0.3311,
        1.6932,
        0.9992,
        3.5427
    ]
}