{
    "FSRS-rs": {
        "RMSE": 0.28312589195960525,
        "LogLoss": 0.29624393102533947,
        "RMSE(bins)": 0.11127089981308302,
        "RMSE(bins)Ratings": {
            "1": 0.17792056798037492,
            "2": 0.0893509363595089,
            "3": 0.12386100057078149,
            "4": 0.1531435652209973
        }
    },
    "user": 7914,
    "size": 1535,
    "weights": [
        0.6652,
        1.2232,
        5.9071,
        15.4858,
        5.0022,
        0.8782,
        0.6021,
        0.2391,
        1.6601,
        0.1139,
        1.0301,
        2.336,
        0.01,
        0.4864,
        1.5146,
        0.288,
        2.8185
    ]
}