{
    "metrics": {
        "RMSE": 0.2674283532016728,
        "LogLoss": 0.2711234399820289,
        "RMSE(bins)": 0.0788867258540788,
        "ICI": 0.04516662772187196
    },
    "user": 7914,
    "size": 1805,
    "weights": [
        0.6818,
        1.4436,
        6.4969,
        17.0566,
        4.9926,
        1.0213,
        0.7714,
        0.1281,
        1.7222,
        0.1199,
        1.1176,
        2.2692,
        0.0113,
        0.4728,
        1.5842,
        0.2256,
        2.9061
    ]
}