{
    "metrics": {
        "RMSE": 0.3841388948732053,
        "LogLoss": 0.46687820026751736,
        "RMSE(bins)": 0.12554209293496216,
        "ICI": 0.05936535343428161
    },
    "user": 793,
    "size": 14075,
    "weights": [
        0.5379,
        0.7636,
        1.2914,
        14.8968,
        5.2037,
        1.2631,
        0.7768,
        0.1209,
        1.496,
        0.0289,
        0.8834,
        2.1133,
        0.089,
        0.3151,
        1.4819,
        0.3712,
        3.6462
    ]
}