{
    "metrics": {
        "RMSE": 0.4594644590257185,
        "LogLoss": 0.6128853541902758,
        "RMSE(bins)": 0.12594837926045668,
        "ICI": 0.06622704162054875
    },
    "user": 7957,
    "size": 4250,
    "weights": [
        0.2167,
        0.5311,
        2.0385,
        4.9971,
        5.28,
        1.3728,
        0.964,
        0.1164,
        1.6009,
        0.1461,
        0.989,
        2.0574,
        0.144,
        0.2498,
        1.3647,
        0.3571,
        2.9127
    ]
}