{
    "metrics": {
        "RMSE": 0.425563844287691,
        "LogLoss": 0.545223880111484,
        "RMSE(bins)": 0.03915966750165796,
        "ICI": 0.03176904347990403,
        "RMSE(bins)Ratings": {
            "1": 0.08524097689422558,
            "2": 0.05335537896630407,
            "3": 0.017214980429160063,
            "4": 0.07859095793106023
        }
    },
    "user": 7965,
    "size": 92815,
    "weights": [
        0.1566,
        0.3059,
        0.9328,
        10.1241,
        4.9805,
        1.3878,
        0.6337,
        0.0549,
        1.5292,
        0.217,
        0.7971,
        2.2326,
        0.0631,
        0.2278,
        1.7702,
        0.2531,
        2.575
    ]
}