{
    "metrics": {
        "RMSE": 0.501921220375639,
        "LogLoss": 0.788312226492852,
        "RMSE(bins)": 0.22984288570092115,
        "ICI": 0.16919898714602635
    },
    "user": 7974,
    "size": 3950,
    "weights": [
        0.2887,
        0.8018,
        4.4759,
        10.9355,
        5.5237,
        1.3517,
        0.85,
        0.0719,
        1.2491,
        0.3619,
        0.6367,
        1.9823,
        0.1704,
        0.1809,
        1.4799,
        0.1376,
        2.4561
    ]
}