{
    "metrics": {
        "RMSE": 0.3206251438123438,
        "LogLoss": 0.3629701552943959,
        "RMSE(bins)": 0.042414930496469945,
        "ICI": 0.0378456177693702
    },
    "user": 8011,
    "size": 161835,
    "weights": [
        0.6862,
        0.9152,
        3.0154,
        10.9355,
        6.5212,
        1.5009,
        1.6566,
        0.2679,
        1.5953,
        0.0081,
        1.1014,
        3.1279,
        0.0227,
        0.135,
        2.9924,
        0.0972,
        5.3456
    ]
}