{
    "metrics": {
        "RMSE": 0.3439270585247374,
        "LogLoss": 0.3881381109795665,
        "RMSE(bins)": 0.07126528376570897,
        "ICI": 0.03621022705682004
    },
    "user": 8020,
    "size": 5330,
    "weights": [
        0.8075,
        1.724,
        5.3784,
        7.044,
        5.1937,
        1.283,
        1.0783,
        0.0127,
        1.6233,
        0.2786,
        0.9597,
        2.2708,
        0.0449,
        0.4162,
        1.6858,
        0.0382,
        2.907
    ]
}