{
    "metrics": {
        "RMSE": 0.2668117880198818,
        "LogLoss": 0.25436151997085543,
        "RMSE(bins)": 0.054203846699043094,
        "ICI": 0.008086023180181591
    },
    "user": 8071,
    "size": 100525,
    "weights": [
        0.9612,
        2.2584,
        8.1335,
        19.1101,
        5.3154,
        0.9118,
        1.3354,
        0.0318,
        1.6902,
        0.0724,
        1.1086,
        2.2302,
        0.037,
        0.3636,
        1.4168,
        0.129,
        6.0
    ]
}