{
    "metrics": {
        "RMSE": 0.3566480654320986,
        "LogLoss": 0.4204662601131331,
        "RMSE(bins)": 0.05809532178986325,
        "ICI": 0.036306579419330576,
        "RMSE(bins)Ratings": {
            "1": 0.1268088301298347,
            "2": 0.091993010419874,
            "3": 0.08178007591871954,
            "4": 0.02955506884696873
        }
    },
    "user": 8078,
    "size": 10370,
    "weights": [
        0.7501,
        0.9295,
        2.1163,
        3.6627,
        5.4947,
        1.4398,
        1.1203,
        0.036,
        1.2545,
        0.1001,
        0.6249,
        2.1748,
        0.0462,
        0.3514,
        1.4486,
        0.3162,
        2.8128
    ]
}