{
    "FSRS-rs": {
        "RMSE": 0.23910811395592374,
        "LogLoss": 0.21411965939618524,
        "RMSE(bins)": 0.07749768893153416,
        "RMSE(bins)Ratings": {
            "1": 0.18828362613039262,
            "2": 0.29841280426700695,
            "3": 0.11385788986147365,
            "4": 0.04770121790641415
        }
    },
    "user": 81,
    "size": 2490,
    "weights": [
        0.9065,
        1.868,
        5.5256,
        11.3861,
        4.9205,
        0.8404,
        0.6134,
        0.2287,
        1.7499,
        0.1,
        1.1199,
        2.2403,
        0.021,
        0.3887,
        1.3573,
        0.0335,
        2.8597
    ]
}