{
    "metrics": {
        "RMSE": 0.09128595985350292,
        "LogLoss": 0.05605297119643072,
        "RMSE(bins)": 0.03373466030476749,
        "ICI": 0.024239802493039878
    },
    "user": 8115,
    "size": 5365,
    "weights": [
        0.5208,
        2.4728,
        25.5863,
        28.5432,
        4.6717,
        1.4539,
        0.4715,
        0.1473,
        2.111,
        0.0002,
        1.4984,
        2.5947,
        0.01,
        0.8438,
        1.678,
        0.7644,
        3.201
    ]
}