{
    "metrics": {
        "RMSE": 0.3829752029234723,
        "LogLoss": 0.45474567747536315,
        "RMSE(bins)": 0.06777637168622848,
        "ICI": 0.04400490943313329
    },
    "user": 8123,
    "size": 6715,
    "weights": [
        0.725,
        1.4436,
        4.9815,
        11.7759,
        5.0207,
        1.2519,
        0.668,
        0.232,
        1.7553,
        0.0,
        1.1445,
        2.0851,
        0.115,
        0.2122,
        1.4498,
        0.159,
        2.7801
    ]
}