{
    "metrics": {
        "RMSE": 0.27186181113667135,
        "LogLoss": 0.27253749544094935,
        "RMSE(bins)": 0.028439913814428296,
        "ICI": 0.013803285253923865
    },
    "user": 8150,
    "size": 475700,
    "weights": [
        0.5003,
        1.0222,
        2.9852,
        9.1125,
        6.2225,
        0.3478,
        0.5433,
        0.0343,
        1.5111,
        0.0985,
        0.8542,
        1.8183,
        0.1225,
        0.6541,
        0.0272,
        0.3677,
        5.9993
    ]
}