{
    "metrics": {
        "RMSE": 0.349094998600865,
        "LogLoss": 0.3940995458470025,
        "RMSE(bins)": 0.10611218151523708,
        "ICI": 0.05482106761600147,
        "RMSE(bins)Ratings": {
            "1": 0.23321897879085743,
            "2": 0.12068397157989935,
            "3": 0.13431100233905818
        }
    },
    "user": 8164,
    "size": 990,
    "weights": [
        0.3629,
        1.0565,
        5.2486,
        15.2813,
        5.035,
        1.134,
        0.8137,
        0.0435,
        1.6984,
        0.1,
        1.0739,
        2.2011,
        0.0169,
        0.3844,
        1.4168,
        0.1993,
        2.7849
    ]
}