{
    "metrics": {
        "RMSE": 0.32581070362394954,
        "LogLoss": 0.3585555947893385,
        "RMSE(bins)": 0.053583006282421325,
        "ICI": 0.0215720729311576,
        "RMSE(bins)Ratings": {
            "1": 0.10919136470736768,
            "2": 0.18169431131618305,
            "3": 0.0934704479012779,
            "4": 0.04011984195058091
        }
    },
    "user": 8195,
    "size": 3220,
    "weights": [
        1.0181,
        3.6191,
        8.4019,
        10.8543,
        5.3253,
        1.3839,
        0.9376,
        0.0089,
        1.4007,
        0.1559,
        0.7762,
        2.0806,
        0.1209,
        0.2467,
        1.3767,
        0.0471,
        2.7387
    ]
}