{
    "metrics": {
        "RMSE": 0.45803737053950766,
        "LogLoss": 0.6109540208638372,
        "RMSE(bins)": 0.09435432374601768,
        "ICI": 0.06595493479821611
    },
    "user": 8295,
    "size": 2190,
    "weights": [
        0.4,
        0.4,
        2.871,
        7.2713,
        5.3136,
        1.3489,
        1.0053,
        0.0098,
        1.4594,
        0.056,
        0.8471,
        2.036,
        0.1588,
        0.2389,
        1.3093,
        0.0962,
        2.6443
    ]
}