{
    "FSRS-rs": {
        "RMSE": 0.4119374085712575,
        "LogLoss": 0.5170953166103701,
        "RMSE(bins)": 0.045481440714564884,
        "RMSE(bins)Ratings": {
            "1": 0.09238738301946783,
            "2": 0.12237900798769291,
            "3": 0.04791250469017308,
            "4": 0.1278982753363356
        }
    },
    "user": 8337,
    "size": 7735,
    "weights": [
        0.1563,
        0.4021,
        1.4898,
        1.4898,
        5.1283,
        0.9941,
        0.7972,
        0.0584,
        1.514,
        0.1642,
        0.9013,
        2.1387,
        0.0534,
        0.2703,
        1.4749,
        0.4188,
        3.1546
    ]
}