{
    "FSRS-rs": {
        "RMSE": 0.1763394271536493,
        "LogLoss": 0.13905040983278313,
        "RMSE(bins)": 0.04073195981372638,
        "RMSE(bins)Ratings": {
            "1": 0.21885783725416283,
            "2": 0.18937216206049484,
            "3": 0.04486226993565194,
            "4": 0.026282416279391208
        }
    },
    "user": 8342,
    "size": 3835,
    "weights": [
        0.3065,
        0.3065,
        9.0253,
        86.0545,
        4.7155,
        0.768,
        0.6694,
        0.2803,
        1.9979,
        0.1,
        1.3678,
        2.1461,
        0.0815,
        0.2963,
        1.4044,
        0.1732,
        2.7469
    ]
}