{
    "metrics": {
        "RMSE": 0.1130282600161996,
        "LogLoss": 0.07097814504346174,
        "RMSE(bins)": 0.020846153248922313,
        "ICI": 0.012418626540619681
    },
    "user": 8404,
    "size": 10160,
    "weights": [
        0.1049,
        0.5693,
        7.1942,
        39.0331,
        4.8869,
        1.5993,
        1.1755,
        0.1014,
        1.8641,
        0.1295,
        1.2516,
        2.36,
        0.0626,
        0.7025,
        1.5657,
        0.4973,
        3.1287
    ]
}