{
    "metrics": {
        "RMSE": 0.18453384271391898,
        "LogLoss": 0.14705447670844896,
        "RMSE(bins)": 0.023440434106862824,
        "ICI": 0.005591568559237341
    },
    "user": 8455,
    "size": 9720,
    "weights": [
        2.6906,
        4.5685,
        10.1083,
        10.9355,
        4.9448,
        1.1996,
        1.0292,
        0.0033,
        1.9567,
        0.0543,
        1.3436,
        2.3177,
        0.0545,
        0.3993,
        1.8358,
        0.008,
        4.2233
    ]
}