{
    "metrics": {
        "RMSE": 0.2839117094317388,
        "LogLoss": 0.30351921908583035,
        "RMSE(bins)": 0.04327348846187362,
        "ICI": 0.03673550035657427
    },
    "user": 8536,
    "size": 51820,
    "weights": [
        0.3834,
        2.4226,
        4.1232,
        35.6446,
        5.0967,
        1.6074,
        1.1375,
        0.2433,
        2.248,
        0.0,
        1.5802,
        2.174,
        0.0737,
        0.2472,
        2.4391,
        0.2501,
        5.5655
    ]
}