{
    "metrics": {
        "RMSE": 0.47431332423903083,
        "LogLoss": 0.6719775320095829,
        "RMSE(bins)": 0.11160848086451444,
        "ICI": 0.09018574913027226
    },
    "user": 8614,
    "size": 48365,
    "weights": [
        0.1334,
        0.8464,
        4.7824,
        13.8843,
        6.0548,
        1.553,
        1.3271,
        0.004,
        1.2157,
        0.1678,
        0.7607,
        1.8196,
        0.1522,
        0.2805,
        1.4549,
        0.3544,
        2.9427
    ]
}