{
    "FSRS-rs": {
        "RMSE": 0.28334112308631654,
        "LogLoss": 0.3156859465084269,
        "RMSE(bins)": 0.06373974962282983,
        "ICI": 0.05215093417980676,
        "RMSE(bins)Ratings": {
            "1": 0.11868845662019431,
            "2": 0.06666876075972941,
            "3": 0.05907005153562195,
            "4": 0.09073264636789075
        }
    },
    "user": 8623,
    "size": 42160,
    "weights": [
        0.6151,
        1.6058,
        7.0544,
        36.772,
        4.854,
        1.4623,
        0.8499,
        0.1003,
        2.1811,
        0.131,
        1.5158,
        2.2933,
        0.0677,
        0.2689,
        1.9709,
        0.1337,
        3.6197
    ]
}