{
    "FSRS-rs": {
        "RMSE": 0.3198625938806545,
        "LogLoss": 0.34355121347880563,
        "RMSE(bins)": 0.12162456043147374,
        "RMSE(bins)Ratings": {
            "1": 0.14114534710566687,
            "2": 0.3008757871265293,
            "3": 0.08722599041887634,
            "4": 0.25436082115344427
        }
    },
    "user": 8773,
    "size": 4250,
    "weights": [
        0.8361,
        2.1623,
        8.9922,
        16.0784,
        5.1019,
        1.0547,
        0.7645,
        0.0835,
        1.558,
        0.1231,
        0.9174,
        2.2042,
        0.0187,
        0.3377,
        1.4031,
        0.283,
        2.6146
    ]
}