{
    "metrics": {
        "RMSE": 0.428856385463058,
        "LogLoss": 0.5497529801259365,
        "RMSE(bins)": 0.06337993842792719,
        "ICI": 0.03673087378445085
    },
    "user": 8811,
    "size": 7660,
    "weights": [
        0.1724,
        0.1724,
        3.5669,
        7.2087,
        5.2401,
        1.203,
        0.6308,
        0.2127,
        1.5046,
        0.3818,
        0.8941,
        2.0608,
        0.1011,
        0.2407,
        1.4076,
        0.2258,
        2.6619
    ]
}