{
    "metrics": {
        "RMSE": 0.20971005798697512,
        "LogLoss": 0.18015061459233855,
        "RMSE(bins)": 0.03342021570320501,
        "ICI": 0.010361139343388722
    },
    "user": 8866,
    "size": 11465,
    "weights": [
        0.9968,
        2.3111,
        7.7283,
        17.2823,
        4.9143,
        1.4395,
        1.1624,
        0.0099,
        1.7835,
        0.0002,
        1.0473,
        2.174,
        0.041,
        0.2846,
        1.3448,
        0.1187,
        3.0461
    ]
}