{
    "metrics": {
        "RMSE": 0.3783457271878927,
        "LogLoss": 0.48956446579148044,
        "RMSE(bins)": 0.09129556365594504,
        "ICI": 0.07426732706210733
    },
    "user": 8886,
    "size": 4070,
    "weights": [
        0.5094,
        1.7002,
        1.7002,
        1.7002,
        5.4069,
        1.5501,
        0.9177,
        0.1071,
        1.3761,
        0.1868,
        0.7687,
        2.1427,
        0.0668,
        0.3237,
        1.4982,
        0.1557,
        2.6087
    ]
}