{
    "metrics": {
        "RMSE": 0.3334008478313844,
        "LogLoss": 0.3720919191945322,
        "RMSE(bins)": 0.04359722240087033,
        "ICI": 0.022887647556771328
    },
    "user": 8921,
    "size": 5800,
    "weights": [
        6.3353,
        6.3353,
        6.3353,
        31.805,
        5.4417,
        1.6893,
        0.5659,
        0.0157,
        1.3674,
        0.3847,
        0.6927,
        2.0493,
        0.0912,
        0.4214,
        1.5821,
        0.2222,
        2.5661
    ]
}