{
    "FSRS-rs": {
        "RMSE": 0.3163428306876576,
        "LogLoss": 0.3573113838294761,
        "RMSE(bins)": 0.09284331026780493,
        "RMSE(bins)Ratings": {
            "1": 0.2163248769247536,
            "2": 0.14661795196771568,
            "3": 0.1228792554065374,
            "4": 0.125091739960693
        }
    },
    "user": 8953,
    "size": 1545,
    "weights": [
        0.9902,
        2.2045,
        11.29,
        21.559,
        5.0735,
        0.9534,
        0.8186,
        0.0528,
        1.5966,
        0.1669,
        0.9663,
        2.2301,
        0.0202,
        0.349,
        1.5096,
        0.1712,
        2.8602
    ]
}