{
    "metrics": {
        "RMSE": 0.3595650609620474,
        "LogLoss": 0.4359602718053541,
        "RMSE(bins)": 0.09543759357585135,
        "ICI": 0.07150300717221506
    },
    "user": 8961,
    "size": 4415,
    "weights": [
        2.4889,
        3.1777,
        3.1777,
        41.8688,
        5.0384,
        0.9872,
        0.6855,
        0.0832,
        1.7343,
        0.1601,
        1.1222,
        2.3316,
        0.0279,
        0.403,
        1.5379,
        0.2687,
        2.9641
    ]
}