{
    "metrics": {
        "RMSE": 0.3625765431581684,
        "LogLoss": 0.4381959937949863,
        "RMSE(bins)": 0.12464114265626439,
        "ICI": 0.038825206153012784
    },
    "user": 8976,
    "size": 3870,
    "weights": [
        0.6445,
        0.7705,
        0.7705,
        0.7705,
        5.4458,
        1.4167,
        0.9282,
        0.0542,
        1.2464,
        0.2008,
        0.6308,
        2.0915,
        0.0871,
        0.3166,
        1.5753,
        0.5391,
        2.4142
    ]
}