{
    "metrics": {
        "RMSE": 0.18678264516424758,
        "LogLoss": 0.14671239185495843,
        "RMSE(bins)": 0.022759693347111806,
        "ICI": 0.004923354161458311
    },
    "user": 8989,
    "size": 85985,
    "weights": [
        0.5701,
        1.404,
        3.6905,
        19.4032,
        5.1542,
        2.076,
        2.1954,
        0.0214,
        2.1093,
        0.0163,
        1.4725,
        2.066,
        0.086,
        0.3968,
        2.5768,
        0.048,
        5.9974
    ]
}