{
    "FSRS-rs": {
        "RMSE": 0.4691840018998067,
        "LogLoss": 0.6816458949103514,
        "RMSE(bins)": 0.1685182837930153,
        "RMSE(bins)Ratings": {
            "1": 0.2534144323693993,
            "2": 0.1573562891598483,
            "3": 0.09945905461676254,
            "4": 0.14825692695918555
        }
    },
    "user": 9045,
    "size": 11150,
    "weights": [
        0.6694,
        4.4049,
        4.5283,
        30.0878,
        4.8204,
        0.917,
        0.7608,
        0.1406,
        1.6129,
        0.1235,
        1.0163,
        2.1989,
        0.0824,
        0.3216,
        1.1369,
        0.1855,
        2.9051
    ]
}