{
    "FSRS-rs": {
        "RMSE": 0.2086169346614,
        "LogLoss": 0.18482945473559753,
        "RMSE(bins)": 0.0412249295947019,
        "RMSE(bins)Ratings": {
            "1": 0.16537823097109905,
            "2": 0.04715659868582744,
            "3": 0.036376866429585895,
            "4": 0.012607939161123415
        }
    },
    "user": 9091,
    "size": 14685,
    "weights": [
        0.4365,
        1.1762,
        7.1624,
        22.4302,
        4.5486,
        1.6221,
        0.9181,
        0.0588,
        2.5452,
        0.1007,
        1.833,
        2.1822,
        0.0763,
        0.2627,
        1.4409,
        0.147,
        3.8189
    ]
}