{
    "metrics": {
        "RMSE": 0.21779905565806748,
        "LogLoss": 0.21913616259789132,
        "RMSE(bins)": 0.05674180871326204,
        "ICI": 0.03329170737176011
    },
    "user": 91,
    "size": 96670,
    "weights": [
        1.6142,
        8.1083,
        91.2871,
        91.2871,
        5.0046,
        0.6584,
        2.3966,
        0.0751,
        2.007,
        0.387,
        1.6924,
        2.3287,
        0.0583,
        0.0726,
        2.9996,
        0.006,
        6.0
    ]
}