{
    "metrics": {
        "RMSE": 0.3009100617131869,
        "LogLoss": 0.319867341508367,
        "RMSE(bins)": 0.04334960129310685,
        "ICI": 0.024879496138350624
    },
    "user": 9108,
    "size": 27555,
    "weights": [
        0.6259,
        1.8675,
        2.1937,
        29.9313,
        5.0736,
        1.1053,
        0.9177,
        0.0993,
        1.7907,
        0.1796,
        1.1131,
        2.1928,
        0.0338,
        0.3742,
        1.6238,
        0.0285,
        2.4234
    ]
}