{
    "FSRS-rs": {
        "RMSE": 0.31912553750834455,
        "LogLoss": 0.3486598081623793,
        "RMSE(bins)": 0.028969057402596303,
        "RMSE(bins)Ratings": {
            "1": 0.02992549303751911,
            "2": 0.09304113109065705,
            "3": 0.02983286055719714,
            "4": 0.08080186424295978
        }
    },
    "user": 9119,
    "size": 153260,
    "weights": [
        0.1,
        0.309,
        1.6786,
        9.837,
        6.0656,
        0.778,
        0.5584,
        0.016,
        1.3902,
        0.1626,
        0.6145,
        1.7446,
        0.1673,
        0.6384,
        0.0966,
        0.0873,
        3.976
    ]
}