{
    "FSRS-rs": {
        "RMSE": 0.22234200098875453,
        "LogLoss": 0.20405477934022367,
        "RMSE(bins)": 0.021772866035084888,
        "RMSE(bins)Ratings": {
            "1": 0.04503488325046792,
            "2": 0.03668140522630218,
            "3": 0.0158874508070613,
            "4": 0.021042978696059013
        }
    },
    "user": 9165,
    "size": 180210,
    "weights": [
        0.8619,
        0.8619,
        2.5242,
        13.4949,
        5.1863,
        1.4936,
        1.2535,
        0.1371,
        2.4377,
        0.2863,
        1.6863,
        2.1219,
        0.1255,
        0.4209,
        1.9408,
        0.0582,
        3.9961
    ]
}