{
    "metrics": {
        "RMSE": 0.3469005094961096,
        "LogLoss": 0.39357050802578947,
        "RMSE(bins)": 0.15422360310751818,
        "ICI": 0.0804331479343485
    },
    "user": 9195,
    "size": 4975,
    "weights": [
        0.8319,
        3.6795,
        3.6795,
        6.4305,
        5.2932,
        1.1815,
        0.9665,
        0.0134,
        1.563,
        0.2185,
        0.9514,
        2.1419,
        0.0165,
        0.278,
        1.6168,
        0.3768,
        2.7338
    ]
}