{
    "metrics": {
        "RMSE": 0.4414492520461854,
        "LogLoss": 0.5761484975672374,
        "RMSE(bins)": 0.05259530979986981,
        "ICI": 0.039101255051672244,
        "RMSE(bins)Ratings": {
            "1": 0.05545935787578204,
            "2": 0.21321265105757164,
            "3": 0.04710088777310119
        }
    },
    "user": 9200,
    "size": 15685,
    "weights": [
        0.3827,
        1.4016,
        9.8254,
        35.989,
        5.1236,
        1.068,
        0.8268,
        0.0122,
        1.4358,
        0.2857,
        0.8697,
        2.0702,
        0.138,
        0.3277,
        1.15,
        0.5268,
        2.7849
    ]
}