{
    "metrics": {
        "RMSE": 0.333249268961016,
        "LogLoss": 0.37323366029530536,
        "RMSE(bins)": 0.052776330200710056,
        "ICI": 0.02986164094263139
    },
    "user": 9217,
    "size": 29555,
    "weights": [
        0.6609,
        0.6609,
        2.769,
        10.9355,
        5.5027,
        1.9773,
        0.7862,
        0.1511,
        1.473,
        0.0241,
        0.8394,
        2.0854,
        0.0485,
        0.2258,
        1.8942,
        0.1078,
        4.1941
    ]
}