{
    "metrics": {
        "RMSE": 0.4870131833349995,
        "LogLoss": 0.6830210341856163,
        "RMSE(bins)": 0.19126433598230097,
        "ICI": 0.12434255719504542
    },
    "user": 9224,
    "size": 4200,
    "weights": [
        0.1704,
        0.2873,
        0.613,
        1.8569,
        5.5241,
        1.5786,
        1.162,
        0.0,
        1.249,
        0.2441,
        0.6366,
        2.0701,
        0.1414,
        0.2527,
        1.3775,
        0.0584,
        2.4723
    ]
}