{
    "FSRS-rs": {
        "RMSE": 0.33873099217717595,
        "LogLoss": 0.38451042245851824,
        "RMSE(bins)": 0.06270491578592802,
        "RMSE(bins)Ratings": {
            "1": 0.12307585988444411,
            "2": 0.1193859714258036,
            "3": 0.0634292733885024,
            "4": 0.1472697599443222
        }
    },
    "user": 9227,
    "size": 2505,
    "weights": [
        0.6476,
        1.8223,
        8.6022,
        8.8299,
        4.9805,
        1.0548,
        0.8208,
        0.0201,
        1.7655,
        0.1,
        1.0936,
        2.1198,
        0.1069,
        0.2699,
        1.2507,
        0.2698,
        2.9521
    ]
}