{
    "FSRS-rs": {
        "RMSE": 0.40808865952041823,
        "LogLoss": 0.51373582092533,
        "RMSE(bins)": 0.031540607415225574,
        "RMSE(bins)Ratings": {
            "1": 0.06467994086285284,
            "2": 0.09003250119229003,
            "3": 0.017526009656493716,
            "4": 0.09722727064062792
        }
    },
    "user": 9303,
    "size": 95235,
    "weights": [
        0.2148,
        1.1255,
        3.1848,
        9.6981,
        4.4838,
        0.3953,
        0.7213,
        0.0178,
        1.3875,
        0.1282,
        0.5863,
        2.318,
        0.0563,
        0.2189,
        1.4222,
        0.427,
        3.9925
    ]
}