{
    "FSRS-rs": {
        "RMSE": 0.3509463371735679,
        "LogLoss": 0.4303030734603024,
        "RMSE(bins)": 0.09943410863199674,
        "RMSE(bins)Ratings": {
            "1": 0.2858853808727447,
            "2": 0.32291079852826776,
            "3": 0.18378961893226295,
            "4": 0.2644538798214169
        }
    },
    "user": 9339,
    "size": 1115,
    "weights": [
        0.5318,
        2.3198,
        4.9379,
        8.7786,
        5.0556,
        0.9649,
        0.8143,
        0.0,
        1.6355,
        0.1959,
        0.9935,
        2.1197,
        0.0902,
        0.266,
        1.2935,
        0.247,
        2.7699
    ]
}