{
    "metrics": {
        "RMSE": 0.2721273475698113,
        "LogLoss": 0.27766626706495806,
        "RMSE(bins)": 0.14622152949687253,
        "ICI": 0.10977423646083183
    },
    "user": 9413,
    "size": 20850,
    "weights": [
        9.6219,
        32.178,
        49.6566,
        58.4081,
        5.4587,
        1.3077,
        0.8547,
        0.1515,
        1.3111,
        0.4523,
        0.6984,
        2.3321,
        0.0214,
        0.5366,
        1.7595,
        0.0479,
        2.7823
    ]
}