{
    "metrics": {
        "RMSE": 0.19285055845674268,
        "LogLoss": 0.15569434096030263,
        "RMSE(bins)": 0.019090265658887724,
        "ICI": 0.0068885756803032504
    },
    "user": 9421,
    "size": 67060,
    "weights": [
        0.1429,
        0.5697,
        4.535,
        19.0006,
        5.1359,
        1.3009,
        1.043,
        0.0407,
        1.8451,
        0.0334,
        1.0881,
        1.6969,
        0.1362,
        0.6479,
        1.5094,
        0.4689,
        6.0
    ]
}