{
    "metrics": {
        "RMSE": 0.42788401687607547,
        "LogLoss": 0.5542931322018925,
        "RMSE(bins)": 0.06909853517375235,
        "ICI": 0.04967328211542079,
        "RMSE(bins)Ratings": {
            "1": 0.10733368131765803,
            "2": 0.4408351989862334,
            "3": 0.07623602839431866,
            "4": 0.25548550769263884
        }
    },
    "user": 9450,
    "size": 58405,
    "weights": [
        0.223,
        0.8395,
        1.7317,
        2.8061,
        5.3363,
        1.5077,
        1.1015,
        0.0689,
        1.5786,
        0.3704,
        0.8451,
        2.1631,
        0.0452,
        0.323,
        1.2369,
        0.6436,
        3.0309
    ]
}