{
    "FSRS-rs": {
        "RMSE": 0.22127498766741802,
        "LogLoss": 0.20925841542088422,
        "RMSE(bins)": 0.059365949648700414,
        "RMSE(bins)Ratings": {
            "1": 0.0767521595590854,
            "2": 0.0553627209245324,
            "3": 0.05042267374664848,
            "4": 0.07861208078937197
        }
    },
    "user": 9452,
    "size": 196845,
    "weights": [
        0.4824,
        5.8193,
        5.9993,
        5.9993,
        4.6099,
        1.8473,
        1.2607,
        0.2357,
        2.109,
        0.1266,
        1.1296,
        1.9728,
        0.0407,
        0.2539,
        1.9826,
        0.5145,
        1.799
    ]
}