{
    "metrics": {
        "RMSE": 0.254977891999458,
        "LogLoss": 0.25259577376000647,
        "RMSE(bins)": 0.0335071721199292,
        "ICI": 0.023104029744949486
    },
    "user": 9511,
    "size": 78110,
    "weights": [
        0.8116,
        2.7549,
        4.3213,
        13.448,
        5.366,
        1.6307,
        0.913,
        0.1577,
        1.5165,
        0.0728,
        0.9131,
        2.4039,
        0.0598,
        0.3051,
        1.7328,
        0.0868,
        2.2335
    ]
}