{
    "metrics": {
        "RMSE": 0.022684521699642746,
        "LogLoss": 0.016883061643100418,
        "RMSE(bins)": 0.016537390213670705,
        "ICI": 0.01576480705624853
    },
    "user": 9531,
    "size": 9515,
    "weights": [
        1.4683,
        3.1925,
        10.2361,
        22.257,
        4.1703,
        0.5045,
        0.4317,
        0.6332,
        2.6081,
        0.0,
        1.9951,
        2.3832,
        0.01,
        0.7551,
        1.5274,
        1.0,
        2.8237
    ]
}