{
    "FSRS-rs": {
        "RMSE": 0.4276229155152274,
        "LogLoss": 0.5454916083036093,
        "RMSE(bins)": 0.11057984273923946,
        "RMSE(bins)Ratings": {
            "1": 0.11231017156944072,
            "2": 0.08233095441641994,
            "3": 0.10733602780715219,
            "4": 0.10899118673024487
        }
    },
    "user": 9559,
    "size": 2545,
    "weights": [
        0.3036,
        0.7295,
        2.1646,
        33.7265,
        4.9531,
        0.9181,
        0.6009,
        0.2387,
        1.6974,
        0.2015,
        1.0539,
        2.0901,
        0.13,
        0.2398,
        1.2052,
        0.2287,
        2.7573
    ]
}