{
    "metrics": {
        "RMSE": 0.4194982494188965,
        "LogLoss": 0.5411062863920533,
        "RMSE(bins)": 0.16061731111497604,
        "ICI": 0.09684176270335594
    },
    "user": 9592,
    "size": 1800,
    "weights": [
        1.1506,
        1.1506,
        13.6867,
        13.6867,
        5.2451,
        1.2081,
        0.8602,
        0.0293,
        1.5273,
        0.2568,
        0.9149,
        2.0478,
        0.1535,
        0.2508,
        1.3985,
        0.0859,
        2.776
    ]
}