{
    "metrics": {
        "RMSE": 0.30437572094007015,
        "LogLoss": 0.3008694804366632,
        "RMSE(bins)": 0.13556757192850874,
        "ICI": 0.06876020411722242
    },
    "user": 9605,
    "size": 15285,
    "weights": [
        0.3913,
        0.3913,
        17.2008,
        17.2008,
        5.1934,
        1.4543,
        0.7595,
        0.2719,
        1.4661,
        0.004,
        0.9808,
        2.3261,
        0.122,
        0.5831,
        1.6171,
        0.1345,
        3.268
    ]
}