{
    "FSRS-rs": {
        "RMSE": 0.19838645390703707,
        "LogLoss": 0.17529933774860215,
        "RMSE(bins)": 0.06442335498320699,
        "RMSE(bins)Ratings": {
            "1": 0.11947173309505932,
            "2": 0.09159886871607062,
            "3": 0.04924986194169099,
            "4": 0.14413154109339912
        }
    },
    "user": 9634,
    "size": 23670,
    "weights": [
        2.3058,
        3.5003,
        9.239,
        57.5409,
        4.1869,
        1.2804,
        1.0208,
        0.0,
        2.3908,
        0.1156,
        1.7943,
        2.2914,
        0.0874,
        0.3966,
        1.6717,
        0.0206,
        3.1505
    ]
}