{
    "metrics": {
        "RMSE": 0.34531134443128564,
        "LogLoss": 0.3994304946490365,
        "RMSE(bins)": 0.04829881001442009,
        "ICI": 0.03722706110744068
    },
    "user": 9649,
    "size": 246585,
    "weights": [
        0.7443,
        1.2514,
        2.7281,
        23.5383,
        5.0121,
        1.7233,
        1.9713,
        0.0026,
        2.0164,
        0.3493,
        0.8518,
        2.8974,
        0.0357,
        0.2772,
        1.3742,
        0.9707,
        5.9931
    ]
}