{
    "metrics": {
        "RMSE": 0.24655249512215005,
        "LogLoss": 0.22440434459347228,
        "RMSE(bins)": 0.037159721435693974,
        "ICI": 0.012618202402720585
    },
    "user": 9699,
    "size": 95185,
    "weights": [
        0.7691,
        1.7517,
        6.0212,
        13.8713,
        5.6083,
        0.9959,
        0.727,
        0.1459,
        1.5859,
        0.3147,
        0.872,
        2.2882,
        0.1053,
        0.354,
        2.3095,
        0.9884,
        1.5277
    ]
}