{
    "metrics": {
        "RMSE": 0.3795159856806648,
        "LogLoss": 0.45919022772739637,
        "RMSE(bins)": 0.1672375817755488,
        "ICI": 0.09871727749472216
    },
    "user": 9700,
    "size": 3610,
    "weights": [
        0.2608,
        0.6394,
        2.4542,
        30.109,
        5.2115,
        1.2568,
        0.6911,
        0.1523,
        1.55,
        0.1867,
        0.9374,
        2.1979,
        0.0411,
        0.3826,
        1.6485,
        0.4189,
        2.6085
    ]
}