{
    "FSRS-rs": {
        "RMSE": 0.2243408696621952,
        "LogLoss": 0.2127615358427613,
        "RMSE(bins)": 0.03223313620171034,
        "RMSE(bins)Ratings": {
            "1": 0.055282501279799834,
            "2": 0.028586828110656725,
            "3": 0.04012879508502039,
            "4": 0.03689728610851735
        }
    },
    "user": 9711,
    "size": 45755,
    "weights": [
        2.9784,
        5.3638,
        13.4066,
        29.6545,
        5.0301,
        0.59,
        0.4678,
        0.2088,
        1.5143,
        0.171,
        0.8942,
        2.3264,
        0.0785,
        0.4112,
        1.9993,
        0.0194,
        2.7261
    ]
}