{
    "metrics": {
        "RMSE": 0.17241742225975318,
        "LogLoss": 0.1270268324138708,
        "RMSE(bins)": 0.03192561956027889,
        "ICI": 0.010668461393947589
    },
    "user": 9765,
    "size": 32075,
    "weights": [
        1.5621,
        1.5621,
        20.8002,
        30.4387,
        4.8172,
        1.009,
        1.6839,
        0.006,
        2.3393,
        0.0519,
        1.7379,
        2.2883,
        0.0537,
        0.4036,
        2.5592,
        0.155,
        3.7018
    ]
}