{
    "metrics": {
        "RMSE": 0.5092628589891799,
        "LogLoss": 0.7627828600392419,
        "RMSE(bins)": 0.2568044681715821,
        "ICI": 0.16180373607195248
    },
    "user": 9766,
    "size": 2995,
    "weights": [
        0.1059,
        1.0154,
        1.0154,
        10.9355,
        5.0843,
        1.1382,
        0.8592,
        0.0421,
        1.6123,
        0.1251,
        0.9999,
        2.0549,
        0.0799,
        0.2578,
        1.4716,
        0.1378,
        2.7987
    ]
}