{
    "FSRS-rs": {
        "RMSE": 0.20387609208055352,
        "LogLoss": 0.17294064240456491,
        "RMSE(bins)": 0.01390398674376768,
        "RMSE(bins)Ratings": {
            "1": 0.028921015471789543,
            "2": 0.10203377969452744,
            "3": 0.011334531959034553,
            "4": 0.11142470692042847
        }
    },
    "user": 9771,
    "size": 79385,
    "weights": [
        1.2394,
        2.1241,
        6.3261,
        16.4162,
        4.9044,
        1.6922,
        1.135,
        0.0418,
        2.2293,
        0.2276,
        1.6555,
        2.3607,
        0.0936,
        0.4561,
        1.9579,
        0.0532,
        4.0
    ]
}