{
    "FSRS-rs": {
        "RMSE": 0.2821389876583398,
        "LogLoss": 0.28432078115253073,
        "RMSE(bins)": 0.041064852091805014,
        "ICI": 0.018329820344885193,
        "RMSE(bins)Ratings": {
            "1": 0.06743185844219093,
            "2": 0.07218854903826609,
            "3": 0.04450631435527362,
            "4": 0.07431830141475104
        }
    },
    "user": 9822,
    "size": 120045,
    "weights": [
        0.3692,
        0.8696,
        3.1433,
        45.6346,
        5.936,
        2.0196,
        1.2742,
        0.0252,
        1.9334,
        0.1206,
        1.0599,
        2.1012,
        0.0785,
        0.2635,
        1.5698,
        0.1748,
        3.9152
    ]
}