{
    "metrics": {
        "RMSE": 0.3094993749053436,
        "LogLoss": 0.34959373578813596,
        "RMSE(bins)": 0.09240286374217742,
        "ICI": 0.0481647597028843,
        "RMSE(bins)Ratings": {
            "1": 0.1985222699944482,
            "2": 0.09919438309445534,
            "3": 0.07573941877661379,
            "4": 0.14009266382908883
        }
    },
    "user": 9853,
    "size": 64510,
    "weights": [
        0.8471,
        6.0561,
        7.1534,
        9.5389,
        4.9669,
        1.1491,
        2.0293,
        0.0692,
        1.8509,
        0.1105,
        1.1402,
        2.1499,
        0.0141,
        0.2151,
        1.9946,
        0.2603,
        4.0
    ]
}