{
    "FSRS-rs": {
        "RMSE": 0.4071154002271833,
        "LogLoss": 0.5141968212986925,
        "RMSE(bins)": 0.17954679398696766,
        "RMSE(bins)Ratings": {
            "1": 0.16038024033340775,
            "2": 0.10055815921189906,
            "3": 0.1911974357346601,
            "4": 0.12945159089382083
        }
    },
    "user": 9881,
    "size": 10615,
    "weights": [
        0.1843,
        0.3743,
        0.8183,
        5.7313,
        5.0108,
        0.6137,
        0.8464,
        0.2422,
        1.3251,
        0.2464,
        0.7745,
        2.2578,
        0.0947,
        0.3909,
        1.4698,
        0.2461,
        2.0741
    ]
}