{
    "metrics": {
        "RMSE": 0.3802273704461621,
        "LogLoss": 0.45480289860064976,
        "RMSE(bins)": 0.05926189562579388,
        "ICI": 0.0368389184395309,
        "RMSE(bins)Ratings": {
            "1": 0.17578165736554788,
            "2": 0.2607163844876876,
            "3": 0.045373596466640055
        }
    },
    "user": 991,
    "size": 2950,
    "weights": [
        0.478,
        5.2299,
        10.0512,
        15.5372,
        5.1935,
        1.2652,
        0.9641,
        0.0295,
        1.6287,
        0.101,
        0.9575,
        2.0607,
        0.1291,
        0.2076,
        1.202,
        0.0,
        2.8426
    ]
}