{
    "FSRS-rs": {
        "RMSE": 0.3678213185344508,
        "LogLoss": 0.49364235803953366,
        "RMSE(bins)": 0.20246136259704436,
        "RMSE(bins)Ratings": {
            "1": 0.14536343343414268,
            "2": 0.15521237936829343,
            "3": 0.3799271449227837,
            "4": 0.19905060998384924
        }
    },
    "user": 9923,
    "size": 4730,
    "weights": [
        1.5569,
        40.2592,
        52.1583,
        52.1583,
        4.875,
        0.7307,
        0.84,
        0.038,
        1.4972,
        0.2722,
        1.0013,
        2.3899,
        0.0184,
        0.5365,
        1.7156,
        0.1948,
        2.3864
    ]
}