{
    "metrics": {
        "RMSE": 0.4337644852131821,
        "LogLoss": 0.5637268735113942,
        "RMSE(bins)": 0.18288054535092707,
        "ICI": 0.06803693463772514
    },
    "user": 9959,
    "size": 1190,
    "weights": [
        0.1409,
        0.6555,
        4.1387,
        10.9355,
        5.0179,
        1.0208,
        0.7859,
        0.113,
        1.7879,
        0.2383,
        1.1756,
        2.1122,
        0.0891,
        0.3152,
        1.4886,
        0.2351,
        3.0027
    ]
}