{
    "FSRS-rs": {
        "RMSE": 0.4479295351332509,
        "LogLoss": 0.5886869024023832,
        "RMSE(bins)": 0.07507197379051699,
        "RMSE(bins)Ratings": {
            "1": 0.10428758971925121,
            "2": 0.09377341271994429,
            "3": 0.059233361610127405,
            "4": 0.06229040217344484
        }
    },
    "user": 9965,
    "size": 6580,
    "weights": [
        0.2148,
        0.6092,
        1.1194,
        4.2616,
        5.0965,
        1.1133,
        0.5463,
        0.0066,
        1.2041,
        0.4499,
        0.6588,
        2.113,
        0.1161,
        0.2452,
        0.9986,
        0.6647,
        2.0653
    ]
}