{
    "metrics": {
        "RMSE": 0.2564638296556457,
        "LogLoss": 0.25689678982072134,
        "RMSE(bins)": 0.03795068775602974,
        "ICI": 0.021597863765941725
    },
    "user": 9992,
    "size": 33610,
    "weights": [
        0.2164,
        0.6327,
        3.1632,
        9.2491,
        5.1204,
        1.8313,
        0.9595,
        0.1528,
        1.7776,
        0.2586,
        1.138,
        2.1128,
        0.0945,
        0.5131,
        1.4535,
        0.2071,
        2.9305
    ]
}