{
    "FSRS-rs": {
        "RMSE": 0.28298721906127433,
        "LogLoss": 0.28731987684216526,
        "RMSE(bins)": 0.04198244959445154,
        "RMSE(bins)Ratings": {
            "1": 0.09361066417377158,
            "2": 0.05395320094198529,
            "3": 0.04741107029118606,
            "4": 0.0599655552405658
        }
    },
    "user": "8c0e419",
    "size": 19400,
    "weights": [
        0.3167,
        0.4911,
        1.1221,
        21.4688,
        4.898,
        1.1255,
        0.7236,
        0.1483,
        1.7395,
        0.1126,
        1.1304,
        2.2045,
        0.0516,
        0.3683,
        0.7121,
        0.2875,
        3.9761
    ]
}