{
    "FSRS-rs": {
        "RMSE": 0.2796389248774409,
        "LogLoss": 0.28867948179707176,
        "RMSE(bins)": 0.04558723344733643
    },
    "user": "b6bce03",
    "size": 2490,
    "weights": [
        0.9269,
        0.9269,
        2.8684,
        5.8001,
        4.9749,
        0.7821,
        1.078,
        0.0311,
        1.4474,
        0.2139,
        0.8919,
        2.3409,
        0.0243,
        0.4115,
        1.3942,
        0.5736,
        2.4264
    ]
}