{
    "metrics": {
        "RMSE": 0.43516533854774003,
        "LogLoss": 0.6787435925786902,
        "RMSE(bins)": 0.16634486206398502,
        "ICI": 0.14338614933982988
    },
    "user": 10278,
    "size": 12865
}