{
    "metrics": {
        "RMSE": 0.2688387306216412,
        "LogLoss": 0.2837631227452812,
        "RMSE(bins)": 0.12310502187796075,
        "ICI": 0.07944187701892841
    },
    "user": 10328,
    "size": 4490
}