{
    "Transformer": {
        "RMSE": 0.43026124297773927,
        "LogLoss": 0.5805414171797902,
        "RMSE(bins)": 0.273466373729118,
        "ICI": 0.19389248525343017
    },
    "user": 10353,
    "size": 347030
}