{
    "metrics": {
        "RMSE": 0.40650106847367345,
        "LogLoss": 0.5351003941184702,
        "RMSE(bins)": 0.15796803075936455,
        "ICI": 0.11744048760505618
    },
    "user": 10485,
    "size": 6845
}