{
    "Transformer": {
        "RMSE": 0.41273815588660223,
        "LogLoss": 0.6656738606790077,
        "RMSE(bins)": 0.2524889376647594,
        "ICI": 0.15916834648499611
    },
    "user": 10660,
    "size": 3670
}