{
    "metrics": {
        "RMSE": 0.2475995864499074,
        "LogLoss": 0.26382589622987035,
        "RMSE(bins)": 0.07678155657088345,
        "ICI": 0.04013949379350065
    },
    "user": 1094,
    "size": 5020
}