{
    "metrics": {
        "RMSE": 0.3317079604632612,
        "LogLoss": 0.3460820024927364,
        "RMSE(bins)": 0.33047220461816335,
        "ICI": 0.245662461884702
    },
    "user": 11050,
    "size": 3265
}