{
    "Transformer": {
        "RMSE": 0.21871338795159392,
        "LogLoss": 0.2311567427245915,
        "RMSE(bins)": 0.08180141427776493,
        "ICI": 0.05038992967150193
    },
    "user": 11117,
    "size": 157945
}