{
    "metrics": {
        "RMSE": 0.3870658399659203,
        "LogLoss": 0.46868570771366325,
        "RMSE(bins)": 0.09510456534972492,
        "ICI": 0.0563409225291115
    },
    "user": 11647,
    "size": 9815
}