{
    "metrics": {
        "RMSE": 0.4056199219576994,
        "LogLoss": 0.6257478021456597,
        "RMSE(bins)": 0.25017965699239675,
        "ICI": 0.18760989028122632
    },
    "user": 11707,
    "size": 3490
}