{
    "metrics": {
        "RMSE": 0.17704587259097818,
        "LogLoss": 0.1593435679751766,
        "RMSE(bins)": 0.04338673179758145,
        "ICI": 0.020073248720464926
    },
    "user": 12494,
    "size": 111845
}