{
    "Transformer": {
        "RMSE": 0.2751453280106131,
        "LogLoss": 0.32906157063690034,
        "RMSE(bins)": 0.14989174143795259,
        "ICI": 0.11510485523711442
    },
    "user": 12576,
    "size": 44875
}