{
    "metrics": {
        "RMSE": 0.3488596143206425,
        "LogLoss": 0.41051104660027293,
        "RMSE(bins)": 0.0645566945092065,
        "ICI": 0.04553794626751013
    },
    "user": 12652,
    "size": 1250
}