{
    "metrics": {
        "RMSE": 0.40962200199034104,
        "LogLoss": 0.6581465893091224,
        "RMSE(bins)": 0.2595835861498927,
        "ICI": 0.13932052489973387
    },
    "user": 12958,
    "size": 4625
}