{
    "metrics": {
        "RMSE": 0.36493206535013445,
        "LogLoss": 0.43890512227058875,
        "RMSE(bins)": 0.2757511080067895,
        "ICI": 0.1901629569084998
    },
    "user": 13044,
    "size": 31330
}