{
    "Transformer": {
        "RMSE": 0.5722872489620882,
        "LogLoss": 1.2479100515530561,
        "RMSE(bins)": 0.3924457559278994,
        "ICI": 0.29472507121319746
    },
    "user": 13362,
    "size": 1095
}