{
    "Transformer": {
        "RMSE": 0.2301594409643429,
        "LogLoss": 0.22797257226021292,
        "RMSE(bins)": 0.06614720200966437,
        "ICI": 0.04350066806671616
    },
    "user": 13408,
    "size": 13330
}