{
    "metrics": {
        "RMSE": 0.429439366732327,
        "LogLoss": 0.6865600159797317,
        "RMSE(bins)": 0.1567913140180075,
        "ICI": 0.12709391016243618
    },
    "user": 13444,
    "size": 13825
}