{
    "metrics": {
        "RMSE": 0.35768856702182567,
        "LogLoss": 0.420280645162782,
        "RMSE(bins)": 0.1598354436464933,
        "ICI": 0.083254134114688
    },
    "user": 13550,
    "size": 1425
}