{
    "metrics": {
        "RMSE": 0.3769724961933833,
        "LogLoss": 0.4888670850420877,
        "RMSE(bins)": 0.12335876074465792,
        "ICI": 0.0945508893328092
    },
    "user": 14042,
    "size": 11330
}