{
    "Transformer": {
        "RMSE": 0.5200568317369043,
        "LogLoss": 0.9297856990728961,
        "RMSE(bins)": 0.23053725712272263,
        "ICI": 0.1977056322584683
    },
    "user": 1421,
    "size": 17340
}