{
    "Transformer": {
        "RMSE": 0.6037679361016253,
        "LogLoss": 1.1239503382013714,
        "RMSE(bins)": 0.3595598572921923,
        "ICI": 0.3091023635869108
    },
    "user": 14344,
    "size": 19610
}