{
    "metrics": {
        "RMSE": 0.2670516629275768,
        "LogLoss": 0.30223718065171185,
        "RMSE(bins)": 0.06364425804476967,
        "ICI": 0.04956783546111157
    },
    "user": 14828,
    "size": 23295
}