{
    "Transformer": {
        "RMSE": 0.45652146651673664,
        "LogLoss": 0.6350198696741316,
        "RMSE(bins)": 0.26976874802056555,
        "ICI": 0.18722591592744803
    },
    "user": 15830,
    "size": 9855
}