{
    "Transformer": {
        "RMSE": 0.406413049439677,
        "LogLoss": 0.5278171930696076,
        "RMSE(bins)": 0.1377451274719952,
        "ICI": 0.07241394245891755
    },
    "user": 16036,
    "size": 1150
}