{
    "Transformer": {
        "RMSE": 0.1555116320209921,
        "LogLoss": 0.14886882907645366,
        "RMSE(bins)": 0.08123800005878713,
        "ICI": 0.054996307402234906
    },
    "user": 16074,
    "size": 1115
}