{
    "metrics": {
        "RMSE": 0.06135862261691504,
        "LogLoss": 0.0347632675789563,
        "RMSE(bins)": 0.05818172956774458,
        "ICI": 0.030621097282084623
    },
    "user": 16134,
    "size": 14050
}