{
    "metrics": {
        "RMSE": 0.23898527200220454,
        "LogLoss": 0.21696429918392227,
        "RMSE(bins)": 0.15500633425549956,
        "ICI": 0.07393622934410642
    },
    "user": 16255,
    "size": 49935
}