{
    "metrics": {
        "RMSE": 0.26590007842967556,
        "LogLoss": 0.34134014359794324,
        "RMSE(bins)": 0.0793059377329398,
        "ICI": 0.06588398822509715
    },
    "user": 17079,
    "size": 5630
}