{
    "metrics": {
        "RMSE": 0.40373905513230784,
        "LogLoss": 0.5167864408104881,
        "RMSE(bins)": 0.19250333064446634,
        "ICI": 0.11491223124983957
    },
    "user": 17201,
    "size": 25975
}