{
    "Transformer": {
        "RMSE": 0.5236584277743269,
        "LogLoss": 0.7894506110024705,
        "RMSE(bins)": 0.18262485746839444,
        "ICI": 0.15374272125544017
    },
    "user": 17215,
    "size": 16340
}