{
    "Transformer": {
        "RMSE": 0.3224118607756922,
        "LogLoss": 0.467502064519565,
        "RMSE(bins)": 0.0859450941738748,
        "ICI": 0.07714174476495979
    },
    "user": 17491,
    "size": 18685
}