{
    "Transformer": {
        "RMSE": 0.1880874225221488,
        "LogLoss": 0.1956946058145823,
        "RMSE(bins)": 0.04698573427753139,
        "ICI": 0.035837583578545724
    },
    "user": 17577,
    "size": 72905
}