{
    "metrics": {
        "RMSE": 0.2702654956325528,
        "LogLoss": 0.2788641889407947,
        "RMSE(bins)": 0.11966860311591644,
        "ICI": 0.06870297302757009
    },
    "user": 17783,
    "size": 22440
}