{
    "Transformer": {
        "RMSE": 0.2962644633009678,
        "LogLoss": 0.3281019982371145,
        "RMSE(bins)": 0.0677921966242099,
        "ICI": 0.04239889013130867
    },
    "user": 1779,
    "size": 19805
}