{
    "Transformer": {
        "RMSE": 0.19058764458674318,
        "LogLoss": 0.21110515051778814,
        "RMSE(bins)": 0.03092076184366681,
        "ICI": 0.026270578049831787
    },
    "user": 1781,
    "size": 67525
}