{
    "metrics": {
        "RMSE": 0.5188135573655538,
        "LogLoss": 0.8408330342574675,
        "RMSE(bins)": 0.2993441910800595,
        "ICI": 0.21818382028016978
    },
    "user": 18168,
    "size": 28085
}