{
    "Transformer": {
        "RMSE": 0.41105971481302844,
        "LogLoss": 0.5883457986204903,
        "RMSE(bins)": 0.21137296193925373,
        "ICI": 0.1445126940171378
    },
    "user": 18269,
    "size": 5360
}