{
    "metrics": {
        "RMSE": 0.18805975463671276,
        "LogLoss": 0.16605740393105195,
        "RMSE(bins)": 0.06755622055600465,
        "ICI": 0.03857131565102432
    },
    "user": 18704,
    "size": 10830
}