{
    "Transformer": {
        "RMSE": 0.27291994461795743,
        "LogLoss": 0.2952465311723522,
        "RMSE(bins)": 0.07753461844172897,
        "ICI": 0.05642449313657517
    },
    "user": 18747,
    "size": 29125
}