{
    "Transformer": {
        "RMSE": 0.39372562453370435,
        "LogLoss": 0.5082941482728229,
        "RMSE(bins)": 0.17214055692290603,
        "ICI": 0.11373564615778577
    },
    "user": 18915,
    "size": 15000
}