{
    "metrics": {
        "RMSE": 0.4115814331092957,
        "LogLoss": 0.6380581980825513,
        "RMSE(bins)": 0.25803927496105766,
        "ICI": 0.15538458415430295
    },
    "user": 19111,
    "size": 2650
}