{
    "metrics": {
        "RMSE": 0.16532875902068025,
        "LogLoss": 0.14678506754574494,
        "RMSE(bins)": 0.030196960880551384,
        "ICI": 0.025610236516737085
    },
    "user": 19141,
    "size": 12495
}