{
    "Transformer": {
        "RMSE": 0.38250640365921806,
        "LogLoss": 0.5213303648749014,
        "RMSE(bins)": 0.17364957583481216,
        "ICI": 0.10273695251562588
    },
    "user": 19282,
    "size": 52435
}