{
    "Transformer": {
        "RMSE": 0.38716059287560195,
        "LogLoss": 0.5682623146233107,
        "RMSE(bins)": 0.2337414520028517,
        "ICI": 0.1617949262537184
    },
    "user": 19441,
    "size": 29480
}