{
    "metrics": {
        "RMSE": 0.4944176858617445,
        "LogLoss": 0.7964978614446625,
        "RMSE(bins)": 0.3971120135716045,
        "ICI": 0.26325121821962394
    },
    "user": 19835,
    "size": 1180
}