{
    "Transformer": {
        "RMSE": 0.39934915531063836,
        "LogLoss": 0.5299892173353045,
        "RMSE(bins)": 0.17848062656859265,
        "ICI": 0.1383425663585733
    },
    "user": 2014,
    "size": 5980
}