{
    "Transformer": {
        "RMSE": 0.2729025468897312,
        "LogLoss": 0.3113273375573416,
        "RMSE(bins)": 0.09729852069078256,
        "ICI": 0.07085690264508362
    },
    "user": 2292,
    "size": 5005
}