{
    "metrics": {
        "RMSE": 0.4660966059074154,
        "LogLoss": 0.7165108142148702,
        "RMSE(bins)": 0.16686219880215142,
        "ICI": 0.1309866993732236
    },
    "user": 2418,
    "size": 34340
}