{
    "Transformer": {
        "RMSE": 0.35492721666423194,
        "LogLoss": 0.46049420264577007,
        "RMSE(bins)": 0.1178388793872441,
        "ICI": 0.08200092357953818
    },
    "user": 2847,
    "size": 42825
}