{
    "Transformer": {
        "RMSE": 0.34201194819639963,
        "LogLoss": 0.4513630587338421,
        "RMSE(bins)": 0.1952076349793567,
        "ICI": 0.12295187035676386
    },
    "user": 3115,
    "size": 6175
}