{
    "Transformer": {
        "RMSE": 0.26175995201519,
        "LogLoss": 0.2943858530559596,
        "RMSE(bins)": 0.0914139110141962,
        "ICI": 0.05749165147863099
    },
    "user": 3234,
    "size": 82945
}