{
    "Transformer": {
        "RMSE": 0.26745144991894637,
        "LogLoss": 0.26695595379875153,
        "RMSE(bins)": 0.1908905340030506,
        "ICI": 0.11017251966472097
    },
    "user": 3310,
    "size": 1725
}