{
    "metrics": {
        "RMSE": 0.47101696041293845,
        "LogLoss": 0.7195259139898925,
        "RMSE(bins)": 0.2232310193117234,
        "ICI": 0.18297991139205158
    },
    "user": 3530,
    "size": 18825
}