{
    "Transformer": {
        "RMSE": 0.35072474010401694,
        "LogLoss": 0.4343832068545446,
        "RMSE(bins)": 0.1669860722275968,
        "ICI": 0.12122561243007575
    },
    "user": 3597,
    "size": 8270
}