{
    "metrics": {
        "RMSE": 0.38920683665733596,
        "LogLoss": 0.5600749463213892,
        "RMSE(bins)": 0.16887598944336654,
        "ICI": 0.10798597980321709
    },
    "user": 364,
    "size": 67560
}