{
    "metrics": {
        "RMSE": 0.44735865528808855,
        "LogLoss": 0.659981919534918,
        "RMSE(bins)": 0.19088590653123308,
        "ICI": 0.12398788303350138
    },
    "user": 4163,
    "size": 28340
}