{
    "metrics": {
        "RMSE": 0.5720058893365115,
        "LogLoss": 1.819249317264895,
        "RMSE(bins)": 0.3311638140600854,
        "ICI": 0.29936001150630775
    },
    "user": 4168,
    "size": 3525
}