{
    "metrics": {
        "RMSE": 0.2679373551393024,
        "LogLoss": 0.3180492100867567,
        "RMSE(bins)": 0.11485883295115387,
        "ICI": 0.08451398672344473
    },
    "user": 4961,
    "size": 18000
}