{
    "metrics": {
        "RMSE": 0.3470006015842723,
        "LogLoss": 0.39879800040045055,
        "RMSE(bins)": 0.09892272786085639,
        "ICI": 0.06413637310066295
    },
    "user": 5265,
    "size": 4170
}