{
    "metrics": {
        "RMSE": 0.5197020277746125,
        "LogLoss": 1.0203009216605907,
        "RMSE(bins)": 0.33051095293025595,
        "ICI": 0.2610027142556571
    },
    "user": 57,
    "size": 6510
}