{
    "metrics": {
        "RMSE": 0.3987341340604739,
        "LogLoss": 0.5285849407782552,
        "RMSE(bins)": 0.2511494580499466,
        "ICI": 0.15733779125982317
    },
    "user": 608,
    "size": 57015
}