{
    "metrics": {
        "RMSE": 0.2751184258027436,
        "LogLoss": 0.319562249369721,
        "RMSE(bins)": 0.0565977592791682,
        "ICI": 0.0489016393475851
    },
    "user": 6113,
    "size": 9520
}