{
    "metrics": {
        "RMSE": 0.3504607641521942,
        "LogLoss": 0.4716148317320813,
        "RMSE(bins)": 0.16300666705271358,
        "ICI": 0.10974071642009862
    },
    "user": 6345,
    "size": 3930
}