{
    "metrics": {
        "RMSE": 0.380946676401631,
        "LogLoss": 0.5391334034844459,
        "RMSE(bins)": 0.2108644886538677,
        "ICI": 0.11874679095089008
    },
    "user": 6740,
    "size": 1815
}