{
    "Transformer": {
        "RMSE": 0.34560645330249157,
        "LogLoss": 0.43578492857302636,
        "RMSE(bins)": 0.15614198053761288,
        "ICI": 0.10847741929107413
    },
    "user": 6865,
    "size": 4160
}