{
    "Transformer": {
        "RMSE": 0.4821446650626874,
        "LogLoss": 0.7491744722921485,
        "RMSE(bins)": 0.3073424096812996,
        "ICI": 0.2214309775840747
    },
    "user": 7316,
    "size": 1455
}