{
    "metrics": {
        "RMSE": 0.29693664281940085,
        "LogLoss": 0.3179436012189655,
        "RMSE(bins)": 0.1838072630255968,
        "ICI": 0.11610442305888626
    },
    "user": 7348,
    "size": 78090
}