{
    "Transformer": {
        "RMSE": 0.3175350303656241,
        "LogLoss": 0.37894093316264094,
        "RMSE(bins)": 0.15351709294740892,
        "ICI": 0.0950402501686204
    },
    "user": 7908,
    "size": 16800
}