{
    "Transformer": {
        "RMSE": 0.14050270192966097,
        "LogLoss": 0.12570302377161646,
        "RMSE(bins)": 0.046755463901270534,
        "ICI": 0.03155737310872175
    },
    "user": 803,
    "size": 5530
}