{
    "Transformer": {
        "RMSE": 0.41657908944990674,
        "LogLoss": 0.6733320690852451,
        "RMSE(bins)": 0.17072439616635374,
        "ICI": 0.13039726687670264
    },
    "user": 8213,
    "size": 90730
}