{
    "metrics": {
        "RMSE": 0.21728651551602976,
        "LogLoss": 0.21145928456617077,
        "RMSE(bins)": 0.06437576842611875,
        "ICI": 0.041061091280947495
    },
    "user": 828,
    "size": 23415
}