{
    "metrics": {
        "RMSE": 0.25090266859288446,
        "LogLoss": 0.24276543472742404,
        "RMSE(bins)": 0.07430453595367476,
        "ICI": 0.03535552413578954
    },
    "user": 8434,
    "size": 3720
}