{
    "Transformer": {
        "RMSE": 0.42081248933891197,
        "LogLoss": 0.5774653087269249,
        "RMSE(bins)": 0.1486670032782725,
        "ICI": 0.11649072451223041
    },
    "user": 8764,
    "size": 24870
}