{
    "Transformer": {
        "RMSE": 0.41523726408922296,
        "LogLoss": 0.5694621585052495,
        "RMSE(bins)": 0.1569278974653382,
        "ICI": 0.1064831649236002
    },
    "user": 9235,
    "size": 95845
}