{
    "metrics": {
        "RMSE": 0.2836345451316244,
        "LogLoss": 0.24465436219633113,
        "RMSE(bins)": 0.2824648217222609,
        "ICI": 0.11437544654169428
    },
    "user": 9282,
    "size": 9125
}