{
    "metrics": {
        "RMSE": 0.5202954847526224,
        "LogLoss": 1.1298739068746075,
        "RMSE(bins)": 0.4266367844638401,
        "ICI": 0.29767814074233667
    },
    "user": 9384,
    "size": 347755
}