{
    "metrics": {
        "RMSE": 0.5550335755535737,
        "LogLoss": 1.1974347800094525,
        "RMSE(bins)": 0.37623923249102365,
        "ICI": 0.2964459814660204
    },
    "user": 9556,
    "size": 266935
}