{
    "metrics": {
        "RMSE": 0.2866853076728007,
        "LogLoss": 0.3054779870635343,
        "RMSE(bins)": 0.08934177298402948,
        "ICI": 0.018089773660244342
    },
    "user": 10165,
    "size": 6195,
    "weights": [
        -0.485,
        -0.0343,
        -0.1752,
        0.5684,
        -0.1046,
        0.8271,
        -0.1097,
        0.4294,
        1.0482
    ]
}