{
    "metrics": {
        "RMSE": 0.16592911529606472,
        "LogLoss": 0.13474178718794663,
        "RMSE(bins)": 0.03574157829319296,
        "ICI": 0.026765654688261354
    },
    "user": 10269,
    "size": 7310,
    "weights": [
        -0.0989,
        0.6773,
        0.078,
        0.8833,
        -0.1738,
        0.821,
        0.2905,
        0.8957,
        1.1071
    ]
}