{
    "metrics": {
        "RMSE": 0.4741685096846634,
        "LogLoss": 0.6358970811332615,
        "RMSE(bins)": 0.4739062752130623,
        "ICI": 0.4493071826065278
    },
    "user": 10371,
    "size": 170
}