{
    "metrics": {
        "RMSE": 0.27000398554018984,
        "LogLoss": 0.2702979349534673,
        "RMSE(bins)": 0.014359526244107619,
        "ICI": 0.005025545394672642
    },
    "user": 10384,
    "size": 18255,
    "weights": [
        0.2256,
        -0.0222,
        -0.1209,
        0.3965,
        -0.0256,
        0.9052,
        -0.1395,
        0.4996,
        1.3191
    ]
}