{
    "metrics": {
        "RMSE": 0.10255113971516117,
        "LogLoss": 0.0654936955284106,
        "RMSE(bins)": 0.026420701379874022,
        "ICI": 0.01851454161107553
    },
    "user": 10399,
    "size": 65810,
    "weights": [
        -0.9934,
        -0.2992,
        -0.0247,
        0.6776,
        -0.2309,
        0.614,
        0.1328,
        0.665,
        1.7309
    ]
}