{
    "metrics": {
        "RMSE": 0.4268734184338725,
        "LogLoss": 0.5581625807960028,
        "RMSE(bins)": 0.07568051733764791,
        "ICI": 0.0585418842699231
    },
    "user": 10420,
    "size": 13070,
    "weights": [
        0.1116,
        0.8398,
        0.1091,
        0.0877,
        -0.1293,
        0.4023,
        -0.1089,
        0.2905,
        0.8542
    ]
}