{
    "metrics": {
        "RMSE": 0.338250627528302,
        "LogLoss": 0.3840240655587578,
        "RMSE(bins)": 0.031646995453063854,
        "ICI": 0.025284403479814435
    },
    "user": 10442,
    "size": 247965
}