{
    "metrics": {
        "RMSE": 0.39009729970573687,
        "LogLoss": 0.48055332720767646,
        "RMSE(bins)": 0.1876311673775899,
        "ICI": 0.1739195057228377
    },
    "user": 10488,
    "size": 540
}