{
    "metrics": {
        "RMSE": 0.39063217579101156,
        "LogLoss": 0.4785506561560043,
        "RMSE(bins)": 0.05779435624233158,
        "ICI": 0.01389927528137845
    },
    "user": 10647,
    "size": 8550,
    "weights": [
        0.1952,
        0.6247,
        -0.0048,
        0.5094,
        -0.3089,
        0.7359,
        -0.0684,
        0.7059,
        0.771
    ]
}