{
    "metrics": {
        "RMSE": 0.2984207097399982,
        "LogLoss": 0.31349206719892747,
        "RMSE(bins)": 0.09419442464008337,
        "ICI": 0.042395998116661865
    },
    "user": 1069,
    "size": 120635,
    "weights": [
        0.841,
        -1.2461,
        -0.1167,
        0.2521,
        -1.58,
        1.1851,
        -1.0404,
        1.3721,
        2.6264
    ]
}