{
    "metrics": {
        "RMSE": 0.21910852272773457,
        "LogLoss": 0.22021928723775075,
        "RMSE(bins)": 0.05576844662613476,
        "ICI": 0.027381746394882125
    },
    "user": 10724,
    "size": 13945,
    "weights": [
        0.067,
        0.4237,
        0.2314,
        0.6634,
        0.1486,
        0.8271,
        0.2276,
        0.6063,
        1.3507
    ]
}