{
    "metrics": {
        "RMSE": 0.26748934519723216,
        "LogLoss": 0.2690603781930468,
        "RMSE(bins)": 0.033332427367392434,
        "ICI": 0.015720432218060847
    },
    "user": 1080,
    "size": 163735,
    "weights": [
        0.15,
        0.0816,
        -0.4205,
        -0.1465,
        -0.2621,
        1.2385,
        -0.771,
        0.5838,
        2.6242
    ]
}