{
    "metrics": {
        "RMSE": 0.3443642705131414,
        "LogLoss": 0.39722098137252265,
        "RMSE(bins)": 0.061245503461276676,
        "ICI": 0.03480214327037479
    },
    "user": 10822,
    "size": 19955
}