{
    "metrics": {
        "RMSE": 0.38353688748186654,
        "LogLoss": 0.4715288046827515,
        "RMSE(bins)": 0.06988901863174073,
        "ICI": 0.034748266566850594
    },
    "user": 1089,
    "size": 3940,
    "weights": [
        0.1492,
        0.3569,
        -0.0657,
        0.3586,
        -0.3127,
        0.3812,
        -0.0169,
        0.3474,
        0.7124
    ]
}