{
    "metrics": {
        "RMSE": 0.22630305054041241,
        "LogLoss": 0.19501836131018224,
        "RMSE(bins)": 0.06543323725951265,
        "ICI": 0.026923217914309207
    },
    "user": 11065,
    "size": 99130,
    "weights": [
        0.6934,
        0.273,
        -0.3078,
        0.6658,
        -0.9853,
        0.8822,
        -0.071,
        1.7269,
        1.2427
    ]
}