{
    "metrics": {
        "RMSE": 0.3464882059091348,
        "LogLoss": 0.4056219002576747,
        "RMSE(bins)": 0.11140209716173313,
        "ICI": 0.024793417588853322
    },
    "user": 11064,
    "size": 2895,
    "weights": [
        0.3357,
        0.8845,
        0.0591,
        0.4097,
        -0.0322,
        0.6986,
        -0.0182,
        0.3288,
        0.9597
    ]
}