{
    "metrics": {
        "RMSE": 0.20145109259045024,
        "LogLoss": 0.17638149633736805,
        "RMSE(bins)": 0.08432325242637967,
        "ICI": 0.07050792365548038
    },
    "user": 11426,
    "size": 4355,
    "weights": [
        0.5663,
        1.15,
        0.2213,
        0.8517,
        -0.1126,
        0.7248,
        -0.0359,
        0.4265,
        0.7937
    ]
}