{
    "metrics": {
        "RMSE": 0.3834723923074387,
        "LogLoss": 0.46144873218694366,
        "RMSE(bins)": 0.0624618258671954,
        "ICI": 0.03758268116976106
    },
    "user": 11452,
    "size": 32170,
    "weights": [
        0.9971,
        0.101,
        0.1356,
        0.3867,
        -0.2348,
        1.1436,
        -0.5193,
        0.5945,
        0.6766
    ]
}