{
    "metrics": {
        "RMSE": 0.26519556231205066,
        "LogLoss": 0.29532124101710905,
        "RMSE(bins)": 0.0954422141188083,
        "ICI": 0.05352823176317144
    },
    "user": 11453,
    "size": 19940,
    "weights": [
        -0.2774,
        2.3762,
        -0.3333,
        0.7526,
        -0.5858,
        0.643,
        0.0368,
        0.7565,
        1.3132
    ]
}