{
    "metrics": {
        "RMSE": 0.3989117518167167,
        "LogLoss": 0.4959163433031433,
        "RMSE(bins)": 0.09531054282749689,
        "ICI": 0.032799378008572674
    },
    "user": 11591,
    "size": 15735,
    "weights": [
        0.6111,
        0.3521,
        0.0068,
        0.4401,
        -0.2563,
        0.8062,
        -0.3652,
        0.4442,
        1.0059
    ]
}