{
    "metrics": {
        "RMSE": 0.10619203846105879,
        "LogLoss": 0.08435423235955682,
        "RMSE(bins)": 0.08941387811502227,
        "ICI": 0.057995495945251455
    },
    "user": 11608,
    "size": 6125
}