{
    "metrics": {
        "RMSE": 0.42437866300513455,
        "LogLoss": 0.5425656827409449,
        "RMSE(bins)": 0.12380727293144173,
        "ICI": 0.030521753345740983
    },
    "user": 11667,
    "size": 21275,
    "weights": [
        0.6432,
        0.0603,
        0.2679,
        -0.0846,
        0.4735,
        0.7247,
        -0.2218,
        0.2975,
        0.0103
    ]
}