{
    "metrics": {
        "RMSE": 0.2842193639730195,
        "LogLoss": 0.32543768301402415,
        "RMSE(bins)": 0.06264745008728821,
        "ICI": 0.038551515878793914
    },
    "user": 11664,
    "size": 9320,
    "weights": [
        -0.4218,
        0.0702,
        -0.507,
        0.4433,
        -0.6055,
        0.5995,
        0.0879,
        0.8342,
        1.6231
    ]
}