{
    "metrics": {
        "RMSE": 0.23123954503505725,
        "LogLoss": 0.21419619986990363,
        "RMSE(bins)": 0.027540659346871325,
        "ICI": 0.014453971162826963
    },
    "user": 11696,
    "size": 20420
}