{
    "metrics": {
        "RMSE": 0.30617434982740915,
        "LogLoss": 0.334756637799265,
        "RMSE(bins)": 0.03526628626664451,
        "ICI": 0.022281238621486545
    },
    "user": 11735,
    "size": 75075
}