{
    "metrics": {
        "RMSE": 0.33249994211381495,
        "LogLoss": 0.36753580925648394,
        "RMSE(bins)": 0.060831167194251815,
        "ICI": 0.045718741285094164
    },
    "user": 11754,
    "size": 4260
}