{
    "metrics": {
        "RMSE": 0.2572412093778342,
        "LogLoss": 0.2607656722530162,
        "RMSE(bins)": 0.23404733588418897,
        "ICI": 0.1953683610758825
    },
    "user": 11784,
    "size": 1965
}