{
    "metrics": {
        "RMSE": 0.045601115580199525,
        "LogLoss": 0.02080816579544601,
        "RMSE(bins)": 0.01659126694021779,
        "ICI": 0.010020915370264201
    },
    "user": 11828,
    "size": 7260,
    "weights": [
        0.7476,
        1.1417,
        0.6424,
        1.122,
        0.4108,
        1.1317,
        0.8387,
        1.2254,
        1.534
    ]
}