{
    "metrics": {
        "RMSE": 0.36956880312266727,
        "LogLoss": 0.4304962686997514,
        "RMSE(bins)": 0.06709719501545848,
        "ICI": 0.03424191678254013
    },
    "user": 11858,
    "size": 5015
}