{
    "metrics": {
        "RMSE": 0.3253232168952763,
        "LogLoss": 0.36355643681468397,
        "RMSE(bins)": 0.058737969654252535,
        "ICI": 0.024397044854212423
    },
    "user": 11908,
    "size": 110850,
    "weights": [
        0.6364,
        0.4938,
        0.4268,
        0.2297,
        -0.2896,
        0.7706,
        -0.9119,
        0.7123,
        2.1725
    ]
}