{
    "metrics": {
        "RMSE": 0.24080507213190622,
        "LogLoss": 0.2203281032864404,
        "RMSE(bins)": 0.04493777695933811,
        "ICI": 0.021316077166637463
    },
    "user": 11928,
    "size": 128015,
    "weights": [
        2.0093,
        -0.7386,
        0.3296,
        0.9428,
        -0.4667,
        1.1374,
        -0.2558,
        0.9784,
        0.8062
    ]
}