{
    "metrics": {
        "RMSE": 0.382129399355332,
        "LogLoss": 0.47798065291814007,
        "RMSE(bins)": 0.054007467029857335,
        "ICI": 0.04669501605784969
    },
    "user": 11945,
    "size": 22800
}