{
    "metrics": {
        "RMSE": 0.13528714426544677,
        "LogLoss": 0.10772836224117135,
        "RMSE(bins)": 0.08151445224510026,
        "ICI": 0.06264616539102778
    },
    "user": 12153,
    "size": 4695
}