{
    "metrics": {
        "RMSE": 0.13838510823342845,
        "LogLoss": 0.11281961223193197,
        "RMSE(bins)": 0.0978012306102837,
        "ICI": 0.064744422569543
    },
    "user": 12157,
    "size": 5155
}