{
    "metrics": {
        "RMSE": 0.45724204347109804,
        "LogLoss": 0.6095396859012858,
        "RMSE(bins)": 0.08012050571252578,
        "ICI": 0.05279736222421094
    },
    "user": 12184,
    "size": 1925
}