{
    "metrics": {
        "RMSE": 0.2531903565631531,
        "LogLoss": 0.29390821834756936,
        "RMSE(bins)": 0.12531069498865413,
        "ICI": 0.09528395057607694
    },
    "user": 12186,
    "size": 7085
}