{
    "metrics": {
        "RMSE": 0.33599226024171763,
        "LogLoss": 0.3733301340656155,
        "RMSE(bins)": 0.05874534679957628,
        "ICI": 0.02023866250357059
    },
    "user": 12181,
    "size": 11880,
    "weights": [
        0.6494,
        0.6327,
        0.1832,
        0.4171,
        -0.0506,
        0.4037,
        0.1845,
        0.3046,
        0.9167
    ]
}