{
    "metrics": {
        "RMSE": 0.3228928753812375,
        "LogLoss": 0.3811418890117734,
        "RMSE(bins)": 0.0970014110568231,
        "ICI": 0.07494849427056681
    },
    "user": 12232,
    "size": 3865
}