{
    "metrics": {
        "RMSE": 0.4251856928711529,
        "LogLoss": 0.5507434234969587,
        "RMSE(bins)": 0.14601331662806996,
        "ICI": 0.09307913972059605
    },
    "user": 12240,
    "size": 21245,
    "weights": [
        1.3915,
        1.2953,
        -0.1691,
        -0.1452,
        0.1716,
        0.8851,
        -0.2093,
        0.3507,
        0.4659
    ]
}