{
    "metrics": {
        "RMSE": 0.3757785460794808,
        "LogLoss": 0.452956947314916,
        "RMSE(bins)": 0.0777250563736971,
        "ICI": 0.03625459707913475
    },
    "user": 12285,
    "size": 2305,
    "weights": [
        0.0795,
        0.3461,
        -0.0393,
        0.4002,
        -0.2042,
        0.5332,
        0.0522,
        0.4526,
        0.8885
    ]
}