{
    "metrics": {
        "RMSE": 0.19545896596662202,
        "LogLoss": 0.16336927826342984,
        "RMSE(bins)": 0.011698482969296538,
        "ICI": 0.007626593559066535
    },
    "user": 12325,
    "size": 70575,
    "weights": [
        0.8727,
        0.522,
        -0.1788,
        0.1449,
        -0.1237,
        1.2606,
        -0.1936,
        0.5804,
        1.3179
    ]
}