{
    "metrics": {
        "RMSE": 0.28026208869319724,
        "LogLoss": 0.2860681675515666,
        "RMSE(bins)": 0.020360006851031624,
        "ICI": 0.01683902042766158
    },
    "user": 12395,
    "size": 48890
}