{
    "metrics": {
        "RMSE": 0.4082310007165975,
        "LogLoss": 0.5146153716858916,
        "RMSE(bins)": 0.16891353909257142,
        "ICI": 0.03900818403071046
    },
    "user": 12471,
    "size": 8990,
    "weights": [
        0.2855,
        0.2191,
        0.0796,
        0.1432,
        0.2859,
        0.6415,
        -0.1432,
        0.273,
        0.5704
    ]
}