{
    "metrics": {
        "RMSE": 0.1381580455619434,
        "LogLoss": 0.10173585650144139,
        "RMSE(bins)": 0.05414103848846335,
        "ICI": 0.01605055071397657
    },
    "user": 12479,
    "size": 5740,
    "weights": [
        0.1212,
        0.5967,
        0.5673,
        1.0496,
        0.4238,
        1.1474,
        0.751,
        1.1454,
        1.4459
    ]
}