{
    "metrics": {
        "RMSE": 0.11750103620433461,
        "LogLoss": 0.086714964136749,
        "RMSE(bins)": 0.0649461450014509,
        "ICI": 0.03998099519029397
    },
    "user": 12565,
    "size": 9615
}