{
    "metrics": {
        "RMSE": 0.47400266282278186,
        "LogLoss": 0.6383819724903124,
        "RMSE(bins)": 0.09933869939938976,
        "ICI": 0.06136129222503936
    },
    "user": 12567,
    "size": 20890,
    "weights": [
        0.4148,
        0.7148,
        0.0774,
        1.0887,
        -0.3147,
        0.8585,
        -0.353,
        0.4783,
        0.218
    ]
}