{
    "metrics": {
        "RMSE": 0.41863842987278466,
        "LogLoss": 0.5360025290554582,
        "RMSE(bins)": 0.039254434940281455,
        "ICI": 0.026787355452341725
    },
    "user": 1273,
    "size": 25010,
    "weights": [
        -0.0224,
        -0.0149,
        -0.2931,
        0.2205,
        -0.2718,
        0.6016,
        -0.0651,
        0.5113,
        0.7578
    ]
}