{
    "metrics": {
        "RMSE": 0.027287311942045773,
        "LogLoss": 0.013253031085417028,
        "RMSE(bins)": 0.01377537590195221,
        "ICI": 0.009218630961907646
    },
    "user": 12743,
    "size": 9140,
    "weights": [
        0.5562,
        0.9487,
        0.7103,
        1.1656,
        0.6482,
        1.3491,
        0.8684,
        1.2489,
        1.6329
    ]
}