{
    "metrics": {
        "RMSE": 0.04628585831982868,
        "LogLoss": 0.020404671907241528,
        "RMSE(bins)": 0.018627085877881235,
        "ICI": 0.011260343558718825
    },
    "user": 12759,
    "size": 230315,
    "weights": [
        0.1798,
        0.4267,
        -0.229,
        1.277,
        -0.9033,
        0.4826,
        0.3003,
        1.3624,
        0.9978
    ]
}