{
    "metrics": {
        "RMSE": 0.31252243744823294,
        "LogLoss": 0.3586734094749394,
        "RMSE(bins)": 0.16948457710310638,
        "ICI": 0.1493115912860671
    },
    "user": 12826,
    "size": 2025
}