{
    "metrics": {
        "RMSE": 0.330223727465315,
        "LogLoss": 0.3772646787044205,
        "RMSE(bins)": 0.2446478382028873,
        "ICI": 0.20173236717616722
    },
    "user": 12822,
    "size": 2375
}