{
    "metrics": {
        "RMSE": 0.39757741057837115,
        "LogLoss": 0.48647502859509845,
        "RMSE(bins)": 0.1321082036724879,
        "ICI": 0.043748629565701774
    },
    "user": 12868,
    "size": 1375,
    "weights": [
        -0.019,
        0.6913,
        -0.0642,
        0.5828,
        -0.3336,
        0.5483,
        -0.0918,
        0.4564,
        0.5951
    ]
}