{
    "metrics": {
        "RMSE": 0.15041286637527018,
        "LogLoss": 0.12024019052927355,
        "RMSE(bins)": 0.047385656030333775,
        "ICI": 0.031368834286998944
    },
    "user": 1289,
    "size": 3135,
    "weights": [
        0.4965,
        0.7608,
        0.4755,
        0.9522,
        0.2637,
        0.9803,
        0.5792,
        0.965,
        1.277
    ]
}