{
    "metrics": {
        "RMSE": 0.26204982917808994,
        "LogLoss": 0.2518348190185745,
        "RMSE(bins)": 0.04649142174658955,
        "ICI": 0.025970339596372946
    },
    "user": 13028,
    "size": 5805,
    "weights": [
        -0.0125,
        0.3892,
        0.169,
        0.5695,
        0.0239,
        0.7763,
        0.2657,
        0.6844,
        1.0493
    ]
}