{
    "metrics": {
        "RMSE": 0.2317187568390039,
        "LogLoss": 0.23136041112865172,
        "RMSE(bins)": 0.08253392331055699,
        "ICI": 0.06406398776467706
    },
    "user": 1313,
    "size": 17970
}