{
    "metrics": {
        "RMSE": 0.3042762201939965,
        "LogLoss": 0.33309423634966195,
        "RMSE(bins)": 0.11745412828437624,
        "ICI": 0.029769698711613
    },
    "user": 13154,
    "size": 8975,
    "weights": [
        -0.5558,
        0.4423,
        -0.3437,
        0.7918,
        -0.7173,
        0.7052,
        0.1154,
        0.9109,
        1.0063
    ]
}