{
    "metrics": {
        "RMSE": 0.3581320301269762,
        "LogLoss": 0.43320084272333187,
        "RMSE(bins)": 0.08755502236901044,
        "ICI": 0.06250180041881208
    },
    "user": 1326,
    "size": 7035
}