{
    "metrics": {
        "RMSE": 0.44255903704848354,
        "LogLoss": 0.5784842825646218,
        "RMSE(bins)": 0.09399145616488146,
        "ICI": 0.024414347573129325
    },
    "user": 1327,
    "size": 2295,
    "weights": [
        0.0273,
        0.4125,
        -0.0476,
        0.4253,
        -0.3123,
        0.407,
        -0.0652,
        0.3225,
        0.618
    ]
}