{
    "metrics": {
        "RMSE": 0.3381579682963045,
        "LogLoss": 0.380253506832955,
        "RMSE(bins)": 0.03337642221068872,
        "ICI": 0.01757870661279149
    },
    "user": 13292,
    "size": 10730,
    "weights": [
        0.7251,
        1.1708,
        0.1737,
        0.6129,
        -0.1531,
        0.5101,
        -0.0476,
        0.4559,
        0.8444
    ]
}