{
    "metrics": {
        "RMSE": 0.3080914596411852,
        "LogLoss": 0.3307016881896386,
        "RMSE(bins)": 0.031441297520774784,
        "ICI": 0.016565438908389362
    },
    "user": 13342,
    "size": 32450
}