{
    "metrics": {
        "RMSE": 0.3962068070245812,
        "LogLoss": 0.4962612705363839,
        "RMSE(bins)": 0.30563259654493524,
        "ICI": 0.29016702091289864
    },
    "user": 13367,
    "size": 2170
}