{
    "metrics": {
        "RMSE": 0.19118748998486212,
        "LogLoss": 0.1611332235387953,
        "RMSE(bins)": 0.040325274709113026,
        "ICI": 0.021917885001689518
    },
    "user": 13396,
    "size": 9420
}