{
    "metrics": {
        "RMSE": 0.33438548929708795,
        "LogLoss": 0.3827206811766613,
        "RMSE(bins)": 0.05580054808343442,
        "ICI": 0.04283042164358074
    },
    "user": 1339,
    "size": 21745
}