{
    "metrics": {
        "RMSE": 0.38828714287326066,
        "LogLoss": 0.49133782857314595,
        "RMSE(bins)": 0.10320235497391124,
        "ICI": 0.0824801251404353
    },
    "user": 13421,
    "size": 46170
}