{
    "metrics": {
        "RMSE": 0.25242158650054225,
        "LogLoss": 0.2527287635959163,
        "RMSE(bins)": 0.034595286235202166,
        "ICI": 0.018872063734956156
    },
    "user": 13534,
    "size": 172900
}