{
    "metrics": {
        "RMSE": 0.26366388508911054,
        "LogLoss": 0.3103884577780945,
        "RMSE(bins)": 0.0605242328555658,
        "ICI": 0.053886212431180934
    },
    "user": 13530,
    "size": 16475
}