{
    "metrics": {
        "RMSE": 0.3378907464403572,
        "LogLoss": 0.3872503281521889,
        "RMSE(bins)": 0.06704248059859011,
        "ICI": 0.03129867570580584
    },
    "user": 13649,
    "size": 188085,
    "weights": [
        0.1435,
        -0.1338,
        -0.4592,
        0.4695,
        -0.5795,
        1.5391,
        -0.5965,
        0.8728,
        1.0754
    ]
}