{
    "metrics": {
        "RMSE": 0.37832186776675886,
        "LogLoss": 0.45975260937952644,
        "RMSE(bins)": 0.07217567861902867,
        "ICI": 0.022677809863135667
    },
    "user": 13922,
    "size": 13455,
    "weights": [
        0.161,
        0.4171,
        -0.1428,
        0.4342,
        -0.2754,
        0.5754,
        -0.1698,
        0.3339,
        0.9835
    ]
}