{
    "metrics": {
        "RMSE": 0.3115321069962728,
        "LogLoss": 0.35434845721860203,
        "RMSE(bins)": 0.053721516510274105,
        "ICI": 0.03813454303710623
    },
    "user": 14081,
    "size": 15875,
    "weights": [
        -0.3414,
        1.039,
        -0.283,
        0.7841,
        -0.7574,
        0.4906,
        -0.3451,
        0.752,
        2.1412
    ]
}