{
    "metrics": {
        "RMSE": 0.06459448906129499,
        "LogLoss": 0.03627217143442934,
        "RMSE(bins)": 0.04183496818466444,
        "ICI": 0.021529485470205903
    },
    "user": 14241,
    "size": 4055,
    "weights": [
        0.5193,
        0.9949,
        0.6027,
        1.0945,
        0.3012,
        1.0242,
        0.6599,
        1.048,
        1.3738
    ]
}