{
    "metrics": {
        "RMSE": 0.3730333984814121,
        "LogLoss": 0.45495978876207227,
        "RMSE(bins)": 0.11125001509777069,
        "ICI": 0.0581285834419528
    },
    "user": 14280,
    "size": 430,
    "weights": [
        0.3197,
        0.4857,
        0.1456,
        0.4843,
        -0.1284,
        0.4524,
        0.1134,
        0.3605,
        0.8344
    ]
}