{
    "metrics": {
        "RMSE": 0.3409722173837823,
        "LogLoss": 0.3976661976523318,
        "RMSE(bins)": 0.06625468825841133,
        "ICI": 0.028841371547186828
    },
    "user": 14444,
    "size": 7440,
    "weights": [
        -0.1174,
        0.8524,
        0.2891,
        0.9382,
        0.0286,
        0.7934,
        -0.1357,
        0.3412,
        0.9489
    ]
}