{
    "metrics": {
        "RMSE": 0.29050450071888917,
        "LogLoss": 0.2983642698641935,
        "RMSE(bins)": 0.02171375723197495,
        "ICI": 0.013715579654498558
    },
    "user": 14538,
    "size": 21235,
    "weights": [
        1.2452,
        0.082,
        0.5219,
        0.4451,
        0.1995,
        0.7287,
        -0.0267,
        0.3481,
        0.8618
    ]
}