{
    "metrics": {
        "RMSE": 0.436084556799521,
        "LogLoss": 0.5675566476817886,
        "RMSE(bins)": 0.03980481083170843,
        "ICI": 0.019359625136132038
    },
    "user": 14535,
    "size": 5295
}