{
    "metrics": {
        "RMSE": 0.3437447465362722,
        "LogLoss": 0.40100835639428556,
        "RMSE(bins)": 0.04238095462378008,
        "ICI": 0.024326175271084313
    },
    "user": 14591,
    "size": 32595
}