{
    "metrics": {
        "RMSE": 0.12995600271991245,
        "LogLoss": 0.11364913296398531,
        "RMSE(bins)": 0.014962086558601592,
        "ICI": 0.017864662831282102
    },
    "user": 14616,
    "size": 98270
}