{
    "metrics": {
        "RMSE": 0.26141989399595217,
        "LogLoss": 0.26036472785067516,
        "RMSE(bins)": 0.026675686955306577,
        "ICI": 0.019205673292252683
    },
    "user": 14610,
    "size": 39060
}