{
    "metrics": {
        "RMSE": 0.2546067107004464,
        "LogLoss": 0.24960738316751002,
        "RMSE(bins)": 0.029984033092040018,
        "ICI": 0.016262487810821593
    },
    "user": 14828,
    "size": 23295
}