{
    "metrics": {
        "RMSE": 0.14006908647049113,
        "LogLoss": 0.11158634226436692,
        "RMSE(bins)": 0.05714314006327355,
        "ICI": 0.052025111709768035
    },
    "user": 14830,
    "size": 1010,
    "weights": [
        0.1311,
        0.7205,
        0.2818,
        0.7828,
        0.0547,
        0.7775,
        0.2984,
        0.687,
        0.9918
    ]
}