{
    "metrics": {
        "RMSE": 0.4559091574121918,
        "LogLoss": 0.6178988330138384,
        "RMSE(bins)": 0.0869666240667955,
        "ICI": 0.06608826677013922
    },
    "user": 14855,
    "size": 4070
}