{
    "metrics": {
        "RMSE": 0.34703103790545325,
        "LogLoss": 0.43146815174502545,
        "RMSE(bins)": 0.19570585866140455,
        "ICI": 0.12858207637700794
    },
    "user": 15024,
    "size": 3940
}