{
    "metrics": {
        "RMSE": 0.33632246278939465,
        "LogLoss": 0.3835424682748703,
        "RMSE(bins)": 0.06107572826571495,
        "ICI": 0.013979627951201612
    },
    "user": 15033,
    "size": 153440,
    "weights": [
        0.1824,
        -0.3037,
        0.5125,
        -0.3891,
        -0.2593,
        0.5806,
        -1.3437,
        1.6894,
        0.9364
    ]
}