{
    "metrics": {
        "RMSE": 0.3377674549590709,
        "LogLoss": 0.38457691438151365,
        "RMSE(bins)": 0.04668010140983003,
        "ICI": 0.03556512329024633
    },
    "user": 15034,
    "size": 37645,
    "weights": [
        0.9234,
        0.603,
        0.5275,
        0.2655,
        -0.0911,
        0.5646,
        -0.2754,
        0.5721,
        0.7191
    ]
}