{
    "metrics": {
        "RMSE": 0.33992922434176126,
        "LogLoss": 0.3890319050237326,
        "RMSE(bins)": 0.06458389015538082,
        "ICI": 0.041554196431677105
    },
    "user": 15034,
    "size": 39445,
    "weights": [
        0.9416,
        0.6277,
        0.6417,
        0.1936,
        -0.0481,
        0.4879,
        -0.4076,
        0.7697,
        0.6838
    ]
}