{
    "metrics": {
        "RMSE": 0.33911858304578574,
        "LogLoss": 0.3780612940736838,
        "RMSE(bins)": 0.11990597451382541,
        "ICI": 0.07884821942091812
    },
    "user": 15085,
    "size": 14860
}