{
    "metrics": {
        "RMSE": 0.10042395410798019,
        "LogLoss": 0.06787785057548211,
        "RMSE(bins)": 0.03475525599025616,
        "ICI": 0.02524068161515333
    },
    "user": 15244,
    "size": 34405,
    "weights": [
        -0.5238,
        0.6717,
        -0.6685,
        0.0607,
        -0.7376,
        0.2118,
        0.4473,
        1.1068,
        2.2769
    ]
}