{
    "metrics": {
        "RMSE": 0.4480334461979048,
        "LogLoss": 0.5935969267189118,
        "RMSE(bins)": 0.05842838328538887,
        "ICI": 0.04080688733231446
    },
    "user": 15254,
    "size": 2350
}