{
    "metrics": {
        "RMSE": 0.4034487982213649,
        "LogLoss": 0.5049270434891658,
        "RMSE(bins)": 0.06946351359780518,
        "ICI": 0.02928851015493707
    },
    "user": 15612,
    "size": 132865
}