{
    "metrics": {
        "RMSE": 0.38124131443570736,
        "LogLoss": 0.45669507260074416,
        "RMSE(bins)": 0.08492153816616238,
        "ICI": 0.037308821452467826
    },
    "user": 15676,
    "size": 8720,
    "weights": [
        0.4922,
        0.6438,
        -0.0193,
        0.377,
        -0.1272,
        0.831,
        -0.0297,
        0.5466,
        0.7759
    ]
}