{
    "metrics": {
        "RMSE": 0.3895062291457915,
        "LogLoss": 0.45921526252743117,
        "RMSE(bins)": 0.2966275774084226,
        "ICI": 0.21511456284394548
    },
    "user": 15694,
    "size": 1540
}