{
    "metrics": {
        "RMSE": 0.4013841311327936,
        "LogLoss": 0.49280654815011965,
        "RMSE(bins)": 0.06313568527729774,
        "ICI": 0.01539618848963756
    },
    "user": 15791,
    "size": 8495,
    "weights": [
        0.0672,
        0.533,
        0.0237,
        0.6784,
        -0.3011,
        0.629,
        -0.0787,
        0.5511,
        0.6078
    ]
}