{
    "metrics": {
        "RMSE": 0.4216275054024964,
        "LogLoss": 0.5375218203162231,
        "RMSE(bins)": 0.08045383364018283,
        "ICI": 0.045997446991824814
    },
    "user": 1584,
    "size": 4705
}