{
    "metrics": {
        "RMSE": 0.217763783457541,
        "LogLoss": 0.20023679164965916,
        "RMSE(bins)": 0.0226284576591503,
        "ICI": 0.015275990152481364
    },
    "user": 15931,
    "size": 13550
}