{
    "metrics": {
        "RMSE": 0.4032682326170677,
        "LogLoss": 0.5098352313145247,
        "RMSE(bins)": 0.09481507063192682,
        "ICI": 0.05455332973622962
    },
    "user": 15975,
    "size": 16065,
    "weights": [
        0.6833,
        0.3616,
        0.2131,
        0.2143,
        -0.5178,
        0.5907,
        -0.1889,
        0.8575,
        0.9442
    ]
}