{
    "metrics": {
        "RMSE": 0.3827701887472707,
        "LogLoss": 0.46656588396306803,
        "RMSE(bins)": 0.03286347225017218,
        "ICI": 0.02374033708769523
    },
    "user": 15991,
    "size": 62795
}