{
    "metrics": {
        "RMSE": 0.3229840762150918,
        "LogLoss": 0.3626085234713954,
        "RMSE(bins)": 0.06789691218081144,
        "ICI": 0.0476361778325189
    },
    "user": 16028,
    "size": 10190,
    "weights": [
        -0.4167,
        -0.0555,
        -0.1879,
        0.3068,
        -0.2767,
        0.5523,
        0.0135,
        0.5333,
        1.0596
    ]
}