{
    "metrics": {
        "RMSE": 0.39285387369849034,
        "LogLoss": 0.47503795487153916,
        "RMSE(bins)": 0.13413723626789298,
        "ICI": 0.06583826616575969
    },
    "user": 16025,
    "size": 9730
}