{
    "metrics": {
        "RMSE": 0.3567530631099118,
        "LogLoss": 0.4202206854623839,
        "RMSE(bins)": 0.10264625717632596,
        "ICI": 0.047841380156543864
    },
    "user": 16042,
    "size": 2285,
    "weights": [
        -0.0003,
        0.5253,
        -0.1002,
        0.5367,
        -0.3086,
        0.6554,
        -0.0086,
        0.5808,
        0.7316
    ]
}