{
    "metrics": {
        "RMSE": 0.359966036515651,
        "LogLoss": 0.4324872246487524,
        "RMSE(bins)": 0.05775201123696343,
        "ICI": 0.0475434997026638
    },
    "user": 16072,
    "size": 8200
}