{
    "metrics": {
        "RMSE": 0.3669427675946713,
        "LogLoss": 0.41899798325645493,
        "RMSE(bins)": 0.14554392167375277,
        "ICI": 0.07274308198362224
    },
    "user": 16123,
    "size": 1865,
    "weights": [
        0.5224,
        0.868,
        0.2962,
        0.7716,
        -0.0046,
        0.7161,
        0.1756,
        0.6261,
        0.8449
    ]
}