{
    "metrics": {
        "RMSE": 0.4356654678827084,
        "LogLoss": 0.5631098496346151,
        "RMSE(bins)": 0.04415480888935847,
        "ICI": 0.023664776834451673
    },
    "user": 1619,
    "size": 22480,
    "weights": [
        0.9613,
        0.4917,
        0.3307,
        0.4521,
        -0.4267,
        0.8281,
        -0.365,
        0.617,
        0.4898
    ]
}