{
    "metrics": {
        "RMSE": 0.27501413675021497,
        "LogLoss": 0.2801414267718921,
        "RMSE(bins)": 0.030958743415860652,
        "ICI": 0.01934068613084635
    },
    "user": 16223,
    "size": 26735
}