{
    "metrics": {
        "RMSE": 0.4196082856943998,
        "LogLoss": 0.5363104081469844,
        "RMSE(bins)": 0.07446300514471112,
        "ICI": 0.05440513385313172
    },
    "user": 16290,
    "size": 27720
}