{
    "metrics": {
        "RMSE": 0.22664833209984347,
        "LogLoss": 0.21809696839702053,
        "RMSE(bins)": 0.031061698607466,
        "ICI": 0.02207743659753033
    },
    "user": 16405,
    "size": 9240,
    "weights": [
        0.7454,
        1.1106,
        0.6443,
        1.1099,
        0.1411,
        0.8788,
        0.2594,
        0.6248,
        1.226
    ]
}