{
    "metrics": {
        "RMSE": 0.33656788001715693,
        "LogLoss": 0.3870629698904528,
        "RMSE(bins)": 0.032123384862059984,
        "ICI": 0.026636819710033677
    },
    "user": 16423,
    "size": 19270
}