{
    "metrics": {
        "RMSE": 0.34411785981482446,
        "LogLoss": 0.39582959564181464,
        "RMSE(bins)": 0.06488724198824543,
        "ICI": 0.022820287591238636
    },
    "user": 16457,
    "size": 75690,
    "weights": [
        0.6667,
        0.7693,
        -0.0741,
        0.8165,
        -0.6506,
        0.7883,
        -0.5668,
        1.0333,
        0.6468
    ]
}