{
    "metrics": {
        "RMSE": 0.41988466804821817,
        "LogLoss": 0.5329286268508548,
        "RMSE(bins)": 0.07880308984642317,
        "ICI": 0.017477819439757382
    },
    "user": 1647,
    "size": 19545,
    "weights": [
        0.3569,
        -0.0079,
        0.1802,
        0.5083,
        -0.2665,
        0.6883,
        -0.2742,
        0.4838,
        0.6564
    ]
}