{
    "metrics": {
        "RMSE": 0.34483509044044675,
        "LogLoss": 0.4036306160423774,
        "RMSE(bins)": 0.09592240535514428,
        "ICI": 0.04763929167179402
    },
    "user": 1652,
    "size": 16520,
    "weights": [
        0.3333,
        0.6875,
        -0.0453,
        0.6001,
        -0.4294,
        0.6829,
        -0.2067,
        0.5396,
        1.3983
    ]
}