{
    "metrics": {
        "RMSE": 0.1088329108181961,
        "LogLoss": 0.07771682717201832,
        "RMSE(bins)": 0.05163929257057096,
        "ICI": 0.04320336854167914
    },
    "user": 16606,
    "size": 100380
}