{
    "metrics": {
        "RMSE": 0.38191500928481203,
        "LogLoss": 0.451946707576607,
        "RMSE(bins)": 0.15075795106194878,
        "ICI": 0.10221794972831696
    },
    "user": 16604,
    "size": 9275,
    "weights": [
        0.5481,
        0.7478,
        0.2487,
        0.9657,
        -0.424,
        1.1614,
        -0.1889,
        0.8353,
        0.3479
    ]
}