{
    "metrics": {
        "RMSE": 0.3520245720602332,
        "LogLoss": 0.40931100662760395,
        "RMSE(bins)": 0.09972298369584584,
        "ICI": 0.05183714385882927
    },
    "user": 16725,
    "size": 15590,
    "weights": [
        0.3998,
        1.0872,
        0.2268,
        1.3103,
        0.0092,
        1.0785,
        -0.3527,
        0.1278,
        0.7491
    ]
}