{
    "metrics": {
        "RMSE": 0.25089957622849746,
        "LogLoss": 0.24887908461092248,
        "RMSE(bins)": 0.031063516295674023,
        "ICI": 0.019805141434794758
    },
    "user": 16729,
    "size": 54890,
    "weights": [
        0.3451,
        0.1935,
        0.3702,
        -0.0279,
        0.1176,
        0.4947,
        -0.1552,
        0.545,
        1.4448
    ]
}