{
    "metrics": {
        "RMSE": 0.2102900927423631,
        "LogLoss": 0.19409847527048668,
        "RMSE(bins)": 0.09748943546673434,
        "ICI": 0.06478890957411151
    },
    "user": 16748,
    "size": 4500
}