{
    "metrics": {
        "RMSE": 0.4422458249248538,
        "LogLoss": 0.5718505286185295,
        "RMSE(bins)": 0.09926103502284452,
        "ICI": 0.048593674440929456
    },
    "user": 16863,
    "size": 180640,
    "weights": [
        0.0579,
        -0.4388,
        -0.2047,
        -0.0712,
        -0.1011,
        1.2794,
        -0.2904,
        0.7288,
        0.4113
    ]
}