{
    "metrics": {
        "RMSE": 0.41564274459387396,
        "LogLoss": 0.527412885343027,
        "RMSE(bins)": 0.0631846016664046,
        "ICI": 0.0427760418098622
    },
    "user": 16996,
    "size": 11640
}