{
    "metrics": {
        "RMSE": 0.44780716421885874,
        "LogLoss": 0.5893575521675559,
        "RMSE(bins)": 0.13086578149696304,
        "ICI": 0.04374181377352487
    },
    "user": 17138,
    "size": 11255,
    "weights": [
        -0.3692,
        0.9506,
        -0.2939,
        0.6746,
        -0.4217,
        0.7149,
        -0.1732,
        0.64,
        0.166
    ]
}