{
    "metrics": {
        "RMSE": 0.3473636573073452,
        "LogLoss": 0.4009197200463572,
        "RMSE(bins)": 0.11636770163716313,
        "ICI": 0.03533085677005513
    },
    "user": 17160,
    "size": 3190,
    "weights": [
        0.021,
        1.0355,
        -0.1099,
        0.6599,
        -0.2865,
        0.7476,
        -0.0586,
        0.6085,
        0.8479
    ]
}