{
    "metrics": {
        "RMSE": 0.33159121252174695,
        "LogLoss": 0.3774422100124974,
        "RMSE(bins)": 0.10119260856242494,
        "ICI": 0.07055276519684711
    },
    "user": 17200,
    "size": 255030
}