{
    "metrics": {
        "RMSE": 0.3673270093257004,
        "LogLoss": 0.4271928828698558,
        "RMSE(bins)": 0.0520929042271306,
        "ICI": 0.008228739510356747
    },
    "user": 17213,
    "size": 68130,
    "weights": [
        0.4544,
        0.4251,
        0.2461,
        -0.0154,
        0.0045,
        1.3329,
        -0.8735,
        0.826,
        0.8306
    ]
}