{
    "metrics": {
        "RMSE": 0.22720222782414803,
        "LogLoss": 0.20903495158554689,
        "RMSE(bins)": 0.030076567685540054,
        "ICI": 0.006744446508305001
    },
    "user": 17257,
    "size": 151975,
    "weights": [
        -0.1436,
        -1.0157,
        0.013,
        0.3317,
        -1.0203,
        0.8802,
        -1.2488,
        1.0589,
        3.5669
    ]
}