{
    "metrics": {
        "RMSE": 0.3905501648621145,
        "LogLoss": 0.48491389219185266,
        "RMSE(bins)": 0.05122559871319203,
        "ICI": 0.036681735898931166
    },
    "user": 17382,
    "size": 15005
}