{
    "metrics": {
        "RMSE": 0.16075716723620678,
        "LogLoss": 0.13750660190611572,
        "RMSE(bins)": 0.0657922514995883,
        "ICI": 0.04605808725051438
    },
    "user": 1740,
    "size": 3235,
    "weights": [
        0.0923,
        0.8025,
        -0.0072,
        0.7965,
        -0.0566,
        1.0089,
        0.2171,
        0.9186,
        0.8626
    ]
}