{
    "metrics": {
        "RMSE": 0.2479951493813402,
        "LogLoss": 0.24231688613590013,
        "RMSE(bins)": 0.04862959042857699,
        "ICI": 0.011983048656616795
    },
    "user": 17403,
    "size": 7580,
    "weights": [
        0.4617,
        0.9608,
        0.1092,
        0.5984,
        -0.1232,
        0.619,
        0.1535,
        0.5946,
        1.0099
    ]
}