{
    "metrics": {
        "RMSE": 0.5021541541987167,
        "LogLoss": 0.8434553682839151,
        "RMSE(bins)": 0.32772468074723937,
        "ICI": 0.22113043983959652
    },
    "user": 17453,
    "size": 2660,
    "weights": [
        -0.0562,
        0.7869,
        -0.0772,
        0.6929,
        -0.3515,
        0.5756,
        -0.2017,
        0.1983,
        0.5883
    ]
}