{
    "metrics": {
        "RMSE": 0.37764391369088457,
        "LogLoss": 0.4543444779128037,
        "RMSE(bins)": 0.06056804193111687,
        "ICI": 0.032392385583731025
    },
    "user": 17569,
    "size": 14340
}