{
    "metrics": {
        "RMSE": 0.39201888386291656,
        "LogLoss": 0.47764605403141264,
        "RMSE(bins)": 0.058451434903457423,
        "ICI": 0.007442346212759943
    },
    "user": 17568,
    "size": 26095,
    "weights": [
        0.9541,
        0.0404,
        0.0927,
        0.4128,
        -0.6224,
        0.7823,
        -0.375,
        0.9773,
        0.8656
    ]
}