{
    "metrics": {
        "RMSE": 0.38934404100172154,
        "LogLoss": 0.4926754930699253,
        "RMSE(bins)": 0.07658796744668368,
        "ICI": 0.07443752403124573
    },
    "user": 17601,
    "size": 7470
}