{
    "metrics": {
        "RMSE": 0.18929222070559135,
        "LogLoss": 0.15710580640721636,
        "RMSE(bins)": 0.06120628321892249,
        "ICI": 0.016284851522153657
    },
    "user": 17614,
    "size": 45150,
    "weights": [
        -1.3922,
        1.2507,
        -0.6842,
        1.4779,
        -1.0615,
        0.9799,
        0.0846,
        1.4267,
        1.8863
    ]
}