{
    "metrics": {
        "RMSE": 0.39307172109133603,
        "LogLoss": 0.4845463313399317,
        "RMSE(bins)": 0.094975684885593,
        "ICI": 0.02636412801644747
    },
    "user": 17735,
    "size": 17540,
    "weights": [
        -0.0971,
        0.4655,
        -0.0538,
        0.6067,
        -0.432,
        0.747,
        -0.3539,
        0.7658,
        0.8499
    ]
}