{
    "metrics": {
        "RMSE": 0.2834503132810927,
        "LogLoss": 0.29861047086295683,
        "RMSE(bins)": 0.17177710551245326,
        "ICI": 0.11144985374291998
    },
    "user": 17938,
    "size": 5305
}