{
    "metrics": {
        "RMSE": 0.018856020742611727,
        "LogLoss": 0.010163084893051535,
        "RMSE(bins)": 0.01124606889446835,
        "ICI": 0.008954117029777485
    },
    "user": 18056,
    "size": 5540,
    "weights": [
        0.47,
        0.8641,
        0.5255,
        1.0037,
        0.4944,
        1.2148,
        0.7359,
        1.1227,
        1.4781
    ]
}