{
    "metrics": {
        "RMSE": 0.46511991458546625,
        "LogLoss": 0.6239557505965005,
        "RMSE(bins)": 0.08847947157081054,
        "ICI": 0.07546851195928375
    },
    "user": 1805,
    "size": 17720,
    "weights": [
        0.3825,
        0.4539,
        -0.0643,
        0.6262,
        -0.3044,
        0.6371,
        -0.1903,
        0.3484,
        0.4977
    ]
}