{
    "metrics": {
        "RMSE": 0.40965543790952713,
        "LogLoss": 0.5052133900439216,
        "RMSE(bins)": 0.11916757021825469,
        "ICI": 0.02042797671108708
    },
    "user": 18061,
    "size": 1910,
    "weights": [
        0.2615,
        0.8456,
        0.1039,
        0.6562,
        -0.2665,
        0.5281,
        -0.0992,
        0.3427,
        0.6259
    ]
}