{
    "metrics": {
        "RMSE": 0.2536724455242057,
        "LogLoss": 0.3065392454269502,
        "RMSE(bins)": 0.07688734732348747,
        "ICI": 0.04526329389497565
    },
    "user": 18296,
    "size": 24835,
    "weights": [
        -0.8675,
        0.5562,
        -0.0781,
        1.0261,
        0.6273,
        1.7087,
        0.0566,
        0.8183,
        1.3462
    ]
}