{
    "metrics": {
        "RMSE": 0.3550444575332606,
        "LogLoss": 0.41631527793742884,
        "RMSE(bins)": 0.04936435037507908,
        "ICI": 0.023979972595320878
    },
    "user": 18433,
    "size": 8880
}