{
    "metrics": {
        "RMSE": 0.1949385559490938,
        "LogLoss": 0.1645789056020345,
        "RMSE(bins)": 0.012599812141233083,
        "ICI": 0.008789208717628953
    },
    "user": 1868,
    "size": 37575
}