{
    "metrics": {
        "RMSE": 0.38644443669030815,
        "LogLoss": 0.4800896534757466,
        "RMSE(bins)": 0.09688252885271545,
        "ICI": 0.05507381877156715
    },
    "user": 18714,
    "size": 39915,
    "weights": [
        0.8285,
        0.1728,
        0.7127,
        -0.1,
        0.6906,
        0.9087,
        -0.6262,
        0.6797,
        -0.2861
    ]
}