{
    "metrics": {
        "RMSE": 0.13421937496019234,
        "LogLoss": 0.09081445011635735,
        "RMSE(bins)": 0.038137132147596564,
        "ICI": 0.016505683850858856
    },
    "user": 18835,
    "size": 15310,
    "weights": [
        -0.1528,
        0.2982,
        -0.3204,
        0.5788,
        -0.1076,
        0.9955,
        0.3245,
        0.9527,
        1.2578
    ]
}