{
    "metrics": {
        "RMSE": 0.1697615382798929,
        "LogLoss": 0.1333134220972144,
        "RMSE(bins)": 0.046320668754275034,
        "ICI": 0.03360037798100173
    },
    "user": 18831,
    "size": 140,
    "weights": [
        0.3167,
        0.7074,
        0.2427,
        0.721,
        -0.0318,
        0.6886,
        0.21,
        0.5967,
        0.904
    ]
}