{
    "metrics": {
        "RMSE": 0.23974429646370332,
        "LogLoss": 0.2294154412185379,
        "RMSE(bins)": 0.03100481207742974,
        "ICI": 0.017070454650665062
    },
    "user": 18852,
    "size": 24890,
    "weights": [
        -0.1784,
        0.7885,
        -0.2678,
        0.4785,
        -0.1921,
        0.8761,
        0.0292,
        0.7443,
        1.0832
    ]
}