{
    "metrics": {
        "RMSE": 0.4019165702628368,
        "LogLoss": 0.5099436661114476,
        "RMSE(bins)": 0.08035078649790964,
        "ICI": 0.03886031936207912
    },
    "user": 18879,
    "size": 15450,
    "weights": [
        0.2342,
        0.0954,
        0.3654,
        0.2094,
        -0.192,
        0.2822,
        -0.0923,
        0.1928,
        1.0259
    ]
}