{
    "metrics": {
        "RMSE": 0.47103664388693306,
        "LogLoss": 0.6353620441858399,
        "RMSE(bins)": 0.11496958237587715,
        "ICI": 0.03829907190496457
    },
    "user": 18991,
    "size": 1865
}