{
    "metrics": {
        "RMSE": 0.3479894162659806,
        "LogLoss": 0.4118157030854179,
        "RMSE(bins)": 0.0596532050035875,
        "ICI": 0.04507473662955157
    },
    "user": 19033,
    "size": 10215
}