{
    "metrics": {
        "RMSE": 0.281373372382156,
        "LogLoss": 0.2962631607284238,
        "RMSE(bins)": 0.09348400417517519,
        "ICI": 0.05538999221004365
    },
    "user": 19037,
    "size": 36450
}