{
    "metrics": {
        "RMSE": 0.27929952091717647,
        "LogLoss": 0.30327338328644643,
        "RMSE(bins)": 0.04585124712748381,
        "ICI": 0.029077451783912137
    },
    "user": 19128,
    "size": 12045
}