{
    "metrics": {
        "RMSE": 0.28846212432789753,
        "LogLoss": 0.29866106845168006,
        "RMSE(bins)": 0.06699428016462737,
        "ICI": 0.03048960282167073
    },
    "user": 1916,
    "size": 2660,
    "weights": [
        0.2162,
        0.6267,
        0.1551,
        0.6753,
        -0.1008,
        0.6948,
        0.2084,
        0.688,
        0.8682
    ]
}