{
    "metrics": {
        "RMSE": 0.3043561019537355,
        "LogLoss": 0.3309342692970861,
        "RMSE(bins)": 0.05208912101433846,
        "ICI": 0.012153708241283695
    },
    "user": 19217,
    "size": 87585,
    "weights": [
        0.685,
        -0.1999,
        0.1792,
        0.172,
        -0.5651,
        0.9062,
        -0.5488,
        0.7611,
        1.5172
    ]
}