{
    "metrics": {
        "RMSE": 0.2833747763861071,
        "LogLoss": 0.2968165721169032,
        "RMSE(bins)": 0.02682671708552638,
        "ICI": 0.01869357818090602
    },
    "user": 19251,
    "size": 43730,
    "weights": [
        0.9876,
        0.3738,
        0.1585,
        0.4772,
        -0.6523,
        0.7909,
        -0.3085,
        0.6457,
        1.5415
    ]
}