{
    "metrics": {
        "RMSE": 0.23030297339552167,
        "LogLoss": 0.2269458254660798,
        "RMSE(bins)": 0.058533313946678545,
        "ICI": 0.04117712704298571
    },
    "user": 19369,
    "size": 8385
}