{
    "metrics": {
        "RMSE": 0.33898925270238717,
        "LogLoss": 0.3867612178868665,
        "RMSE(bins)": 0.13153449430908437,
        "ICI": 0.0759915510332533
    },
    "user": 19377,
    "size": 2900
}