{
    "metrics": {
        "RMSE": 0.23986441846376336,
        "LogLoss": 0.22608633239360815,
        "RMSE(bins)": 0.03265882798086057,
        "ICI": 0.007532581029225623
    },
    "user": 19397,
    "size": 182110,
    "weights": [
        0.9413,
        -0.9193,
        -0.2094,
        0.5568,
        -0.5319,
        1.1432,
        -0.9885,
        0.8919,
        2.5866
    ]
}