{
    "metrics": {
        "RMSE": 0.3912286731555752,
        "LogLoss": 0.47506408240609144,
        "RMSE(bins)": 0.07397921174194286,
        "ICI": 0.02626291861445731
    },
    "user": 19474,
    "size": 664140,
    "weights": [
        0.4669,
        0.2398,
        0.6971,
        -0.0594,
        -0.3175,
        0.7311,
        -2.0572,
        2.0719,
        1.4618
    ]
}