{
    "metrics": {
        "RMSE": 0.15600399499244147,
        "LogLoss": 0.13367651775439324,
        "RMSE(bins)": 0.058316407376144797,
        "ICI": 0.04854230551631608
    },
    "user": 19635,
    "size": 32470
}