{
    "metrics": {
        "RMSE": 0.30958900812412016,
        "LogLoss": 0.34357200693802376,
        "RMSE(bins)": 0.04330038001903432,
        "ICI": 0.02690269348284299
    },
    "user": 19789,
    "size": 95020
}