{
    "metrics": {
        "RMSE": 0.20587107786664474,
        "LogLoss": 0.203626646364891,
        "RMSE(bins)": 0.03711536674111037,
        "ICI": 0.03143803357495155
    },
    "user": 19783,
    "size": 15155
}