{
    "metrics": {
        "RMSE": 0.34252046371302053,
        "LogLoss": 0.3980151799429031,
        "RMSE(bins)": 0.09584435532880275,
        "ICI": 0.031506476818960405
    },
    "user": 19803,
    "size": 520,
    "weights": [
        0.148,
        0.5505,
        0.059,
        0.5367,
        -0.2115,
        0.5083,
        0.0303,
        0.4164,
        0.7253
    ]
}