{
    "metrics": {
        "RMSE": 0.3591045968851927,
        "LogLoss": 0.4241202280354642,
        "RMSE(bins)": 0.0168410964807577,
        "ICI": 0.008910547240889776
    },
    "user": 19836,
    "size": 205490
}