{
    "metrics": {
        "RMSE": 0.3018620896021065,
        "LogLoss": 0.34446602804043364,
        "RMSE(bins)": 0.10279317031188193,
        "ICI": 0.041754911252235266
    },
    "user": 19936,
    "size": 10005
}