{
    "metrics": {
        "RMSE": 0.1698554559714392,
        "LogLoss": 0.1443586379338918,
        "RMSE(bins)": 0.05042696966171571,
        "ICI": 0.04231324077652265
    },
    "user": 19965,
    "size": 15525
}