{
    "metrics": {
        "RMSE": 0.36110528494443056,
        "LogLoss": 0.41838450101706154,
        "RMSE(bins)": 0.07005467254810577,
        "ICI": 0.03575364914752043
    },
    "user": 206,
    "size": 21535
}