{
    "metrics": {
        "RMSE": 0.17080507224080166,
        "LogLoss": 0.1318590015774928,
        "RMSE(bins)": 0.028725168014509323,
        "ICI": 0.012552950659372602
    },
    "user": 2072,
    "size": 12455,
    "weights": [
        0.8598,
        1.1597,
        0.7669,
        1.2966,
        0.1169,
        0.8744,
        0.3394,
        0.7445,
        1.1729
    ]
}