{
    "metrics": {
        "RMSE": 0.3236850799232541,
        "LogLoss": 0.34900489872166357,
        "RMSE(bins)": 0.08606270859658019,
        "ICI": 0.02266845528981861
    },
    "user": 2145,
    "size": 2945,
    "weights": [
        0.3914,
        0.6148,
        0.0444,
        0.7563,
        -0.2485,
        0.6662,
        -0.0198,
        0.597,
        0.6701
    ]
}