{
    "metrics": {
        "RMSE": 0.3708325244327618,
        "LogLoss": 0.440946824868057,
        "RMSE(bins)": 0.11350809805147563,
        "ICI": 0.07598887383158927
    },
    "user": 2164,
    "size": 3060,
    "weights": [
        -0.142,
        0.6833,
        -0.0993,
        0.6935,
        -0.313,
        0.5777,
        -0.0952,
        0.4282,
        0.6051
    ]
}