{
    "metrics": {
        "RMSE": 0.44939527130692297,
        "LogLoss": 0.5938982953655336,
        "RMSE(bins)": 0.10322245892344396,
        "ICI": 0.06870118445723615
    },
    "user": 218,
    "size": 1840
}