{
    "metrics": {
        "RMSE": 0.24141867842448544,
        "LogLoss": 0.23127851633440194,
        "RMSE(bins)": 0.05326357644674416,
        "ICI": 0.02746488598562112
    },
    "user": 2181,
    "size": 3540,
    "weights": [
        0.3531,
        0.6329,
        0.5374,
        0.9139,
        0.3656,
        1.0572,
        0.3953,
        0.7695,
        1.1765
    ]
}