{
    "metrics": {
        "RMSE": 0.3145721176899224,
        "LogLoss": 0.3553912739777122,
        "RMSE(bins)": 0.07373268949454599,
        "ICI": 0.05227578412039259
    },
    "user": 2209,
    "size": 9120
}