{
    "metrics": {
        "RMSE": 0.2911834201796945,
        "LogLoss": 0.3128250377409612,
        "RMSE(bins)": 0.029165282075720823,
        "ICI": 0.022339279555873302
    },
    "user": 2278,
    "size": 46610,
    "weights": [
        0.4117,
        2.4533,
        -0.7309,
        0.0855,
        -0.4487,
        0.5814,
        -0.1318,
        0.571,
        2.1784
    ]
}