{
    "metrics": {
        "RMSE": 0.4536695012802797,
        "LogLoss": 0.5957333213919626,
        "RMSE(bins)": 0.14657201386881863,
        "ICI": 0.03258961038234622
    },
    "user": 2432,
    "size": 1495,
    "weights": [
        0.2549,
        0.7597,
        -0.0896,
        0.5054,
        -0.3634,
        0.3827,
        -0.1338,
        0.2823,
        0.5579
    ]
}