{
    "metrics": {
        "RMSE": 0.13002218314436964,
        "LogLoss": 0.10413447038818566,
        "RMSE(bins)": 0.07857216964264346,
        "ICI": 0.06322153219863852
    },
    "user": 244,
    "size": 3805
}