{
    "metrics": {
        "RMSE": 0.35503531784951015,
        "LogLoss": 0.4177356802076264,
        "RMSE(bins)": 0.031156502422020123,
        "ICI": 0.016108314185295812
    },
    "user": 2503,
    "size": 27265
}