{
    "metrics": {
        "RMSE": 0.2286345147080327,
        "LogLoss": 0.21355588868902048,
        "RMSE(bins)": 0.06481456837663262,
        "ICI": 0.03988041827177489
    },
    "user": 2702,
    "size": 5040
}