{
    "metrics": {
        "RMSE": 0.27952323500669096,
        "LogLoss": 0.2876596214314773,
        "RMSE(bins)": 0.06937562009828337,
        "ICI": 0.03319520370634812
    },
    "user": 2856,
    "size": 28490,
    "weights": [
        -0.4116,
        0.2776,
        -0.5243,
        0.4112,
        -0.5775,
        0.6401,
        -0.1764,
        0.6251,
        1.6845
    ]
}