{
    "metrics": {
        "RMSE": 0.35876625757613295,
        "LogLoss": 0.4126339242090568,
        "RMSE(bins)": 0.23685569824805008,
        "ICI": 0.12832218060752582
    },
    "user": 2905,
    "size": 13655
}