{
    "metrics": {
        "RMSE": 0.16514890325538598,
        "LogLoss": 0.12590537028865487,
        "RMSE(bins)": 0.047910602215416945,
        "ICI": 0.017286969999102
    },
    "user": 2939,
    "size": 8355,
    "weights": [
        -0.1209,
        0.4993,
        -0.2448,
        0.489,
        -0.2551,
        0.7832,
        0.4247,
        0.9702,
        1.016
    ]
}