{
    "metrics": {
        "RMSE": 0.2448260137296015,
        "LogLoss": 0.21929779443399847,
        "RMSE(bins)": 0.07637642565321286,
        "ICI": 0.017991706552508202
    },
    "user": 2947,
    "size": 102960,
    "weights": [
        1.2223,
        -0.2477,
        0.1446,
        0.502,
        0.047,
        1.422,
        -0.7736,
        0.4854,
        1.5424
    ]
}