{
    "metrics": {
        "RMSE": 0.2319771181419086,
        "LogLoss": 0.21363029187868,
        "RMSE(bins)": 0.09436265648687935,
        "ICI": 0.05997358653113961
    },
    "user": 3212,
    "size": 29525
}