{
    "metrics": {
        "RMSE": 0.3312053151279241,
        "LogLoss": 0.42478507405697863,
        "RMSE(bins)": 0.09795903918193721,
        "ICI": 0.08017176711440102
    },
    "user": 3506,
    "size": 10330
}