{
    "metrics": {
        "RMSE": 0.224603981510921,
        "LogLoss": 0.20974101473113468,
        "RMSE(bins)": 0.07212056783124808,
        "ICI": 0.01948113901673671
    },
    "user": 3527,
    "size": 69610,
    "weights": [
        0.3804,
        0.3768,
        -0.2846,
        0.6324,
        -0.4534,
        0.7938,
        -0.3764,
        0.6649,
        2.1027
    ]
}