{
    "metrics": {
        "RMSE": 0.13929692000675786,
        "LogLoss": 0.10072176436008967,
        "RMSE(bins)": 0.03930702148515112,
        "ICI": 0.02813502598652765
    },
    "user": 3602,
    "size": 5480,
    "weights": [
        0.5583,
        0.939,
        0.2851,
        0.7767,
        0.2059,
        0.9378,
        0.3579,
        0.7571,
        1.1326
    ]
}