{
    "metrics": {
        "RMSE": 0.4784283087455524,
        "LogLoss": 0.6501826300846555,
        "RMSE(bins)": 0.17146498002325283,
        "ICI": 0.1107431526962868
    },
    "user": 3611,
    "size": 470
}