{
    "metrics": {
        "RMSE": 0.33448371322252063,
        "LogLoss": 0.37408459519371656,
        "RMSE(bins)": 0.03055192133616924,
        "ICI": 0.007103079788933428
    },
    "user": 3699,
    "size": 7710
}