{
    "metrics": {
        "RMSE": 0.3367998163700889,
        "LogLoss": 0.3788210057706743,
        "RMSE(bins)": 0.025179546216569926,
        "ICI": 0.018032118158032656
    },
    "user": 3751,
    "size": 101185,
    "weights": [
        0.6387,
        0.7246,
        -0.2587,
        0.7143,
        -1.1263,
        1.0421,
        -0.989,
        0.8377,
        2.6616
    ]
}