{
    "metrics": {
        "RMSE": 0.40748556203219416,
        "LogLoss": 0.5057484482659169,
        "RMSE(bins)": 0.1368420404970645,
        "ICI": 0.05316026441032271
    },
    "user": 38,
    "size": 38300,
    "weights": [
        0.5847,
        -0.3504,
        0.8539,
        0.168,
        -0.3278,
        0.8267,
        -1.239,
        1.6041,
        1.0155
    ]
}