{
    "metrics": {
        "RMSE": 0.19564957117324505,
        "LogLoss": 0.16183507746888917,
        "RMSE(bins)": 0.014296069986039491,
        "ICI": 0.0044182364133086936
    },
    "user": 381,
    "size": 36940,
    "weights": [
        0.1185,
        0.2537,
        0.1156,
        0.4027,
        -0.1749,
        0.5487,
        0.0625,
        0.5186,
        1.6346
    ]
}