{
    "metrics": {
        "RMSE": 0.0980105027802006,
        "LogLoss": 0.05964648098256397,
        "RMSE(bins)": 0.02758633491884437,
        "ICI": 0.014919035181906116
    },
    "user": 3875,
    "size": 12860
}