{
    "metrics": {
        "RMSE": 0.19179483256378793,
        "LogLoss": 0.1722322586635221,
        "RMSE(bins)": 0.017474123824250655,
        "ICI": 0.014393496642807228
    },
    "user": 396,
    "size": 223155
}