{
    "metrics": {
        "RMSE": 0.1917035979753753,
        "LogLoss": 0.1763713638224414,
        "RMSE(bins)": 0.07509549430359745,
        "ICI": 0.02854894061272261
    },
    "user": 4169,
    "size": 148305,
    "weights": [
        -1.1883,
        -0.0374,
        -0.9426,
        -0.1342,
        -0.365,
        0.6887,
        -0.5185,
        0.1483,
        4.4906
    ]
}