{
    "metrics": {
        "RMSE": 0.2426706840937679,
        "LogLoss": 0.22822153808601953,
        "RMSE(bins)": 0.032037541755941215,
        "ICI": 0.02424431407999135
    },
    "user": 4250,
    "size": 45480
}