{
    "metrics": {
        "RMSE": 0.24380148849418665,
        "LogLoss": 0.24331979585142124,
        "RMSE(bins)": 0.22294108813542746,
        "ICI": 0.17948337514726395
    },
    "user": 4275,
    "size": 3455
}