{
    "metrics": {
        "RMSE": 0.29727066331687485,
        "LogLoss": 0.340302918731015,
        "RMSE(bins)": 0.09726798423605698,
        "ICI": 0.08206043176905174
    },
    "user": 4303,
    "size": 133225
}