{
    "metrics": {
        "RMSE": 0.24650930577393126,
        "LogLoss": 0.2441658759838497,
        "RMSE(bins)": 0.037413940914718134,
        "ICI": 0.022666509543228703
    },
    "user": 4426,
    "size": 14500,
    "weights": [
        0.3015,
        0.7475,
        -0.1054,
        0.3773,
        -0.2221,
        0.5863,
        0.0362,
        0.5251,
        1.3574
    ]
}