{
    "metrics": {
        "RMSE": 0.39236117746844457,
        "LogLoss": 0.4816654597541971,
        "RMSE(bins)": 0.0916685685548015,
        "ICI": 0.023338078594533122
    },
    "user": 4428,
    "size": 106565,
    "weights": [
        0.329,
        -0.1541,
        0.495,
        -0.1513,
        -0.5266,
        1.0759,
        -1.1545,
        1.2698,
        1.2805
    ]
}