{
    "metrics": {
        "RMSE": 0.19284418407902598,
        "LogLoss": 0.17202506259654282,
        "RMSE(bins)": 0.08073931758357956,
        "ICI": 0.05365275161888589
    },
    "user": 4545,
    "size": 4340
}