{
    "metrics": {
        "RMSE": 0.4903449901627536,
        "LogLoss": 0.6712469511553041,
        "RMSE(bins)": 0.14957356222284204,
        "ICI": 0.10502188407184465
    },
    "user": 4585,
    "size": 1380,
    "weights": [
        -0.017,
        0.5395,
        -0.1026,
        0.4385,
        -0.3767,
        0.4016,
        -0.1348,
        0.3097,
        0.5593
    ]
}