{
    "metrics": {
        "RMSE": 0.2838541246957378,
        "LogLoss": 0.42623441246441723,
        "RMSE(bins)": 0.0687959661206807,
        "ICI": 0.06969610759115268
    },
    "user": 4624,
    "size": 51880
}