{
    "metrics": {
        "RMSE": 0.4808563508774834,
        "LogLoss": 0.6605873807336671,
        "RMSE(bins)": 0.1414241718347724,
        "ICI": 0.09301962976506446
    },
    "user": 4721,
    "size": 25035
}