{
    "metrics": {
        "RMSE": 0.3028161177040473,
        "LogLoss": 0.34155049479681354,
        "RMSE(bins)": 0.09142745441522036,
        "ICI": 0.05933635872934252
    },
    "user": 4759,
    "size": 6945
}