{
    "metrics": {
        "RMSE": 0.5265237934096828,
        "LogLoss": 0.8136622114911861,
        "RMSE(bins)": 0.23976922603583875,
        "ICI": 0.17461420038355344
    },
    "user": 487,
    "size": 3815
}