{
    "metrics": {
        "RMSE": 0.26042982965947564,
        "LogLoss": 0.25167014683037914,
        "RMSE(bins)": 0.02036991452939449,
        "ICI": 0.010518131633290573
    },
    "user": 4871,
    "size": 70725,
    "weights": [
        1.2537,
        -0.5255,
        0.8506,
        0.0741,
        0.1009,
        0.9824,
        -0.4041,
        1.0124,
        0.6761
    ]
}