{
    "metrics": {
        "RMSE": 0.4051717104150828,
        "LogLoss": 0.5185476823891638,
        "RMSE(bins)": 0.09766222944583197,
        "ICI": 0.08263001392320224
    },
    "user": 4921,
    "size": 5760
}