{
    "metrics": {
        "RMSE": 0.20115532101553246,
        "LogLoss": 0.174896691277698,
        "RMSE(bins)": 0.04975957113892694,
        "ICI": 0.01665946848339588
    },
    "user": 4958,
    "size": 105250,
    "weights": [
        0.51,
        0.259,
        0.0152,
        0.1484,
        -0.4086,
        0.9615,
        -0.4293,
        0.7349,
        1.742
    ]
}