{
    "metrics": {
        "RMSE": 0.4383451577781893,
        "LogLoss": 0.5573050902542986,
        "RMSE(bins)": 0.18025206685089726,
        "ICI": 0.11279758734500106
    },
    "user": 504,
    "size": 2205
}