{
    "metrics": {
        "RMSE": 0.19573640872337011,
        "LogLoss": 0.15391816272535086,
        "RMSE(bins)": 0.030799936875546198,
        "ICI": 0.005806556402350054
    },
    "user": 5046,
    "size": 2375,
    "weights": [
        0.4919,
        0.8867,
        0.3575,
        0.8398,
        0.123,
        0.856,
        0.3665,
        0.7655,
        1.0708
    ]
}