{
    "metrics": {
        "RMSE": 0.2666614882429212,
        "LogLoss": 0.2654656872364085,
        "RMSE(bins)": 0.03885503166086261,
        "ICI": 0.008326724829124915
    },
    "user": 5153,
    "size": 122435,
    "weights": [
        0.0479,
        0.0132,
        0.455,
        -0.3185,
        -0.5461,
        1.0508,
        -1.4334,
        1.1485,
        2.807
    ]
}