{
    "metrics": {
        "RMSE": 0.286992114950907,
        "LogLoss": 0.30355769925136045,
        "RMSE(bins)": 0.05531909038047925,
        "ICI": 0.03232581280933774
    },
    "user": 5274,
    "size": 5900
}