{
    "metrics": {
        "RMSE": 0.3582868791137465,
        "LogLoss": 0.4184675634190929,
        "RMSE(bins)": 0.0697804330362746,
        "ICI": 0.02855666810336715
    },
    "user": 5297,
    "size": 7220,
    "weights": [
        0.8146,
        0.5635,
        0.4715,
        0.8068,
        -0.0623,
        0.7907,
        -0.1933,
        0.2756,
        0.8296
    ]
}