{
    "metrics": {
        "RMSE": 0.3893442562512464,
        "LogLoss": 0.48104529697925097,
        "RMSE(bins)": 0.04509372838569781,
        "ICI": 0.028210993090544277
    },
    "user": 5364,
    "size": 2555,
    "weights": [
        0.5397,
        0.4804,
        0.1028,
        0.4264,
        -0.1666,
        0.5281,
        -0.008,
        0.39,
        0.6776
    ]
}