{
    "metrics": {
        "RMSE": 0.08318131963890384,
        "LogLoss": 0.03928125475909747,
        "RMSE(bins)": 0.02090066944986607,
        "ICI": 0.009624663653260652
    },
    "user": 5511,
    "size": 11505,
    "weights": [
        -0.3187,
        0.6374,
        -0.2507,
        0.6224,
        -0.0379,
        0.9963,
        0.7761,
        1.2911,
        1.4445
    ]
}