{
    "metrics": {
        "RMSE": 0.36288561552235676,
        "LogLoss": 0.4453240905376744,
        "RMSE(bins)": 0.05122928682417955,
        "ICI": 0.03857879214046265
    },
    "user": 5566,
    "size": 10385
}