{
    "metrics": {
        "RMSE": 0.2925560591622717,
        "LogLoss": 0.3137429116572378,
        "RMSE(bins)": 0.03638939114563438,
        "ICI": 0.024516807288236055
    },
    "user": 5570,
    "size": 41030
}