{
    "metrics": {
        "RMSE": 0.34102373645189366,
        "LogLoss": 0.39570506866417576,
        "RMSE(bins)": 0.1015690138016463,
        "ICI": 0.02234717111665878
    },
    "user": 5616,
    "size": 3490,
    "weights": [
        0.1987,
        0.4049,
        0.1062,
        0.5314,
        -0.1761,
        0.564,
        -0.0362,
        0.4335,
        0.8818
    ]
}