{
    "metrics": {
        "RMSE": 0.15113416273102798,
        "LogLoss": 0.1230667720475351,
        "RMSE(bins)": 0.04016702032529462,
        "ICI": 0.027124201253817155
    },
    "user": 5735,
    "size": 18075
}