{
    "metrics": {
        "RMSE": 0.18499946337680276,
        "LogLoss": 0.14915418915830636,
        "RMSE(bins)": 0.01994013224798315,
        "ICI": 0.013769964702615652
    },
    "user": 5737,
    "size": 80325
}