{
    "metrics": {
        "RMSE": 0.4995124198111803,
        "LogLoss": 0.7280710749179139,
        "RMSE(bins)": 0.16229616317429,
        "ICI": 0.14211627033479768
    },
    "user": 5756,
    "size": 26130
}