{
    "metrics": {
        "RMSE": 0.330472274825608,
        "LogLoss": 0.3824910005908786,
        "RMSE(bins)": 0.043740898398262826,
        "ICI": 0.032611724073905016
    },
    "user": 5777,
    "size": 32405
}