{
    "metrics": {
        "RMSE": 0.3387105910968455,
        "LogLoss": 0.3942520860396857,
        "RMSE(bins)": 0.040102492742960384,
        "ICI": 0.03114288955313334
    },
    "user": 5781,
    "size": 163825,
    "weights": [
        0.5347,
        -0.3615,
        0.4994,
        -0.4013,
        -0.2535,
        0.7274,
        -0.8275,
        0.89,
        1.633
    ]
}