{
    "metrics": {
        "RMSE": 0.34796026790289236,
        "LogLoss": 0.39873810912419677,
        "RMSE(bins)": 0.03758130983647677,
        "ICI": 0.02180886411577532
    },
    "user": 6003,
    "size": 7545
}