{
    "metrics": {
        "RMSE": 0.30162496159157065,
        "LogLoss": 0.3312699360953246,
        "RMSE(bins)": 0.04011367334812796,
        "ICI": 0.024966922272138106
    },
    "user": 6014,
    "size": 37375
}