{
    "metrics": {
        "RMSE": 0.4308269826122966,
        "LogLoss": 0.5561700752742755,
        "RMSE(bins)": 0.0463675761435653,
        "ICI": 0.017069845681801546
    },
    "user": 6032,
    "size": 2605,
    "weights": [
        -0.2245,
        0.1109,
        -0.1781,
        0.271,
        -0.2615,
        0.4668,
        -0.0054,
        0.3904,
        0.5331
    ]
}