{
    "metrics": {
        "RMSE": 0.40470333433605743,
        "LogLoss": 0.5045052114366301,
        "RMSE(bins)": 0.04720560479231867,
        "ICI": 0.033944519411254585
    },
    "user": 6057,
    "size": 7515
}