{
    "metrics": {
        "RMSE": 0.42815739720287493,
        "LogLoss": 0.5501006701607265,
        "RMSE(bins)": 0.13181856993612018,
        "ICI": 0.04354744208642416
    },
    "user": 6154,
    "size": 97480,
    "weights": [
        0.6406,
        -0.2745,
        0.6269,
        -0.0392,
        -0.3848,
        1.1223,
        -1.1048,
        1.2363,
        1.0244
    ]
}