{
    "metrics": {
        "RMSE": 0.45323972616428254,
        "LogLoss": 0.5911062149433324,
        "RMSE(bins)": 0.19597485901359105,
        "ICI": 0.12360006354101954
    },
    "user": 6314,
    "size": 10125,
    "weights": [
        0.5997,
        1.0586,
        0.6167,
        1.3313,
        -0.0698,
        1.0911,
        -0.4266,
        0.0749,
        0.3133
    ]
}