{
    "metrics": {
        "RMSE": 0.27417720015095765,
        "LogLoss": 0.27528955993774096,
        "RMSE(bins)": 0.03342357009332903,
        "ICI": 0.010888297466838313
    },
    "user": 6332,
    "size": 120955
}