{
    "metrics": {
        "RMSE": 0.3802893200896306,
        "LogLoss": 0.45238851357214444,
        "RMSE(bins)": 0.038760602689500344,
        "ICI": 0.021244702038177507
    },
    "user": 6607,
    "size": 123050
}