{
    "metrics": {
        "RMSE": 0.46682008075934445,
        "LogLoss": 0.6241329816203302,
        "RMSE(bins)": 0.17648045856884106,
        "ICI": 0.08659864281263711
    },
    "user": 6634,
    "size": 13665,
    "weights": [
        0.4396,
        1.6958,
        0.1391,
        0.4947,
        -0.2996,
        0.5718,
        -0.2263,
        0.3405,
        0.638
    ]
}