{
    "metrics": {
        "RMSE": 0.43940776462939446,
        "LogLoss": 0.5712644704553108,
        "RMSE(bins)": 0.04241182032951056,
        "ICI": 0.03502092613472518
    },
    "user": 6657,
    "size": 193685
}