{
    "metrics": {
        "RMSE": 0.4632842504037855,
        "LogLoss": 0.617474390109298,
        "RMSE(bins)": 0.136576654566914,
        "ICI": 0.060912031335362826
    },
    "user": 6829,
    "size": 440
}