{
    "metrics": {
        "RMSE": 0.3973516324423395,
        "LogLoss": 0.4904928313341053,
        "RMSE(bins)": 0.15252205166591007,
        "ICI": 0.039902824840619446
    },
    "user": 6835,
    "size": 9880,
    "weights": [
        0.399,
        0.5772,
        0.0056,
        0.918,
        -0.042,
        1.1962,
        -0.368,
        0.2479,
        0.8026
    ]
}