{
    "metrics": {
        "RMSE": 0.3881172596404311,
        "LogLoss": 0.47921201207939074,
        "RMSE(bins)": 0.08523526575459223,
        "ICI": 0.03346669599477585
    },
    "user": 70,
    "size": 26540,
    "weights": [
        0.2341,
        0.1208,
        -0.21,
        0.6282,
        -0.6115,
        0.596,
        -0.3937,
        0.4107,
        1.6209
    ]
}