{
    "metrics": {
        "RMSE": 0.43921768578090853,
        "LogLoss": 0.5687510664214174,
        "RMSE(bins)": 0.08520023437343928,
        "ICI": 0.049439253242909195
    },
    "user": 7031,
    "size": 2910,
    "weights": [
        0.1187,
        0.7533,
        -0.0033,
        0.6596,
        -0.2877,
        0.5912,
        -0.147,
        0.3516,
        0.5451
    ]
}