{
    "metrics": {
        "RMSE": 0.17416468963496676,
        "LogLoss": 0.15336539452673886,
        "RMSE(bins)": 0.05075784350763041,
        "ICI": 0.04707724664399162
    },
    "user": 7066,
    "size": 3810,
    "weights": [
        0.5504,
        1.0274,
        0.458,
        0.9605,
        0.2365,
        1.022,
        0.7151,
        1.1152,
        1.4057
    ]
}