{
    "metrics": {
        "RMSE": 0.4380904071193894,
        "LogLoss": 0.5696453650095638,
        "RMSE(bins)": 0.07830348442026097,
        "ICI": 0.06432106671052902
    },
    "user": 7094,
    "size": 117360
}