{
    "metrics": {
        "RMSE": 0.1997603768323661,
        "LogLoss": 0.17464547813851464,
        "RMSE(bins)": 0.02322789148970288,
        "ICI": 0.01921789044757929
    },
    "user": 7192,
    "size": 51495,
    "weights": [
        -0.1806,
        0.7252,
        -0.4233,
        0.5517,
        -0.4702,
        0.6882,
        -0.114,
        0.7532,
        1.8352
    ]
}