{
    "metrics": {
        "RMSE": 0.19427813274956654,
        "LogLoss": 0.1731339003515577,
        "RMSE(bins)": 0.05184420750621182,
        "ICI": 0.019914556786472828
    },
    "user": 7270,
    "size": 10265,
    "weights": [
        0.218,
        0.5357,
        0.212,
        0.82,
        0.1699,
        0.988,
        0.5262,
        0.968,
        1.3883
    ]
}