{
    "metrics": {
        "RMSE": 0.23285855417845922,
        "LogLoss": 0.2181253076871673,
        "RMSE(bins)": 0.23115230595594105,
        "ICI": 0.180753721651186
    },
    "user": 7282,
    "size": 3895
}