{
    "metrics": {
        "RMSE": 0.46897931785993474,
        "LogLoss": 0.6316629948501703,
        "RMSE(bins)": 0.03798415194330454,
        "ICI": 0.022725820966350695
    },
    "user": 737,
    "size": 22375,
    "weights": [
        -0.2727,
        1.037,
        0.0755,
        0.4465,
        -0.3476,
        0.4982,
        -0.3363,
        0.2956,
        0.8254
    ]
}