{
    "metrics": {
        "RMSE": 0.09501736077841798,
        "LogLoss": 0.0654787286191261,
        "RMSE(bins)": 0.03904630380261384,
        "ICI": 0.018582186110836552
    },
    "user": 7402,
    "size": 3715,
    "weights": [
        0.403,
        0.7868,
        0.134,
        0.5885,
        0.102,
        0.8301,
        0.5493,
        0.9329,
        1.2927
    ]
}