{
    "metrics": {
        "RMSE": 0.4484533971187028,
        "LogLoss": 0.5888726148475973,
        "RMSE(bins)": 0.04812178710693994,
        "ICI": 0.02962707596197639
    },
    "user": 7420,
    "size": 3700,
    "weights": [
        0.3635,
        0.5886,
        0.0245,
        0.5979,
        -0.2136,
        0.6578,
        -0.1932,
        0.2888,
        0.5966
    ]
}