{
    "metrics": {
        "RMSE": 0.31819707116549356,
        "LogLoss": 0.35729240370331256,
        "RMSE(bins)": 0.04814567875563408,
        "ICI": 0.03580988059948179
    },
    "user": 7479,
    "size": 12965
}