{
    "metrics": {
        "RMSE": 0.304586391397188,
        "LogLoss": 0.33199671865152103,
        "RMSE(bins)": 0.025274644645079208,
        "ICI": 0.015511243178042615
    },
    "user": 7491,
    "size": 94920
}