{
    "metrics": {
        "RMSE": 0.27856416358408886,
        "LogLoss": 0.30458336135771646,
        "RMSE(bins)": 0.05195429980904275,
        "ICI": 0.0391857238862549
    },
    "user": 7520,
    "size": 16375
}