{
    "metrics": {
        "RMSE": 0.40914820498778226,
        "LogLoss": 0.5132273993615747,
        "RMSE(bins)": 0.131793096695844,
        "ICI": 0.06586818248000159
    },
    "user": 7556,
    "size": 29380,
    "weights": [
        -0.0286,
        0.1717,
        0.3976,
        0.2195,
        0.074,
        1.1023,
        -0.4807,
        0.6359,
        0.735
    ]
}