{
    "metrics": {
        "RMSE": 0.3774943335361275,
        "LogLoss": 0.4566183808793492,
        "RMSE(bins)": 0.023199501298783367,
        "ICI": 0.014443045075379909
    },
    "user": 7568,
    "size": 175550
}