{
    "metrics": {
        "RMSE": 0.09916212927051171,
        "LogLoss": 0.06669769674176722,
        "RMSE(bins)": 0.024841128743350066,
        "ICI": 0.01090034847018963
    },
    "user": 7798,
    "size": 10350,
    "weights": [
        0.0617,
        0.7081,
        0.0429,
        0.6383,
        -0.0585,
        0.6926,
        0.5934,
        0.994,
        1.4086
    ]
}