{
    "metrics": {
        "RMSE": 0.45621376763193955,
        "LogLoss": 0.6108082779166708,
        "RMSE(bins)": 0.09827732161517434,
        "ICI": 0.06833900073703267
    },
    "user": 795,
    "size": 3700
}