{
    "metrics": {
        "RMSE": 0.36450405420707516,
        "LogLoss": 0.43401199889005776,
        "RMSE(bins)": 0.058165961665899414,
        "ICI": 0.025403103621675797
    },
    "user": 7966,
    "size": 5080
}