{
    "metrics": {
        "RMSE": 0.3797577988770499,
        "LogLoss": 0.45470376468730406,
        "RMSE(bins)": 0.13948713457861187,
        "ICI": 0.06534696223164554
    },
    "user": 80,
    "size": 14465,
    "weights": [
        0.6296,
        0.9754,
        0.3551,
        0.7262,
        -0.1515,
        0.971,
        -0.4197,
        1.0874,
        0.3285
    ]
}