{
    "metrics": {
        "RMSE": 0.3151916768461988,
        "LogLoss": 0.3482517627632782,
        "RMSE(bins)": 0.026828233003068032,
        "ICI": 0.008440149790654175
    },
    "user": 8011,
    "size": 161835,
    "weights": [
        -0.2579,
        -0.0493,
        -0.0974,
        0.1607,
        -0.6619,
        0.4334,
        -0.4449,
        0.5661,
        2.3543
    ]
}