{
    "metrics": {
        "RMSE": 0.4483345585210671,
        "LogLoss": 0.5900143599489075,
        "RMSE(bins)": 0.067139900916578,
        "ICI": 0.05112955921193923
    },
    "user": 8040,
    "size": 8945
}