{
    "metrics": {
        "RMSE": 0.29847081759888,
        "LogLoss": 0.31777536194189526,
        "RMSE(bins)": 0.05902211465139009,
        "ICI": 0.05078344097259471
    },
    "user": 8087,
    "size": 38320
}