{
    "metrics": {
        "RMSE": 0.3878572502799017,
        "LogLoss": 0.4717193509215416,
        "RMSE(bins)": 0.06732175353275412,
        "ICI": 0.010187876393762445
    },
    "user": 8143,
    "size": 103600,
    "weights": [
        0.9163,
        -0.3834,
        0.4015,
        0.2399,
        -0.5917,
        1.0491,
        -0.8655,
        1.0042,
        0.869
    ]
}