{
    "metrics": {
        "RMSE": 0.4844574318844964,
        "LogLoss": 0.660966749632537,
        "RMSE(bins)": 0.08841178183190948,
        "ICI": 0.05947203596394777
    },
    "user": 8231,
    "size": 1505
}