{
    "metrics": {
        "RMSE": 0.47232096147317754,
        "LogLoss": 0.6366252878617583,
        "RMSE(bins)": 0.09450532298557258,
        "ICI": 0.05929321823316573
    },
    "user": 8231,
    "size": 1505,
    "weights": [
        0.0027,
        0.5999,
        -0.069,
        0.4146,
        -0.3408,
        0.3898,
        -0.099,
        0.2979,
        0.5903
    ]
}