{
    "metrics": {
        "RMSE": 0.2045662338977197,
        "LogLoss": 0.18614105231338196,
        "RMSE(bins)": 0.056499843550828786,
        "ICI": 0.030495355488853033
    },
    "user": 8259,
    "size": 6095,
    "weights": [
        -0.1941,
        0.221,
        -0.2557,
        0.3613,
        -0.1998,
        0.581,
        0.32,
        0.7348,
        0.9793
    ]
}