{
    "metrics": {
        "RMSE": 0.13100534780697976,
        "LogLoss": 0.08775793464878262,
        "RMSE(bins)": 0.01992039541113795,
        "ICI": 0.007609632220979541
    },
    "user": 8284,
    "size": 34350,
    "weights": [
        1.3186,
        1.7411,
        0.5493,
        1.0764,
        0.2044,
        1.1018,
        0.2971,
        0.7455,
        1.3686
    ]
}