{
    "metrics": {
        "RMSE": 0.4673940764900403,
        "LogLoss": 0.6272435664461422,
        "RMSE(bins)": 0.09001751355533649,
        "ICI": 0.04322703806298012
    },
    "user": 8295,
    "size": 2190
}