{
    "metrics": {
        "RMSE": 0.4192504245165318,
        "LogLoss": 0.5326411528377031,
        "RMSE(bins)": 0.1065544242740726,
        "ICI": 0.03438910469955506
    },
    "user": 8319,
    "size": 188155,
    "weights": [
        0.4305,
        0.074,
        0.3535,
        -0.0824,
        -0.2992,
        1.1547,
        -1.0583,
        1.1135,
        0.5752
    ]
}