{
    "metrics": {
        "RMSE": 0.18098526345690857,
        "LogLoss": 0.15175249963855272,
        "RMSE(bins)": 0.04722231877361797,
        "ICI": 0.014322091981878369
    },
    "user": 8342,
    "size": 3930,
    "weights": [
        0.1344,
        0.7145,
        0.2138,
        0.802,
        0.0367,
        0.838,
        0.3493,
        0.8024,
        1.0917
    ]
}