{
    "metrics": {
        "RMSE": 0.19191628941713268,
        "LogLoss": 0.16378324897668692,
        "RMSE(bins)": 0.03264122354736608,
        "ICI": 0.019582464774424522
    },
    "user": 8452,
    "size": 201915
}