{
    "metrics": {
        "RMSE": 0.3668759796628688,
        "LogLoss": 0.4601670823787754,
        "RMSE(bins)": 0.1057549675311164,
        "ICI": 0.05490098707261981
    },
    "user": 8474,
    "size": 4920
}