{
    "metrics": {
        "RMSE": 0.39788349133219403,
        "LogLoss": 0.4954122469090035,
        "RMSE(bins)": 0.046515750355409696,
        "ICI": 0.034321809846827755
    },
    "user": 8503,
    "size": 45640
}