{
    "metrics": {
        "RMSE": 0.3919206591593822,
        "LogLoss": 0.48527456875781383,
        "RMSE(bins)": 0.05928251096541195,
        "ICI": 0.04053603438836902
    },
    "user": 8552,
    "size": 27530
}