{
    "metrics": {
        "RMSE": 0.28631192703294944,
        "LogLoss": 0.2972502964581468,
        "RMSE(bins)": 0.02056000418927025,
        "ICI": 0.009796393694143077
    },
    "user": 8558,
    "size": 3295,
    "weights": [
        0.5248,
        0.9715,
        0.0437,
        0.5718,
        -0.2175,
        0.5607,
        0.0243,
        0.4688,
        0.9925
    ]
}