{
    "metrics": {
        "RMSE": 0.34720136510232463,
        "LogLoss": 0.3958612007378678,
        "RMSE(bins)": 0.07590383624716701,
        "ICI": 0.025311175412299575
    },
    "user": 8579,
    "size": 2505,
    "weights": [
        0.4882,
        0.7627,
        0.1293,
        0.8319,
        -0.2072,
        0.7992,
        -0.0076,
        0.6948,
        0.8281
    ]
}