{
    "metrics": {
        "RMSE": 0.28584532613972863,
        "LogLoss": 0.2937200987212098,
        "RMSE(bins)": 0.08190205972818208,
        "ICI": 0.028001739296413284
    },
    "user": 8659,
    "size": 3475,
    "weights": [
        -0.1389,
        0.4543,
        -0.2527,
        0.2771,
        -0.443,
        0.4889,
        0.1057,
        0.6297,
        0.6526
    ]
}