{
    "metrics": {
        "RMSE": 0.3756944013201952,
        "LogLoss": 0.4177704769645918,
        "RMSE(bins)": 0.21153516532900335,
        "ICI": 0.11635325326429484
    },
    "user": 87,
    "size": 7750,
    "weights": [
        -0.1033,
        0.91,
        -0.2974,
        0.8633,
        -0.4727,
        0.9776,
        0.0463,
        1.1245,
        0.7465
    ]
}