{
    "metrics": {
        "RMSE": 0.3825790663018047,
        "LogLoss": 0.46315321414238797,
        "RMSE(bins)": 0.10462700670148838,
        "ICI": 0.04778546747151657
    },
    "user": 8763,
    "size": 3590,
    "weights": [
        0.0978,
        0.3611,
        0.0213,
        0.7729,
        -0.2443,
        0.7761,
        -0.152,
        0.4435,
        0.7271
    ]
}