{
    "metrics": {
        "RMSE": 0.3198247011742082,
        "LogLoss": 0.37996342690742063,
        "RMSE(bins)": 0.07142800880475987,
        "ICI": 0.0625520399856876
    },
    "user": 8789,
    "size": 10780
}