{
    "metrics": {
        "RMSE": 0.4077053810422348,
        "LogLoss": 0.5182333035739308,
        "RMSE(bins)": 0.06966467230174876,
        "ICI": 0.04721555682520274
    },
    "user": 8836,
    "size": 5660
}