{
    "metrics": {
        "RMSE": 0.39857485546541294,
        "LogLoss": 0.5123402876187297,
        "RMSE(bins)": 0.10731119594352427,
        "ICI": 0.09358582422835028
    },
    "user": 8842,
    "size": 34895
}