{
    "metrics": {
        "RMSE": 0.2948864337586067,
        "LogLoss": 0.31234293122571655,
        "RMSE(bins)": 0.02876647472847263,
        "ICI": 0.015481664989943808
    },
    "user": 89,
    "size": 50100,
    "weights": [
        0.2048,
        0.5558,
        -0.3254,
        0.6702,
        -0.3107,
        1.1405,
        -0.3177,
        0.8283,
        0.6161
    ]
}