{
    "metrics": {
        "RMSE": 0.022410064424538658,
        "LogLoss": 0.013761664196411151,
        "RMSE(bins)": 0.021934358394732047,
        "ICI": 0.01350003860844347
    },
    "user": 8933,
    "size": 6700,
    "weights": [
        0.5858,
        0.9814,
        0.6685,
        1.1471,
        0.471,
        1.1915,
        0.8787,
        1.2656,
        1.5868
    ]
}