{
    "metrics": {
        "RMSE": 0.2664954412352865,
        "LogLoss": 0.2681273632963264,
        "RMSE(bins)": 0.05356292595765646,
        "ICI": 0.013353975021068503
    },
    "user": 8947,
    "size": 1520,
    "weights": [
        0.4484,
        0.8259,
        0.2408,
        0.6858,
        -0.0385,
        0.6321,
        0.2281,
        0.572,
        0.9451
    ]
}