{
    "metrics": {
        "RMSE": 0.3792433109042237,
        "LogLoss": 0.4538327560911868,
        "RMSE(bins)": 0.12815317756494154,
        "ICI": 0.03288311930964032
    },
    "user": 8993,
    "size": 4790,
    "weights": [
        0.3351,
        0.7997,
        -0.1051,
        0.7119,
        -0.3379,
        0.7212,
        -0.1785,
        0.6296,
        0.7769
    ]
}