{
    "metrics": {
        "RMSE": 0.2093341875368868,
        "LogLoss": 0.18587487405591333,
        "RMSE(bins)": 0.043961174191400686,
        "ICI": 0.02971669937050608
    },
    "user": 9116,
    "size": 30060,
    "weights": [
        0.8545,
        0.7065,
        0.1465,
        0.6472,
        0.2104,
        1.0893,
        -0.1894,
        0.495,
        0.7596
    ]
}