{
    "metrics": {
        "RMSE": 0.03854501029413364,
        "LogLoss": 0.01149662481892707,
        "RMSE(bins)": 0.003706920661390569,
        "ICI": 0.0009076261859452713
    },
    "user": 9130,
    "size": 51135,
    "weights": [
        0.8849,
        1.2706,
        0.1299,
        0.6155,
        0.3585,
        1.0833,
        0.9234,
        1.3124,
        1.6777
    ]
}