{
    "metrics": {
        "RMSE": 0.3122200972755595,
        "LogLoss": 0.3475606918089779,
        "RMSE(bins)": 0.036258531538282096,
        "ICI": 0.023762185883679097
    },
    "user": 915,
    "size": 93225
}