{
    "metrics": {
        "RMSE": 0.46361082026284667,
        "LogLoss": 0.6208384764628123,
        "RMSE(bins)": 0.1359145144544849,
        "ICI": 0.09757774830067525
    },
    "user": 9166,
    "size": 3735
}