{
    "metrics": {
        "RMSE": 0.35227575604068834,
        "LogLoss": 0.411591156905381,
        "RMSE(bins)": 0.04153011883672102,
        "ICI": 0.029640184030355222
    },
    "user": 9201,
    "size": 142525
}