{
    "metrics": {
        "RMSE": 0.3758387938437779,
        "LogLoss": 0.4469598014522106,
        "RMSE(bins)": 0.05168360081727573,
        "ICI": 0.029688971557713963
    },
    "user": 9243,
    "size": 7375
}