{
    "metrics": {
        "RMSE": 0.1395145869886853,
        "LogLoss": 0.09775823122225161,
        "RMSE(bins)": 0.020398768800330418,
        "ICI": 0.006175336720206339
    },
    "user": 9265,
    "size": 40010,
    "weights": [
        -0.1957,
        1.4801,
        -0.4341,
        0.8664,
        -0.4353,
        0.4971,
        0.2583,
        0.7799,
        1.4006
    ]
}