{
    "metrics": {
        "RMSE": 0.2948556169397332,
        "LogLoss": 0.3073534610414306,
        "RMSE(bins)": 0.05759616504364509,
        "ICI": 0.015685973443277313
    },
    "user": 9481,
    "size": 5885,
    "weights": [
        0.1692,
        0.4208,
        0.3614,
        0.7879,
        0.0561,
        0.8675,
        0.0293,
        0.5247,
        0.8481
    ]
}