{
    "metrics": {
        "RMSE": 0.4080777524743288,
        "LogLoss": 0.5170806750641322,
        "RMSE(bins)": 0.1736050686444962,
        "ICI": 0.06177740414877782
    },
    "user": 9506,
    "size": 6185,
    "weights": [
        -0.365,
        0.447,
        -0.262,
        0.4911,
        -0.4789,
        0.5889,
        -0.1495,
        0.545,
        0.8753
    ]
}