{
    "metrics": {
        "RMSE": 0.4428286985605686,
        "LogLoss": 0.5860310650053894,
        "RMSE(bins)": 0.09671846362633221,
        "ICI": 0.056713114434947545
    },
    "user": 9626,
    "size": 7005
}