{
    "metrics": {
        "RMSE": 0.19695239939272194,
        "LogLoss": 0.17287194311211276,
        "RMSE(bins)": 0.03677506286109181,
        "ICI": 0.016242361903662312
    },
    "user": 9669,
    "size": 3705,
    "weights": [
        0.3958,
        0.667,
        0.2598,
        0.6978,
        -0.0405,
        0.7614,
        0.4014,
        0.7855,
        1.1179
    ]
}