{
    "metrics": {
        "RMSE": 0.41453350095924485,
        "LogLoss": 0.5222560465331848,
        "RMSE(bins)": 0.05685516687807087,
        "ICI": 0.042948851468705
    },
    "user": 9673,
    "size": 78260,
    "weights": [
        0.6121,
        -0.1147,
        0.2811,
        -0.0046,
        -0.4727,
        0.7731,
        -0.9191,
        1.3503,
        1.1962
    ]
}