{
    "metrics": {
        "RMSE": 0.4206964017774591,
        "LogLoss": 0.5374203355939972,
        "RMSE(bins)": 0.08765387120358893,
        "ICI": 0.06156414581504728
    },
    "user": 9849,
    "size": 17945
}