{
    "metrics": {
        "RMSE": 0.3390117947017912,
        "LogLoss": 0.4100577543521904,
        "RMSE(bins)": 0.12894003599395357,
        "ICI": 0.07962007721275978
    },
    "user": 9923,
    "size": 4450
}