{
    "metrics": {
        "RMSE": 0.22379475814795863,
        "LogLoss": 0.18606619663393933,
        "RMSE(bins)": 0.12611842588526578,
        "ICI": 0.033010851926369496
    },
    "user": 9952,
    "size": 48800,
    "weights": [
        1.6422,
        0.9566,
        1.4574,
        -0.2105,
        1.9093,
        1.2178,
        -0.4955,
        -0.1653,
        -0.0779
    ]
}