{
    "FSRS-4.5-dry-run": {
        "RMSE": 0.48021506177312095,
        "LogLoss": 0.7474779158488337,
        "RMSE(bins)": 0.18732644460369915,
        "ICI": 0.1549379923351515,
        "RMSE(bins)Ratings": {
            "1": 0.2739674655331225,
            "2": 0.36019291080233784,
            "3": 0.16086406682795304,
            "4": 0.21420090774447367
        }
    },
    "user": 10002,
    "size": 3280,
    "weights": [
        0.5614,
        1.2546,
        3.5878,
        7.9731,
        5.1043,
        1.1303,
        0.823,
        0.0465,
        1.629,
        0.135,
        1.0045,
        2.132,
        0.0839,
        0.3204,
        1.3547,
        0.219,
        2.7849
    ]
}