{
    "metrics": {
        "RMSE": 0.2839152192586286,
        "LogLoss": 0.28961005869565765,
        "RMSE(bins)": 0.020282086020422477,
        "ICI": 0.008348455779340945,
        "RMSE(bins)Ratings": {
            "1": 0.043108766990632034,
            "2": 0.04520738525737992,
            "3": 0.015545683697039047,
            "4": 0.02245361074788969
        }
    },
    "user": 10022,
    "size": 18160,
    "weights": [
        0.5614,
        1.2546,
        3.5878,
        7.9731,
        5.1043,
        1.1303,
        0.823,
        0.0465,
        1.629,
        0.135,
        1.0045,
        2.132,
        0.0839,
        0.3204,
        1.3547,
        0.219,
        2.7849
    ]
}