{
    "metrics": {
        "RMSE": 0.24073749666315172,
        "LogLoss": 0.21530995559188185,
        "RMSE(bins)": 0.09665082342726498,
        "ICI": 0.025749573032659838
    },
    "user": 10060,
    "size": 7935,
    "weights": [
        0.5701,
        1.4436,
        4.1386,
        10.9355,
        5.1443,
        1.2006,
        0.8627,
        0.0362,
        1.629,
        0.1342,
        1.0166,
        2.1174,
        0.0839,
        0.3204,
        1.4676,
        0.219,
        2.8237
    ]
}