{
    "metrics": {
        "RMSE": 0.3515381739399159,
        "LogLoss": 0.39898876191523414,
        "RMSE(bins)": 0.058980650581974305,
        "ICI": 0.02789560544658218,
        "RMSE(bins)Ratings": {
            "1": 0.1562467968101599,
            "2": 0.14764272218784028,
            "3": 0.08154832589234033,
            "4": 0.09555778291957927
        }
    },
    "user": 10147,
    "size": 2140,
    "weights": [
        0.5614,
        1.2546,
        3.5878,
        7.9731,
        5.1043,
        1.1303,
        0.823,
        0.0465,
        1.629,
        0.135,
        1.0045,
        2.132,
        0.0839,
        0.3204,
        1.3547,
        0.219,
        2.7849
    ]
}