{
    "metrics": {
        "RMSE": 0.32361736798356244,
        "LogLoss": 0.36284092164897974,
        "RMSE(bins)": 0.0906238029799959,
        "ICI": 0.043495203694405245
    },
    "user": 10343,
    "size": 7310,
    "weights": [
        0.5701,
        1.4436,
        4.1386,
        10.9355,
        5.1443,
        1.2006,
        0.8627,
        0.0362,
        1.629,
        0.1342,
        1.0166,
        2.1174,
        0.0839,
        0.3204,
        1.4676,
        0.219,
        2.8237
    ]
}