{
    "metrics": {
        "RMSE": 0.10100280341707676,
        "LogLoss": 0.07888767846659214,
        "RMSE(bins)": 0.07045663676396251,
        "ICI": 0.05747630989763223
    },
    "user": 10368,
    "size": 19945,
    "weights": [
        0.5701,
        1.4436,
        4.1386,
        10.9355,
        5.1443,
        1.2006,
        0.8627,
        0.0362,
        1.629,
        0.1342,
        1.0166,
        2.1174,
        0.0839,
        0.3204,
        1.4676,
        0.219,
        2.8237
    ]
}