{
    "FSRS-4.5-dry-run": {
        "RMSE": 0.3449039426157381,
        "LogLoss": 0.38334663397753976,
        "RMSE(bins)": 0.1680891852501093,
        "RMSE(bins)Ratings": {
            "1": 0.21487651228533428,
            "2": 0.30823321482103844,
            "3": 0.07354255840783416
        }
    },
    "user": 10387,
    "size": 2265,
    "weights": [
        0.27,
        0.74,
        1.3,
        5.52,
        5.1,
        1.02,
        0.78,
        0.06,
        1.57,
        0.14,
        0.94,
        2.16,
        0.06,
        0.31,
        1.34,
        0.21,
        2.69
    ]
}