{
    "FSRS-4.5-dry-run": {
        "RMSE": 0.5962149706284416,
        "LogLoss": 0.9801499363270614,
        "RMSE(bins)": 0.35481615820462964,
        "RMSE(bins)Ratings": {
            "1": 0.34730271439324123,
            "2": 0.34960124742713106,
            "3": 0.45541440981165354,
            "4": 0.7544923270007857
        }
    },
    "user": 10402,
    "size": 4780,
    "weights": [
        0.5614,
        1.2546,
        3.5878,
        7.9731,
        5.1043,
        1.1303,
        0.823,
        0.0465,
        1.629,
        0.135,
        1.0045,
        2.132,
        0.0839,
        0.3204,
        1.3547,
        0.219,
        2.7849
    ]
}