{
    "metrics": {
        "RMSE": 0.27486480506166305,
        "LogLoss": 0.28795912219707925,
        "RMSE(bins)": 0.0438355677071658,
        "ICI": 0.029544218613324045,
        "RMSE(bins)Ratings": {
            "1": 0.05479514289115793,
            "2": 0.04243243319235593,
            "3": 0.042004129085869105,
            "4": 0.04048091565782415
        }
    },
    "user": 10457,
    "size": 114320,
    "weights": [
        0.5614,
        1.2546,
        3.5878,
        7.9731,
        5.1043,
        1.1303,
        0.823,
        0.0465,
        1.629,
        0.135,
        1.0045,
        2.132,
        0.0839,
        0.3204,
        1.3547,
        0.219,
        2.7849
    ]
}