{
    "FSRS-4.5-dry-run": {
        "RMSE": 0.38812865201208174,
        "LogLoss": 0.47437198086010857,
        "RMSE(bins)": 0.04995280341326723,
        "RMSE(bins)Ratings": {
            "1": 0.1878280686909407,
            "2": 0.11443059487122642,
            "3": 0.08032962265200948,
            "4": 0.11451230290462845
        }
    },
    "user": 10473,
    "size": 15825,
    "weights": [
        0.5614,
        1.2546,
        3.5878,
        7.9731,
        5.1043,
        1.1303,
        0.823,
        0.0465,
        1.629,
        0.135,
        1.0045,
        2.132,
        0.0839,
        0.3204,
        1.3547,
        0.219,
        2.7849
    ]
}