{
    "FSRS-4.5-dry-run": {
        "RMSE": 0.4559715497106793,
        "LogLoss": 0.6109293565025926,
        "RMSE(bins)": 0.11700192759443785,
        "RMSE(bins)Ratings": {
            "1": 0.1251988520822786,
            "2": 0.20202338785470486,
            "3": 0.11366620560254918,
            "4": 0.11766461132128526
        }
    },
    "user": 10577,
    "size": 2380,
    "weights": [
        0.27,
        0.74,
        1.3,
        5.52,
        5.1,
        1.02,
        0.78,
        0.06,
        1.57,
        0.14,
        0.94,
        2.16,
        0.06,
        0.31,
        1.34,
        0.21,
        2.69
    ]
}