{
    "metrics": {
        "RMSE": 0.3870931053001556,
        "LogLoss": 0.4916288181278004,
        "RMSE(bins)": 0.1157963835158562,
        "ICI": 0.08849565739181053
    },
    "user": 10663,
    "size": 10690,
    "weights": [
        0.5701,
        1.4436,
        4.1386,
        10.9355,
        5.1443,
        1.2006,
        0.8627,
        0.0362,
        1.629,
        0.1342,
        1.0166,
        2.1174,
        0.0839,
        0.3204,
        1.4676,
        0.219,
        2.8237
    ]
}