{
    "metrics": {
        "RMSE": 0.43540203714815207,
        "LogLoss": 0.5916994912949062,
        "RMSE(bins)": 0.17928202143306043,
        "ICI": 0.09723913504848958
    },
    "user": 10685,
    "size": 2015,
    "weights": [
        0.5701,
        1.4436,
        4.1386,
        10.9355,
        5.1443,
        1.2006,
        0.8627,
        0.0362,
        1.629,
        0.1342,
        1.0166,
        2.1174,
        0.0839,
        0.3204,
        1.4676,
        0.219,
        2.8237
    ]
}