{
    "FSRS-4.5-dry-run": {
        "RMSE": 0.3398404442550203,
        "LogLoss": 0.3764679273243157,
        "RMSE(bins)": 0.0964877377349197,
        "RMSE(bins)Ratings": {
            "1": 0.07617975807077403,
            "2": 0.13044223071095115,
            "3": 0.13279998247151367,
            "4": 0.23743543354005792
        }
    },
    "user": 10704,
    "size": 21480,
    "weights": [
        0.5614,
        1.2546,
        3.5878,
        7.9731,
        5.1043,
        1.1303,
        0.823,
        0.0465,
        1.629,
        0.135,
        1.0045,
        2.132,
        0.0839,
        0.3204,
        1.3547,
        0.219,
        2.7849
    ]
}