{
    "FSRS-4.5-dry-run": {
        "RMSE": 0.4905463466034234,
        "LogLoss": 0.7099311855832416,
        "RMSE(bins)": 0.2905909686111312,
        "RMSE(bins)Ratings": {
            "1": 0.24068739226006586,
            "2": 0.1459593186757204,
            "3": 0.2508990788399998,
            "4": 0.2403679118989328
        }
    },
    "user": 10808,
    "size": 3765,
    "weights": [
        0.27,
        0.74,
        1.3,
        5.52,
        5.1,
        1.02,
        0.78,
        0.06,
        1.57,
        0.14,
        0.94,
        2.16,
        0.06,
        0.31,
        1.34,
        0.21,
        2.69
    ]
}