{
    "metrics": {
        "RMSE": 0.21476950595800165,
        "LogLoss": 0.19371726794659808,
        "RMSE(bins)": 0.049255718648285506,
        "ICI": 0.03556683899648395,
        "RMSE(bins)Ratings": {
            "1": 0.06321559217737262,
            "2": 0.061711796106677055,
            "3": 0.02910921326178194,
            "4": 0.030625666710798038
        }
    },
    "user": 1081,
    "size": 64355,
    "weights": [
        0.5614,
        1.2546,
        3.5878,
        7.9731,
        5.1043,
        1.1303,
        0.823,
        0.0465,
        1.629,
        0.135,
        1.0045,
        2.132,
        0.0839,
        0.3204,
        1.3547,
        0.219,
        2.7849
    ]
}