{
    "metrics": {
        "RMSE": 0.5065481795596108,
        "LogLoss": 0.7373572964557842,
        "RMSE(bins)": 0.20871137318147062,
        "ICI": 0.14842715318803298
    },
    "user": 10857,
    "size": 1025,
    "weights": [
        0.5701,
        1.4436,
        4.1386,
        10.9355,
        5.1443,
        1.2006,
        0.8627,
        0.0362,
        1.629,
        0.1342,
        1.0166,
        2.1174,
        0.0839,
        0.3204,
        1.4676,
        0.219,
        2.8237
    ]
}