{
    "FSRS-4.5-dry-run": {
        "RMSE": 0.26876023949489475,
        "LogLoss": 0.2666783653297244,
        "RMSE(bins)": 0.17275746369311212,
        "ICI": 0.11378691749669671,
        "RMSE(bins)Ratings": {
            "1": 0.2855523966862289,
            "2": 0.28152086551080296,
            "3": 0.18050336666615477,
            "4": 0.0945864305154731
        }
    },
    "user": 10894,
    "size": 1640,
    "weights": [
        0.5614,
        1.2546,
        3.5878,
        7.9731,
        5.1043,
        1.1303,
        0.823,
        0.0465,
        1.629,
        0.135,
        1.0045,
        2.132,
        0.0839,
        0.3204,
        1.3547,
        0.219,
        2.7849
    ]
}