{
    "FSRS-4.5-dry-run": {
        "RMSE": 0.38309362605500275,
        "LogLoss": 0.4793411283084294,
        "RMSE(bins)": 0.0622503805710245,
        "RMSE(bins)Ratings": {
            "1": 0.11455161439618514,
            "2": 0.06101228595419335,
            "3": 0.04652718138730647,
            "4": 0.03656892476974884
        }
    },
    "user": 10926,
    "size": 48785,
    "weights": [
        0.5614,
        1.2546,
        3.5878,
        7.9731,
        5.1043,
        1.1303,
        0.823,
        0.0465,
        1.629,
        0.135,
        1.0045,
        2.132,
        0.0839,
        0.3204,
        1.3547,
        0.219,
        2.7849
    ]
}