{
    "metrics": {
        "RMSE": 0.541729652458329,
        "LogLoss": 0.893070123199041,
        "RMSE(bins)": 0.2548165126478064,
        "ICI": 0.23437127004565314,
        "RMSE(bins)Ratings": {
            "1": 0.3009047822057691,
            "2": 0.2798807589181359,
            "3": 0.4287203033131957,
            "4": 0.1945170276168475
        }
    },
    "user": 10921,
    "size": 8180,
    "weights": [
        0.5614,
        1.2546,
        3.5878,
        7.9731,
        5.1043,
        1.1303,
        0.823,
        0.0465,
        1.629,
        0.135,
        1.0045,
        2.132,
        0.0839,
        0.3204,
        1.3547,
        0.219,
        2.7849
    ]
}