{
    "FSRS-4.5-dry-run": {
        "RMSE": 0.2675700058557355,
        "LogLoss": 0.2623785938585688,
        "RMSE(bins)": 0.021665065019194543,
        "ICI": 0.008758538572182645,
        "RMSE(bins)Ratings": {
            "1": 0.08307797108016575,
            "2": 0.022130826552257295,
            "3": 0.025912889183459357,
            "4": 0.03022038636241626
        }
    },
    "user": 11108,
    "size": 29420,
    "weights": [
        0.5614,
        1.2546,
        3.5878,
        7.9731,
        5.1043,
        1.1303,
        0.823,
        0.0465,
        1.629,
        0.135,
        1.0045,
        2.132,
        0.0839,
        0.3204,
        1.3547,
        0.219,
        2.7849
    ]
}