{
    "FSRS-4.5-dry-run": {
        "RMSE": 0.3988016242070032,
        "LogLoss": 0.49866460903855425,
        "RMSE(bins)": 0.06787821063450385,
        "ICI": 0.05418495707510437,
        "RMSE(bins)Ratings": {
            "1": 0.1122982441927486,
            "2": 0.1653902912450341,
            "3": 0.05309291409856678,
            "4": 0.0985935170722113
        }
    },
    "user": 11212,
    "size": 4195,
    "weights": [
        0.5614,
        1.2546,
        3.5878,
        7.9731,
        5.1043,
        1.1303,
        0.823,
        0.0465,
        1.629,
        0.135,
        1.0045,
        2.132,
        0.0839,
        0.3204,
        1.3547,
        0.219,
        2.7849
    ]
}