{
    "FSRS-4.5-dry-run": {
        "RMSE": 0.24587454254396052,
        "LogLoss": 0.23464236718299533,
        "RMSE(bins)": 0.031370431398150586,
        "ICI": 0.018658961438945913,
        "RMSE(bins)Ratings": {
            "1": 0.07599702231969546,
            "2": 0.08368658686088987,
            "3": 0.03211076781475734,
            "4": 0.30759766713857906
        }
    },
    "user": 11263,
    "size": 6220,
    "weights": [
        0.5614,
        1.2546,
        3.5878,
        7.9731,
        5.1043,
        1.1303,
        0.823,
        0.0465,
        1.629,
        0.135,
        1.0045,
        2.132,
        0.0839,
        0.3204,
        1.3547,
        0.219,
        2.7849
    ]
}