{
    "metrics": {
        "RMSE": 0.227369798583503,
        "LogLoss": 0.2066054210557262,
        "RMSE(bins)": 0.052297548407790495,
        "ICI": 0.01233813503836673
    },
    "user": 11351,
    "size": 33160,
    "weights": [
        0.5701,
        1.4436,
        4.1386,
        10.9355,
        5.1443,
        1.2006,
        0.8627,
        0.0362,
        1.629,
        0.1342,
        1.0166,
        2.1174,
        0.0839,
        0.3204,
        1.4676,
        0.219,
        2.8237
    ]
}