{
    "FSRS-4.5-dry-run": {
        "RMSE": 0.32424737631632894,
        "LogLoss": 0.35830677072947276,
        "RMSE(bins)": 0.056513350669269935,
        "RMSE(bins)Ratings": {
            "1": 0.06069661050002085,
            "2": 0.0941272748619911,
            "3": 0.0637280593873259,
            "4": 0.18269491762429171
        }
    },
    "user": 11475,
    "size": 27120,
    "weights": [
        0.27,
        0.74,
        1.3,
        5.52,
        5.1,
        1.02,
        0.78,
        0.06,
        1.57,
        0.14,
        0.94,
        2.16,
        0.06,
        0.31,
        1.34,
        0.21,
        2.69
    ]
}