{
    "metrics": {
        "RMSE": 0.26320413049026886,
        "LogLoss": 0.2576058636653228,
        "RMSE(bins)": 0.02790391491049017,
        "ICI": 0.005935618327841757
    },
    "user": 11488,
    "size": 94865,
    "weights": [
        0.5701,
        1.4436,
        4.1386,
        10.9355,
        5.1443,
        1.2006,
        0.8627,
        0.0362,
        1.629,
        0.1342,
        1.0166,
        2.1174,
        0.0839,
        0.3204,
        1.4676,
        0.219,
        2.8237
    ]
}