{
    "FSRS-4.5-dry-run": {
        "RMSE": 0.36914177674432913,
        "LogLoss": 0.45174066784238337,
        "RMSE(bins)": 0.1382895336823752,
        "ICI": 0.08060774559757976,
        "RMSE(bins)Ratings": {
            "1": 0.22783351774611263,
            "2": 0.1563566331330342,
            "3": 0.11473063516522478,
            "4": 0.0973195243879202
        }
    },
    "user": 11537,
    "size": 2535,
    "weights": [
        0.5614,
        1.2546,
        3.5878,
        7.9731,
        5.1043,
        1.1303,
        0.823,
        0.0465,
        1.629,
        0.135,
        1.0045,
        2.132,
        0.0839,
        0.3204,
        1.3547,
        0.219,
        2.7849
    ]
}