{
    "FSRS-4.5-dry-run": {
        "RMSE": 0.3058895932441661,
        "LogLoss": 0.3238785423501259,
        "RMSE(bins)": 0.04914930161419535,
        "RMSE(bins)Ratings": {
            "1": 0.06385939034679936,
            "2": 0.05424711100762718,
            "3": 0.02169770218122006,
            "4": 0.09393129061909268
        }
    },
    "user": 11613,
    "size": 39135,
    "weights": [
        0.27,
        0.74,
        1.3,
        5.52,
        5.1,
        1.02,
        0.78,
        0.06,
        1.57,
        0.14,
        0.94,
        2.16,
        0.06,
        0.31,
        1.34,
        0.21,
        2.69
    ]
}