{
    "metrics": {
        "RMSE": 0.368147861446966,
        "LogLoss": 0.43021707895045275,
        "RMSE(bins)": 0.23416342363651924,
        "ICI": 0.1857339448054573
    },
    "user": 11664,
    "size": 9765,
    "weights": [
        0.5701,
        1.4436,
        4.1386,
        10.9355,
        5.1443,
        1.2006,
        0.8627,
        0.0362,
        1.629,
        0.1342,
        1.0166,
        2.1174,
        0.0839,
        0.3204,
        1.4676,
        0.219,
        2.8237
    ]
}