{
    "metrics": {
        "RMSE": 0.32246448937580074,
        "LogLoss": 0.3461240477940295,
        "RMSE(bins)": 0.11171597404174298,
        "ICI": 0.06312687141572977
    },
    "user": 11743,
    "size": 68885,
    "weights": [
        0.5701,
        1.4436,
        4.1386,
        10.9355,
        5.1443,
        1.2006,
        0.8627,
        0.0362,
        1.629,
        0.1342,
        1.0166,
        2.1174,
        0.0839,
        0.3204,
        1.4676,
        0.219,
        2.8237
    ]
}