{
    "FSRS-4.5-dry-run": {
        "RMSE": 0.2680540215278488,
        "LogLoss": 0.26314431864601884,
        "RMSE(bins)": 0.14640017195590302,
        "RMSE(bins)Ratings": {
            "1": 0.2100756364471527,
            "2": 0.13409144543826798,
            "3": 0.1014275260851381,
            "4": 0.06648432933463685
        }
    },
    "user": 11853,
    "size": 3210,
    "weights": [
        0.27,
        0.74,
        1.3,
        5.52,
        5.1,
        1.02,
        0.78,
        0.06,
        1.57,
        0.14,
        0.94,
        2.16,
        0.06,
        0.31,
        1.34,
        0.21,
        2.69
    ]
}