{
    "metrics": {
        "RMSE": 0.18034488602906673,
        "LogLoss": 0.15184928521459587,
        "RMSE(bins)": 0.050177868679293094,
        "ICI": 0.042325572131633224
    },
    "user": 11896,
    "size": 52990,
    "weights": [
        0.5701,
        1.4436,
        4.1386,
        10.9355,
        5.1443,
        1.2006,
        0.8627,
        0.0362,
        1.629,
        0.1342,
        1.0166,
        2.1174,
        0.0839,
        0.3204,
        1.4676,
        0.219,
        2.8237
    ]
}