{
    "metrics": {
        "RMSE": 0.4803084485776176,
        "LogLoss": 0.6891483220444483,
        "RMSE(bins)": 0.19321179660110455,
        "ICI": 0.14449580855044414
    },
    "user": 11907,
    "size": 3440,
    "weights": [
        0.5701,
        1.4436,
        4.1386,
        10.9355,
        5.1443,
        1.2006,
        0.8627,
        0.0362,
        1.629,
        0.1342,
        1.0166,
        2.1174,
        0.0839,
        0.3204,
        1.4676,
        0.219,
        2.8237
    ]
}