{
    "metrics": {
        "RMSE": 0.5590722783799932,
        "LogLoss": 0.8864627971663871,
        "RMSE(bins)": 0.33833513718169905,
        "ICI": 0.25520064723324226
    },
    "user": 11902,
    "size": 73390,
    "weights": [
        0.5701,
        1.4436,
        4.1386,
        10.9355,
        5.1443,
        1.2006,
        0.8627,
        0.0362,
        1.629,
        0.1342,
        1.0166,
        2.1174,
        0.0839,
        0.3204,
        1.4676,
        0.219,
        2.8237
    ]
}