{
    "metrics": {
        "RMSE": 0.21243398491414608,
        "LogLoss": 0.191306037356658,
        "RMSE(bins)": 0.09148463045462021,
        "ICI": 0.02943742966018512
    },
    "user": 11921,
    "size": 14095,
    "weights": [
        0.5701,
        1.4436,
        4.1386,
        10.9355,
        5.1443,
        1.2006,
        0.8627,
        0.0362,
        1.629,
        0.1342,
        1.0166,
        2.1174,
        0.0839,
        0.3204,
        1.4676,
        0.219,
        2.8237
    ]
}