{
    "FSRS-4.5-dry-run": {
        "RMSE": 0.5623871395097322,
        "LogLoss": 0.9391726355637988,
        "RMSE(bins)": 0.3122059658611815,
        "RMSE(bins)Ratings": {
            "1": 0.39642080145694997,
            "2": 0.22865457924461569,
            "3": 0.30042541838106085,
            "4": 0.31970050803977834
        }
    },
    "user": 11976,
    "size": 46640,
    "weights": [
        0.5614,
        1.2546,
        3.5878,
        7.9731,
        5.1043,
        1.1303,
        0.823,
        0.0465,
        1.629,
        0.135,
        1.0045,
        2.132,
        0.0839,
        0.3204,
        1.3547,
        0.219,
        2.7849
    ]
}