{
    "FSRS-4.5-dry-run": {
        "RMSE": 0.16423456286689758,
        "LogLoss": 0.14573173436577533,
        "RMSE(bins)": 0.0886387738553906,
        "RMSE(bins)Ratings": {
            "1": 0.0765509554593383,
            "2": 0.08460813838090218,
            "3": 0.04524462708021048,
            "4": 0.05843089682782369
        }
    },
    "user": 1200,
    "size": 11365,
    "weights": [
        0.27,
        0.74,
        1.3,
        5.52,
        5.1,
        1.02,
        0.78,
        0.06,
        1.57,
        0.14,
        0.94,
        2.16,
        0.06,
        0.31,
        1.34,
        0.21,
        2.69
    ]
}