{
    "FSRS-4.5-dry-run": {
        "RMSE": 0.3706343157528877,
        "LogLoss": 0.42868219457493006,
        "RMSE(bins)": 0.0907962086114476,
        "RMSE(bins)Ratings": {
            "1": 0.11217638578595768,
            "2": 0.19034560489798663,
            "3": 0.14066309372850383,
            "4": 0.1166121544680427
        }
    },
    "user": 12055,
    "size": 2395,
    "weights": [
        0.27,
        0.74,
        1.3,
        5.52,
        5.1,
        1.02,
        0.78,
        0.06,
        1.57,
        0.14,
        0.94,
        2.16,
        0.06,
        0.31,
        1.34,
        0.21,
        2.69
    ]
}