{
    "metrics": {
        "RMSE": 0.19821958517932114,
        "LogLoss": 0.17917316370247044,
        "RMSE(bins)": 0.10910847963094958,
        "ICI": 0.08896572241496502
    },
    "user": 12214,
    "size": 21575,
    "weights": [
        0.5701,
        1.4436,
        4.1386,
        10.9355,
        5.1443,
        1.2006,
        0.8627,
        0.0362,
        1.629,
        0.1342,
        1.0166,
        2.1174,
        0.0839,
        0.3204,
        1.4676,
        0.219,
        2.8237
    ]
}