{
    "FSRS-4.5-dry-run": {
        "RMSE": 0.3595994696688083,
        "LogLoss": 0.42041785217270106,
        "RMSE(bins)": 0.057173733141351414,
        "RMSE(bins)Ratings": {
            "1": 0.10451978801570268,
            "2": 0.07182838209336521,
            "3": 0.07202323205289149,
            "4": 0.8626434743190246
        }
    },
    "user": 12235,
    "size": 7840,
    "weights": [
        0.5614,
        1.2546,
        3.5878,
        7.9731,
        5.1043,
        1.1303,
        0.823,
        0.0465,
        1.629,
        0.135,
        1.0045,
        2.132,
        0.0839,
        0.3204,
        1.3547,
        0.219,
        2.7849
    ]
}