{
    "metrics": {
        "RMSE": 0.37386643378205187,
        "LogLoss": 0.4821019476988976,
        "RMSE(bins)": 0.11307282419829162,
        "ICI": 0.07866170598963007
    },
    "user": 12238,
    "size": 30105,
    "weights": [
        0.5701,
        1.4436,
        4.1386,
        10.9355,
        5.1443,
        1.2006,
        0.8627,
        0.0362,
        1.629,
        0.1342,
        1.0166,
        2.1174,
        0.0839,
        0.3204,
        1.4676,
        0.219,
        2.8237
    ]
}