{
    "FSRS-4.5-dry-run": {
        "RMSE": 0.1692306164504185,
        "LogLoss": 0.14577625644332826,
        "RMSE(bins)": 0.05670163995936212,
        "RMSE(bins)Ratings": {
            "1": 0.08440444699865614,
            "2": 0.04615066800327668,
            "3": 0.050949040316007284,
            "4": 0.04976132860259508
        }
    },
    "user": 12245,
    "size": 10390,
    "weights": [
        0.27,
        0.74,
        1.3,
        5.52,
        5.1,
        1.02,
        0.78,
        0.06,
        1.57,
        0.14,
        0.94,
        2.16,
        0.06,
        0.31,
        1.34,
        0.21,
        2.69
    ]
}