{
    "FSRS-4.5-dry-run": {
        "RMSE": 0.384000293746609,
        "LogLoss": 0.47402257691676714,
        "RMSE(bins)": 0.06736691085396634,
        "RMSE(bins)Ratings": {
            "1": 0.09167736750256268,
            "2": 0.13331320592830084,
            "3": 0.052706977238315335,
            "4": 0.039989066991926746
        }
    },
    "user": 12502,
    "size": 49455,
    "weights": [
        0.5614,
        1.2546,
        3.5878,
        7.9731,
        5.1043,
        1.1303,
        0.823,
        0.0465,
        1.629,
        0.135,
        1.0045,
        2.132,
        0.0839,
        0.3204,
        1.3547,
        0.219,
        2.7849
    ]
}