{
    "metrics": {
        "RMSE": 0.26489505579218603,
        "LogLoss": 0.2620305087534215,
        "RMSE(bins)": 0.05156042176011866,
        "ICI": 0.030028495445528203
    },
    "user": 12556,
    "size": 417445,
    "weights": [
        0.5701,
        1.4436,
        4.1386,
        10.9355,
        5.1443,
        1.2006,
        0.8627,
        0.0362,
        1.629,
        0.1342,
        1.0166,
        2.1174,
        0.0839,
        0.3204,
        1.4676,
        0.219,
        2.8237
    ]
}