{
    "metrics": {
        "RMSE": 0.3974285071719912,
        "LogLoss": 0.5298251231356398,
        "RMSE(bins)": 0.16281851905233796,
        "ICI": 0.09545606120869013
    },
    "user": 12621,
    "size": 4785,
    "weights": [
        0.5701,
        1.4436,
        4.1386,
        10.9355,
        5.1443,
        1.2006,
        0.8627,
        0.0362,
        1.629,
        0.1342,
        1.0166,
        2.1174,
        0.0839,
        0.3204,
        1.4676,
        0.219,
        2.8237
    ]
}