{
    "FSRS-4.5-dry-run": {
        "RMSE": 0.3412122873375076,
        "LogLoss": 0.3768590624336449,
        "RMSE(bins)": 0.18977183942503287,
        "RMSE(bins)Ratings": {
            "1": 0.11087646528296619,
            "2": 0.11578648727028928,
            "3": 0.22019206037240419,
            "4": 0.046245787043143104
        }
    },
    "user": 12655,
    "size": 10810,
    "weights": [
        0.27,
        0.74,
        1.3,
        5.52,
        5.1,
        1.02,
        0.78,
        0.06,
        1.57,
        0.14,
        0.94,
        2.16,
        0.06,
        0.31,
        1.34,
        0.21,
        2.69
    ]
}