{
    "metrics": {
        "RMSE": 0.4120173402035573,
        "LogLoss": 0.5399744810787208,
        "RMSE(bins)": 0.08005921673247975,
        "ICI": 0.06434144082426929
    },
    "user": 12663,
    "size": 3165,
    "weights": [
        0.5701,
        1.4436,
        4.1386,
        10.9355,
        5.1443,
        1.2006,
        0.8627,
        0.0362,
        1.629,
        0.1342,
        1.0166,
        2.1174,
        0.0839,
        0.3204,
        1.4676,
        0.219,
        2.8237
    ]
}