{
    "metrics": {
        "RMSE": 0.1424961522785597,
        "LogLoss": 0.1030156160864367,
        "RMSE(bins)": 0.03767209486373584,
        "ICI": 0.029857229632654646
    },
    "user": 12682,
    "size": 7695,
    "weights": [
        0.5701,
        1.4436,
        4.1386,
        10.9355,
        5.1443,
        1.2006,
        0.8627,
        0.0362,
        1.629,
        0.1342,
        1.0166,
        2.1174,
        0.0839,
        0.3204,
        1.4676,
        0.219,
        2.8237
    ]
}