{
    "FSRS-4.5-dry-run": {
        "RMSE": 0.08444917675409502,
        "LogLoss": 0.0656355602646693,
        "RMSE(bins)": 0.06525078242561931,
        "RMSE(bins)Ratings": {
            "1": 0.095734570748072,
            "2": 0.03927831204173521,
            "3": 0.06786116082905136,
            "4": 0.031728929897719096
        }
    },
    "user": 12724,
    "size": 31525,
    "weights": [
        0.5614,
        1.2546,
        3.5878,
        7.9731,
        5.1043,
        1.1303,
        0.823,
        0.0465,
        1.629,
        0.135,
        1.0045,
        2.132,
        0.0839,
        0.3204,
        1.3547,
        0.219,
        2.7849
    ]
}