{
    "FSRS-4.5-dry-run": {
        "RMSE": 0.4241633520166896,
        "LogLoss": 0.5361320291531483,
        "RMSE(bins)": 0.15397536868572184,
        "RMSE(bins)Ratings": {
            "1": 0.17228264451455327,
            "2": 0.2925894359646107,
            "3": 0.14825960796061702,
            "4": 0.26544147897646836
        }
    },
    "user": 12762,
    "size": 1160,
    "weights": [
        0.27,
        0.74,
        1.3,
        5.52,
        5.1,
        1.02,
        0.78,
        0.06,
        1.57,
        0.14,
        0.94,
        2.16,
        0.06,
        0.31,
        1.34,
        0.21,
        2.69
    ]
}