{
    "metrics": {
        "RMSE": 0.2834429936429518,
        "LogLoss": 0.29280101811860654,
        "RMSE(bins)": 0.07050509171918491,
        "ICI": 0.05463770178199924
    },
    "user": 12773,
    "size": 32775,
    "weights": [
        0.5701,
        1.4436,
        4.1386,
        10.9355,
        5.1443,
        1.2006,
        0.8627,
        0.0362,
        1.629,
        0.1342,
        1.0166,
        2.1174,
        0.0839,
        0.3204,
        1.4676,
        0.219,
        2.8237
    ]
}