{
    "metrics": {
        "RMSE": 0.261637493862361,
        "LogLoss": 0.2627557383228047,
        "RMSE(bins)": 0.09771573942786153,
        "ICI": 0.05238426126640018
    },
    "user": 12805,
    "size": 12155,
    "weights": [
        0.5701,
        1.4436,
        4.1386,
        10.9355,
        5.1443,
        1.2006,
        0.8627,
        0.0362,
        1.629,
        0.1342,
        1.0166,
        2.1174,
        0.0839,
        0.3204,
        1.4676,
        0.219,
        2.8237
    ]
}