{
    "metrics": {
        "RMSE": 0.408367967248086,
        "LogLoss": 0.5116187251681807,
        "RMSE(bins)": 0.09529044394008986,
        "ICI": 0.05272173299408774
    },
    "user": 12801,
    "size": 6435,
    "weights": [
        0.5701,
        1.4436,
        4.1386,
        10.9355,
        5.1443,
        1.2006,
        0.8627,
        0.0362,
        1.629,
        0.1342,
        1.0166,
        2.1174,
        0.0839,
        0.3204,
        1.4676,
        0.219,
        2.8237
    ]
}