{
    "metrics": {
        "RMSE": 0.3505989544676431,
        "LogLoss": 0.4031215564351885,
        "RMSE(bins)": 0.09967011981922828,
        "ICI": 0.03586853058971375
    },
    "user": 12849,
    "size": 26465,
    "weights": [
        0.5701,
        1.4436,
        4.1386,
        10.9355,
        5.1443,
        1.2006,
        0.8627,
        0.0362,
        1.629,
        0.1342,
        1.0166,
        2.1174,
        0.0839,
        0.3204,
        1.4676,
        0.219,
        2.8237
    ]
}