{
    "metrics": {
        "RMSE": 0.2904773158122986,
        "LogLoss": 0.299621463489632,
        "RMSE(bins)": 0.059204563802665124,
        "ICI": 0.03508931061833903
    },
    "user": 12951,
    "size": 45030,
    "weights": [
        0.5701,
        1.4436,
        4.1386,
        10.9355,
        5.1443,
        1.2006,
        0.8627,
        0.0362,
        1.629,
        0.1342,
        1.0166,
        2.1174,
        0.0839,
        0.3204,
        1.4676,
        0.219,
        2.8237
    ]
}