{
    "FSRS-4.5-dry-run": {
        "RMSE": 0.5564001819278597,
        "LogLoss": 0.8538027743651293,
        "RMSE(bins)": 0.3759637092068949,
        "RMSE(bins)Ratings": {
            "1": 0.39964049234464644,
            "2": 0.37379016453141417,
            "3": 0.20386530952763787,
            "4": 0.18264700086710103
        }
    },
    "user": 132,
    "size": 2625,
    "weights": [
        0.5614,
        1.2546,
        3.5878,
        7.9731,
        5.1043,
        1.1303,
        0.823,
        0.0465,
        1.629,
        0.135,
        1.0045,
        2.132,
        0.0839,
        0.3204,
        1.3547,
        0.219,
        2.7849
    ]
}