{
    "metrics": {
        "RMSE": 0.48068397483801073,
        "LogLoss": 0.676161843803102,
        "RMSE(bins)": 0.2088301532884166,
        "ICI": 0.16096334456718406
    },
    "user": 13201,
    "size": 960,
    "weights": [
        0.5701,
        1.4436,
        4.1386,
        10.9355,
        5.1443,
        1.2006,
        0.8627,
        0.0362,
        1.629,
        0.1342,
        1.0166,
        2.1174,
        0.0839,
        0.3204,
        1.4676,
        0.219,
        2.8237
    ]
}