{
    "metrics": {
        "RMSE": 0.05732562288145872,
        "LogLoss": 0.05627998324236722,
        "RMSE(bins)": 0.05710860203944747,
        "ICI": 0.054559847659065776,
        "RMSE(bins)Ratings": {
            "2": 0.056832626194172245,
            "3": 0.0634818473448803,
            "4": 0.03887185639906815
        }
    },
    "user": 13255,
    "size": 5735,
    "weights": [
        0.5614,
        1.2546,
        3.5878,
        7.9731,
        5.1043,
        1.1303,
        0.823,
        0.0465,
        1.629,
        0.135,
        1.0045,
        2.132,
        0.0839,
        0.3204,
        1.3547,
        0.219,
        2.7849
    ]
}