{
    "metrics": {
        "RMSE": 0.40335627318848877,
        "LogLoss": 0.48907905047171507,
        "RMSE(bins)": 0.14313128608613893,
        "ICI": 0.0688004138962933
    },
    "user": 13514,
    "size": 28115,
    "weights": [
        0.5701,
        1.4436,
        4.1386,
        10.9355,
        5.1443,
        1.2006,
        0.8627,
        0.0362,
        1.629,
        0.1342,
        1.0166,
        2.1174,
        0.0839,
        0.3204,
        1.4676,
        0.219,
        2.8237
    ]
}