{
    "metrics": {
        "RMSE": 0.10605658285802481,
        "LogLoss": 0.08595067722156835,
        "RMSE(bins)": 0.08543856785615929,
        "ICI": 0.07186055096015198
    },
    "user": 1356,
    "size": 6425,
    "weights": [
        0.5701,
        1.4436,
        4.1386,
        10.9355,
        5.1443,
        1.2006,
        0.8627,
        0.0362,
        1.629,
        0.1342,
        1.0166,
        2.1174,
        0.0839,
        0.3204,
        1.4676,
        0.219,
        2.8237
    ]
}