{
    "metrics": {
        "RMSE": 0.3996487687926705,
        "LogLoss": 0.5059588492035342,
        "RMSE(bins)": 0.09976818033010894,
        "ICI": 0.06445032520625281
    },
    "user": 13563,
    "size": 34130,
    "weights": [
        0.5701,
        1.4436,
        4.1386,
        10.9355,
        5.1443,
        1.2006,
        0.8627,
        0.0362,
        1.629,
        0.1342,
        1.0166,
        2.1174,
        0.0839,
        0.3204,
        1.4676,
        0.219,
        2.8237
    ]
}