{
    "FSRS-4.5-dry-run": {
        "RMSE": 0.48811558607810834,
        "LogLoss": 0.6825025687015002,
        "RMSE(bins)": 0.18699968848182952,
        "RMSE(bins)Ratings": {
            "1": 0.22397929505324052,
            "2": 0.27722399146572424,
            "3": 0.3384490478539406,
            "4": 0.24858088364178735
        }
    },
    "user": 13646,
    "size": 2070,
    "weights": [
        0.5614,
        1.2546,
        3.5878,
        7.9731,
        5.1043,
        1.1303,
        0.823,
        0.0465,
        1.629,
        0.135,
        1.0045,
        2.132,
        0.0839,
        0.3204,
        1.3547,
        0.219,
        2.7849
    ]
}