{
    "metrics": {
        "RMSE": 0.37989308437335645,
        "LogLoss": 0.47004976416268446,
        "RMSE(bins)": 0.1334884235663849,
        "ICI": 0.06430873922865162
    },
    "user": 13745,
    "size": 1600,
    "weights": [
        0.5701,
        1.4436,
        4.1386,
        10.9355,
        5.1443,
        1.2006,
        0.8627,
        0.0362,
        1.629,
        0.1342,
        1.0166,
        2.1174,
        0.0839,
        0.3204,
        1.4676,
        0.219,
        2.8237
    ]
}