{
    "metrics": {
        "RMSE": 0.363457675143687,
        "LogLoss": 0.4311051514306765,
        "RMSE(bins)": 0.09426049281322117,
        "ICI": 0.056749366954964936,
        "RMSE(bins)Ratings": {
            "1": 0.0904752697862727,
            "2": 0.1071608473096091,
            "3": 0.03982853037973267,
            "4": 0.20037220919536056
        }
    },
    "user": 13751,
    "size": 19925,
    "weights": [
        0.5614,
        1.2546,
        3.5878,
        7.9731,
        5.1043,
        1.1303,
        0.823,
        0.0465,
        1.629,
        0.135,
        1.0045,
        2.132,
        0.0839,
        0.3204,
        1.3547,
        0.219,
        2.7849
    ]
}