{
    "FSRS-4.5-dry-run": {
        "RMSE": 0.43384303659207973,
        "LogLoss": 0.5626868783259716,
        "RMSE(bins)": 0.2760195894480886,
        "RMSE(bins)Ratings": {
            "1": 0.38032189409924005,
            "2": 0.3564377003700136,
            "3": 0.19898669234491964,
            "4": 0.17317900479147255
        }
    },
    "user": 13913,
    "size": 775,
    "weights": [
        0.27,
        0.74,
        1.3,
        5.52,
        5.1,
        1.02,
        0.78,
        0.06,
        1.57,
        0.14,
        0.94,
        2.16,
        0.06,
        0.31,
        1.34,
        0.21,
        2.69
    ]
}