{
    "FSRS-4.5-dry-run": {
        "RMSE": 0.23623562493230893,
        "LogLoss": 0.22291718410881137,
        "RMSE(bins)": 0.07941337657040173,
        "RMSE(bins)Ratings": {
            "1": 0.17319478737355373,
            "2": 0.6726968247253639,
            "3": 0.0719721648071297,
            "4": 0.23914920426417222
        }
    },
    "user": 13980,
    "size": 5500,
    "weights": [
        0.27,
        0.74,
        1.3,
        5.52,
        5.1,
        1.02,
        0.78,
        0.06,
        1.57,
        0.14,
        0.94,
        2.16,
        0.06,
        0.31,
        1.34,
        0.21,
        2.69
    ]
}