{
    "metrics": {
        "RMSE": 0.10597314132900773,
        "LogLoss": 0.06236635819380331,
        "RMSE(bins)": 0.031040295840664717,
        "ICI": 0.020013592406309188
    },
    "user": 14007,
    "size": 120555,
    "weights": [
        0.5701,
        1.4436,
        4.1386,
        10.9355,
        5.1443,
        1.2006,
        0.8627,
        0.0362,
        1.629,
        0.1342,
        1.0166,
        2.1174,
        0.0839,
        0.3204,
        1.4676,
        0.219,
        2.8237
    ]
}