{
    "FSRS-4.5-dry-run": {
        "RMSE": 0.3698639015914928,
        "LogLoss": 0.4554988047500311,
        "RMSE(bins)": 0.070424420862849,
        "RMSE(bins)Ratings": {
            "1": 0.11617129789316187,
            "2": 0.0344691043820215,
            "3": 0.08755180423475234,
            "4": 0.09713023628422505
        }
    },
    "user": 14017,
    "size": 163630,
    "weights": [
        0.27,
        0.74,
        1.3,
        5.52,
        5.1,
        1.02,
        0.78,
        0.06,
        1.57,
        0.14,
        0.94,
        2.16,
        0.06,
        0.31,
        1.34,
        0.21,
        2.69
    ]
}