{
    "metrics": {
        "RMSE": 0.5846040048037092,
        "LogLoss": 0.9662157108916437,
        "RMSE(bins)": 0.3581601490954197,
        "ICI": 0.271073259390757
    },
    "user": 14057,
    "size": 1025,
    "weights": [
        0.5701,
        1.4436,
        4.1386,
        10.9355,
        5.1443,
        1.2006,
        0.8627,
        0.0362,
        1.629,
        0.1342,
        1.0166,
        2.1174,
        0.0839,
        0.3204,
        1.4676,
        0.219,
        2.8237
    ]
}