{
    "metrics": {
        "RMSE": 0.4348563878969882,
        "LogLoss": 0.5622006713605799,
        "RMSE(bins)": 0.177233157309854,
        "ICI": 0.12284765194229794
    },
    "user": 14134,
    "size": 5650,
    "weights": [
        0.5701,
        1.4436,
        4.1386,
        10.9355,
        5.1443,
        1.2006,
        0.8627,
        0.0362,
        1.629,
        0.1342,
        1.0166,
        2.1174,
        0.0839,
        0.3204,
        1.4676,
        0.219,
        2.8237
    ]
}