{
    "metrics": {
        "RMSE": 0.15290884349580208,
        "LogLoss": 0.13757719831573256,
        "RMSE(bins)": 0.09503773085840489,
        "ICI": 0.08469243440202959
    },
    "user": 14215,
    "size": 33040,
    "weights": [
        0.5701,
        1.4436,
        4.1386,
        10.9355,
        5.1443,
        1.2006,
        0.8627,
        0.0362,
        1.629,
        0.1342,
        1.0166,
        2.1174,
        0.0839,
        0.3204,
        1.4676,
        0.219,
        2.8237
    ]
}