{
    "FSRS-4.5-dry-run": {
        "RMSE": 0.3528209485387815,
        "LogLoss": 0.4133443752117991,
        "RMSE(bins)": 0.08247414122153192,
        "RMSE(bins)Ratings": {
            "1": 0.1327462556886253,
            "2": 0.08559135286552999,
            "3": 0.0865193100687057,
            "4": 0.25909512524027734
        }
    },
    "user": 14236,
    "size": 28295,
    "weights": [
        0.27,
        0.74,
        1.3,
        5.52,
        5.1,
        1.02,
        0.78,
        0.06,
        1.57,
        0.14,
        0.94,
        2.16,
        0.06,
        0.31,
        1.34,
        0.21,
        2.69
    ]
}