{
    "FSRS-4.5-dry-run": {
        "RMSE": 0.24728377666812945,
        "LogLoss": 0.23994678860870522,
        "RMSE(bins)": 0.038237748871706556,
        "RMSE(bins)Ratings": {
            "1": 0.058809908233106126,
            "2": 0.05383484416515317,
            "3": 0.02278217980407312,
            "4": 0.029509954546718637
        }
    },
    "user": 14347,
    "size": 218815,
    "weights": [
        0.27,
        0.74,
        1.3,
        5.52,
        5.1,
        1.02,
        0.78,
        0.06,
        1.57,
        0.14,
        0.94,
        2.16,
        0.06,
        0.31,
        1.34,
        0.21,
        2.69
    ]
}