{
    "FSRS-4.5-dry-run": {
        "RMSE": 0.2333361124818116,
        "LogLoss": 0.21972514336627988,
        "RMSE(bins)": 0.06290746356297278,
        "RMSE(bins)Ratings": {
            "1": 0.11096872381124592,
            "2": 0.12217386647205619,
            "3": 0.04513966777224631,
            "4": 0.07410406812757235
        }
    },
    "user": 14370,
    "size": 10170,
    "weights": [
        0.27,
        0.74,
        1.3,
        5.52,
        5.1,
        1.02,
        0.78,
        0.06,
        1.57,
        0.14,
        0.94,
        2.16,
        0.06,
        0.31,
        1.34,
        0.21,
        2.69
    ]
}