{
    "FSRS-4.5-dry-run": {
        "RMSE": 0.4114280950807594,
        "LogLoss": 0.5172053290754612,
        "RMSE(bins)": 0.22076485218347652,
        "ICI": 0.13994286822473215,
        "RMSE(bins)Ratings": {
            "1": 0.42296637712947177,
            "2": 0.37817303907202504,
            "3": 0.29841761647193
        }
    },
    "user": 14401,
    "size": 2135,
    "weights": [
        0.5614,
        1.2546,
        3.5878,
        7.9731,
        5.1043,
        1.1303,
        0.823,
        0.0465,
        1.629,
        0.135,
        1.0045,
        2.132,
        0.0839,
        0.3204,
        1.3547,
        0.219,
        2.7849
    ]
}