{
    "FSRS-4.5-dry-run": {
        "RMSE": 0.3944665584597511,
        "LogLoss": 0.49130635487123275,
        "RMSE(bins)": 0.11851261499962236,
        "ICI": 0.0900745859539817,
        "RMSE(bins)Ratings": {
            "1": 0.19604204804235528,
            "2": 0.11640699720059278,
            "3": 0.0903160269438522,
            "4": 0.05643520119989967
        }
    },
    "user": 14426,
    "size": 8890,
    "weights": [
        0.5614,
        1.2546,
        3.5878,
        7.9731,
        5.1043,
        1.1303,
        0.823,
        0.0465,
        1.629,
        0.135,
        1.0045,
        2.132,
        0.0839,
        0.3204,
        1.3547,
        0.219,
        2.7849
    ]
}