{
    "metrics": {
        "RMSE": 0.08840145819722892,
        "LogLoss": 0.07551703106330285,
        "RMSE(bins)": 0.06972180535919492,
        "ICI": 0.06356256832281355
    },
    "user": 14513,
    "size": 18760,
    "weights": [
        0.5701,
        1.4436,
        4.1386,
        10.9355,
        5.1443,
        1.2006,
        0.8627,
        0.0362,
        1.629,
        0.1342,
        1.0166,
        2.1174,
        0.0839,
        0.3204,
        1.4676,
        0.219,
        2.8237
    ]
}