{
    "FSRS-4.5-dry-run": {
        "RMSE": 0.2925850954922312,
        "LogLoss": 0.3020956565690174,
        "RMSE(bins)": 0.08062880644511163,
        "RMSE(bins)Ratings": {
            "1": 0.1731133102838583,
            "2": 0.07343925240977664,
            "3": 0.08803918349507171,
            "4": 0.0891810334719445
        }
    },
    "user": 14569,
    "size": 6675,
    "weights": [
        0.5614,
        1.2546,
        3.5878,
        7.9731,
        5.1043,
        1.1303,
        0.823,
        0.0465,
        1.629,
        0.135,
        1.0045,
        2.132,
        0.0839,
        0.3204,
        1.3547,
        0.219,
        2.7849
    ]
}