{
    "FSRS-4.5-dry-run": {
        "RMSE": 0.43374396622866035,
        "LogLoss": 0.5654978627930408,
        "RMSE(bins)": 0.06334626065104462,
        "RMSE(bins)Ratings": {
            "1": 0.09745965908487216,
            "2": 0.09432252013152456,
            "3": 0.048461886616333945,
            "4": 0.20881606572819875
        }
    },
    "user": 14566,
    "size": 10250,
    "weights": [
        0.27,
        0.74,
        1.3,
        5.52,
        5.1,
        1.02,
        0.78,
        0.06,
        1.57,
        0.14,
        0.94,
        2.16,
        0.06,
        0.31,
        1.34,
        0.21,
        2.69
    ]
}