{
    "metrics": {
        "RMSE": 0.28714236601897214,
        "LogLoss": 0.2946052152987524,
        "RMSE(bins)": 0.06239432058730547,
        "ICI": 0.02649274581673624
    },
    "user": 1459,
    "size": 7660,
    "weights": [
        0.5701,
        1.4436,
        4.1386,
        10.9355,
        5.1443,
        1.2006,
        0.8627,
        0.0362,
        1.629,
        0.1342,
        1.0166,
        2.1174,
        0.0839,
        0.3204,
        1.4676,
        0.219,
        2.8237
    ]
}