{
    "metrics": {
        "RMSE": 0.42876691971158104,
        "LogLoss": 0.545160485285513,
        "RMSE(bins)": 0.11198624610155465,
        "ICI": 0.07791855815043687
    },
    "user": 14604,
    "size": 29940,
    "weights": [
        0.5701,
        1.4436,
        4.1386,
        10.9355,
        5.1443,
        1.2006,
        0.8627,
        0.0362,
        1.629,
        0.1342,
        1.0166,
        2.1174,
        0.0839,
        0.3204,
        1.4676,
        0.219,
        2.8237
    ]
}