{
    "FSRS-4.5-dry-run": {
        "RMSE": 0.14500918182346945,
        "LogLoss": 0.11634988399025348,
        "RMSE(bins)": 0.06703785524604347,
        "RMSE(bins)Ratings": {
            "1": 0.03173552981533692,
            "2": 0.055640834100800826,
            "3": 0.07441163936274922,
            "4": 0.063232466119952
        }
    },
    "user": 14616,
    "size": 97780,
    "weights": [
        0.5614,
        1.2546,
        3.5878,
        7.9731,
        5.1043,
        1.1303,
        0.823,
        0.0465,
        1.629,
        0.135,
        1.0045,
        2.132,
        0.0839,
        0.3204,
        1.3547,
        0.219,
        2.7849
    ]
}