{
    "FSRS-4.5-dry-run": {
        "RMSE": 0.4237606487487017,
        "LogLoss": 0.5458884978697889,
        "RMSE(bins)": 0.06184251583796347,
        "RMSE(bins)Ratings": {
            "1": 0.06076221314405398,
            "2": 0.04684545963530848,
            "3": 0.03851248477933909,
            "4": 0.23171197616196604
        }
    },
    "user": 14618,
    "size": 78530,
    "weights": [
        0.27,
        0.74,
        1.3,
        5.52,
        5.1,
        1.02,
        0.78,
        0.06,
        1.57,
        0.14,
        0.94,
        2.16,
        0.06,
        0.31,
        1.34,
        0.21,
        2.69
    ]
}