{
    "metrics": {
        "RMSE": 0.2127777675535771,
        "LogLoss": 0.18208203027145645,
        "RMSE(bins)": 0.08070369137320979,
        "ICI": 0.05094872830324262
    },
    "user": 14715,
    "size": 65425,
    "weights": [
        0.5701,
        1.4436,
        4.1386,
        10.9355,
        5.1443,
        1.2006,
        0.8627,
        0.0362,
        1.629,
        0.1342,
        1.0166,
        2.1174,
        0.0839,
        0.3204,
        1.4676,
        0.219,
        2.8237
    ]
}