{
    "FSRS-4.5-dry-run": {
        "RMSE": 0.42313836193968357,
        "LogLoss": 0.5470529220047132,
        "RMSE(bins)": 0.17351124799153683,
        "RMSE(bins)Ratings": {
            "1": 0.14259409609723894,
            "2": 0.1755370211929291,
            "3": 0.14773078474703552,
            "4": 0.19532826494859803
        }
    },
    "user": 14716,
    "size": 1015,
    "weights": [
        0.5614,
        1.2546,
        3.5878,
        7.9731,
        5.1043,
        1.1303,
        0.823,
        0.0465,
        1.629,
        0.135,
        1.0045,
        2.132,
        0.0839,
        0.3204,
        1.3547,
        0.219,
        2.7849
    ]
}