{
    "FSRS-4.5-dry-run": {
        "RMSE": 0.407048276024977,
        "LogLoss": 0.5207635454934173,
        "RMSE(bins)": 0.16809995014912135,
        "RMSE(bins)Ratings": {
            "1": 0.14822498167469358,
            "2": 0.09811432099639046,
            "3": 0.06637570060194023,
            "4": 0.1042136234199375
        }
    },
    "user": 14788,
    "size": 6585,
    "weights": [
        0.27,
        0.74,
        1.3,
        5.52,
        5.1,
        1.02,
        0.78,
        0.06,
        1.57,
        0.14,
        0.94,
        2.16,
        0.06,
        0.31,
        1.34,
        0.21,
        2.69
    ]
}