{
    "FSRS-4.5-dry-run": {
        "RMSE": 0.31489965218764443,
        "LogLoss": 0.33953018649558137,
        "RMSE(bins)": 0.08572990634248098,
        "RMSE(bins)Ratings": {
            "1": 0.12343721631606049,
            "2": 0.07965689169008068,
            "3": 0.0308492569444738,
            "4": 0.08007284310146895
        }
    },
    "user": 14880,
    "size": 18280,
    "weights": [
        0.27,
        0.74,
        1.3,
        5.52,
        5.1,
        1.02,
        0.78,
        0.06,
        1.57,
        0.14,
        0.94,
        2.16,
        0.06,
        0.31,
        1.34,
        0.21,
        2.69
    ]
}