{
    "metrics": {
        "RMSE": 0.46114565062429663,
        "LogLoss": 0.6656435039116313,
        "RMSE(bins)": 0.16605248552799706,
        "ICI": 0.11808024982152279
    },
    "user": 14958,
    "size": 9755,
    "weights": [
        0.5701,
        1.4436,
        4.1386,
        10.9355,
        5.1443,
        1.2006,
        0.8627,
        0.0362,
        1.629,
        0.1342,
        1.0166,
        2.1174,
        0.0839,
        0.3204,
        1.4676,
        0.219,
        2.8237
    ]
}