{
    "metrics": {
        "RMSE": 0.317738891463852,
        "LogLoss": 0.34724027624765164,
        "RMSE(bins)": 0.05587717581691771,
        "ICI": 0.024276610552691306
    },
    "user": 15013,
    "size": 13165,
    "weights": [
        0.5701,
        1.4436,
        4.1386,
        10.9355,
        5.1443,
        1.2006,
        0.8627,
        0.0362,
        1.629,
        0.1342,
        1.0166,
        2.1174,
        0.0839,
        0.3204,
        1.4676,
        0.219,
        2.8237
    ]
}