{
    "metrics": {
        "RMSE": 0.3821851623597255,
        "LogLoss": 0.4710233139214954,
        "RMSE(bins)": 0.10506308287359321,
        "ICI": 0.07132340430407061
    },
    "user": 15228,
    "size": 8290,
    "weights": [
        0.5701,
        1.4436,
        4.1386,
        10.9355,
        5.1443,
        1.2006,
        0.8627,
        0.0362,
        1.629,
        0.1342,
        1.0166,
        2.1174,
        0.0839,
        0.3204,
        1.4676,
        0.219,
        2.8237
    ]
}