{
    "metrics": {
        "RMSE": 0.2985803991544382,
        "LogLoss": 0.30900683714574934,
        "RMSE(bins)": 0.05063888856928688,
        "ICI": 0.012032008476093958
    },
    "user": 1525,
    "size": 2835,
    "weights": [
        0.5701,
        1.4436,
        4.1386,
        10.9355,
        5.1443,
        1.2006,
        0.8627,
        0.0362,
        1.629,
        0.1342,
        1.0166,
        2.1174,
        0.0839,
        0.3204,
        1.4676,
        0.219,
        2.8237
    ]
}