{
    "FSRS-4.5-dry-run": {
        "RMSE": 0.46035477356922955,
        "LogLoss": 0.6544413885125542,
        "RMSE(bins)": 0.1368204911120964,
        "RMSE(bins)Ratings": {
            "1": 0.06653757999740222,
            "2": 0.0859750201585098,
            "3": 0.12844434452269107,
            "4": 0.2477574961807514
        }
    },
    "user": 15313,
    "size": 182650,
    "weights": [
        0.5614,
        1.2546,
        3.5878,
        7.9731,
        5.1043,
        1.1303,
        0.823,
        0.0465,
        1.629,
        0.135,
        1.0045,
        2.132,
        0.0839,
        0.3204,
        1.3547,
        0.219,
        2.7849
    ]
}