{
    "metrics": {
        "RMSE": 0.34217755390203675,
        "LogLoss": 0.37583551672550375,
        "RMSE(bins)": 0.23975988202134743,
        "ICI": 0.1215324499172699
    },
    "user": 15398,
    "size": 4865,
    "weights": [
        0.5701,
        1.4436,
        4.1386,
        10.9355,
        5.1443,
        1.2006,
        0.8627,
        0.0362,
        1.629,
        0.1342,
        1.0166,
        2.1174,
        0.0839,
        0.3204,
        1.4676,
        0.219,
        2.8237
    ]
}