{
    "FSRS-4.5-dry-run": {
        "RMSE": 0.35722137851147645,
        "LogLoss": 0.41959769913877837,
        "RMSE(bins)": 0.07260076353516481,
        "RMSE(bins)Ratings": {
            "1": 0.10590010201132462,
            "2": 0.06824934276373042,
            "3": 0.04068913560851897,
            "4": 0.04198996710046434
        }
    },
    "user": 15403,
    "size": 19300,
    "weights": [
        0.27,
        0.74,
        1.3,
        5.52,
        5.1,
        1.02,
        0.78,
        0.06,
        1.57,
        0.14,
        0.94,
        2.16,
        0.06,
        0.31,
        1.34,
        0.21,
        2.69
    ]
}