{
    "metrics": {
        "RMSE": 0.15441567992563834,
        "LogLoss": 0.10927542315686706,
        "RMSE(bins)": 0.037865425731232055,
        "ICI": 0.017409635727647275
    },
    "user": 15444,
    "size": 20220,
    "weights": [
        0.5701,
        1.4436,
        4.1386,
        10.9355,
        5.1443,
        1.2006,
        0.8627,
        0.0362,
        1.629,
        0.1342,
        1.0166,
        2.1174,
        0.0839,
        0.3204,
        1.4676,
        0.219,
        2.8237
    ]
}