{
    "metrics": {
        "RMSE": 0.29002236351459565,
        "LogLoss": 0.30039157576669057,
        "RMSE(bins)": 0.04094664359397806,
        "ICI": 0.018484636375452924
    },
    "user": 15445,
    "size": 12495,
    "weights": [
        0.5701,
        1.4436,
        4.1386,
        10.9355,
        5.1443,
        1.2006,
        0.8627,
        0.0362,
        1.629,
        0.1342,
        1.0166,
        2.1174,
        0.0839,
        0.3204,
        1.4676,
        0.219,
        2.8237
    ]
}