{
    "metrics": {
        "RMSE": 0.21372173772982925,
        "LogLoss": 0.196754408259974,
        "RMSE(bins)": 0.05447743252874165,
        "ICI": 0.028974231651126815
    },
    "user": 15610,
    "size": 5455,
    "weights": [
        0.5701,
        1.4436,
        4.1386,
        10.9355,
        5.1443,
        1.2006,
        0.8627,
        0.0362,
        1.629,
        0.1342,
        1.0166,
        2.1174,
        0.0839,
        0.3204,
        1.4676,
        0.219,
        2.8237
    ]
}