{
    "metrics": {
        "RMSE": 0.26421215457802205,
        "LogLoss": 0.25944244018490614,
        "RMSE(bins)": 0.08339808425088532,
        "ICI": 0.047872772626165135
    },
    "user": 15646,
    "size": 18905,
    "weights": [
        0.5701,
        1.4436,
        4.1386,
        10.9355,
        5.1443,
        1.2006,
        0.8627,
        0.0362,
        1.629,
        0.1342,
        1.0166,
        2.1174,
        0.0839,
        0.3204,
        1.4676,
        0.219,
        2.8237
    ]
}