{
    "FSRS-4.5-dry-run": {
        "RMSE": 0.40730372060523634,
        "LogLoss": 0.516052950968008,
        "RMSE(bins)": 0.08276160834290533,
        "RMSE(bins)Ratings": {
            "1": 0.12455337829293985,
            "2": 0.08463534495741916,
            "3": 0.07148630864416412,
            "4": 0.0816038166369309
        }
    },
    "user": 15640,
    "size": 23760,
    "weights": [
        0.27,
        0.74,
        1.3,
        5.52,
        5.1,
        1.02,
        0.78,
        0.06,
        1.57,
        0.14,
        0.94,
        2.16,
        0.06,
        0.31,
        1.34,
        0.21,
        2.69
    ]
}