{
    "metrics": {
        "RMSE": 0.08643425515656405,
        "LogLoss": 0.07214818335225655,
        "RMSE(bins)": 0.07244984289159206,
        "ICI": 0.0667990800780288
    },
    "user": 15661,
    "size": 6285,
    "weights": [
        0.5701,
        1.4436,
        4.1386,
        10.9355,
        5.1443,
        1.2006,
        0.8627,
        0.0362,
        1.629,
        0.1342,
        1.0166,
        2.1174,
        0.0839,
        0.3204,
        1.4676,
        0.219,
        2.8237
    ]
}