{
    "metrics": {
        "RMSE": 0.2597971617050761,
        "LogLoss": 0.2541549807687713,
        "RMSE(bins)": 0.112035014700102,
        "ICI": 0.051022217863288526
    },
    "user": 15698,
    "size": 11380,
    "weights": [
        0.5701,
        1.4436,
        4.1386,
        10.9355,
        5.1443,
        1.2006,
        0.8627,
        0.0362,
        1.629,
        0.1342,
        1.0166,
        2.1174,
        0.0839,
        0.3204,
        1.4676,
        0.219,
        2.8237
    ]
}