{
    "FSRS-4.5-dry-run": {
        "RMSE": 0.362978771853272,
        "LogLoss": 0.4310605864566721,
        "RMSE(bins)": 0.03974516469168214,
        "RMSE(bins)Ratings": {
            "1": 0.04939781702807383,
            "2": 0.07885772045543643,
            "3": 0.04139335782792669,
            "4": 0.0703250089674549
        }
    },
    "user": 15830,
    "size": 9780,
    "weights": [
        0.27,
        0.74,
        1.3,
        5.52,
        5.1,
        1.02,
        0.78,
        0.06,
        1.57,
        0.14,
        0.94,
        2.16,
        0.06,
        0.31,
        1.34,
        0.21,
        2.69
    ]
}