{
    "metrics": {
        "RMSE": 0.11465181114602926,
        "LogLoss": 0.08272301983469597,
        "RMSE(bins)": 0.04470041196431378,
        "ICI": 0.03679525928120358
    },
    "user": 15879,
    "size": 46395,
    "weights": [
        0.5701,
        1.4436,
        4.1386,
        10.9355,
        5.1443,
        1.2006,
        0.8627,
        0.0362,
        1.629,
        0.1342,
        1.0166,
        2.1174,
        0.0839,
        0.3204,
        1.4676,
        0.219,
        2.8237
    ]
}