{
    "metrics": {
        "RMSE": 0.33491303574977366,
        "LogLoss": 0.3671850252200458,
        "RMSE(bins)": 0.12588466310743823,
        "ICI": 0.04880988008378027
    },
    "user": 1591,
    "size": 5980,
    "weights": [
        0.5701,
        1.4436,
        4.1386,
        10.9355,
        5.1443,
        1.2006,
        0.8627,
        0.0362,
        1.629,
        0.1342,
        1.0166,
        2.1174,
        0.0839,
        0.3204,
        1.4676,
        0.219,
        2.8237
    ]
}