{
    "metrics": {
        "RMSE": 0.32555739333058653,
        "LogLoss": 0.35308666725493976,
        "RMSE(bins)": 0.08696930828197019,
        "ICI": 0.03668831421306645
    },
    "user": 1591,
    "size": 5715,
    "weights": [
        0.5701,
        1.4436,
        4.1386,
        10.9355,
        5.1443,
        1.2006,
        0.8627,
        0.0362,
        1.629,
        0.1342,
        1.0166,
        2.1174,
        0.0839,
        0.3204,
        1.4676,
        0.219,
        2.8237
    ]
}