{
    "metrics": {
        "RMSE": 0.40296455140702914,
        "LogLoss": 0.5395056008503168,
        "RMSE(bins)": 0.1407963973808563,
        "ICI": 0.08228513363766368
    },
    "user": 15913,
    "size": 5835,
    "weights": [
        0.5701,
        1.4436,
        4.1386,
        10.9355,
        5.1443,
        1.2006,
        0.8627,
        0.0362,
        1.629,
        0.1342,
        1.0166,
        2.1174,
        0.0839,
        0.3204,
        1.4676,
        0.219,
        2.8237
    ]
}