{
    "FSRS-4.5-dry-run": {
        "RMSE": 0.4073057580907272,
        "LogLoss": 0.5235970508159222,
        "RMSE(bins)": 0.10728782594394842,
        "RMSE(bins)Ratings": {
            "1": 0.11858835278886794,
            "3": 0.08666112830588722
        }
    },
    "user": 15959,
    "size": 13490,
    "weights": [
        0.5614,
        1.2546,
        3.5878,
        7.9731,
        5.1043,
        1.1303,
        0.823,
        0.0465,
        1.629,
        0.135,
        1.0045,
        2.132,
        0.0839,
        0.3204,
        1.3547,
        0.219,
        2.7849
    ]
}