{
    "metrics": {
        "RMSE": 0.23977415424237492,
        "LogLoss": 0.22089090951942308,
        "RMSE(bins)": 0.036108203673546495,
        "ICI": 0.014505593304620857
    },
    "user": 16026,
    "size": 13265,
    "weights": [
        0.5701,
        1.4436,
        4.1386,
        10.9355,
        5.1443,
        1.2006,
        0.8627,
        0.0362,
        1.629,
        0.1342,
        1.0166,
        2.1174,
        0.0839,
        0.3204,
        1.4676,
        0.219,
        2.8237
    ]
}