{
    "metrics": {
        "RMSE": 0.37059239473557254,
        "LogLoss": 0.43697779451475655,
        "RMSE(bins)": 0.07645055121819692,
        "ICI": 0.03429941333337035
    },
    "user": 16127,
    "size": 13700,
    "weights": [
        0.5701,
        1.4436,
        4.1386,
        10.9355,
        5.1443,
        1.2006,
        0.8627,
        0.0362,
        1.629,
        0.1342,
        1.0166,
        2.1174,
        0.0839,
        0.3204,
        1.4676,
        0.219,
        2.8237
    ]
}