{
    "FSRS-4.5-dry-run": {
        "RMSE": 0.38234968885554693,
        "LogLoss": 0.46079724915042264,
        "RMSE(bins)": 0.09819862343343269,
        "RMSE(bins)Ratings": {
            "1": 0.12399524397337862,
            "2": 0.1457523303261394,
            "3": 0.09355642396078069,
            "4": 0.14045927700623997
        }
    },
    "user": 16131,
    "size": 8375,
    "weights": [
        0.5614,
        1.2546,
        3.5878,
        7.9731,
        5.1043,
        1.1303,
        0.823,
        0.0465,
        1.629,
        0.135,
        1.0045,
        2.132,
        0.0839,
        0.3204,
        1.3547,
        0.219,
        2.7849
    ]
}