{
    "metrics": {
        "RMSE": 0.30741993207315665,
        "LogLoss": 0.3233206843112407,
        "RMSE(bins)": 0.14744796770806273,
        "ICI": 0.08927086131810544,
        "RMSE(bins)Ratings": {
            "1": 0.12215869340867457,
            "2": 0.12392927750053173,
            "3": 0.17989570302002517,
            "4": 0.24701089148795705
        }
    },
    "user": 16232,
    "size": 3245,
    "weights": [
        0.5614,
        1.2546,
        3.5878,
        7.9731,
        5.1043,
        1.1303,
        0.823,
        0.0465,
        1.629,
        0.135,
        1.0045,
        2.132,
        0.0839,
        0.3204,
        1.3547,
        0.219,
        2.7849
    ]
}