{
    "metrics": {
        "RMSE": 0.26768262132821086,
        "LogLoss": 0.2764165001582953,
        "RMSE(bins)": 0.04010347876438367,
        "ICI": 0.02798775643613775
    },
    "user": 16259,
    "size": 17785,
    "weights": [
        0.5701,
        1.4436,
        4.1386,
        10.9355,
        5.1443,
        1.2006,
        0.8627,
        0.0362,
        1.629,
        0.1342,
        1.0166,
        2.1174,
        0.0839,
        0.3204,
        1.4676,
        0.219,
        2.8237
    ]
}