{
    "metrics": {
        "RMSE": 0.32351584926070903,
        "LogLoss": 0.35688701770600595,
        "RMSE(bins)": 0.04437411455236238,
        "ICI": 0.012108343544750667
    },
    "user": 16409,
    "size": 54690,
    "weights": [
        0.5701,
        1.4436,
        4.1386,
        10.9355,
        5.1443,
        1.2006,
        0.8627,
        0.0362,
        1.629,
        0.1342,
        1.0166,
        2.1174,
        0.0839,
        0.3204,
        1.4676,
        0.219,
        2.8237
    ]
}