{
    "FSRS-4.5-dry-run": {
        "RMSE": 0.2679100622114495,
        "LogLoss": 0.27446350683090076,
        "RMSE(bins)": 0.07520984300992353,
        "ICI": 0.072016440558414,
        "RMSE(bins)Ratings": {
            "1": 0.05712552780881364,
            "2": 0.080544865272312,
            "3": 0.04698506407466787
        }
    },
    "user": 16401,
    "size": 83795,
    "weights": [
        0.5614,
        1.2546,
        3.5878,
        7.9731,
        5.1043,
        1.1303,
        0.823,
        0.0465,
        1.629,
        0.135,
        1.0045,
        2.132,
        0.0839,
        0.3204,
        1.3547,
        0.219,
        2.7849
    ]
}