{
    "metrics": {
        "RMSE": 0.22935284827884528,
        "LogLoss": 0.20638282690594728,
        "RMSE(bins)": 0.06174619187972656,
        "ICI": 0.03671352788328434
    },
    "user": 16425,
    "size": 7095,
    "weights": [
        0.5701,
        1.4436,
        4.1386,
        10.9355,
        5.1443,
        1.2006,
        0.8627,
        0.0362,
        1.629,
        0.1342,
        1.0166,
        2.1174,
        0.0839,
        0.3204,
        1.4676,
        0.219,
        2.8237
    ]
}