{
    "FSRS-4.5-dry-run": {
        "RMSE": 0.09632049128770444,
        "LogLoss": 0.0879587001046372,
        "RMSE(bins)": 0.09121318125001679,
        "RMSE(bins)Ratings": {
            "1": 0.2958866170568275,
            "2": 0.11615506956421204,
            "3": 0.08216631060749764,
            "4": 0.049485169821659326
        }
    },
    "user": 16514,
    "size": 21430,
    "weights": [
        0.5614,
        1.2546,
        3.5878,
        7.9731,
        5.1043,
        1.1303,
        0.823,
        0.0465,
        1.629,
        0.135,
        1.0045,
        2.132,
        0.0839,
        0.3204,
        1.3547,
        0.219,
        2.7849
    ]
}