{
    "FSRS-4.5-dry-run": {
        "RMSE": 0.16021469245775882,
        "LogLoss": 0.1273021860548577,
        "RMSE(bins)": 0.0507528891685351,
        "ICI": 0.04050278917285616,
        "RMSE(bins)Ratings": {
            "1": 0.08805613734029052,
            "2": 0.050969720142849784,
            "3": 0.04889802758581449,
            "4": 0.035369867580331345
        }
    },
    "user": 16552,
    "size": 67600,
    "weights": [
        0.5614,
        1.2546,
        3.5878,
        7.9731,
        5.1043,
        1.1303,
        0.823,
        0.0465,
        1.629,
        0.135,
        1.0045,
        2.132,
        0.0839,
        0.3204,
        1.3547,
        0.219,
        2.7849
    ]
}