{
    "FSRS-4.5-dry-run": {
        "RMSE": 0.35697503311096923,
        "LogLoss": 0.4123840504851864,
        "RMSE(bins)": 0.06853205781268117,
        "RMSE(bins)Ratings": {
            "1": 0.11481126141950569,
            "2": 0.17988621512219471,
            "3": 0.08018924052290714,
            "4": 0.24700183645448545
        }
    },
    "user": 16569,
    "size": 3275,
    "weights": [
        0.27,
        0.74,
        1.3,
        5.52,
        5.1,
        1.02,
        0.78,
        0.06,
        1.57,
        0.14,
        0.94,
        2.16,
        0.06,
        0.31,
        1.34,
        0.21,
        2.69
    ]
}