{
    "metrics": {
        "RMSE": 0.2575070375977944,
        "LogLoss": 0.2461217391146393,
        "RMSE(bins)": 0.1687060411813894,
        "ICI": 0.11396887279369998
    },
    "user": 16633,
    "size": 11630,
    "weights": [
        0.5701,
        1.4436,
        4.1386,
        10.9355,
        5.1443,
        1.2006,
        0.8627,
        0.0362,
        1.629,
        0.1342,
        1.0166,
        2.1174,
        0.0839,
        0.3204,
        1.4676,
        0.219,
        2.8237
    ]
}