{
    "FSRS-4.5-dry-run": {
        "RMSE": 0.2711106201890019,
        "LogLoss": 0.265737563947757,
        "RMSE(bins)": 0.12127481408617964,
        "RMSE(bins)Ratings": {
            "1": 0.3126752491425106,
            "2": 0.33718554994331024,
            "3": 0.13986181870636893,
            "4": 0.0969747046234895
        }
    },
    "user": 16672,
    "size": 2910,
    "weights": [
        0.27,
        0.74,
        1.3,
        5.52,
        5.1,
        1.02,
        0.78,
        0.06,
        1.57,
        0.14,
        0.94,
        2.16,
        0.06,
        0.31,
        1.34,
        0.21,
        2.69
    ]
}