{
    "FSRS-4.5-dry-run": {
        "RMSE": 0.30545478934815634,
        "LogLoss": 0.33174134207157496,
        "RMSE(bins)": 0.027730217919792344,
        "ICI": 0.024093507684642343,
        "RMSE(bins)Ratings": {
            "1": 0.032258976058672575,
            "2": 0.13524390571101363,
            "3": 0.02850699471843933,
            "4": 0.03162903190099023
        }
    },
    "user": 16698,
    "size": 61595,
    "weights": [
        0.5614,
        1.2546,
        3.5878,
        7.9731,
        5.1043,
        1.1303,
        0.823,
        0.0465,
        1.629,
        0.135,
        1.0045,
        2.132,
        0.0839,
        0.3204,
        1.3547,
        0.219,
        2.7849
    ]
}