{
    "metrics": {
        "RMSE": 0.14048393554228616,
        "LogLoss": 0.10720504784963525,
        "RMSE(bins)": 0.044119554350701085,
        "ICI": 0.03875729206185155
    },
    "user": 16705,
    "size": 86200,
    "weights": [
        0.5701,
        1.4436,
        4.1386,
        10.9355,
        5.1443,
        1.2006,
        0.8627,
        0.0362,
        1.629,
        0.1342,
        1.0166,
        2.1174,
        0.0839,
        0.3204,
        1.4676,
        0.219,
        2.8237
    ]
}