{
    "metrics": {
        "RMSE": 0.33349299595541676,
        "LogLoss": 0.37870537308780655,
        "RMSE(bins)": 0.15570164402686948,
        "ICI": 0.11169626088293709,
        "RMSE(bins)Ratings": {
            "1": 0.16927793388732804,
            "2": 0.1181328425751576,
            "3": 0.1034368256818945,
            "4": 0.07791997826751934
        }
    },
    "user": 16751,
    "size": 9985,
    "weights": [
        0.5614,
        1.2546,
        3.5878,
        7.9731,
        5.1043,
        1.1303,
        0.823,
        0.0465,
        1.629,
        0.135,
        1.0045,
        2.132,
        0.0839,
        0.3204,
        1.3547,
        0.219,
        2.7849
    ]
}