{
    "FSRS-4.5-dry-run": {
        "RMSE": 0.3167058981419248,
        "LogLoss": 0.3403842827388584,
        "RMSE(bins)": 0.05099849929022649,
        "RMSE(bins)Ratings": {
            "1": 0.09936766592909435,
            "2": 0.0946557890591182,
            "3": 0.07479764026514595,
            "4": 0.093799719896694
        }
    },
    "user": 16767,
    "size": 6685,
    "weights": [
        0.5614,
        1.2546,
        3.5878,
        7.9731,
        5.1043,
        1.1303,
        0.823,
        0.0465,
        1.629,
        0.135,
        1.0045,
        2.132,
        0.0839,
        0.3204,
        1.3547,
        0.219,
        2.7849
    ]
}