{
    "FSRS-4.5-dry-run": {
        "RMSE": 0.252878628352445,
        "LogLoss": 0.22461694591433137,
        "RMSE(bins)": 0.13680289545037136,
        "RMSE(bins)Ratings": {
            "1": 0.2371426686389648,
            "2": 0.25566794046469576,
            "3": 0.09449906440305245,
            "4": 0.08968797834876745
        }
    },
    "user": 16776,
    "size": 14075,
    "weights": [
        0.27,
        0.74,
        1.3,
        5.52,
        5.1,
        1.02,
        0.78,
        0.06,
        1.57,
        0.14,
        0.94,
        2.16,
        0.06,
        0.31,
        1.34,
        0.21,
        2.69
    ]
}