{
    "FSRS-4.5-dry-run": {
        "RMSE": 0.32602289032457943,
        "LogLoss": 0.36617160131185605,
        "RMSE(bins)": 0.05302601082237425,
        "ICI": 0.03706901692253319,
        "RMSE(bins)Ratings": {
            "1": 0.21553093951441685,
            "2": 0.02116203754418081,
            "3": 0.021782040388469516,
            "4": 0.10636143528461604
        }
    },
    "user": 16813,
    "size": 122115,
    "weights": [
        0.5614,
        1.2546,
        3.5878,
        7.9731,
        5.1043,
        1.1303,
        0.823,
        0.0465,
        1.629,
        0.135,
        1.0045,
        2.132,
        0.0839,
        0.3204,
        1.3547,
        0.219,
        2.7849
    ]
}