{
    "metrics": {
        "RMSE": 0.3558438989371812,
        "LogLoss": 0.4061316472049668,
        "RMSE(bins)": 0.0886892908586256,
        "ICI": 0.04546464732287608
    },
    "user": 16918,
    "size": 14160,
    "weights": [
        0.5701,
        1.4436,
        4.1386,
        10.9355,
        5.1443,
        1.2006,
        0.8627,
        0.0362,
        1.629,
        0.1342,
        1.0166,
        2.1174,
        0.0839,
        0.3204,
        1.4676,
        0.219,
        2.8237
    ]
}