{
    "metrics": {
        "RMSE": 0.18614147258672895,
        "LogLoss": 0.15958757329347528,
        "RMSE(bins)": 0.0628650139038486,
        "ICI": 0.04145427350519592
    },
    "user": 16947,
    "size": 4820,
    "weights": [
        0.5701,
        1.4436,
        4.1386,
        10.9355,
        5.1443,
        1.2006,
        0.8627,
        0.0362,
        1.629,
        0.1342,
        1.0166,
        2.1174,
        0.0839,
        0.3204,
        1.4676,
        0.219,
        2.8237
    ]
}