{
    "metrics": {
        "RMSE": 0.19672514291581586,
        "LogLoss": 0.16837886567098528,
        "RMSE(bins)": 0.05063558626723296,
        "ICI": 0.03378590874010459,
        "RMSE(bins)Ratings": {
            "1": 0.08185679445434403,
            "2": 0.050912257688379675,
            "3": 0.037244325688491155,
            "4": 0.022876291735231178
        }
    },
    "user": 1717,
    "size": 20905,
    "weights": [
        0.5614,
        1.2546,
        3.5878,
        7.9731,
        5.1043,
        1.1303,
        0.823,
        0.0465,
        1.629,
        0.135,
        1.0045,
        2.132,
        0.0839,
        0.3204,
        1.3547,
        0.219,
        2.7849
    ]
}