{
    "FSRS-4.5-dry-run": {
        "RMSE": 0.33085969760242495,
        "LogLoss": 0.3792016599844811,
        "RMSE(bins)": 0.06732996518313887,
        "RMSE(bins)Ratings": {
            "1": 0.08711902667956323,
            "2": 0.05935342962902615,
            "3": 0.04318069045893555,
            "4": 0.17110813828589558
        }
    },
    "user": 1724,
    "size": 20950,
    "weights": [
        0.27,
        0.74,
        1.3,
        5.52,
        5.1,
        1.02,
        0.78,
        0.06,
        1.57,
        0.14,
        0.94,
        2.16,
        0.06,
        0.31,
        1.34,
        0.21,
        2.69
    ]
}