{
    "metrics": {
        "RMSE": 0.2952692237553768,
        "LogLoss": 0.31173908480468016,
        "RMSE(bins)": 0.06271706447354726,
        "ICI": 0.018059854580249324
    },
    "user": 17285,
    "size": 143785,
    "weights": [
        0.5701,
        1.4436,
        4.1386,
        10.9355,
        5.1443,
        1.2006,
        0.8627,
        0.0362,
        1.629,
        0.1342,
        1.0166,
        2.1174,
        0.0839,
        0.3204,
        1.4676,
        0.219,
        2.8237
    ]
}