{
    "FSRS-4.5-dry-run": {
        "RMSE": 0.3856030469032268,
        "LogLoss": 0.4703387830148007,
        "RMSE(bins)": 0.08466953804495189,
        "RMSE(bins)Ratings": {
            "1": 0.141089048201897,
            "2": 0.09001176808156959,
            "3": 0.08957605922896633,
            "4": 0.12088664064523755
        }
    },
    "user": 17376,
    "size": 18935,
    "weights": [
        0.27,
        0.74,
        1.3,
        5.52,
        5.1,
        1.02,
        0.78,
        0.06,
        1.57,
        0.14,
        0.94,
        2.16,
        0.06,
        0.31,
        1.34,
        0.21,
        2.69
    ]
}