{
    "metrics": {
        "RMSE": 0.3985156639042435,
        "LogLoss": 0.52505469226433,
        "RMSE(bins)": 0.10190963905181219,
        "ICI": 0.0878118218776077,
        "RMSE(bins)Ratings": {
            "1": 0.10722022587893462,
            "2": 0.17499069442302428,
            "3": 0.14582748455171712,
            "4": 0.10178238149108673
        }
    },
    "user": 17382,
    "size": 15005,
    "weights": [
        0.5614,
        1.2546,
        3.5878,
        7.9731,
        5.1043,
        1.1303,
        0.823,
        0.0465,
        1.629,
        0.135,
        1.0045,
        2.132,
        0.0839,
        0.3204,
        1.3547,
        0.219,
        2.7849
    ]
}