{
    "metrics": {
        "RMSE": 0.2155313186905543,
        "LogLoss": 0.20269398612354692,
        "RMSE(bins)": 0.16852672039047925,
        "ICI": 0.13077180043889722
    },
    "user": 17431,
    "size": 13230,
    "weights": [
        0.5701,
        1.4436,
        4.1386,
        10.9355,
        5.1443,
        1.2006,
        0.8627,
        0.0362,
        1.629,
        0.1342,
        1.0166,
        2.1174,
        0.0839,
        0.3204,
        1.4676,
        0.219,
        2.8237
    ]
}