{
    "FSRS-4.5-dry-run": {
        "RMSE": 0.32332504648686633,
        "LogLoss": 0.35394850402475314,
        "RMSE(bins)": 0.06555748327451934,
        "RMSE(bins)Ratings": {
            "1": 0.12511651185861508,
            "2": 0.08556394176385865,
            "3": 0.04258288399509044,
            "4": 0.10936349621898617
        }
    },
    "user": 17480,
    "size": 14945,
    "weights": [
        0.27,
        0.74,
        1.3,
        5.52,
        5.1,
        1.02,
        0.78,
        0.06,
        1.57,
        0.14,
        0.94,
        2.16,
        0.06,
        0.31,
        1.34,
        0.21,
        2.69
    ]
}