{
    "FSRS-4.5-dry-run": {
        "RMSE": 0.3422345059969992,
        "LogLoss": 0.41080044802952465,
        "RMSE(bins)": 0.06498964430835023,
        "RMSE(bins)Ratings": {
            "1": 0.13237800618036943,
            "2": 0.0334068870082989,
            "3": 0.18692908885071008,
            "4": 0.07052491901023307
        }
    },
    "user": 17706,
    "size": 56630,
    "weights": [
        0.5614,
        1.2546,
        3.5878,
        7.9731,
        5.1043,
        1.1303,
        0.823,
        0.0465,
        1.629,
        0.135,
        1.0045,
        2.132,
        0.0839,
        0.3204,
        1.3547,
        0.219,
        2.7849
    ]
}