{
    "FSRS-4.5-dry-run": {
        "RMSE": 0.30111738575000174,
        "LogLoss": 0.30840746442473754,
        "RMSE(bins)": 0.13715069819513345,
        "ICI": 0.08097361050245518,
        "RMSE(bins)Ratings": {
            "1": 0.18248244327389873,
            "2": 0.17051976968138918,
            "3": 0.1326503532873847,
            "4": 0.2800313891759909
        }
    },
    "user": 17740,
    "size": 4760,
    "weights": [
        0.5614,
        1.2546,
        3.5878,
        7.9731,
        5.1043,
        1.1303,
        0.823,
        0.0465,
        1.629,
        0.135,
        1.0045,
        2.132,
        0.0839,
        0.3204,
        1.3547,
        0.219,
        2.7849
    ]
}