{
    "metrics": {
        "RMSE": 0.3325763192840986,
        "LogLoss": 0.3687049427977933,
        "RMSE(bins)": 0.0372848555602111,
        "ICI": 0.017383165750275893,
        "RMSE(bins)Ratings": {
            "1": 0.1066540510419798,
            "2": 0.12986778404595883,
            "3": 0.03761432198743476,
            "4": 0.08493144428613339
        }
    },
    "user": 17930,
    "size": 5545,
    "weights": [
        0.5614,
        1.2546,
        3.5878,
        7.9731,
        5.1043,
        1.1303,
        0.823,
        0.0465,
        1.629,
        0.135,
        1.0045,
        2.132,
        0.0839,
        0.3204,
        1.3547,
        0.219,
        2.7849
    ]
}