{
    "metrics": {
        "RMSE": 0.336927163690192,
        "LogLoss": 0.3843220433014913,
        "RMSE(bins)": 0.1435172981643538,
        "ICI": 0.08001987487229877
    },
    "user": 17996,
    "size": 4770,
    "weights": [
        0.5701,
        1.4436,
        4.1386,
        10.9355,
        5.1443,
        1.2006,
        0.8627,
        0.0362,
        1.629,
        0.1342,
        1.0166,
        2.1174,
        0.0839,
        0.3204,
        1.4676,
        0.219,
        2.8237
    ]
}