{
    "metrics": {
        "RMSE": 0.06787986580447182,
        "LogLoss": 0.058840891830385454,
        "RMSE(bins)": 0.052175478210091386,
        "ICI": 0.05075843201074885
    },
    "user": 18045,
    "size": 11460,
    "weights": [
        0.5701,
        1.4436,
        4.1386,
        10.9355,
        5.1443,
        1.2006,
        0.8627,
        0.0362,
        1.629,
        0.1342,
        1.0166,
        2.1174,
        0.0839,
        0.3204,
        1.4676,
        0.219,
        2.8237
    ]
}