{
    "FSRS-4.5-dry-run": {
        "RMSE": 0.3788099916079097,
        "LogLoss": 0.4434360124266798,
        "RMSE(bins)": 0.1104237732129416,
        "RMSE(bins)Ratings": {
            "1": 0.11607456598982585,
            "2": 0.32358498598769597,
            "3": 0.05859901001050113,
            "4": 0.26743300983373064
        }
    },
    "user": 18095,
    "size": 4300,
    "weights": [
        0.27,
        0.74,
        1.3,
        5.52,
        5.1,
        1.02,
        0.78,
        0.06,
        1.57,
        0.14,
        0.94,
        2.16,
        0.06,
        0.31,
        1.34,
        0.21,
        2.69
    ]
}