{
    "metrics": {
        "RMSE": 0.2719618505499081,
        "LogLoss": 0.28617590747166594,
        "RMSE(bins)": 0.15184840544133196,
        "ICI": 0.13268175845829674
    },
    "user": 18245,
    "size": 47350,
    "weights": [
        0.5701,
        1.4436,
        4.1386,
        10.9355,
        5.1443,
        1.2006,
        0.8627,
        0.0362,
        1.629,
        0.1342,
        1.0166,
        2.1174,
        0.0839,
        0.3204,
        1.4676,
        0.219,
        2.8237
    ]
}