{
    "metrics": {
        "RMSE": 0.4705308061606287,
        "LogLoss": 0.6492488525128969,
        "RMSE(bins)": 0.19808865379522475,
        "ICI": 0.12945418057147948
    },
    "user": 18254,
    "size": 14905,
    "weights": [
        0.5701,
        1.4436,
        4.1386,
        10.9355,
        5.1443,
        1.2006,
        0.8627,
        0.0362,
        1.629,
        0.1342,
        1.0166,
        2.1174,
        0.0839,
        0.3204,
        1.4676,
        0.219,
        2.8237
    ]
}