{
    "FSRS-4.5-dry-run": {
        "RMSE": 0.3337223954698465,
        "LogLoss": 0.36417955367135624,
        "RMSE(bins)": 0.23854116038298037,
        "ICI": 0.1885809300876614,
        "RMSE(bins)Ratings": {
            "1": 0.33283973691754,
            "2": 0.29756304213910645,
            "3": 0.29966144499216757,
            "4": 0.2893313187316174
        }
    },
    "user": 1829,
    "size": 5330,
    "weights": [
        0.5614,
        1.2546,
        3.5878,
        7.9731,
        5.1043,
        1.1303,
        0.823,
        0.0465,
        1.629,
        0.135,
        1.0045,
        2.132,
        0.0839,
        0.3204,
        1.3547,
        0.219,
        2.7849
    ]
}