{
    "metrics": {
        "RMSE": 0.16113106637123759,
        "LogLoss": 0.12584462306010055,
        "RMSE(bins)": 0.05147944414321281,
        "ICI": 0.032077921824851724,
        "RMSE(bins)Ratings": {
            "1": 0.10873351179385793,
            "2": 0.0536456209912436,
            "3": 0.05502418888022235,
            "4": 0.02316578249236013
        }
    },
    "user": 18335,
    "size": 72580,
    "weights": [
        0.5614,
        1.2546,
        3.5878,
        7.9731,
        5.1043,
        1.1303,
        0.823,
        0.0465,
        1.629,
        0.135,
        1.0045,
        2.132,
        0.0839,
        0.3204,
        1.3547,
        0.219,
        2.7849
    ]
}