{
    "FSRS-4.5-dry-run": {
        "RMSE": 0.38156012333272193,
        "LogLoss": 0.4755739586199024,
        "RMSE(bins)": 0.06316609484298288,
        "RMSE(bins)Ratings": {
            "1": 0.05361072690207155,
            "2": 0.12067632098785075,
            "3": 0.06550688267267689,
            "4": 0.46537807059699465
        }
    },
    "user": 18552,
    "size": 208475,
    "weights": [
        0.5614,
        1.2546,
        3.5878,
        7.9731,
        5.1043,
        1.1303,
        0.823,
        0.0465,
        1.629,
        0.135,
        1.0045,
        2.132,
        0.0839,
        0.3204,
        1.3547,
        0.219,
        2.7849
    ]
}