{
    "FSRS-4.5-dry-run": {
        "RMSE": 0.25566601917751275,
        "LogLoss": 0.24446935961853017,
        "RMSE(bins)": 0.021491495396738437,
        "ICI": 0.007039536698788847,
        "RMSE(bins)Ratings": {
            "1": 0.06401577242093583,
            "2": 0.046834653772884254,
            "3": 0.014465619940131168,
            "4": 0.04388832087595572
        }
    },
    "user": 18643,
    "size": 72705,
    "weights": [
        0.5614,
        1.2546,
        3.5878,
        7.9731,
        5.1043,
        1.1303,
        0.823,
        0.0465,
        1.629,
        0.135,
        1.0045,
        2.132,
        0.0839,
        0.3204,
        1.3547,
        0.219,
        2.7849
    ]
}