{
    "metrics": {
        "RMSE": 0.27788573069352657,
        "LogLoss": 0.2771825110081034,
        "RMSE(bins)": 0.078280834803312,
        "ICI": 0.057157432419833364
    },
    "user": 18805,
    "size": 21755,
    "weights": [
        0.5701,
        1.4436,
        4.1386,
        10.9355,
        5.1443,
        1.2006,
        0.8627,
        0.0362,
        1.629,
        0.1342,
        1.0166,
        2.1174,
        0.0839,
        0.3204,
        1.4676,
        0.219,
        2.8237
    ]
}