{
    "FSRS-4.5-dry-run": {
        "RMSE": 0.4013524772900032,
        "LogLoss": 0.48821492753015877,
        "RMSE(bins)": 0.14140743492014057,
        "RMSE(bins)Ratings": {
            "1": 0.22835859886349086,
            "2": 0.05138893800351542,
            "3": 0.06720051904536489,
            "4": 0.17581214831192363
        }
    },
    "user": 18818,
    "size": 13045,
    "weights": [
        0.27,
        0.74,
        1.3,
        5.52,
        5.1,
        1.02,
        0.78,
        0.06,
        1.57,
        0.14,
        0.94,
        2.16,
        0.06,
        0.31,
        1.34,
        0.21,
        2.69
    ]
}