{
    "FSRS-4.5-dry-run": {
        "RMSE": 0.05015744383367257,
        "LogLoss": 0.032430875945725066,
        "RMSE(bins)": 0.04328520852933044,
        "RMSE(bins)Ratings": {
            "1": 0.22115809947492043,
            "2": 0.03644015407780423,
            "3": 0.04858877738757753,
            "4": 0.0395018320323852
        }
    },
    "user": 18872,
    "size": 13965,
    "weights": [
        0.5614,
        1.2546,
        3.5878,
        7.9731,
        5.1043,
        1.1303,
        0.823,
        0.0465,
        1.629,
        0.135,
        1.0045,
        2.132,
        0.0839,
        0.3204,
        1.3547,
        0.219,
        2.7849
    ]
}