{
    "FSRS-4.5-dry-run": {
        "RMSE": 0.28596043666331783,
        "LogLoss": 0.28585613964936185,
        "RMSE(bins)": 0.16650349906200712,
        "RMSE(bins)Ratings": {
            "1": 0.23649521247775454,
            "2": 0.16882566043937203,
            "3": 0.10003932678514307,
            "4": 0.09395107566222063
        }
    },
    "user": 18930,
    "size": 218955,
    "weights": [
        0.27,
        0.74,
        1.3,
        5.52,
        5.1,
        1.02,
        0.78,
        0.06,
        1.57,
        0.14,
        0.94,
        2.16,
        0.06,
        0.31,
        1.34,
        0.21,
        2.69
    ]
}