{
    "FSRS-4.5-dry-run": {
        "RMSE": 0.04842098514617098,
        "LogLoss": 0.04610455628129471,
        "RMSE(bins)": 0.04561135352893971,
        "ICI": 0.043987591729335175,
        "RMSE(bins)Ratings": {
            "1": 0.043204377926615356,
            "2": 0.03339587224818552,
            "3": 0.044013875800803064,
            "4": 0.03422633963379219
        }
    },
    "user": 18956,
    "size": 4085,
    "weights": [
        0.5614,
        1.2546,
        3.5878,
        7.9731,
        5.1043,
        1.1303,
        0.823,
        0.0465,
        1.629,
        0.135,
        1.0045,
        2.132,
        0.0839,
        0.3204,
        1.3547,
        0.219,
        2.7849
    ]
}