{
    "FSRS-4.5-dry-run": {
        "RMSE": 0.32555356846275635,
        "LogLoss": 0.3687772845273127,
        "RMSE(bins)": 0.06895814834358627,
        "RMSE(bins)Ratings": {
            "1": 0.04120692129916617,
            "2": 0.1504591820733259,
            "3": 0.07700406085052795,
            "4": 0.3726086747928031
        }
    },
    "user": 18970,
    "size": 70125,
    "weights": [
        0.5614,
        1.2546,
        3.5878,
        7.9731,
        5.1043,
        1.1303,
        0.823,
        0.0465,
        1.629,
        0.135,
        1.0045,
        2.132,
        0.0839,
        0.3204,
        1.3547,
        0.219,
        2.7849
    ]
}