{
    "metrics": {
        "RMSE": 0.2152369345520902,
        "LogLoss": 0.18348401235157183,
        "RMSE(bins)": 0.1143235380926368,
        "ICI": 0.07271151745140352
    },
    "user": 18997,
    "size": 1130,
    "weights": [
        0.5701,
        1.4436,
        4.1386,
        10.9355,
        5.1443,
        1.2006,
        0.8627,
        0.0362,
        1.629,
        0.1342,
        1.0166,
        2.1174,
        0.0839,
        0.3204,
        1.4676,
        0.219,
        2.8237
    ]
}