{
    "FSRS-4.5-dry-run": {
        "RMSE": 0.2533238524852606,
        "LogLoss": 0.250841436032678,
        "RMSE(bins)": 0.056429355312012965,
        "ICI": 0.044011403212838834,
        "RMSE(bins)Ratings": {
            "1": 0.13402471758955575,
            "3": 0.05525746323594599
        }
    },
    "user": 19014,
    "size": 14920,
    "weights": [
        0.5614,
        1.2546,
        3.5878,
        7.9731,
        5.1043,
        1.1303,
        0.823,
        0.0465,
        1.629,
        0.135,
        1.0045,
        2.132,
        0.0839,
        0.3204,
        1.3547,
        0.219,
        2.7849
    ]
}