{
    "metrics": {
        "RMSE": 0.41757142092612354,
        "LogLoss": 0.5897998238730575,
        "RMSE(bins)": 0.14600198617226187,
        "ICI": 0.107582773325093
    },
    "user": 19123,
    "size": 176770,
    "weights": [
        0.5701,
        1.4436,
        4.1386,
        10.9355,
        5.1443,
        1.2006,
        0.8627,
        0.0362,
        1.629,
        0.1342,
        1.0166,
        2.1174,
        0.0839,
        0.3204,
        1.4676,
        0.219,
        2.8237
    ]
}