{
    "metrics": {
        "RMSE": 0.22471005923842644,
        "LogLoss": 0.2089062333286658,
        "RMSE(bins)": 0.07393980691154937,
        "ICI": 0.04815058182109936
    },
    "user": 19160,
    "size": 13145,
    "weights": [
        0.5701,
        1.4436,
        4.1386,
        10.9355,
        5.1443,
        1.2006,
        0.8627,
        0.0362,
        1.629,
        0.1342,
        1.0166,
        2.1174,
        0.0839,
        0.3204,
        1.4676,
        0.219,
        2.8237
    ]
}