{
    "metrics": {
        "RMSE": 0.2837238020556096,
        "LogLoss": 0.30485210095179754,
        "RMSE(bins)": 0.09729991855853541,
        "ICI": 0.06087752819341168
    },
    "user": 19309,
    "size": 18750,
    "weights": [
        0.5701,
        1.4436,
        4.1386,
        10.9355,
        5.1443,
        1.2006,
        0.8627,
        0.0362,
        1.629,
        0.1342,
        1.0166,
        2.1174,
        0.0839,
        0.3204,
        1.4676,
        0.219,
        2.8237
    ]
}