{
    "metrics": {
        "RMSE": 0.29614904270658843,
        "LogLoss": 0.3000061445095371,
        "RMSE(bins)": 0.11623525189988207,
        "ICI": 0.024102892787123575
    },
    "user": 19363,
    "size": 1045,
    "weights": [
        0.5701,
        1.4436,
        4.1386,
        10.9355,
        5.1443,
        1.2006,
        0.8627,
        0.0362,
        1.629,
        0.1342,
        1.0166,
        2.1174,
        0.0839,
        0.3204,
        1.4676,
        0.219,
        2.8237
    ]
}