{
    "FSRS-4.5-dry-run": {
        "RMSE": 0.40195137425813887,
        "LogLoss": 0.5054735432122082,
        "RMSE(bins)": 0.06972423801784025,
        "RMSE(bins)Ratings": {
            "1": 0.20313195338939832,
            "2": 0.0914154874140338,
            "3": 0.047324720080574055,
            "4": 0.055124594051197975
        }
    },
    "user": 19409,
    "size": 5550,
    "weights": [
        0.27,
        0.74,
        1.3,
        5.52,
        5.1,
        1.02,
        0.78,
        0.06,
        1.57,
        0.14,
        0.94,
        2.16,
        0.06,
        0.31,
        1.34,
        0.21,
        2.69
    ]
}