{
    "FSRS-4.5-dry-run": {
        "RMSE": 0.36571859531786566,
        "LogLoss": 0.434962896758578,
        "RMSE(bins)": 0.04444105266051481,
        "RMSE(bins)Ratings": {
            "1": 0.07131138562618657,
            "2": 0.060823041265775486,
            "3": 0.04647395116262223,
            "4": 0.1258427238784623
        }
    },
    "user": 19598,
    "size": 7095,
    "weights": [
        0.5614,
        1.2546,
        3.5878,
        7.9731,
        5.1043,
        1.1303,
        0.823,
        0.0465,
        1.629,
        0.135,
        1.0045,
        2.132,
        0.0839,
        0.3204,
        1.3547,
        0.219,
        2.7849
    ]
}