{
    "metrics": {
        "RMSE": 0.419632405573143,
        "LogLoss": 0.5683383128626003,
        "RMSE(bins)": 0.17591111579403135,
        "ICI": 0.09381817283847753
    },
    "user": 19701,
    "size": 1445,
    "weights": [
        0.5701,
        1.4436,
        4.1386,
        10.9355,
        5.1443,
        1.2006,
        0.8627,
        0.0362,
        1.629,
        0.1342,
        1.0166,
        2.1174,
        0.0839,
        0.3204,
        1.4676,
        0.219,
        2.8237
    ]
}