{
    "FSRS-4.5-dry-run": {
        "RMSE": 0.4519716273078734,
        "LogLoss": 0.583760303318719,
        "RMSE(bins)": 0.3488333065404518,
        "RMSE(bins)Ratings": {
            "1": 0.4743602777597476,
            "2": 0.09831165162425029,
            "3": 0.10040654159176261,
            "4": 0.06638687472786316
        }
    },
    "user": 19782,
    "size": 24875,
    "weights": [
        0.27,
        0.74,
        1.3,
        5.52,
        5.1,
        1.02,
        0.78,
        0.06,
        1.57,
        0.14,
        0.94,
        2.16,
        0.06,
        0.31,
        1.34,
        0.21,
        2.69
    ]
}