{
    "metrics": {
        "RMSE": 0.21063042996301265,
        "LogLoss": 0.18766013598281397,
        "RMSE(bins)": 0.08955643868925295,
        "ICI": 0.06649740548732357
    },
    "user": 19781,
    "size": 42485,
    "weights": [
        0.5701,
        1.4436,
        4.1386,
        10.9355,
        5.1443,
        1.2006,
        0.8627,
        0.0362,
        1.629,
        0.1342,
        1.0166,
        2.1174,
        0.0839,
        0.3204,
        1.4676,
        0.219,
        2.8237
    ]
}