{
    "FSRS-4.5-dry-run": {
        "RMSE": 0.253790700844202,
        "LogLoss": 0.2364712339959771,
        "RMSE(bins)": 0.05226565015722936,
        "RMSE(bins)Ratings": {
            "1": 0.09481642194870515,
            "2": 0.08928780933713416,
            "3": 0.05335048223029689,
            "4": 0.08371171864811053
        }
    },
    "user": 19841,
    "size": 25385,
    "weights": [
        0.27,
        0.74,
        1.3,
        5.52,
        5.1,
        1.02,
        0.78,
        0.06,
        1.57,
        0.14,
        0.94,
        2.16,
        0.06,
        0.31,
        1.34,
        0.21,
        2.69
    ]
}