{
    "metrics": {
        "RMSE": 0.3671275771587111,
        "LogLoss": 0.42748468383319266,
        "RMSE(bins)": 0.1488715602136835,
        "ICI": 0.04646545789975491
    },
    "user": 19855,
    "size": 4440,
    "weights": [
        0.5701,
        1.4436,
        4.1386,
        10.9355,
        5.1443,
        1.2006,
        0.8627,
        0.0362,
        1.629,
        0.1342,
        1.0166,
        2.1174,
        0.0839,
        0.3204,
        1.4676,
        0.219,
        2.8237
    ]
}