{
    "metrics": {
        "RMSE": 0.27101698720742906,
        "LogLoss": 0.27412499973729226,
        "RMSE(bins)": 0.03470086176682289,
        "ICI": 0.012057120311482743
    },
    "user": 2103,
    "size": 235755,
    "weights": [
        0.5701,
        1.4436,
        4.1386,
        10.9355,
        5.1443,
        1.2006,
        0.8627,
        0.0362,
        1.629,
        0.1342,
        1.0166,
        2.1174,
        0.0839,
        0.3204,
        1.4676,
        0.219,
        2.8237
    ]
}