{
    "metrics": {
        "RMSE": 0.257341567468925,
        "LogLoss": 0.24385953972414112,
        "RMSE(bins)": 0.0631570454526174,
        "ICI": 0.029799564188481013
    },
    "user": 2113,
    "size": 76545,
    "weights": [
        0.5701,
        1.4436,
        4.1386,
        10.9355,
        5.1443,
        1.2006,
        0.8627,
        0.0362,
        1.629,
        0.1342,
        1.0166,
        2.1174,
        0.0839,
        0.3204,
        1.4676,
        0.219,
        2.8237
    ]
}