{
    "metrics": {
        "RMSE": 0.42230184473658877,
        "LogLoss": 0.548975151055303,
        "RMSE(bins)": 0.23771580879742074,
        "ICI": 0.17879168987598945
    },
    "user": 2141,
    "size": 1730,
    "weights": [
        0.5701,
        1.4436,
        4.1386,
        10.9355,
        5.1443,
        1.2006,
        0.8627,
        0.0362,
        1.629,
        0.1342,
        1.0166,
        2.1174,
        0.0839,
        0.3204,
        1.4676,
        0.219,
        2.8237
    ]
}