{
    "FSRS-4.5-dry-run": {
        "RMSE": 0.3025637878226754,
        "LogLoss": 0.3287926342729804,
        "RMSE(bins)": 0.04860252609811056,
        "RMSE(bins)Ratings": {
            "1": 0.03854204689233543,
            "2": 0.10725308551500612,
            "3": 0.05061731532690033,
            "4": 0.028495461573744725
        }
    },
    "user": 2225,
    "size": 92920,
    "weights": [
        0.5614,
        1.2546,
        3.5878,
        7.9731,
        5.1043,
        1.1303,
        0.823,
        0.0465,
        1.629,
        0.135,
        1.0045,
        2.132,
        0.0839,
        0.3204,
        1.3547,
        0.219,
        2.7849
    ]
}