{
    "FSRS-4.5-dry-run": {
        "RMSE": 0.4073994811663251,
        "LogLoss": 0.5166879250414641,
        "RMSE(bins)": 0.09242892425961681,
        "RMSE(bins)Ratings": {
            "1": 0.10418775093363378,
            "2": 0.12522221073148984,
            "3": 0.09216297560257926,
            "4": 0.10096616887439903
        }
    },
    "user": 2227,
    "size": 59175,
    "weights": [
        0.5614,
        1.2546,
        3.5878,
        7.9731,
        5.1043,
        1.1303,
        0.823,
        0.0465,
        1.629,
        0.135,
        1.0045,
        2.132,
        0.0839,
        0.3204,
        1.3547,
        0.219,
        2.7849
    ]
}