{
    "metrics": {
        "RMSE": 0.325846217008669,
        "LogLoss": 0.35955318370860107,
        "RMSE(bins)": 0.05965170039373636,
        "ICI": 0.017951532014465074
    },
    "user": 227,
    "size": 105760,
    "weights": [
        0.5701,
        1.4436,
        4.1386,
        10.9355,
        5.1443,
        1.2006,
        0.8627,
        0.0362,
        1.629,
        0.1342,
        1.0166,
        2.1174,
        0.0839,
        0.3204,
        1.4676,
        0.219,
        2.8237
    ]
}