{
    "metrics": {
        "RMSE": 0.3378204363919415,
        "LogLoss": 0.376987849099235,
        "RMSE(bins)": 0.23734683259775605,
        "ICI": 0.16561845381786489
    },
    "user": 2281,
    "size": 6000,
    "weights": [
        0.5701,
        1.4436,
        4.1386,
        10.9355,
        5.1443,
        1.2006,
        0.8627,
        0.0362,
        1.629,
        0.1342,
        1.0166,
        2.1174,
        0.0839,
        0.3204,
        1.4676,
        0.219,
        2.8237
    ]
}