{
    "metrics": {
        "RMSE": 0.09669169339188854,
        "LogLoss": 0.08064788184854826,
        "RMSE(bins)": 0.06649306081528768,
        "ICI": 0.06115845408455569,
        "RMSE(bins)Ratings": {
            "1": 0.23445510956550683,
            "2": 0.07421847168265017,
            "3": 0.06687991856005764,
            "4": 0.0420788360647809
        }
    },
    "user": 2323,
    "size": 79190,
    "weights": [
        0.5614,
        1.2546,
        3.5878,
        7.9731,
        5.1043,
        1.1303,
        0.823,
        0.0465,
        1.629,
        0.135,
        1.0045,
        2.132,
        0.0839,
        0.3204,
        1.3547,
        0.219,
        2.7849
    ]
}