{
    "metrics": {
        "RMSE": 0.4170163093272509,
        "LogLoss": 0.5546241823333725,
        "RMSE(bins)": 0.13938972311636613,
        "ICI": 0.10601276930398126,
        "RMSE(bins)Ratings": {
            "1": 0.2143284147988856,
            "2": 0.16823113857285346,
            "3": 0.13448759356810994,
            "4": 0.30340253431155345
        }
    },
    "user": 2578,
    "size": 4315,
    "weights": [
        0.5614,
        1.2546,
        3.5878,
        7.9731,
        5.1043,
        1.1303,
        0.823,
        0.0465,
        1.629,
        0.135,
        1.0045,
        2.132,
        0.0839,
        0.3204,
        1.3547,
        0.219,
        2.7849
    ]
}