{
    "metrics": {
        "RMSE": 0.1803616280276214,
        "LogLoss": 0.1508084460545972,
        "RMSE(bins)": 0.0895337470788517,
        "ICI": 0.05558841655445935
    },
    "user": 2615,
    "size": 3095,
    "weights": [
        0.5701,
        1.4436,
        4.1386,
        10.9355,
        5.1443,
        1.2006,
        0.8627,
        0.0362,
        1.629,
        0.1342,
        1.0166,
        2.1174,
        0.0839,
        0.3204,
        1.4676,
        0.219,
        2.8237
    ]
}