{
    "FSRS-4.5-dry-run": {
        "RMSE": 0.35187404915514797,
        "LogLoss": 0.40025925029509085,
        "RMSE(bins)": 0.05569841827545817,
        "RMSE(bins)Ratings": {
            "1": 0.09947606273912746,
            "2": 0.16959307048521258,
            "3": 0.059912263239867355,
            "4": 0.16368358028038008
        }
    },
    "user": 266,
    "size": 4065,
    "weights": [
        0.5614,
        1.2546,
        3.5878,
        7.9731,
        5.1043,
        1.1303,
        0.823,
        0.0465,
        1.629,
        0.135,
        1.0045,
        2.132,
        0.0839,
        0.3204,
        1.3547,
        0.219,
        2.7849
    ]
}