{
    "metrics": {
        "RMSE": 0.36668787409092424,
        "LogLoss": 0.4379371879083501,
        "RMSE(bins)": 0.07289726074845897,
        "ICI": 0.0371110202417414
    },
    "user": 2723,
    "size": 62350,
    "weights": [
        0.5701,
        1.4436,
        4.1386,
        10.9355,
        5.1443,
        1.2006,
        0.8627,
        0.0362,
        1.629,
        0.1342,
        1.0166,
        2.1174,
        0.0839,
        0.3204,
        1.4676,
        0.219,
        2.8237
    ]
}