{
    "FSRS-4.5-dry-run": {
        "RMSE": 0.1806707602674157,
        "LogLoss": 0.16053987088794516,
        "RMSE(bins)": 0.06367696363993004,
        "RMSE(bins)Ratings": {
            "1": 0.10075545996548527,
            "2": 0.07083558999953951,
            "3": 0.05637722662776059,
            "4": 0.06139196569251715
        }
    },
    "user": 2782,
    "size": 93670,
    "weights": [
        0.27,
        0.74,
        1.3,
        5.52,
        5.1,
        1.02,
        0.78,
        0.06,
        1.57,
        0.14,
        0.94,
        2.16,
        0.06,
        0.31,
        1.34,
        0.21,
        2.69
    ]
}