{
    "metrics": {
        "RMSE": 0.2678528164022637,
        "LogLoss": 0.2673884789369161,
        "RMSE(bins)": 0.03698820227637839,
        "ICI": 0.015011409805624907
    },
    "user": 287,
    "size": 85035,
    "weights": [
        0.5701,
        1.4436,
        4.1386,
        10.9355,
        5.1443,
        1.2006,
        0.8627,
        0.0362,
        1.629,
        0.1342,
        1.0166,
        2.1174,
        0.0839,
        0.3204,
        1.4676,
        0.219,
        2.8237
    ]
}