{
    "FSRS-4.5-dry-run": {
        "RMSE": 0.2612554145741703,
        "LogLoss": 0.2623977478390302,
        "RMSE(bins)": 0.11344976834354507,
        "RMSE(bins)Ratings": {
            "1": 0.08726361070426303,
            "2": 0.12599704014788096,
            "3": 0.07971714441360983,
            "4": 0.24045901389191948
        }
    },
    "user": 2947,
    "size": 99315,
    "weights": [
        0.27,
        0.74,
        1.3,
        5.52,
        5.1,
        1.02,
        0.78,
        0.06,
        1.57,
        0.14,
        0.94,
        2.16,
        0.06,
        0.31,
        1.34,
        0.21,
        2.69
    ]
}