{
    "FSRS-4.5-dry-run": {
        "RMSE": 0.3763010175612118,
        "LogLoss": 0.4576487660685924,
        "RMSE(bins)": 0.06785650405774098,
        "ICI": 0.048550994587680814,
        "RMSE(bins)Ratings": {
            "1": 0.08399324100198521,
            "2": 0.10964277193729081,
            "3": 0.06109759855656684,
            "4": 0.05463839728183402
        }
    },
    "user": 3010,
    "size": 8550,
    "weights": [
        0.5614,
        1.2546,
        3.5878,
        7.9731,
        5.1043,
        1.1303,
        0.823,
        0.0465,
        1.629,
        0.135,
        1.0045,
        2.132,
        0.0839,
        0.3204,
        1.3547,
        0.219,
        2.7849
    ]
}