{
    "FSRS-4.5-dry-run": {
        "RMSE": 0.12701151996918955,
        "LogLoss": 0.09385292864426291,
        "RMSE(bins)": 0.09138294152482938,
        "RMSE(bins)Ratings": {
            "2": 0.023568029919235674,
            "3": 0.02173938964397989,
            "4": 0.1729191672476122
        }
    },
    "user": 3025,
    "size": 325,
    "weights": [
        0.5614,
        1.2546,
        3.5878,
        7.9731,
        5.1043,
        1.1303,
        0.823,
        0.0465,
        1.629,
        0.135,
        1.0045,
        2.132,
        0.0839,
        0.3204,
        1.3547,
        0.219,
        2.7849
    ]
}