{
    "metrics": {
        "RMSE": 0.19405691002719205,
        "LogLoss": 0.16019798626674042,
        "RMSE(bins)": 0.04512913557475962,
        "ICI": 0.011644543686255284,
        "RMSE(bins)Ratings": {
            "1": 0.06975522261301552,
            "2": 0.07894177476957341,
            "3": 0.05095155490983011,
            "4": 0.030986531111301476
        }
    },
    "user": 3027,
    "size": 161210,
    "weights": [
        0.5614,
        1.2546,
        3.5878,
        7.9731,
        5.1043,
        1.1303,
        0.823,
        0.0465,
        1.629,
        0.135,
        1.0045,
        2.132,
        0.0839,
        0.3204,
        1.3547,
        0.219,
        2.7849
    ]
}