{
    "metrics": {
        "RMSE": 0.31975382773944183,
        "LogLoss": 0.34373893810894035,
        "RMSE(bins)": 0.04549978424429603,
        "ICI": 0.007949097286983385
    },
    "user": 3040,
    "size": 44595,
    "weights": [
        0.5701,
        1.4436,
        4.1386,
        10.9355,
        5.1443,
        1.2006,
        0.8627,
        0.0362,
        1.629,
        0.1342,
        1.0166,
        2.1174,
        0.0839,
        0.3204,
        1.4676,
        0.219,
        2.8237
    ]
}