{
    "FSRS-4.5-dry-run": {
        "RMSE": 0.31487781781073243,
        "LogLoss": 0.3407362226381464,
        "RMSE(bins)": 0.03389943207453883,
        "ICI": 0.02253658595036001,
        "RMSE(bins)Ratings": {
            "1": 0.05591779351651958,
            "2": 0.07199100807532788,
            "3": 0.03412103220831592,
            "4": 0.6485572824997925
        }
    },
    "user": 3072,
    "size": 14095,
    "weights": [
        0.5614,
        1.2546,
        3.5878,
        7.9731,
        5.1043,
        1.1303,
        0.823,
        0.0465,
        1.629,
        0.135,
        1.0045,
        2.132,
        0.0839,
        0.3204,
        1.3547,
        0.219,
        2.7849
    ]
}