{
    "FSRS-4.5-dry-run": {
        "RMSE": 0.2815364917223665,
        "LogLoss": 0.29481443581678657,
        "RMSE(bins)": 0.1262435657402256,
        "ICI": 0.06990633248464403,
        "RMSE(bins)Ratings": {
            "1": 0.2804725558255879,
            "2": 0.10701070759587547,
            "3": 0.08296555131336038
        }
    },
    "user": 32,
    "size": 11065,
    "weights": [
        0.5614,
        1.2546,
        3.5878,
        7.9731,
        5.1043,
        1.1303,
        0.823,
        0.0465,
        1.629,
        0.135,
        1.0045,
        2.132,
        0.0839,
        0.3204,
        1.3547,
        0.219,
        2.7849
    ]
}