{
    "metrics": {
        "RMSE": 0.6350934006053515,
        "LogLoss": 1.3204277504345348,
        "RMSE(bins)": 0.4027424951954436,
        "ICI": 0.38110560178482156
    },
    "user": 322,
    "size": 48450,
    "weights": [
        0.5701,
        1.4436,
        4.1386,
        10.9355,
        5.1443,
        1.2006,
        0.8627,
        0.0362,
        1.629,
        0.1342,
        1.0166,
        2.1174,
        0.0839,
        0.3204,
        1.4676,
        0.219,
        2.8237
    ]
}