{
    "metrics": {
        "RMSE": 0.23505682205665446,
        "LogLoss": 0.22316178695580113,
        "RMSE(bins)": 0.050581679715172585,
        "ICI": 0.04455632592082003
    },
    "user": 327,
    "size": 33455,
    "weights": [
        0.5701,
        1.4436,
        4.1386,
        10.9355,
        5.1443,
        1.2006,
        0.8627,
        0.0362,
        1.629,
        0.1342,
        1.0166,
        2.1174,
        0.0839,
        0.3204,
        1.4676,
        0.219,
        2.8237
    ]
}