{
    "metrics": {
        "RMSE": 0.4036108581319649,
        "LogLoss": 0.5320819464677357,
        "RMSE(bins)": 0.1061082877104026,
        "ICI": 0.07522064431250675
    },
    "user": 3317,
    "size": 12240,
    "weights": [
        0.5701,
        1.4436,
        4.1386,
        10.9355,
        5.1443,
        1.2006,
        0.8627,
        0.0362,
        1.629,
        0.1342,
        1.0166,
        2.1174,
        0.0839,
        0.3204,
        1.4676,
        0.219,
        2.8237
    ]
}