{
    "FSRS-4.5-dry-run": {
        "RMSE": 0.19072352659146785,
        "LogLoss": 0.15018758984095512,
        "RMSE(bins)": 0.06965421627663072,
        "RMSE(bins)Ratings": {
            "1": 0.11357896282662551,
            "2": 0.09312587336433542,
            "3": 0.07816144078662458,
            "4": 0.05346201182776232
        }
    },
    "user": 3326,
    "size": 12610,
    "weights": [
        0.5614,
        1.2546,
        3.5878,
        7.9731,
        5.1043,
        1.1303,
        0.823,
        0.0465,
        1.629,
        0.135,
        1.0045,
        2.132,
        0.0839,
        0.3204,
        1.3547,
        0.219,
        2.7849
    ]
}