{
    "FSRS-4.5-dry-run": {
        "RMSE": 0.2602006182738764,
        "LogLoss": 0.24747283522762306,
        "RMSE(bins)": 0.06875888167111577,
        "RMSE(bins)Ratings": {
            "1": 0.09578623886379327,
            "2": 0.11809149986800244,
            "3": 0.09475951565529084,
            "4": 0.05961400138175111
        }
    },
    "user": 3334,
    "size": 5405,
    "weights": [
        0.5614,
        1.2546,
        3.5878,
        7.9731,
        5.1043,
        1.1303,
        0.823,
        0.0465,
        1.629,
        0.135,
        1.0045,
        2.132,
        0.0839,
        0.3204,
        1.3547,
        0.219,
        2.7849
    ]
}