{
    "metrics": {
        "RMSE": 0.4430564288649565,
        "LogLoss": 0.6703413167903904,
        "RMSE(bins)": 0.1794144364738231,
        "ICI": 0.1575650064074889
    },
    "user": 3375,
    "size": 10665,
    "weights": [
        0.5701,
        1.4436,
        4.1386,
        10.9355,
        5.1443,
        1.2006,
        0.8627,
        0.0362,
        1.629,
        0.1342,
        1.0166,
        2.1174,
        0.0839,
        0.3204,
        1.4676,
        0.219,
        2.8237
    ]
}