{
    "FSRS-4.5-dry-run": {
        "RMSE": 0.23668582563575596,
        "LogLoss": 0.22589758133882246,
        "RMSE(bins)": 0.05746428053821487,
        "ICI": 0.029031735928045838,
        "RMSE(bins)Ratings": {
            "1": 0.0885774909883358,
            "2": 0.10050312885688184,
            "3": 0.05233803924165188,
            "4": 0.12237501982202009
        }
    },
    "user": 3503,
    "size": 35325,
    "weights": [
        0.5614,
        1.2546,
        3.5878,
        7.9731,
        5.1043,
        1.1303,
        0.823,
        0.0465,
        1.629,
        0.135,
        1.0045,
        2.132,
        0.0839,
        0.3204,
        1.3547,
        0.219,
        2.7849
    ]
}