{
    "FSRS-4.5-dry-run": {
        "RMSE": 0.48923480201545794,
        "LogLoss": 0.6831320803446737,
        "RMSE(bins)": 0.12031098300193709,
        "RMSE(bins)Ratings": {
            "1": 0.15809210204527585,
            "2": 0.18269852679504717,
            "3": 0.18946269929589196,
            "4": 0.24269885602511662
        }
    },
    "user": 3549,
    "size": 4270,
    "weights": [
        0.27,
        0.74,
        1.3,
        5.52,
        5.1,
        1.02,
        0.78,
        0.06,
        1.57,
        0.14,
        0.94,
        2.16,
        0.06,
        0.31,
        1.34,
        0.21,
        2.69
    ]
}