{
    "metrics": {
        "RMSE": 0.3129020937478448,
        "LogLoss": 0.3382411000030214,
        "RMSE(bins)": 0.15474715340420328,
        "ICI": 0.09420826699047902
    },
    "user": 3646,
    "size": 16880,
    "weights": [
        0.5701,
        1.4436,
        4.1386,
        10.9355,
        5.1443,
        1.2006,
        0.8627,
        0.0362,
        1.629,
        0.1342,
        1.0166,
        2.1174,
        0.0839,
        0.3204,
        1.4676,
        0.219,
        2.8237
    ]
}