{
    "FSRS-4.5-dry-run": {
        "RMSE": 0.42026855932854856,
        "LogLoss": 0.5375037493336593,
        "RMSE(bins)": 0.1024230209132326,
        "RMSE(bins)Ratings": {
            "1": 0.1484111706916181,
            "2": 0.1987022952165839,
            "3": 0.07416866213163774,
            "4": 0.26626796090813337
        }
    },
    "user": 3859,
    "size": 19415,
    "weights": [
        0.27,
        0.74,
        1.3,
        5.52,
        5.1,
        1.02,
        0.78,
        0.06,
        1.57,
        0.14,
        0.94,
        2.16,
        0.06,
        0.31,
        1.34,
        0.21,
        2.69
    ]
}