{
    "metrics": {
        "RMSE": 0.407154965409809,
        "LogLoss": 0.5306009362992463,
        "RMSE(bins)": 0.11742978714420825,
        "ICI": 0.0994136863473752,
        "RMSE(bins)Ratings": {
            "1": 0.10218398889480282,
            "2": 0.147144988405242,
            "3": 0.07023521249948171,
            "4": 0.0845144312705716
        }
    },
    "user": 3864,
    "size": 109590,
    "weights": [
        0.5614,
        1.2546,
        3.5878,
        7.9731,
        5.1043,
        1.1303,
        0.823,
        0.0465,
        1.629,
        0.135,
        1.0045,
        2.132,
        0.0839,
        0.3204,
        1.3547,
        0.219,
        2.7849
    ]
}