{
    "metrics": {
        "RMSE": 0.3216620926361212,
        "LogLoss": 0.34681771668097083,
        "RMSE(bins)": 0.04962096265427031,
        "ICI": 0.0210532427955774,
        "RMSE(bins)Ratings": {
            "1": 0.11925149806447145,
            "2": 0.11946808719016055,
            "3": 0.039930431334262176,
            "4": 0.034498251628772486
        }
    },
    "user": 3873,
    "size": 3795,
    "weights": [
        0.5614,
        1.2546,
        3.5878,
        7.9731,
        5.1043,
        1.1303,
        0.823,
        0.0465,
        1.629,
        0.135,
        1.0045,
        2.132,
        0.0839,
        0.3204,
        1.3547,
        0.219,
        2.7849
    ]
}