{
    "FSRS-4.5-dry-run": {
        "RMSE": 0.2734676934776541,
        "LogLoss": 0.2665899635439022,
        "RMSE(bins)": 0.11663842500562245,
        "RMSE(bins)Ratings": {
            "1": 0.20630562021629723,
            "2": 0.09271882500307292,
            "3": 0.09549698905759255,
            "4": 0.05918265995764007
        }
    },
    "user": 3947,
    "size": 11265,
    "weights": [
        0.5614,
        1.2546,
        3.5878,
        7.9731,
        5.1043,
        1.1303,
        0.823,
        0.0465,
        1.629,
        0.135,
        1.0045,
        2.132,
        0.0839,
        0.3204,
        1.3547,
        0.219,
        2.7849
    ]
}