{
    "metrics": {
        "RMSE": 0.20720436609591106,
        "LogLoss": 0.17084806932039032,
        "RMSE(bins)": 0.09949761579721914,
        "ICI": 0.039855556071269754
    },
    "user": 3975,
    "size": 6250,
    "weights": [
        0.5701,
        1.4436,
        4.1386,
        10.9355,
        5.1443,
        1.2006,
        0.8627,
        0.0362,
        1.629,
        0.1342,
        1.0166,
        2.1174,
        0.0839,
        0.3204,
        1.4676,
        0.219,
        2.8237
    ]
}