{
    "FSRS-4.5-dry-run": {
        "RMSE": 0.2520926012678734,
        "LogLoss": 0.24536124290180464,
        "RMSE(bins)": 0.047980640201290746,
        "RMSE(bins)Ratings": {
            "1": 0.13026307996912012,
            "2": 0.6336810230527815,
            "3": 0.0332257695244648,
            "4": 0.04700458685485864
        }
    },
    "user": 3996,
    "size": 10165,
    "weights": [
        0.27,
        0.74,
        1.3,
        5.52,
        5.1,
        1.02,
        0.78,
        0.06,
        1.57,
        0.14,
        0.94,
        2.16,
        0.06,
        0.31,
        1.34,
        0.21,
        2.69
    ]
}