{
    "FSRS-4.5-dry-run": {
        "RMSE": 0.46691984207601134,
        "LogLoss": 0.7011864586911873,
        "RMSE(bins)": 0.1557775121567309,
        "RMSE(bins)Ratings": {
            "1": 0.16928517460309486,
            "2": 0.18819113728699532,
            "3": 0.1716610136358322,
            "4": 0.12552467763298508
        }
    },
    "user": 4008,
    "size": 10465,
    "weights": [
        0.5614,
        1.2546,
        3.5878,
        7.9731,
        5.1043,
        1.1303,
        0.823,
        0.0465,
        1.629,
        0.135,
        1.0045,
        2.132,
        0.0839,
        0.3204,
        1.3547,
        0.219,
        2.7849
    ]
}