{
    "FSRS-4.5-dry-run": {
        "RMSE": 0.38519574895499925,
        "LogLoss": 0.47261992405570885,
        "RMSE(bins)": 0.06356091864637094,
        "RMSE(bins)Ratings": {
            "1": 0.15325481784233846,
            "2": 0.12092706169664358,
            "3": 0.08057052973782768,
            "4": 0.35476464362111226
        }
    },
    "user": 4085,
    "size": 1880,
    "weights": [
        0.27,
        0.74,
        1.3,
        5.52,
        5.1,
        1.02,
        0.78,
        0.06,
        1.57,
        0.14,
        0.94,
        2.16,
        0.06,
        0.31,
        1.34,
        0.21,
        2.69
    ]
}