{
    "FSRS-4.5-dry-run": {
        "RMSE": 0.4021104055409732,
        "LogLoss": 0.49104462827721174,
        "RMSE(bins)": 0.07471520466949721,
        "RMSE(bins)Ratings": {
            "1": 0.05642750805724232,
            "2": 0.10153957299006458,
            "3": 0.06558117182383807,
            "4": 0.2799223244782073
        }
    },
    "user": 430,
    "size": 75015,
    "weights": [
        0.27,
        0.74,
        1.3,
        5.52,
        5.1,
        1.02,
        0.78,
        0.06,
        1.57,
        0.14,
        0.94,
        2.16,
        0.06,
        0.31,
        1.34,
        0.21,
        2.69
    ]
}