{
    "FSRS-4.5-dry-run": {
        "RMSE": 0.3352500987131976,
        "LogLoss": 0.38198845233911455,
        "RMSE(bins)": 0.04077952601050233,
        "ICI": 0.03626629123511707,
        "RMSE(bins)Ratings": {
            "1": 0.013822720569626714,
            "2": 0.12236557110009405,
            "3": 0.0393241353508523,
            "4": 0.08783592850397202
        }
    },
    "user": 4327,
    "size": 339350,
    "weights": [
        0.5614,
        1.2546,
        3.5878,
        7.9731,
        5.1043,
        1.1303,
        0.823,
        0.0465,
        1.629,
        0.135,
        1.0045,
        2.132,
        0.0839,
        0.3204,
        1.3547,
        0.219,
        2.7849
    ]
}