{
    "metrics": {
        "RMSE": 0.33403058726147467,
        "LogLoss": 0.36230347841075733,
        "RMSE(bins)": 0.11745689437618245,
        "ICI": 0.049002081932373084
    },
    "user": 438,
    "size": 6305,
    "weights": [
        0.5701,
        1.4436,
        4.1386,
        10.9355,
        5.1443,
        1.2006,
        0.8627,
        0.0362,
        1.629,
        0.1342,
        1.0166,
        2.1174,
        0.0839,
        0.3204,
        1.4676,
        0.219,
        2.8237
    ]
}