{
    "metrics": {
        "RMSE": 0.4930969059295904,
        "LogLoss": 0.7338526595716366,
        "RMSE(bins)": 0.21744866239287156,
        "ICI": 0.1626393421999089
    },
    "user": 452,
    "size": 23370,
    "weights": [
        0.5701,
        1.4436,
        4.1386,
        10.9355,
        5.1443,
        1.2006,
        0.8627,
        0.0362,
        1.629,
        0.1342,
        1.0166,
        2.1174,
        0.0839,
        0.3204,
        1.4676,
        0.219,
        2.8237
    ]
}