{
    "FSRS-4.5-dry-run": {
        "RMSE": 0.43060497790374314,
        "LogLoss": 0.5982832459203238,
        "RMSE(bins)": 0.12613755884930208,
        "RMSE(bins)Ratings": {
            "1": 0.12248244711983758,
            "2": 0.098558176081641,
            "3": 0.1120553354297791,
            "4": 0.15908017929275536
        }
    },
    "user": 4520,
    "size": 144990,
    "weights": [
        0.27,
        0.74,
        1.3,
        5.52,
        5.1,
        1.02,
        0.78,
        0.06,
        1.57,
        0.14,
        0.94,
        2.16,
        0.06,
        0.31,
        1.34,
        0.21,
        2.69
    ]
}