{
    "metrics": {
        "RMSE": 0.4585408490982244,
        "LogLoss": 0.6666414656804674,
        "RMSE(bins)": 0.16727190429885838,
        "ICI": 0.1555052245616457
    },
    "user": 4528,
    "size": 11520,
    "weights": [
        0.5701,
        1.4436,
        4.1386,
        10.9355,
        5.1443,
        1.2006,
        0.8627,
        0.0362,
        1.629,
        0.1342,
        1.0166,
        2.1174,
        0.0839,
        0.3204,
        1.4676,
        0.219,
        2.8237
    ]
}