{
    "metrics": {
        "RMSE": 0.3392737081698644,
        "LogLoss": 0.38416624868319277,
        "RMSE(bins)": 0.13945081704237025,
        "ICI": 0.040888192285319
    },
    "user": 4539,
    "size": 3730,
    "weights": [
        0.5701,
        1.4436,
        4.1386,
        10.9355,
        5.1443,
        1.2006,
        0.8627,
        0.0362,
        1.629,
        0.1342,
        1.0166,
        2.1174,
        0.0839,
        0.3204,
        1.4676,
        0.219,
        2.8237
    ]
}