{
    "metrics": {
        "RMSE": 0.21677133196241585,
        "LogLoss": 0.20027904804282676,
        "RMSE(bins)": 0.15608062198387815,
        "ICI": 0.11677981633567265,
        "RMSE(bins)Ratings": {
            "1": 0.19097385501615977,
            "2": 0.17074760829549052,
            "3": 0.1469791720759938,
            "4": 0.1378334212450509
        }
    },
    "user": 4618,
    "size": 5590,
    "weights": [
        0.5614,
        1.2546,
        3.5878,
        7.9731,
        5.1043,
        1.1303,
        0.823,
        0.0465,
        1.629,
        0.135,
        1.0045,
        2.132,
        0.0839,
        0.3204,
        1.3547,
        0.219,
        2.7849
    ]
}