{
    "metrics": {
        "RMSE": 0.32942666402875015,
        "LogLoss": 0.36346581934521166,
        "RMSE(bins)": 0.09958350088889684,
        "ICI": 0.04962912442289208,
        "RMSE(bins)Ratings": {
            "1": 0.08136012453824884,
            "2": 0.1164861912528647,
            "3": 0.08514304797718192,
            "4": 0.06853611238183917
        }
    },
    "user": 4671,
    "size": 11285,
    "weights": [
        0.5614,
        1.2546,
        3.5878,
        7.9731,
        5.1043,
        1.1303,
        0.823,
        0.0465,
        1.629,
        0.135,
        1.0045,
        2.132,
        0.0839,
        0.3204,
        1.3547,
        0.219,
        2.7849
    ]
}