{
    "FSRS-4.5-dry-run": {
        "RMSE": 0.4710777838587071,
        "LogLoss": 0.6855502346714049,
        "RMSE(bins)": 0.1349213706076004,
        "ICI": 0.12306375553319976,
        "RMSE(bins)Ratings": {
            "1": 0.2148916726270142,
            "2": 0.11992680109590471,
            "3": 0.1303351433003386,
            "4": 0.18330921132460207
        }
    },
    "user": 472,
    "size": 3665,
    "weights": [
        0.5614,
        1.2546,
        3.5878,
        7.9731,
        5.1043,
        1.1303,
        0.823,
        0.0465,
        1.629,
        0.135,
        1.0045,
        2.132,
        0.0839,
        0.3204,
        1.3547,
        0.219,
        2.7849
    ]
}