{
    "FSRS-4.5-dry-run": {
        "RMSE": 0.32957802763808736,
        "LogLoss": 0.373379881493486,
        "RMSE(bins)": 0.046781177772643956,
        "RMSE(bins)Ratings": {
            "1": 0.06356676994507002,
            "2": 0.054762483390184184,
            "3": 0.033372312629548824,
            "4": 0.05536629428400671
        }
    },
    "user": 4779,
    "size": 134385,
    "weights": [
        0.5614,
        1.2546,
        3.5878,
        7.9731,
        5.1043,
        1.1303,
        0.823,
        0.0465,
        1.629,
        0.135,
        1.0045,
        2.132,
        0.0839,
        0.3204,
        1.3547,
        0.219,
        2.7849
    ]
}