{
    "metrics": {
        "RMSE": 0.4010914780370908,
        "LogLoss": 0.5215491306848604,
        "RMSE(bins)": 0.13850581186187447,
        "ICI": 0.10324416478147264
    },
    "user": 4788,
    "size": 1710,
    "weights": [
        0.5701,
        1.4436,
        4.1386,
        10.9355,
        5.1443,
        1.2006,
        0.8627,
        0.0362,
        1.629,
        0.1342,
        1.0166,
        2.1174,
        0.0839,
        0.3204,
        1.4676,
        0.219,
        2.8237
    ]
}