{
    "metrics": {
        "RMSE": 0.28181856508936715,
        "LogLoss": 0.28564726910452204,
        "RMSE(bins)": 0.08320268190248013,
        "ICI": 0.044233675033578355
    },
    "user": 4821,
    "size": 11215,
    "weights": [
        0.5701,
        1.4436,
        4.1386,
        10.9355,
        5.1443,
        1.2006,
        0.8627,
        0.0362,
        1.629,
        0.1342,
        1.0166,
        2.1174,
        0.0839,
        0.3204,
        1.4676,
        0.219,
        2.8237
    ]
}