{
    "metrics": {
        "RMSE": 0.507929064886034,
        "LogLoss": 0.7572280860551518,
        "RMSE(bins)": 0.3596224388786438,
        "ICI": 0.27538786995620657
    },
    "user": 4861,
    "size": 240,
    "weights": [
        0.5701,
        1.4436,
        4.1386,
        10.9355,
        5.1443,
        1.2006,
        0.8627,
        0.0362,
        1.629,
        0.1342,
        1.0166,
        2.1174,
        0.0839,
        0.3204,
        1.4676,
        0.219,
        2.8237
    ]
}