{
    "FSRS-4.5-dry-run": {
        "RMSE": 0.20245926745695714,
        "LogLoss": 0.17335226943096985,
        "RMSE(bins)": 0.04500840734045872,
        "RMSE(bins)Ratings": {
            "1": 0.07019242267984659,
            "2": 0.055811161618045314,
            "3": 0.05141143365807333,
            "4": 0.03981172032928722
        }
    },
    "user": 4903,
    "size": 59525,
    "weights": [
        0.5614,
        1.2546,
        3.5878,
        7.9731,
        5.1043,
        1.1303,
        0.823,
        0.0465,
        1.629,
        0.135,
        1.0045,
        2.132,
        0.0839,
        0.3204,
        1.3547,
        0.219,
        2.7849
    ]
}