{
    "FSRS-4.5-dry-run": {
        "RMSE": 0.17160333069604272,
        "LogLoss": 0.1385101988699842,
        "RMSE(bins)": 0.05400877603753163,
        "ICI": 0.04678208234621141,
        "RMSE(bins)Ratings": {
            "1": 0.10837020740768687,
            "2": 0.07107146048918407,
            "3": 0.06313427914742031,
            "4": 0.03571954381860998
        }
    },
    "user": 4920,
    "size": 15495,
    "weights": [
        0.5614,
        1.2546,
        3.5878,
        7.9731,
        5.1043,
        1.1303,
        0.823,
        0.0465,
        1.629,
        0.135,
        1.0045,
        2.132,
        0.0839,
        0.3204,
        1.3547,
        0.219,
        2.7849
    ]
}