{
    "metrics": {
        "RMSE": 0.24293724487203458,
        "LogLoss": 0.23403401179456215,
        "RMSE(bins)": 0.040564248442758,
        "ICI": 0.026673346737233216,
        "RMSE(bins)Ratings": {
            "1": 0.10642494837533889,
            "3": 0.04205735920042583
        }
    },
    "user": 4961,
    "size": 18000,
    "weights": [
        0.5614,
        1.2546,
        3.5878,
        7.9731,
        5.1043,
        1.1303,
        0.823,
        0.0465,
        1.629,
        0.135,
        1.0045,
        2.132,
        0.0839,
        0.3204,
        1.3547,
        0.219,
        2.7849
    ]
}