{
    "metrics": {
        "RMSE": 0.25050374084679616,
        "LogLoss": 0.24378441816287347,
        "RMSE(bins)": 0.039740726174500786,
        "ICI": 0.017481560224098462
    },
    "user": 4975,
    "size": 3635,
    "weights": [
        0.5701,
        1.4436,
        4.1386,
        10.9355,
        5.1443,
        1.2006,
        0.8627,
        0.0362,
        1.629,
        0.1342,
        1.0166,
        2.1174,
        0.0839,
        0.3204,
        1.4676,
        0.219,
        2.8237
    ]
}