{
    "FSRS-4.5-dry-run": {
        "RMSE": 0.35832635324166173,
        "LogLoss": 0.44760587777496497,
        "RMSE(bins)": 0.10593860562442889,
        "RMSE(bins)Ratings": {
            "1": 0.02899211613334732,
            "2": 0.2865006207442009,
            "3": 0.12529687494426836,
            "4": 0.12033531023389582
        }
    },
    "user": 4981,
    "size": 204890,
    "weights": [
        0.5614,
        1.2546,
        3.5878,
        7.9731,
        5.1043,
        1.1303,
        0.823,
        0.0465,
        1.629,
        0.135,
        1.0045,
        2.132,
        0.0839,
        0.3204,
        1.3547,
        0.219,
        2.7849
    ]
}