{
    "FSRS-4.5-dry-run": {
        "RMSE": 0.31570344350532675,
        "LogLoss": 0.33910506846429866,
        "RMSE(bins)": 0.04463017723768145,
        "RMSE(bins)Ratings": {
            "1": 0.09655099624790169,
            "2": 0.12973534604685433,
            "3": 0.04094557043620457,
            "4": 0.12387517769429121
        }
    },
    "user": 5058,
    "size": 4285,
    "weights": [
        0.27,
        0.74,
        1.3,
        5.52,
        5.1,
        1.02,
        0.78,
        0.06,
        1.57,
        0.14,
        0.94,
        2.16,
        0.06,
        0.31,
        1.34,
        0.21,
        2.69
    ]
}