{
    "FSRS-4.5-dry-run": {
        "RMSE": 0.30248251132149195,
        "LogLoss": 0.3215389413409932,
        "RMSE(bins)": 0.015488376355533422,
        "RMSE(bins)Ratings": {
            "1": 0.06940917727132549,
            "2": 0.03774847991410317,
            "3": 0.01158771588147149,
            "4": 0.040740048203560024
        }
    },
    "user": 507,
    "size": 94860,
    "weights": [
        0.27,
        0.74,
        1.3,
        5.52,
        5.1,
        1.02,
        0.78,
        0.06,
        1.57,
        0.14,
        0.94,
        2.16,
        0.06,
        0.31,
        1.34,
        0.21,
        2.69
    ]
}