{
    "metrics": {
        "RMSE": 0.28677792377658606,
        "LogLoss": 0.3040567132870008,
        "RMSE(bins)": 0.030650883683526583,
        "ICI": 0.02139114758955818,
        "RMSE(bins)Ratings": {
            "1": 0.054698892533738205,
            "2": 0.03672973707547488,
            "3": 0.021354514799756058,
            "4": 0.0330153094344673
        }
    },
    "user": 5204,
    "size": 45395,
    "weights": [
        0.5614,
        1.2546,
        3.5878,
        7.9731,
        5.1043,
        1.1303,
        0.823,
        0.0465,
        1.629,
        0.135,
        1.0045,
        2.132,
        0.0839,
        0.3204,
        1.3547,
        0.219,
        2.7849
    ]
}