{
    "metrics": {
        "RMSE": 0.12063104697206106,
        "LogLoss": 0.09901703872252314,
        "RMSE(bins)": 0.08040132140765398,
        "ICI": 0.06792951364155722
    },
    "user": 5301,
    "size": 1685,
    "weights": [
        0.5701,
        1.4436,
        4.1386,
        10.9355,
        5.1443,
        1.2006,
        0.8627,
        0.0362,
        1.629,
        0.1342,
        1.0166,
        2.1174,
        0.0839,
        0.3204,
        1.4676,
        0.219,
        2.8237
    ]
}