{
    "metrics": {
        "RMSE": 0.282511290655945,
        "LogLoss": 0.30704470237646947,
        "RMSE(bins)": 0.11857326703669709,
        "ICI": 0.10485237169355446,
        "RMSE(bins)Ratings": {
            "1": 0.06495835572069242,
            "2": 0.1314984005101437,
            "3": 0.0740693731587023,
            "4": 0.12393088404301632
        }
    },
    "user": 5331,
    "size": 253415,
    "weights": [
        0.5614,
        1.2546,
        3.5878,
        7.9731,
        5.1043,
        1.1303,
        0.823,
        0.0465,
        1.629,
        0.135,
        1.0045,
        2.132,
        0.0839,
        0.3204,
        1.3547,
        0.219,
        2.7849
    ]
}