{
    "metrics": {
        "RMSE": 0.4735506330357883,
        "LogLoss": 0.7012692108922877,
        "RMSE(bins)": 0.17729287747811565,
        "ICI": 0.12712506971061854
    },
    "user": 5358,
    "size": 1090,
    "weights": [
        0.5701,
        1.4436,
        4.1386,
        10.9355,
        5.1443,
        1.2006,
        0.8627,
        0.0362,
        1.629,
        0.1342,
        1.0166,
        2.1174,
        0.0839,
        0.3204,
        1.4676,
        0.219,
        2.8237
    ]
}