{
    "FSRS-4.5-dry-run": {
        "RMSE": 0.3709707830855472,
        "LogLoss": 0.43885531744132344,
        "RMSE(bins)": 0.08370742495480497,
        "RMSE(bins)Ratings": {
            "1": 0.1083261045377401,
            "2": 0.1204526278813902,
            "3": 0.07631930189043505
        }
    },
    "user": 5416,
    "size": 22335,
    "weights": [
        0.5614,
        1.2546,
        3.5878,
        7.9731,
        5.1043,
        1.1303,
        0.823,
        0.0465,
        1.629,
        0.135,
        1.0045,
        2.132,
        0.0839,
        0.3204,
        1.3547,
        0.219,
        2.7849
    ]
}