{
    "metrics": {
        "RMSE": 0.34405333197232607,
        "LogLoss": 0.40217449368712754,
        "RMSE(bins)": 0.07481038704095673,
        "ICI": 0.03874741261706224
    },
    "user": 5424,
    "size": 27545,
    "weights": [
        0.5701,
        1.4436,
        4.1386,
        10.9355,
        5.1443,
        1.2006,
        0.8627,
        0.0362,
        1.629,
        0.1342,
        1.0166,
        2.1174,
        0.0839,
        0.3204,
        1.4676,
        0.219,
        2.8237
    ]
}