{
    "metrics": {
        "RMSE": 0.37593762614739523,
        "LogLoss": 0.45246209296929174,
        "RMSE(bins)": 0.08193902770626482,
        "ICI": 0.050960086312179874,
        "RMSE(bins)Ratings": {
            "1": 0.11351778833983199,
            "2": 0.12556390651647875,
            "3": 0.04521436513661445,
            "4": 0.1708302688811609
        }
    },
    "user": 5438,
    "size": 54670,
    "weights": [
        0.5614,
        1.2546,
        3.5878,
        7.9731,
        5.1043,
        1.1303,
        0.823,
        0.0465,
        1.629,
        0.135,
        1.0045,
        2.132,
        0.0839,
        0.3204,
        1.3547,
        0.219,
        2.7849
    ]
}