{
    "FSRS-4.5-dry-run": {
        "RMSE": 0.34595052955580596,
        "LogLoss": 0.4041927607230535,
        "RMSE(bins)": 0.05350609709733428,
        "RMSE(bins)Ratings": {
            "1": 0.11454944310214613,
            "2": 0.062168416148510916,
            "3": 0.0809648904850728,
            "4": 0.05912394590489317
        }
    },
    "user": 5471,
    "size": 8600,
    "weights": [
        0.27,
        0.74,
        1.3,
        5.52,
        5.1,
        1.02,
        0.78,
        0.06,
        1.57,
        0.14,
        0.94,
        2.16,
        0.06,
        0.31,
        1.34,
        0.21,
        2.69
    ]
}