{
    "metrics": {
        "RMSE": 0.2433239835517721,
        "LogLoss": 0.23217314488491786,
        "RMSE(bins)": 0.043410675852644784,
        "ICI": 0.03292007928742974,
        "RMSE(bins)Ratings": {
            "1": 0.07910643126015528,
            "2": 0.047409342409713506,
            "3": 0.02910243940490993,
            "4": 0.5560838972216796
        }
    },
    "user": 5628,
    "size": 22710,
    "weights": [
        0.5614,
        1.2546,
        3.5878,
        7.9731,
        5.1043,
        1.1303,
        0.823,
        0.0465,
        1.629,
        0.135,
        1.0045,
        2.132,
        0.0839,
        0.3204,
        1.3547,
        0.219,
        2.7849
    ]
}