{
    "metrics": {
        "RMSE": 0.376295751989672,
        "LogLoss": 0.45690613776772954,
        "RMSE(bins)": 0.1474779807982108,
        "ICI": 0.08494113704552657
    },
    "user": 5634,
    "size": 2630,
    "weights": [
        0.5701,
        1.4436,
        4.1386,
        10.9355,
        5.1443,
        1.2006,
        0.8627,
        0.0362,
        1.629,
        0.1342,
        1.0166,
        2.1174,
        0.0839,
        0.3204,
        1.4676,
        0.219,
        2.8237
    ]
}