{
    "FSRS-4.5-dry-run": {
        "RMSE": 0.1901915024145886,
        "LogLoss": 0.1582585526342951,
        "RMSE(bins)": 0.02870965768538841,
        "RMSE(bins)Ratings": {
            "1": 0.05656528524014729,
            "2": 0.05811685402356016,
            "3": 0.020848556459708956,
            "4": 0.02825550285149507
        }
    },
    "user": 5635,
    "size": 47095,
    "weights": [
        0.5614,
        1.2546,
        3.5878,
        7.9731,
        5.1043,
        1.1303,
        0.823,
        0.0465,
        1.629,
        0.135,
        1.0045,
        2.132,
        0.0839,
        0.3204,
        1.3547,
        0.219,
        2.7849
    ]
}