{
    "FSRS-4.5-dry-run": {
        "RMSE": 0.438036930591611,
        "LogLoss": 0.5707384191703944,
        "RMSE(bins)": 0.1333983164278951,
        "RMSE(bins)Ratings": {
            "1": 0.24946134611578877,
            "2": 0.10526111768763885,
            "3": 0.08034554512201035,
            "4": 0.17467407037903906
        }
    },
    "user": 5673,
    "size": 25910,
    "weights": [
        0.5614,
        1.2546,
        3.5878,
        7.9731,
        5.1043,
        1.1303,
        0.823,
        0.0465,
        1.629,
        0.135,
        1.0045,
        2.132,
        0.0839,
        0.3204,
        1.3547,
        0.219,
        2.7849
    ]
}