{
    "FSRS-4.5-dry-run": {
        "RMSE": 0.4493241556875469,
        "LogLoss": 0.644658349183764,
        "RMSE(bins)": 0.13552068857483102,
        "RMSE(bins)Ratings": {
            "1": 0.2620545372243584,
            "2": 0.10525277018298007,
            "3": 0.2979789807940617,
            "4": 0.23260435748726943
        }
    },
    "user": 5686,
    "size": 6695,
    "weights": [
        0.5614,
        1.2546,
        3.5878,
        7.9731,
        5.1043,
        1.1303,
        0.823,
        0.0465,
        1.629,
        0.135,
        1.0045,
        2.132,
        0.0839,
        0.3204,
        1.3547,
        0.219,
        2.7849
    ]
}