{
    "metrics": {
        "RMSE": 0.3572909619786774,
        "LogLoss": 0.4147060312204101,
        "RMSE(bins)": 0.02828309324137953,
        "ICI": 0.013544363036290575,
        "RMSE(bins)Ratings": {
            "1": 0.09720643132242623,
            "2": 0.01948315229320859,
            "3": 0.015447090582388365,
            "4": 0.1835565170402981
        }
    },
    "user": 5718,
    "size": 37395,
    "weights": [
        0.5614,
        1.2546,
        3.5878,
        7.9731,
        5.1043,
        1.1303,
        0.823,
        0.0465,
        1.629,
        0.135,
        1.0045,
        2.132,
        0.0839,
        0.3204,
        1.3547,
        0.219,
        2.7849
    ]
}