{
    "metrics": {
        "RMSE": 0.3957283941044015,
        "LogLoss": 0.5008055559780419,
        "RMSE(bins)": 0.11287656000089015,
        "ICI": 0.07463447279964161
    },
    "user": 5827,
    "size": 68615,
    "weights": [
        0.5701,
        1.4436,
        4.1386,
        10.9355,
        5.1443,
        1.2006,
        0.8627,
        0.0362,
        1.629,
        0.1342,
        1.0166,
        2.1174,
        0.0839,
        0.3204,
        1.4676,
        0.219,
        2.8237
    ]
}