{
    "metrics": {
        "RMSE": 0.3878381953852406,
        "LogLoss": 0.47183075765400595,
        "RMSE(bins)": 0.05304415275970223,
        "ICI": 0.04008474602092623,
        "RMSE(bins)Ratings": {
            "1": 0.059149215487150686,
            "2": 0.24419583354695698,
            "3": 0.050882370907837426,
            "4": 0.05993159096787444
        }
    },
    "user": 5846,
    "size": 37080,
    "weights": [
        0.5614,
        1.2546,
        3.5878,
        7.9731,
        5.1043,
        1.1303,
        0.823,
        0.0465,
        1.629,
        0.135,
        1.0045,
        2.132,
        0.0839,
        0.3204,
        1.3547,
        0.219,
        2.7849
    ]
}