{
    "metrics": {
        "RMSE": 0.4400492645810503,
        "LogLoss": 0.6061350187165575,
        "RMSE(bins)": 0.12024975771397345,
        "ICI": 0.10252593551585028
    },
    "user": 5868,
    "size": 7890,
    "weights": [
        0.5701,
        1.4436,
        4.1386,
        10.9355,
        5.1443,
        1.2006,
        0.8627,
        0.0362,
        1.629,
        0.1342,
        1.0166,
        2.1174,
        0.0839,
        0.3204,
        1.4676,
        0.219,
        2.8237
    ]
}