{
    "FSRS-4.5-dry-run": {
        "RMSE": 0.14088784379111527,
        "LogLoss": 0.1142625960890797,
        "RMSE(bins)": 0.057864554251931107,
        "RMSE(bins)Ratings": {
            "1": 0.053157747123677865,
            "2": 0.06295088554956789,
            "3": 0.06075562415213569,
            "4": 0.0422087411074868
        }
    },
    "user": 5933,
    "size": 46445,
    "weights": [
        0.5614,
        1.2546,
        3.5878,
        7.9731,
        5.1043,
        1.1303,
        0.823,
        0.0465,
        1.629,
        0.135,
        1.0045,
        2.132,
        0.0839,
        0.3204,
        1.3547,
        0.219,
        2.7849
    ]
}