{
    "metrics": {
        "RMSE": 0.3600220333733173,
        "LogLoss": 0.44522423346004986,
        "RMSE(bins)": 0.07121496676222186,
        "ICI": 0.05407607833020018,
        "RMSE(bins)Ratings": {
            "1": 0.07037053365253523,
            "2": 0.07871993270466997,
            "3": 0.03641229551308955,
            "4": 0.05286198164823624
        }
    },
    "user": 5951,
    "size": 20785,
    "weights": [
        0.5614,
        1.2546,
        3.5878,
        7.9731,
        5.1043,
        1.1303,
        0.823,
        0.0465,
        1.629,
        0.135,
        1.0045,
        2.132,
        0.0839,
        0.3204,
        1.3547,
        0.219,
        2.7849
    ]
}