{
    "metrics": {
        "RMSE": 0.4023286900663045,
        "LogLoss": 0.5085525871520136,
        "RMSE(bins)": 0.07142154406594584,
        "ICI": 0.061351942272571076,
        "RMSE(bins)Ratings": {
            "1": 0.15987521563448243,
            "2": 0.71827819602086,
            "3": 0.04319652371556785
        }
    },
    "user": 5978,
    "size": 12525,
    "weights": [
        0.5614,
        1.2546,
        3.5878,
        7.9731,
        5.1043,
        1.1303,
        0.823,
        0.0465,
        1.629,
        0.135,
        1.0045,
        2.132,
        0.0839,
        0.3204,
        1.3547,
        0.219,
        2.7849
    ]
}