{
    "metrics": {
        "RMSE": 0.08918151006604383,
        "LogLoss": 0.06172181896426721,
        "RMSE(bins)": 0.04542660046875956,
        "ICI": 0.03695735287031362
    },
    "user": 5980,
    "size": 14480,
    "weights": [
        0.5701,
        1.4436,
        4.1386,
        10.9355,
        5.1443,
        1.2006,
        0.8627,
        0.0362,
        1.629,
        0.1342,
        1.0166,
        2.1174,
        0.0839,
        0.3204,
        1.4676,
        0.219,
        2.8237
    ]
}