{
    "metrics": {
        "RMSE": 0.4667030080552398,
        "LogLoss": 0.7275642865339792,
        "RMSE(bins)": 0.23565549750930298,
        "ICI": 0.14407902404917186
    },
    "user": 6032,
    "size": 2605,
    "weights": [
        0.5701,
        1.4436,
        4.1386,
        10.9355,
        5.1443,
        1.2006,
        0.8627,
        0.0362,
        1.629,
        0.1342,
        1.0166,
        2.1174,
        0.0839,
        0.3204,
        1.4676,
        0.219,
        2.8237
    ]
}