{
    "metrics": {
        "RMSE": 0.4794260647467675,
        "LogLoss": 0.699018459117319,
        "RMSE(bins)": 0.19279081141918908,
        "ICI": 0.1442591361082201
    },
    "user": 604,
    "size": 7645,
    "weights": [
        0.5701,
        1.4436,
        4.1386,
        10.9355,
        5.1443,
        1.2006,
        0.8627,
        0.0362,
        1.629,
        0.1342,
        1.0166,
        2.1174,
        0.0839,
        0.3204,
        1.4676,
        0.219,
        2.8237
    ]
}