{
    "metrics": {
        "RMSE": 0.30355423050777913,
        "LogLoss": 0.3100520679487988,
        "RMSE(bins)": 0.0475202631021559,
        "ICI": 0.02028663049897817,
        "RMSE(bins)Ratings": {
            "1": 0.10432485327357154,
            "2": 0.18274300346100467,
            "3": 0.04864503153581019,
            "4": 0.06616275428651999
        }
    },
    "user": 6135,
    "size": 4710,
    "weights": [
        0.5614,
        1.2546,
        3.5878,
        7.9731,
        5.1043,
        1.1303,
        0.823,
        0.0465,
        1.629,
        0.135,
        1.0045,
        2.132,
        0.0839,
        0.3204,
        1.3547,
        0.219,
        2.7849
    ]
}