{
    "metrics": {
        "RMSE": 0.1368387372775151,
        "LogLoss": 0.11006192828853115,
        "RMSE(bins)": 0.09680257707161774,
        "ICI": 0.07429358445093455
    },
    "user": 6228,
    "size": 33245,
    "weights": [
        0.5701,
        1.4436,
        4.1386,
        10.9355,
        5.1443,
        1.2006,
        0.8627,
        0.0362,
        1.629,
        0.1342,
        1.0166,
        2.1174,
        0.0839,
        0.3204,
        1.4676,
        0.219,
        2.8237
    ]
}