{
    "metrics": {
        "RMSE": 0.3662105795350341,
        "LogLoss": 0.42122213613852244,
        "RMSE(bins)": 0.23517562551376534,
        "ICI": 0.10762962304322524
    },
    "user": 6265,
    "size": 3185,
    "weights": [
        0.5701,
        1.4436,
        4.1386,
        10.9355,
        5.1443,
        1.2006,
        0.8627,
        0.0362,
        1.629,
        0.1342,
        1.0166,
        2.1174,
        0.0839,
        0.3204,
        1.4676,
        0.219,
        2.8237
    ]
}