{
    "FSRS-4.5-dry-run": {
        "RMSE": 0.39933465223755693,
        "LogLoss": 0.5079556495627231,
        "RMSE(bins)": 0.10470764481462487,
        "RMSE(bins)Ratings": {
            "1": 0.1969717345119235,
            "2": 0.608772846052392,
            "3": 0.08638721894066825,
            "4": 0.08119957967428038
        }
    },
    "user": 6304,
    "size": 1940,
    "weights": [
        0.27,
        0.74,
        1.3,
        5.52,
        5.1,
        1.02,
        0.78,
        0.06,
        1.57,
        0.14,
        0.94,
        2.16,
        0.06,
        0.31,
        1.34,
        0.21,
        2.69
    ]
}