{
    "FSRS-4.5-dry-run": {
        "RMSE": 0.4277865968341768,
        "LogLoss": 0.5569305895634205,
        "RMSE(bins)": 0.11229395798681505,
        "RMSE(bins)Ratings": {
            "1": 0.12692484215102595,
            "2": 0.10032360709058531,
            "3": 0.06670887395237894,
            "4": 0.12595550916463524
        }
    },
    "user": 6330,
    "size": 29460,
    "weights": [
        0.27,
        0.74,
        1.3,
        5.52,
        5.1,
        1.02,
        0.78,
        0.06,
        1.57,
        0.14,
        0.94,
        2.16,
        0.06,
        0.31,
        1.34,
        0.21,
        2.69
    ]
}