{
    "FSRS-4.5-dry-run": {
        "RMSE": 0.10117398965135577,
        "LogLoss": 0.06254802146292329,
        "RMSE(bins)": 0.026724831454670007,
        "ICI": 0.01747916143451784,
        "RMSE(bins)Ratings": {
            "1": 0.19923866223877892,
            "3": 0.01856867055941166,
            "4": 0.0202477138188886
        }
    },
    "user": 6351,
    "size": 56250,
    "weights": [
        0.5614,
        1.2546,
        3.5878,
        7.9731,
        5.1043,
        1.1303,
        0.823,
        0.0465,
        1.629,
        0.135,
        1.0045,
        2.132,
        0.0839,
        0.3204,
        1.3547,
        0.219,
        2.7849
    ]
}