{
    "FSRS-4.5-dry-run": {
        "RMSE": 0.5457566285533525,
        "LogLoss": 0.8367142945801265,
        "RMSE(bins)": 0.26567173471360517,
        "RMSE(bins)Ratings": {
            "1": 0.34300729024471116,
            "2": 0.17785397219362678,
            "3": 0.17279362244190813,
            "4": 0.24250174870720576
        }
    },
    "user": 6355,
    "size": 5235,
    "weights": [
        0.27,
        0.74,
        1.3,
        5.52,
        5.1,
        1.02,
        0.78,
        0.06,
        1.57,
        0.14,
        0.94,
        2.16,
        0.06,
        0.31,
        1.34,
        0.21,
        2.69
    ]
}