{
    "FSRS-4.5-dry-run": {
        "RMSE": 0.2775560710998523,
        "LogLoss": 0.28431349556173874,
        "RMSE(bins)": 0.0658069044524749,
        "RMSE(bins)Ratings": {
            "1": 0.17191335924902137,
            "2": 0.07709277449059444,
            "3": 0.09334937202764744,
            "4": 0.05313922832020309
        }
    },
    "user": 6409,
    "size": 17945,
    "weights": [
        0.5614,
        1.2546,
        3.5878,
        7.9731,
        5.1043,
        1.1303,
        0.823,
        0.0465,
        1.629,
        0.135,
        1.0045,
        2.132,
        0.0839,
        0.3204,
        1.3547,
        0.219,
        2.7849
    ]
}