{
    "metrics": {
        "RMSE": 0.3092023267678502,
        "LogLoss": 0.3350342084618855,
        "RMSE(bins)": 0.05906622867127665,
        "ICI": 0.018981189787201654
    },
    "user": 6447,
    "size": 144520,
    "weights": [
        0.5701,
        1.4436,
        4.1386,
        10.9355,
        5.1443,
        1.2006,
        0.8627,
        0.0362,
        1.629,
        0.1342,
        1.0166,
        2.1174,
        0.0839,
        0.3204,
        1.4676,
        0.219,
        2.8237
    ]
}