{
    "metrics": {
        "RMSE": 0.24052211309421942,
        "LogLoss": 0.2145879455877551,
        "RMSE(bins)": 0.16276737708747663,
        "ICI": 0.08453936470526861
    },
    "user": 651,
    "size": 675,
    "weights": [
        0.5701,
        1.4436,
        4.1386,
        10.9355,
        5.1443,
        1.2006,
        0.8627,
        0.0362,
        1.629,
        0.1342,
        1.0166,
        2.1174,
        0.0839,
        0.3204,
        1.4676,
        0.219,
        2.8237
    ]
}