{
    "metrics": {
        "RMSE": 0.3945162090352846,
        "LogLoss": 0.49754612877693694,
        "RMSE(bins)": 0.0987905456514875,
        "ICI": 0.05983291007660555
    },
    "user": 6585,
    "size": 8135,
    "weights": [
        0.5701,
        1.4436,
        4.1386,
        10.9355,
        5.1443,
        1.2006,
        0.8627,
        0.0362,
        1.629,
        0.1342,
        1.0166,
        2.1174,
        0.0839,
        0.3204,
        1.4676,
        0.219,
        2.8237
    ]
}