{
    "FSRS-4.5-dry-run": {
        "RMSE": 0.29866564419353137,
        "LogLoss": 0.30960454817076277,
        "RMSE(bins)": 0.2204353845943012,
        "ICI": 0.13921530131034948,
        "RMSE(bins)Ratings": {
            "1": 0.2464869131103838,
            "2": 0.20877682192382607,
            "3": 0.28460448985746456,
            "4": 0.16863190300898906
        }
    },
    "user": 6714,
    "size": 1285,
    "weights": [
        0.5614,
        1.2546,
        3.5878,
        7.9731,
        5.1043,
        1.1303,
        0.823,
        0.0465,
        1.629,
        0.135,
        1.0045,
        2.132,
        0.0839,
        0.3204,
        1.3547,
        0.219,
        2.7849
    ]
}