{
    "metrics": {
        "RMSE": 0.37861670992979113,
        "LogLoss": 0.4561770390139235,
        "RMSE(bins)": 0.09909052478431368,
        "ICI": 0.04794357429318456
    },
    "user": 6762,
    "size": 10245,
    "weights": [
        0.5701,
        1.4436,
        4.1386,
        10.9355,
        5.1443,
        1.2006,
        0.8627,
        0.0362,
        1.629,
        0.1342,
        1.0166,
        2.1174,
        0.0839,
        0.3204,
        1.4676,
        0.219,
        2.8237
    ]
}