{
    "metrics": {
        "RMSE": 0.3334679181364589,
        "LogLoss": 0.37680925857262537,
        "RMSE(bins)": 0.07724824674129703,
        "ICI": 0.0366506437443158
    },
    "user": 6763,
    "size": 10265,
    "weights": [
        0.5701,
        1.4436,
        4.1386,
        10.9355,
        5.1443,
        1.2006,
        0.8627,
        0.0362,
        1.629,
        0.1342,
        1.0166,
        2.1174,
        0.0839,
        0.3204,
        1.4676,
        0.219,
        2.8237
    ]
}