{
    "FSRS-4.5-dry-run": {
        "RMSE": 0.4518376582652959,
        "LogLoss": 0.5966099221603095,
        "RMSE(bins)": 0.12779488159515207,
        "RMSE(bins)Ratings": {
            "1": 0.14575124190875088,
            "2": 0.172211136327511,
            "3": 0.16438740950138703,
            "4": 0.11447245922193582
        }
    },
    "user": 6827,
    "size": 2015,
    "weights": [
        0.27,
        0.74,
        1.3,
        5.52,
        5.1,
        1.02,
        0.78,
        0.06,
        1.57,
        0.14,
        0.94,
        2.16,
        0.06,
        0.31,
        1.34,
        0.21,
        2.69
    ]
}