{
    "metrics": {
        "RMSE": 0.35728891811230334,
        "LogLoss": 0.4482870052441261,
        "RMSE(bins)": 0.08676310732574995,
        "ICI": 0.07058131453734809
    },
    "user": 6853,
    "size": 56160,
    "weights": [
        0.5701,
        1.4436,
        4.1386,
        10.9355,
        5.1443,
        1.2006,
        0.8627,
        0.0362,
        1.629,
        0.1342,
        1.0166,
        2.1174,
        0.0839,
        0.3204,
        1.4676,
        0.219,
        2.8237
    ]
}