{
    "FSRS-4.5-dry-run": {
        "RMSE": 0.27484562667897305,
        "LogLoss": 0.279279116936497,
        "RMSE(bins)": 0.06143487214969488,
        "RMSE(bins)Ratings": {
            "1": 0.19869222484968618,
            "2": 0.07875554944840835,
            "3": 0.06145401988357959,
            "4": 0.06230962915192258
        }
    },
    "user": 6875,
    "size": 3280,
    "weights": [
        0.5614,
        1.2546,
        3.5878,
        7.9731,
        5.1043,
        1.1303,
        0.823,
        0.0465,
        1.629,
        0.135,
        1.0045,
        2.132,
        0.0839,
        0.3204,
        1.3547,
        0.219,
        2.7849
    ]
}