{
    "FSRS-4.5-dry-run": {
        "RMSE": 0.5257537318604062,
        "LogLoss": 0.7980497913689503,
        "RMSE(bins)": 0.31079496857845135,
        "RMSE(bins)Ratings": {
            "1": 0.3877520572673873,
            "2": 0.22108493999401174,
            "3": 0.15727094457216678,
            "4": 0.09688645898879268
        }
    },
    "user": 7097,
    "size": 46165,
    "weights": [
        0.5614,
        1.2546,
        3.5878,
        7.9731,
        5.1043,
        1.1303,
        0.823,
        0.0465,
        1.629,
        0.135,
        1.0045,
        2.132,
        0.0839,
        0.3204,
        1.3547,
        0.219,
        2.7849
    ]
}