{
    "FSRS-4.5-dry-run": {
        "RMSE": 0.23676732704031023,
        "LogLoss": 0.23567395242639613,
        "RMSE(bins)": 0.0893001340030173,
        "RMSE(bins)Ratings": {
            "1": 0.030464019764259127,
            "2": 0.11765130362979813,
            "3": 0.017177949798124023,
            "4": 0.04829289443771419
        }
    },
    "user": 7132,
    "size": 123600,
    "weights": [
        0.27,
        0.74,
        1.3,
        5.52,
        5.1,
        1.02,
        0.78,
        0.06,
        1.57,
        0.14,
        0.94,
        2.16,
        0.06,
        0.31,
        1.34,
        0.21,
        2.69
    ]
}