{
    "FSRS-4.5-dry-run": {
        "RMSE": 0.18892447361855963,
        "LogLoss": 0.15833712120535712,
        "RMSE(bins)": 0.05190748020420826,
        "ICI": 0.038514890784955735,
        "RMSE(bins)Ratings": {
            "1": 0.08705562590634672,
            "2": 0.06548846232096826,
            "3": 0.04985733432993909,
            "4": 0.029140011067459788
        }
    },
    "user": 7212,
    "size": 12155,
    "weights": [
        0.5614,
        1.2546,
        3.5878,
        7.9731,
        5.1043,
        1.1303,
        0.823,
        0.0465,
        1.629,
        0.135,
        1.0045,
        2.132,
        0.0839,
        0.3204,
        1.3547,
        0.219,
        2.7849
    ]
}