{
    "metrics": {
        "RMSE": 0.14580470598454118,
        "LogLoss": 0.11484097379717981,
        "RMSE(bins)": 0.049586210004103466,
        "ICI": 0.041891176471599456
    },
    "user": 7240,
    "size": 34170,
    "weights": [
        0.5701,
        1.4436,
        4.1386,
        10.9355,
        5.1443,
        1.2006,
        0.8627,
        0.0362,
        1.629,
        0.1342,
        1.0166,
        2.1174,
        0.0839,
        0.3204,
        1.4676,
        0.219,
        2.8237
    ]
}