{
    "FSRS-4.5-dry-run": {
        "RMSE": 0.18424859493513127,
        "LogLoss": 0.1584979949037072,
        "RMSE(bins)": 0.08757501114986285,
        "ICI": 0.06361966150368262,
        "RMSE(bins)Ratings": {
            "1": 0.17732505913753632,
            "2": 0.06566339596592091,
            "3": 0.060306037437935514,
            "4": 0.11897335359785163
        }
    },
    "user": 7245,
    "size": 4510,
    "weights": [
        0.5614,
        1.2546,
        3.5878,
        7.9731,
        5.1043,
        1.1303,
        0.823,
        0.0465,
        1.629,
        0.135,
        1.0045,
        2.132,
        0.0839,
        0.3204,
        1.3547,
        0.219,
        2.7849
    ]
}