{
    "FSRS-4.5-dry-run": {
        "RMSE": 0.10163467351880638,
        "LogLoss": 0.09563307565536207,
        "RMSE(bins)": 0.10154881098630464,
        "RMSE(bins)Ratings": {
            "1": 0.06592960628256239,
            "2": 0.2029783610348501,
            "3": 0.09680328524705549,
            "4": 0.04599719763747091
        }
    },
    "user": 7250,
    "size": 2570,
    "weights": [
        0.27,
        0.74,
        1.3,
        5.52,
        5.1,
        1.02,
        0.78,
        0.06,
        1.57,
        0.14,
        0.94,
        2.16,
        0.06,
        0.31,
        1.34,
        0.21,
        2.69
    ]
}