{
    "FSRS-4.5-dry-run": {
        "RMSE": 0.3140133497899493,
        "LogLoss": 0.3403446008020331,
        "RMSE(bins)": 0.10059078807073785,
        "RMSE(bins)Ratings": {
            "1": 0.13002462650335161,
            "2": 0.07947614011394392,
            "3": 0.06754598873530489,
            "4": 0.08030994722635734
        }
    },
    "user": 7361,
    "size": 34070,
    "weights": [
        0.27,
        0.74,
        1.3,
        5.52,
        5.1,
        1.02,
        0.78,
        0.06,
        1.57,
        0.14,
        0.94,
        2.16,
        0.06,
        0.31,
        1.34,
        0.21,
        2.69
    ]
}