{
    "FSRS-4.5-dry-run": {
        "RMSE": 0.23796541099416438,
        "LogLoss": 0.22248574542014543,
        "RMSE(bins)": 0.09170490688660135,
        "RMSE(bins)Ratings": {
            "1": 0.16546717680502127,
            "2": 0.14304301442912737,
            "3": 0.08961231518923847,
            "4": 0.08293436255854086
        }
    },
    "user": 7471,
    "size": 64770,
    "weights": [
        0.5614,
        1.2546,
        3.5878,
        7.9731,
        5.1043,
        1.1303,
        0.823,
        0.0465,
        1.629,
        0.135,
        1.0045,
        2.132,
        0.0839,
        0.3204,
        1.3547,
        0.219,
        2.7849
    ]
}