{
    "metrics": {
        "RMSE": 0.38473306446862415,
        "LogLoss": 0.4776366174544661,
        "RMSE(bins)": 0.08093576482917754,
        "ICI": 0.06078721602673244
    },
    "user": 7569,
    "size": 15695,
    "weights": [
        0.5701,
        1.4436,
        4.1386,
        10.9355,
        5.1443,
        1.2006,
        0.8627,
        0.0362,
        1.629,
        0.1342,
        1.0166,
        2.1174,
        0.0839,
        0.3204,
        1.4676,
        0.219,
        2.8237
    ]
}