{
    "metrics": {
        "RMSE": 0.29383773318888395,
        "LogLoss": 0.3006775026553852,
        "RMSE(bins)": 0.11752074023282556,
        "ICI": 0.041090427907911425
    },
    "user": 7648,
    "size": 7085,
    "weights": [
        0.5701,
        1.4436,
        4.1386,
        10.9355,
        5.1443,
        1.2006,
        0.8627,
        0.0362,
        1.629,
        0.1342,
        1.0166,
        2.1174,
        0.0839,
        0.3204,
        1.4676,
        0.219,
        2.8237
    ]
}