{
    "metrics": {
        "RMSE": 0.36633854176361663,
        "LogLoss": 0.4624696597131951,
        "RMSE(bins)": 0.15242415020518027,
        "ICI": 0.07616450102789306
    },
    "user": 7744,
    "size": 7505,
    "weights": [
        0.5701,
        1.4436,
        4.1386,
        10.9355,
        5.1443,
        1.2006,
        0.8627,
        0.0362,
        1.629,
        0.1342,
        1.0166,
        2.1174,
        0.0839,
        0.3204,
        1.4676,
        0.219,
        2.8237
    ]
}