{
    "metrics": {
        "RMSE": 0.21467592290926446,
        "LogLoss": 0.1903830409346794,
        "RMSE(bins)": 0.040563253556066624,
        "ICI": 0.02148279566236228
    },
    "user": 7791,
    "size": 93810,
    "weights": [
        0.5701,
        1.4436,
        4.1386,
        10.9355,
        5.1443,
        1.2006,
        0.8627,
        0.0362,
        1.629,
        0.1342,
        1.0166,
        2.1174,
        0.0839,
        0.3204,
        1.4676,
        0.219,
        2.8237
    ]
}