{
    "FSRS-4.5-dry-run": {
        "RMSE": 0.2831970402640425,
        "LogLoss": 0.28870584786660664,
        "RMSE(bins)": 0.047916266812088965,
        "ICI": 0.02058110831257919,
        "RMSE(bins)Ratings": {
            "1": 0.135661275210311,
            "2": 0.22800263695239503,
            "3": 0.05132068193547535,
            "4": 0.039461258253456005
        }
    },
    "user": 7797,
    "size": 6985,
    "weights": [
        0.5614,
        1.2546,
        3.5878,
        7.9731,
        5.1043,
        1.1303,
        0.823,
        0.0465,
        1.629,
        0.135,
        1.0045,
        2.132,
        0.0839,
        0.3204,
        1.3547,
        0.219,
        2.7849
    ]
}