{
    "FSRS-4.5-dry-run": {
        "RMSE": 0.23000508269971234,
        "LogLoss": 0.21537255388415094,
        "RMSE(bins)": 0.09515690926327006,
        "RMSE(bins)Ratings": {
            "1": 0.1527824269831328,
            "2": 0.10995516429139873,
            "3": 0.0704046110323398,
            "4": 0.05166730002479151
        }
    },
    "user": 7835,
    "size": 8340,
    "weights": [
        0.27,
        0.74,
        1.3,
        5.52,
        5.1,
        1.02,
        0.78,
        0.06,
        1.57,
        0.14,
        0.94,
        2.16,
        0.06,
        0.31,
        1.34,
        0.21,
        2.69
    ]
}