{
    "FSRS-4.5-dry-run": {
        "RMSE": 0.2662768242366311,
        "LogLoss": 0.2615480206686154,
        "RMSE(bins)": 0.04906921115464791,
        "RMSE(bins)Ratings": {
            "1": 0.06995879639330242,
            "2": 0.055309558639646546,
            "3": 0.05304089235227815,
            "4": 0.06550671967764013
        }
    },
    "user": 7909,
    "size": 86100,
    "weights": [
        0.5614,
        1.2546,
        3.5878,
        7.9731,
        5.1043,
        1.1303,
        0.823,
        0.0465,
        1.629,
        0.135,
        1.0045,
        2.132,
        0.0839,
        0.3204,
        1.3547,
        0.219,
        2.7849
    ]
}