{
    "metrics": {
        "RMSE": 0.1113847383017766,
        "LogLoss": 0.079682884871266,
        "RMSE(bins)": 0.04749500759819884,
        "ICI": 0.04178283207015732
    },
    "user": 7962,
    "size": 33270,
    "weights": [
        0.5701,
        1.4436,
        4.1386,
        10.9355,
        5.1443,
        1.2006,
        0.8627,
        0.0362,
        1.629,
        0.1342,
        1.0166,
        2.1174,
        0.0839,
        0.3204,
        1.4676,
        0.219,
        2.8237
    ]
}