{
    "metrics": {
        "RMSE": 0.28241952897817685,
        "LogLoss": 0.2782448426139515,
        "RMSE(bins)": 0.08978280844030659,
        "ICI": 0.04273129862565747,
        "RMSE(bins)Ratings": {
            "1": 0.1655193659741732,
            "2": 0.22788499550085045,
            "3": 0.09159830426734647,
            "4": 0.136678256196448
        }
    },
    "user": 7987,
    "size": 4400,
    "weights": [
        0.5614,
        1.2546,
        3.5878,
        7.9731,
        5.1043,
        1.1303,
        0.823,
        0.0465,
        1.629,
        0.135,
        1.0045,
        2.132,
        0.0839,
        0.3204,
        1.3547,
        0.219,
        2.7849
    ]
}