{
    "metrics": {
        "RMSE": 0.26796101298181124,
        "LogLoss": 0.24542470650896353,
        "RMSE(bins)": 0.1775517073167294,
        "ICI": 0.08290506561839987
    },
    "user": 7997,
    "size": 23275,
    "weights": [
        0.5701,
        1.4436,
        4.1386,
        10.9355,
        5.1443,
        1.2006,
        0.8627,
        0.0362,
        1.629,
        0.1342,
        1.0166,
        2.1174,
        0.0839,
        0.3204,
        1.4676,
        0.219,
        2.8237
    ]
}