{
    "FSRS-4.5-dry-run": {
        "RMSE": 0.3959906344267197,
        "LogLoss": 0.5032895438498785,
        "RMSE(bins)": 0.09426188731472497,
        "RMSE(bins)Ratings": {
            "1": 0.1713799395001908,
            "2": 0.13833125977535912,
            "3": 0.0793400085349216,
            "4": 0.10860342842940979
        }
    },
    "user": 8001,
    "size": 3805,
    "weights": [
        0.5614,
        1.2546,
        3.5878,
        7.9731,
        5.1043,
        1.1303,
        0.823,
        0.0465,
        1.629,
        0.135,
        1.0045,
        2.132,
        0.0839,
        0.3204,
        1.3547,
        0.219,
        2.7849
    ]
}