{
    "FSRS-4.5-dry-run": {
        "RMSE": 0.31331630358973583,
        "LogLoss": 0.3402872422296846,
        "RMSE(bins)": 0.032239799528455015,
        "RMSE(bins)Ratings": {
            "1": 0.06580904470733479,
            "2": 0.054156572779926554,
            "3": 0.029475986408019912,
            "4": 0.062446493892828
        }
    },
    "user": 8067,
    "size": 17145,
    "weights": [
        0.5614,
        1.2546,
        3.5878,
        7.9731,
        5.1043,
        1.1303,
        0.823,
        0.0465,
        1.629,
        0.135,
        1.0045,
        2.132,
        0.0839,
        0.3204,
        1.3547,
        0.219,
        2.7849
    ]
}