{
    "FSRS-4.5-dry-run": {
        "RMSE": 0.2559685064899401,
        "LogLoss": 0.2431242369050657,
        "RMSE(bins)": 0.16207754276098915,
        "RMSE(bins)Ratings": {
            "1": 0.1636550971543818,
            "2": 0.37884271143686304,
            "3": 0.21576140237548447,
            "4": 0.24231502081381096
        }
    },
    "user": 8069,
    "size": 1415,
    "weights": [
        0.5614,
        1.2546,
        3.5878,
        7.9731,
        5.1043,
        1.1303,
        0.823,
        0.0465,
        1.629,
        0.135,
        1.0045,
        2.132,
        0.0839,
        0.3204,
        1.3547,
        0.219,
        2.7849
    ]
}