{
    "metrics": {
        "RMSE": 0.35852063623088837,
        "LogLoss": 0.4323119911903409,
        "RMSE(bins)": 0.06830768728081141,
        "ICI": 0.0591351235284192
    },
    "user": 8078,
    "size": 10370,
    "weights": [
        0.5701,
        1.4436,
        4.1386,
        10.9355,
        5.1443,
        1.2006,
        0.8627,
        0.0362,
        1.629,
        0.1342,
        1.0166,
        2.1174,
        0.0839,
        0.3204,
        1.4676,
        0.219,
        2.8237
    ]
}