{
    "FSRS-4.5-dry-run": {
        "RMSE": 0.21968182628257965,
        "LogLoss": 0.18678255357052723,
        "RMSE(bins)": 0.18310734314694543,
        "ICI": 0.09692092014402474,
        "RMSE(bins)Ratings": {
            "1": 0.2444986533628406,
            "2": 0.22108276422069364,
            "3": 0.1595266304683485,
            "4": 0.22503448362012424
        }
    },
    "user": 8119,
    "size": 96790,
    "weights": [
        0.5614,
        1.2546,
        3.5878,
        7.9731,
        5.1043,
        1.1303,
        0.823,
        0.0465,
        1.629,
        0.135,
        1.0045,
        2.132,
        0.0839,
        0.3204,
        1.3547,
        0.219,
        2.7849
    ]
}