{
    "metrics": {
        "RMSE": 0.350333422660434,
        "LogLoss": 0.4036956898651117,
        "RMSE(bins)": 0.05175955064052632,
        "ICI": 0.018245790601945467
    },
    "user": 814,
    "size": 11635,
    "weights": [
        0.5701,
        1.4436,
        4.1386,
        10.9355,
        5.1443,
        1.2006,
        0.8627,
        0.0362,
        1.629,
        0.1342,
        1.0166,
        2.1174,
        0.0839,
        0.3204,
        1.4676,
        0.219,
        2.8237
    ]
}