{
    "FSRS-4.5-dry-run": {
        "RMSE": 0.41559749244583066,
        "LogLoss": 0.5394369916531786,
        "RMSE(bins)": 0.07628094795858825,
        "RMSE(bins)Ratings": {
            "1": 0.07830149449770232,
            "2": 0.11318222815510218,
            "3": 0.07226740897888893,
            "4": 0.07365040917573257
        }
    },
    "user": 8268,
    "size": 47115,
    "weights": [
        0.5614,
        1.2546,
        3.5878,
        7.9731,
        5.1043,
        1.1303,
        0.823,
        0.0465,
        1.629,
        0.135,
        1.0045,
        2.132,
        0.0839,
        0.3204,
        1.3547,
        0.219,
        2.7849
    ]
}