{
    "FSRS-4.5-dry-run": {
        "RMSE": 0.13714053523624145,
        "LogLoss": 0.12700843437123843,
        "RMSE(bins)": 0.09703835092748571,
        "RMSE(bins)Ratings": {
            "1": 0.15572754671319924,
            "2": 0.10085278723262882,
            "3": 0.08771024730978565,
            "4": 0.17926386199325114
        }
    },
    "user": 8296,
    "size": 3920,
    "weights": [
        0.27,
        0.74,
        1.3,
        5.52,
        5.1,
        1.02,
        0.78,
        0.06,
        1.57,
        0.14,
        0.94,
        2.16,
        0.06,
        0.31,
        1.34,
        0.21,
        2.69
    ]
}