{
    "FSRS-4.5-dry-run": {
        "RMSE": 0.4702712740963001,
        "LogLoss": 0.6386560745127291,
        "RMSE(bins)": 0.22344562040008498,
        "ICI": 0.1503966101056192,
        "RMSE(bins)Ratings": {
            "1": 0.23713866530630764,
            "2": 0.27401725192062437,
            "3": 0.2422670249894045,
            "4": 0.5492143552389417
        }
    },
    "user": 8304,
    "size": 3945,
    "weights": [
        0.5614,
        1.2546,
        3.5878,
        7.9731,
        5.1043,
        1.1303,
        0.823,
        0.0465,
        1.629,
        0.135,
        1.0045,
        2.132,
        0.0839,
        0.3204,
        1.3547,
        0.219,
        2.7849
    ]
}