{
    "metrics": {
        "RMSE": 0.44785374058562566,
        "LogLoss": 0.6146074895536464,
        "RMSE(bins)": 0.1517650529469195,
        "ICI": 0.09164398527133873
    },
    "user": 8406,
    "size": 7655,
    "weights": [
        0.5701,
        1.4436,
        4.1386,
        10.9355,
        5.1443,
        1.2006,
        0.8627,
        0.0362,
        1.629,
        0.1342,
        1.0166,
        2.1174,
        0.0839,
        0.3204,
        1.4676,
        0.219,
        2.8237
    ]
}