{
    "metrics": {
        "RMSE": 0.19153469427315228,
        "LogLoss": 0.16251621185385506,
        "RMSE(bins)": 0.05470378362531419,
        "ICI": 0.041349118744997734,
        "RMSE(bins)Ratings": {
            "1": 0.10276442692005783,
            "2": 0.05181371793300165,
            "3": 0.04203062799016502,
            "4": 0.07945554827687379
        }
    },
    "user": 8455,
    "size": 9600,
    "weights": [
        0.5614,
        1.2546,
        3.5878,
        7.9731,
        5.1043,
        1.1303,
        0.823,
        0.0465,
        1.629,
        0.135,
        1.0045,
        2.132,
        0.0839,
        0.3204,
        1.3547,
        0.219,
        2.7849
    ]
}