{
    "FSRS-4.5-dry-run": {
        "RMSE": 0.1718536475633611,
        "LogLoss": 0.14339192283837432,
        "RMSE(bins)": 0.0862506463781389,
        "RMSE(bins)Ratings": {
            "1": 0.16463405203517978,
            "2": 0.0900707278910153,
            "3": 0.10765212096442153,
            "4": 0.09704903984498695
        }
    },
    "user": 8524,
    "size": 5720,
    "weights": [
        0.27,
        0.74,
        1.3,
        5.52,
        5.1,
        1.02,
        0.78,
        0.06,
        1.57,
        0.14,
        0.94,
        2.16,
        0.06,
        0.31,
        1.34,
        0.21,
        2.69
    ]
}