{
    "metrics": {
        "RMSE": 0.3810451885778951,
        "LogLoss": 0.4701146920858168,
        "RMSE(bins)": 0.09695993860445444,
        "ICI": 0.06849318981542793
    },
    "user": 8626,
    "size": 69265,
    "weights": [
        0.5701,
        1.4436,
        4.1386,
        10.9355,
        5.1443,
        1.2006,
        0.8627,
        0.0362,
        1.629,
        0.1342,
        1.0166,
        2.1174,
        0.0839,
        0.3204,
        1.4676,
        0.219,
        2.8237
    ]
}