{
    "metrics": {
        "RMSE": 0.13887609627178324,
        "LogLoss": 0.10295481204237127,
        "RMSE(bins)": 0.13520756002242607,
        "ICI": 0.08325889949884889,
        "RMSE(bins)Ratings": {
            "1": 0.7323572268545983,
            "2": 0.11054391825965414,
            "3": 0.10166403128876543,
            "4": 0.3720213067858515
        }
    },
    "user": 8717,
    "size": 67715,
    "weights": [
        0.5614,
        1.2546,
        3.5878,
        7.9731,
        5.1043,
        1.1303,
        0.823,
        0.0465,
        1.629,
        0.135,
        1.0045,
        2.132,
        0.0839,
        0.3204,
        1.3547,
        0.219,
        2.7849
    ]
}