{
    "FSRS-4.5-dry-run": {
        "RMSE": 0.24678389649837412,
        "LogLoss": 0.2361585359319444,
        "RMSE(bins)": 0.07825957848802714,
        "RMSE(bins)Ratings": {
            "1": 0.10209364209371338,
            "2": 0.06248953172004188,
            "3": 0.06620460019421306,
            "4": 0.035117932621313436
        }
    },
    "user": 8843,
    "size": 6465,
    "weights": [
        0.27,
        0.74,
        1.3,
        5.52,
        5.1,
        1.02,
        0.78,
        0.06,
        1.57,
        0.14,
        0.94,
        2.16,
        0.06,
        0.31,
        1.34,
        0.21,
        2.69
    ]
}