{
    "FSRS-4.5-dry-run": {
        "RMSE": 0.4875118577351985,
        "LogLoss": 0.7070298685538535,
        "RMSE(bins)": 0.16976584626963953,
        "ICI": 0.1396172015459424,
        "RMSE(bins)Ratings": {
            "1": 0.22963364448775578,
            "2": 0.17272064589611544,
            "3": 0.18410347114222653,
            "4": 0.18967946758466023
        }
    },
    "user": 8865,
    "size": 6970,
    "weights": [
        0.5614,
        1.2546,
        3.5878,
        7.9731,
        5.1043,
        1.1303,
        0.823,
        0.0465,
        1.629,
        0.135,
        1.0045,
        2.132,
        0.0839,
        0.3204,
        1.3547,
        0.219,
        2.7849
    ]
}