{
    "metrics": {
        "RMSE": 0.2197913816088042,
        "LogLoss": 0.20062121317173812,
        "RMSE(bins)": 0.03256917623599181,
        "ICI": 0.021074448835103107
    },
    "user": 8914,
    "size": 29630,
    "weights": [
        0.5701,
        1.4436,
        4.1386,
        10.9355,
        5.1443,
        1.2006,
        0.8627,
        0.0362,
        1.629,
        0.1342,
        1.0166,
        2.1174,
        0.0839,
        0.3204,
        1.4676,
        0.219,
        2.8237
    ]
}