{
    "metrics": {
        "RMSE": 0.2639918398482311,
        "LogLoss": 0.27268812877670323,
        "RMSE(bins)": 0.10039508560028478,
        "ICI": 0.06788150506582227
    },
    "user": 8940,
    "size": 87255,
    "weights": [
        0.5701,
        1.4436,
        4.1386,
        10.9355,
        5.1443,
        1.2006,
        0.8627,
        0.0362,
        1.629,
        0.1342,
        1.0166,
        2.1174,
        0.0839,
        0.3204,
        1.4676,
        0.219,
        2.8237
    ]
}