{
    "FSRS-4.5-dry-run": {
        "RMSE": 0.32806554616557154,
        "LogLoss": 0.36897957587016944,
        "RMSE(bins)": 0.08961787502530831,
        "ICI": 0.04963677677005175,
        "RMSE(bins)Ratings": {
            "1": 0.4315701032260865,
            "2": 0.33476746090351184,
            "3": 0.23006345314387508,
            "4": 0.02582308585745252
        }
    },
    "user": 9090,
    "size": 455,
    "weights": [
        0.5614,
        1.2546,
        3.5878,
        7.9731,
        5.1043,
        1.1303,
        0.823,
        0.0465,
        1.629,
        0.135,
        1.0045,
        2.132,
        0.0839,
        0.3204,
        1.3547,
        0.219,
        2.7849
    ]
}