{
    "metrics": {
        "RMSE": 0.2598051235670983,
        "LogLoss": 0.2523223873920866,
        "RMSE(bins)": 0.0857159438280746,
        "ICI": 0.05335314101230349
    },
    "user": 9207,
    "size": 20115,
    "weights": [
        0.5701,
        1.4436,
        4.1386,
        10.9355,
        5.1443,
        1.2006,
        0.8627,
        0.0362,
        1.629,
        0.1342,
        1.0166,
        2.1174,
        0.0839,
        0.3204,
        1.4676,
        0.219,
        2.8237
    ]
}