{
    "FSRS-4.5-dry-run": {
        "RMSE": 0.5096658241229153,
        "LogLoss": 0.7283152207673596,
        "RMSE(bins)": 0.19257237612313685,
        "ICI": 0.15101811024385542,
        "RMSE(bins)Ratings": {
            "1": 0.2000975214376875,
            "2": 0.24796498189397284,
            "3": 0.21150422951666994,
            "4": 0.16100994229585056
        }
    },
    "user": 9216,
    "size": 2795,
    "weights": [
        0.5614,
        1.2546,
        3.5878,
        7.9731,
        5.1043,
        1.1303,
        0.823,
        0.0465,
        1.629,
        0.135,
        1.0045,
        2.132,
        0.0839,
        0.3204,
        1.3547,
        0.219,
        2.7849
    ]
}