{
    "metrics": {
        "RMSE": 0.10366852359147527,
        "LogLoss": 0.060226376192866936,
        "RMSE(bins)": 0.01372124779347063,
        "ICI": 0.006908076215182274,
        "RMSE(bins)Ratings": {
            "1": 0.02233908846918053,
            "2": 0.2593112813314322,
            "3": 0.04489737824186896,
            "4": 0.012172077755523755
        }
    },
    "user": 9256,
    "size": 23270,
    "weights": [
        0.5614,
        1.2546,
        3.5878,
        7.9731,
        5.1043,
        1.1303,
        0.823,
        0.0465,
        1.629,
        0.135,
        1.0045,
        2.132,
        0.0839,
        0.3204,
        1.3547,
        0.219,
        2.7849
    ]
}