{
    "metrics": {
        "RMSE": 0.3235152421364199,
        "LogLoss": 0.36843386889240637,
        "RMSE(bins)": 0.10296203079821899,
        "ICI": 0.061096253427800354
    },
    "user": 9270,
    "size": 50140,
    "weights": [
        0.5701,
        1.4436,
        4.1386,
        10.9355,
        5.1443,
        1.2006,
        0.8627,
        0.0362,
        1.629,
        0.1342,
        1.0166,
        2.1174,
        0.0839,
        0.3204,
        1.4676,
        0.219,
        2.8237
    ]
}