{
    "FSRS-4.5-dry-run": {
        "RMSE": 0.31291373894266394,
        "LogLoss": 0.3342317015503322,
        "RMSE(bins)": 0.04698536940190573,
        "RMSE(bins)Ratings": {
            "1": 0.13062374385641096,
            "2": 0.11013026447125773,
            "3": 0.03088418488484209,
            "4": 0.056129917242665396
        }
    },
    "user": 9281,
    "size": 21180,
    "weights": [
        0.27,
        0.74,
        1.3,
        5.52,
        5.1,
        1.02,
        0.78,
        0.06,
        1.57,
        0.14,
        0.94,
        2.16,
        0.06,
        0.31,
        1.34,
        0.21,
        2.69
    ]
}