{
    "FSRS-4.5-dry-run": {
        "RMSE": 0.4451890357942384,
        "LogLoss": 0.5993159223131702,
        "RMSE(bins)": 0.09494101726786595,
        "RMSE(bins)Ratings": {
            "1": 0.18789663320234834,
            "2": 0.17037402842856494,
            "3": 0.08044504849783161,
            "4": 0.14571557352980308
        }
    },
    "user": 948,
    "size": 3480,
    "weights": [
        0.27,
        0.74,
        1.3,
        5.52,
        5.1,
        1.02,
        0.78,
        0.06,
        1.57,
        0.14,
        0.94,
        2.16,
        0.06,
        0.31,
        1.34,
        0.21,
        2.69
    ]
}