{
    "metrics": {
        "RMSE": 0.3558087451400078,
        "LogLoss": 0.41654856727403294,
        "RMSE(bins)": 0.09446705475077838,
        "ICI": 0.05246104975729801
    },
    "user": 9535,
    "size": 27070,
    "weights": [
        0.5701,
        1.4436,
        4.1386,
        10.9355,
        5.1443,
        1.2006,
        0.8627,
        0.0362,
        1.629,
        0.1342,
        1.0166,
        2.1174,
        0.0839,
        0.3204,
        1.4676,
        0.219,
        2.8237
    ]
}