{
    "FSRS-4.5-dry-run": {
        "RMSE": 0.20794366251073712,
        "LogLoss": 0.18380720224689304,
        "RMSE(bins)": 0.04421954402294954,
        "RMSE(bins)Ratings": {
            "1": 0.0770691955762898,
            "2": 0.0771984372624361,
            "3": 0.03649185455211214,
            "4": 0.09166494589200155
        }
    },
    "user": 9771,
    "size": 77550,
    "weights": [
        0.5614,
        1.2546,
        3.5878,
        7.9731,
        5.1043,
        1.1303,
        0.823,
        0.0465,
        1.629,
        0.135,
        1.0045,
        2.132,
        0.0839,
        0.3204,
        1.3547,
        0.219,
        2.7849
    ]
}