{
    "metrics": {
        "RMSE": 0.32923554349270057,
        "LogLoss": 0.3706758486506173,
        "RMSE(bins)": 0.09099828528391805,
        "ICI": 0.0356874081671805
    },
    "user": 9826,
    "size": 8700,
    "weights": [
        0.5701,
        1.4436,
        4.1386,
        10.9355,
        5.1443,
        1.2006,
        0.8627,
        0.0362,
        1.629,
        0.1342,
        1.0166,
        2.1174,
        0.0839,
        0.3204,
        1.4676,
        0.219,
        2.8237
    ]
}