{
    "metrics": {
        "RMSE": 0.2587930946202682,
        "LogLoss": 0.24458242699727586,
        "RMSE(bins)": 0.06041805440960401,
        "ICI": 0.03518024946429526
    },
    "user": 9891,
    "size": 28950,
    "weights": [
        0.5701,
        1.4436,
        4.1386,
        10.9355,
        5.1443,
        1.2006,
        0.8627,
        0.0362,
        1.629,
        0.1342,
        1.0166,
        2.1174,
        0.0839,
        0.3204,
        1.4676,
        0.219,
        2.8237
    ]
}