{
    "metrics": {
        "RMSE": 0.32599979856118483,
        "LogLoss": 0.3603365021570439,
        "RMSE(bins)": 0.18044453381513478,
        "ICI": 0.049678113657605265
    },
    "user": 9925,
    "size": 3380,
    "weights": [
        0.5701,
        1.4436,
        4.1386,
        10.9355,
        5.1443,
        1.2006,
        0.8627,
        0.0362,
        1.629,
        0.1342,
        1.0166,
        2.1174,
        0.0839,
        0.3204,
        1.4676,
        0.219,
        2.8237
    ]
}