{
    "metrics": {
        "RMSE": 0.3090756969532691,
        "LogLoss": 0.31511849966335,
        "RMSE(bins)": 0.19030688023148695,
        "ICI": 0.053596543399098195
    },
    "user": 9984,
    "size": 8160,
    "weights": [
        0.5701,
        1.4436,
        4.1386,
        10.9355,
        5.1443,
        1.2006,
        0.8627,
        0.0362,
        1.629,
        0.1342,
        1.0166,
        2.1174,
        0.0839,
        0.3204,
        1.4676,
        0.219,
        2.8237
    ]
}