{
    "FSRSv4": {
        "RMSE": 0.24628668016199595,
        "LogLoss": 0.21661456226433395,
        "RMSE(bins)": 0.19315411860478865,
        "RMSE(bins)Ratings": {
            "3": 0.0036054022140519226
        }
    },
    "user": 1004,
    "size": 530,
    "weights": [
        2.7826,
        9.7473,
        184.677,
        1312.4969,
        4.8099,
        0.8198,
        0.86,
        0.01,
        1.6101,
        0.1,
        1.0599,
        2.18,
        0.05,
        0.34,
        1.26,
        0.4102,
        2.61
    ]
}