{
    "metrics": {
        "RMSE": 0.3444228902332398,
        "LogLoss": 0.38000202303838754,
        "RMSE(bins)": 0.12454917867420753,
        "ICI": 0.0551669786163902
    },
    "user": 10094,
    "size": 1600
}