{
    "metrics": {
        "RMSE": 0.47201261376742915,
        "LogLoss": 0.706041683487146,
        "RMSE(bins)": 0.27630676462171955,
        "ICI": 0.2195208584062429
    },
    "user": 1010,
    "size": 2250,
    "weights": [
        1.9719,
        1.9719,
        6.1635,
        6.1635,
        5.1429,
        0.9523,
        1.0197,
        0.0,
        1.276,
        0.3529,
        0.724,
        2.002,
        0.2,
        0.1593,
        1.1239,
        0.0784,
        2.4546
    ]
}