{
    "FSRSv4": {
        "RMSE": 0.4517181308739014,
        "LogLoss": 0.6150405911737404,
        "RMSE(bins)": 0.15356551399507765,
        "RMSE(bins)Ratings": {
            "1": 0.16909087262031394,
            "2": 0.4161555469806511,
            "3": 0.13204202718804403,
            "4": 0.43507796819515226
        }
    },
    "user": 10161,
    "size": 1555,
    "weights": [
        0.6221,
        1.524,
        5.8433,
        5.8433,
        4.8739,
        0.8938,
        0.9181,
        0.0,
        1.563,
        0.328,
        1.0105,
        2.173,
        0.0445,
        0.3028,
        1.064,
        0.3021,
        2.4824
    ]
}