{
    "FSRSv4": {
        "RMSE": 0.41038292414640726,
        "LogLoss": 0.5143442679499475,
        "RMSE(bins)": 0.06596251748595885,
        "RMSE(bins)Ratings": {
            "1": 0.10999954946244075,
            "2": 0.08292767696654973,
            "3": 0.08408697335128487,
            "4": 0.07060492108804045
        }
    },
    "user": 10168,
    "size": 10570,
    "weights": [
        0.3349,
        0.3926,
        0.7207,
        2.6771,
        5.066,
        1.0043,
        0.9175,
        0.0,
        1.1646,
        0.1547,
        0.6404,
        2.0578,
        0.1188,
        0.2652,
        1.3804,
        0.2791,
        2.1928
    ]
}