{
    "FSRSv4": {
        "RMSE": 0.2851203398664897,
        "LogLoss": 0.28753366618039494,
        "RMSE(bins)": 0.14507844634723935,
        "RMSE(bins)Ratings": {
            "1": 0.28676313366669515,
            "2": 0.08497765439848201,
            "3": 0.0511992496669876,
            "4": 0.08944960153316041
        }
    },
    "user": 10186,
    "size": 198960,
    "weights": [
        0.1,
        32.0666,
        32.0666,
        44.7209,
        5.3288,
        1.3687,
        2.7078,
        0.4616,
        1.551,
        0.3813,
        1.239,
        1.7914,
        0.2,
        0.01,
        0.9079,
        0.7664,
        2.6396
    ]
}