{
    "metrics": {
        "RMSE": 0.3627204754581494,
        "LogLoss": 0.42304642409468185,
        "RMSE(bins)": 0.10066237351383345,
        "ICI": 0.04764650520619369
    },
    "user": 10360,
    "size": 38950,
    "weights": [
        1.2536,
        2.0561,
        2.8019,
        12.0662,
        4.9527,
        1.1573,
        0.9322,
        0.0183,
        1.4874,
        0.2594,
        0.8636,
        2.2353,
        0.0491,
        0.3083,
        1.7229,
        0.151,
        2.8755
    ]
}