{
    "FSRSv4": {
        "RMSE": 0.4271149284155186,
        "LogLoss": 0.6072137461420242,
        "RMSE(bins)": 0.12453867497509916,
        "RMSE(bins)Ratings": {
            "1": 0.13940135027417713,
            "2": 0.16565465633901713,
            "3": 0.06861373725623604,
            "4": 0.15764349105782272
        }
    },
    "user": 10415,
    "size": 26060,
    "weights": [
        0.7674,
        31.1523,
        31.1523,
        47.71,
        4.8292,
        0.6606,
        0.7805,
        0.0236,
        1.5219,
        0.5812,
        0.953,
        2.1914,
        0.0286,
        0.2405,
        1.2397,
        0.4767,
        2.3435
    ]
}