{
    "FSRSv4": {
        "RMSE": 0.3450944558062695,
        "LogLoss": 0.393829440173719,
        "RMSE(bins)": 0.06447119983785624,
        "RMSE(bins)Ratings": {
            "1": 0.07351407428906198,
            "2": 0.04596862621137479,
            "3": 0.06618800417484594,
            "4": 0.10440550400639621
        }
    },
    "user": 1042,
    "size": 45510,
    "weights": [
        0.4229,
        0.6875,
        1.4249,
        9.6122,
        5.3152,
        1.8571,
        1.0041,
        0.0145,
        1.3875,
        0.1243,
        0.8378,
        2.0198,
        0.0857,
        0.3514,
        1.4504,
        0.6048,
        3.2119
    ]
}