{
    "metrics": {
        "RMSE": 0.2947185983046656,
        "LogLoss": 0.30593859598632545,
        "RMSE(bins)": 0.04909391126877889,
        "ICI": 0.024390315538327267
    },
    "user": 1043,
    "size": 6030
}