{
    "metrics": {
        "RMSE": 0.3668262211283966,
        "LogLoss": 0.473852667104615,
        "RMSE(bins)": 0.19682893984310582,
        "ICI": 0.07963619262331345
    },
    "user": 10477,
    "size": 141090,
    "weights": [
        0.8412,
        0.86,
        3.4135,
        17.9561,
        5.0367,
        1.6399,
        1.9566,
        0.1092,
        1.8506,
        0.1596,
        1.0802,
        1.9783,
        0.1611,
        0.2894,
        1.9909,
        0.5731,
        3.8093
    ]
}