{
    "FSRSv4": {
        "RMSE": 0.3144830316790895,
        "LogLoss": 0.32964401223059786,
        "RMSE(bins)": 0.19755224519531706,
        "RMSE(bins)Ratings": {
            "1": 0.1973498744418797,
            "2": 0.19437383674518335,
            "3": 0.21094244789605074,
            "4": 0.14273896855813478
        }
    },
    "user": 10489,
    "size": 2015,
    "weights": [
        0.7094,
        2.1218,
        13.6154,
        47.0156,
        4.6994,
        0.7254,
        0.671,
        0.1983,
        1.7406,
        0.1,
        1.1857,
        2.2695,
        0.01,
        0.4308,
        1.3367,
        0.3733,
        2.9097
    ]
}