{
    "metrics": {
        "RMSE": 0.3099500154606017,
        "LogLoss": 0.3341837006948891,
        "RMSE(bins)": 0.040180997520259734,
        "ICI": 0.016810663389982484
    },
    "user": 10481,
    "size": 58765,
    "weights": [
        0.2558,
        1.2954,
        2.2828,
        3.3306,
        4.816,
        0.8757,
        0.5279,
        0.0271,
        1.3644,
        0.1,
        0.7706,
        2.1351,
        0.1668,
        0.447,
        0.9959,
        0.6047,
        2.61
    ]
}