{
    "FSRSv4": {
        "RMSE": 0.4358678014715873,
        "LogLoss": 0.5787803723589676,
        "RMSE(bins)": 0.08292797640328974,
        "RMSE(bins)Ratings": {
            "1": 0.07520302664614303,
            "2": 0.1182175623591298,
            "3": 0.130030106270032,
            "4": 0.16419605573923923
        }
    },
    "user": 10547,
    "size": 6590,
    "weights": [
        0.3039,
        0.6095,
        0.8745,
        7.1723,
        5.4447,
        1.445,
        1.2058,
        0.0078,
        0.9995,
        0.3062,
        0.4382,
        2.1674,
        0.0709,
        0.3419,
        1.0828,
        0.027,
        2.4887
    ]
}