{
    "FSRSv4": {
        "RMSE": 0.46749574809922007,
        "LogLoss": 0.6831142220135229,
        "RMSE(bins)": 0.23879900705366439,
        "RMSE(bins)Ratings": {
            "1": 0.2697174252762485,
            "2": 0.34089673903061013,
            "3": 0.17667634742301974,
            "4": 0.08090991347558577
        }
    },
    "user": 10582,
    "size": 40710,
    "weights": [
        0.6196,
        1.7246,
        6.3497,
        93.7606,
        4.9215,
        0.9707,
        0.6304,
        0.2001,
        1.4284,
        0.5497,
        0.729,
        2.1336,
        0.0548,
        0.2758,
        1.5815,
        0.6468,
        2.7834
    ]
}