{
    "FSRSv4": {
        "RMSE": 0.4551969833142344,
        "LogLoss": 0.6148246819522829,
        "RMSE(bins)": 0.20423711275415035,
        "RMSE(bins)Ratings": {
            "1": 0.25036964804895345,
            "2": 0.04571500482280756,
            "3": 0.07806400002636218,
            "4": 0.11075989026606554
        }
    },
    "user": 10706,
    "size": 5145,
    "weights": [
        0.1798,
        0.4707,
        0.4803,
        3.4998,
        4.881,
        0.9848,
        0.8417,
        0.0475,
        1.541,
        0.1905,
        0.984,
        2.1744,
        0.053,
        0.322,
        1.1896,
        0.465,
        2.3197
    ]
}