{
    "FSRSv4": {
        "RMSE": 0.31726224232343153,
        "LogLoss": 0.34567099322527906,
        "RMSE(bins)": 0.032853471855630756,
        "RMSE(bins)Ratings": {
            "1": 0.052493656033106656,
            "2": 0.08511223262742626,
            "3": 0.036934593048693516,
            "4": 0.0787188415050719
        }
    },
    "user": 10711,
    "size": 24430,
    "weights": [
        0.4181,
        1.6187,
        1.6187,
        10.9,
        5.1166,
        2.0107,
        1.4622,
        0.0,
        1.8238,
        0.4132,
        1.237,
        2.2599,
        0.0344,
        0.3555,
        1.394,
        0.3552,
        3.2582
    ]
}