{
    "metrics": {
        "RMSE": 0.31895664292680864,
        "LogLoss": 0.3587300965202425,
        "RMSE(bins)": 0.06423602058232177,
        "ICI": 0.044457837248155385
    },
    "user": 10714,
    "size": 9610
}