{
    "FSRSv4": {
        "RMSE": 0.14670797165509009,
        "LogLoss": 0.11191606209658422,
        "RMSE(bins)": 0.049860593014535444,
        "RMSE(bins)Ratings": {
            "1": 0.32422698492923596,
            "2": 0.03314504464922817,
            "3": 0.042363214214584916
        }
    },
    "user": 10782,
    "size": 2950,
    "weights": [
        0.932,
        1.9072,
        5.5824,
        11.423,
        4.5047,
        0.9745,
        0.7046,
        0.1651,
        1.9506,
        0.1,
        1.379,
        2.2124,
        0.0427,
        0.4208,
        1.3393,
        0.5175,
        2.61
    ]
}