{
    "FSRSv4": {
        "RMSE": 0.12540008135609165,
        "LogLoss": 0.0707976315311331,
        "RMSE(bins)": 0.03586252592153875,
        "RMSE(bins)Ratings": {
            "1": 0.147866300559854,
            "2": 0.1335577831266536,
            "3": 0.02818075655297153,
            "4": 0.01934571244295638
        }
    },
    "user": 10952,
    "size": 5200,
    "weights": [
        2.7758,
        7.8962,
        37.8851,
        37.8851,
        4.2483,
        0.3245,
        0.4066,
        0.5,
        2.1775,
        0.1,
        1.5926,
        2.6223,
        0.0158,
        0.7956,
        1.6907,
        0.63,
        3.0459
    ]
}