{
    "FSRSv4": {
        "RMSE": 0.39282794730053294,
        "LogLoss": 0.47572443280594157,
        "RMSE(bins)": 0.16078780773616883,
        "RMSE(bins)Ratings": {
            "1": 0.14559413367390686,
            "2": 0.1466728130477817,
            "3": 0.20981235754752056,
            "4": 0.055921417042875364
        }
    },
    "user": 10978,
    "size": 26570,
    "weights": [
        0.4908,
        4.9504,
        10.6145,
        11.1132,
        5.1512,
        1.3793,
        0.2374,
        0.0001,
        1.5324,
        0.259,
        1.2408,
        1.656,
        0.1998,
        0.3954,
        1.9445,
        0.5998,
        1.2611
    ]
}