{
    "metrics": {
        "RMSE": 0.1690365440900479,
        "LogLoss": 0.12699765995016613,
        "RMSE(bins)": 0.07531686879657841,
        "ICI": 0.01999780263733491
    },
    "user": 11013,
    "size": 4550,
    "weights": [
        2.2843,
        6.2097,
        6.2097,
        12.414,
        4.8633,
        0.8053,
        0.6753,
        0.3375,
        1.5013,
        0.2245,
        0.956,
        2.336,
        0.0101,
        0.4692,
        1.5165,
        0.4027,
        2.8894
    ]
}