{
    "FSRSv4": {
        "RMSE": 0.4171165793070812,
        "LogLoss": 0.5336362178293329,
        "RMSE(bins)": 0.06407942065890025,
        "RMSE(bins)Ratings": {
            "1": 0.1014867134770249,
            "2": 0.11615611118924606,
            "3": 0.06797580222337363,
            "4": 0.12575678799549092
        }
    },
    "user": 11043,
    "size": 4520,
    "weights": [
        0.4061,
        1.0083,
        1.4193,
        3.7168,
        5.2443,
        1.2341,
        0.7619,
        0.121,
        1.1569,
        0.3003,
        0.6013,
        2.1707,
        0.0637,
        0.3415,
        1.0871,
        0.1038,
        2.2705
    ]
}