{
    "metrics": {
        "RMSE": 0.4580103011772591,
        "LogLoss": 0.6346851741572981,
        "RMSE(bins)": 0.11313117148358308,
        "ICI": 0.0797040951341293
    },
    "user": 1118,
    "size": 10060,
    "weights": [
        0.6043,
        0.8046,
        0.8046,
        6.6063,
        5.38,
        0.7523,
        0.8958,
        0.3436,
        1.0334,
        0.6453,
        0.4816,
        2.0195,
        0.1597,
        0.235,
        1.0326,
        0.1533,
        3.017
    ]
}