{
    "metrics": {
        "RMSE": 0.3369300227536575,
        "LogLoss": 0.3877865825287823,
        "RMSE(bins)": 0.16666216201168707,
        "ICI": 0.11501198374758949
    },
    "user": 11250,
    "size": 1825,
    "weights": [
        0.7015,
        1.3991,
        3.9411,
        48.7842,
        4.7299,
        0.7345,
        0.6932,
        0.176,
        1.6893,
        0.1,
        1.1388,
        2.1725,
        0.0604,
        0.3305,
        1.2247,
        0.4456,
        2.8087
    ]
}