{
    "metrics": {
        "RMSE": 0.1439510958584109,
        "LogLoss": 0.12041817633076861,
        "RMSE(bins)": 0.051621232136945236,
        "ICI": 0.03851833756894902
    },
    "user": 1136,
    "size": 1170,
    "weights": [
        0.105,
        1.3954,
        67.6003,
        100.0,
        5.0434,
        1.0571,
        0.7399,
        0.0,
        1.371,
        0.2599,
        0.8201,
        2.0858,
        0.1342,
        0.2391,
        1.1419,
        0.4103,
        2.4902
    ]
}