{
    "metrics": {
        "RMSE": 0.44377439310897554,
        "LogLoss": 0.6346531324684094,
        "RMSE(bins)": 0.23112886648381556,
        "ICI": 0.16167361691104107
    },
    "user": 11445,
    "size": 6280,
    "weights": [
        0.775,
        1.8084,
        9.3486,
        27.9496,
        5.0425,
        0.9486,
        1.0502,
        0.0,
        1.3703,
        0.4141,
        0.8345,
        2.2529,
        0.01,
        0.4133,
        1.4324,
        0.3925,
        2.9275
    ]
}