{
    "metrics": {
        "RMSE": 0.2792362519775589,
        "LogLoss": 0.29004352273339173,
        "RMSE(bins)": 0.03543179208894808,
        "ICI": 0.017704174158527243
    },
    "user": 11554,
    "size": 47890,
    "weights": [
        0.373,
        0.5936,
        1.4611,
        6.2961,
        5.1781,
        2.6992,
        1.0833,
        0.0173,
        1.9197,
        0.3712,
        1.2692,
        2.1629,
        0.01,
        0.3741,
        1.271,
        0.8501,
        3.4024
    ]
}