{
    "metrics": {
        "RMSE": 0.4531866092371541,
        "LogLoss": 0.6056075115199396,
        "RMSE(bins)": 0.08870947099123475,
        "ICI": 0.05599479537403825
    },
    "user": 11752,
    "size": 12840,
    "weights": [
        0.517,
        0.517,
        1.1699,
        1.2292,
        5.3202,
        1.2359,
        0.786,
        0.1809,
        1.1083,
        0.363,
        0.6105,
        2.0825,
        0.1885,
        0.3908,
        1.1695,
        0.2313,
        3.8326
    ]
}