{
    "metrics": {
        "RMSE": 0.27160967117166845,
        "LogLoss": 0.2582373416070313,
        "RMSE(bins)": 0.13662256745991733,
        "ICI": 0.05228635671154843
    },
    "user": 11826,
    "size": 12025,
    "weights": [
        0.534,
        0.9131,
        2.0421,
        5.9018,
        4.6444,
        1.5179,
        0.6808,
        0.2697,
        1.8867,
        0.1,
        1.299,
        2.2691,
        0.1104,
        0.5209,
        1.7644,
        0.2957,
        3.3875
    ]
}