{
    "FSRSv4": {
        "RMSE": 0.461755511080213,
        "LogLoss": 0.6275770765188305,
        "RMSE(bins)": 0.09969112265118608,
        "RMSE(bins)Ratings": {
            "1": 0.10104178628016763,
            "2": 0.057649143495541844,
            "3": 0.041078534938732675,
            "4": 0.09600921579427436
        }
    },
    "user": 11900,
    "size": 20715,
    "weights": [
        0.3815,
        0.4031,
        0.4031,
        2.1302,
        5.2488,
        1.504,
        0.905,
        0.1861,
        1.4217,
        0.6821,
        0.8147,
        2.1068,
        0.1528,
        0.3226,
        0.6631,
        0.1806,
        2.7865
    ]
}