{
    "FSRSv4": {
        "RMSE": 0.45738368762886505,
        "LogLoss": 0.6781022865883561,
        "RMSE(bins)": 0.22251523617426763,
        "RMSE(bins)Ratings": {
            "1": 0.32662878629827685,
            "2": 0.2572299533719971,
            "3": 0.2576233893601252,
            "4": 0.21194135860808114
        }
    },
    "user": 11917,
    "size": 3170,
    "weights": [
        2.8583,
        2.8583,
        3.8196,
        12.4406,
        4.93,
        0.94,
        0.86,
        0.01,
        1.49,
        0.14,
        0.94,
        2.18,
        0.05,
        0.34,
        1.26,
        0.29,
        2.61
    ]
}