{
    "metrics": {
        "RMSE": 0.4400397135192556,
        "LogLoss": 0.5982676863883236,
        "RMSE(bins)": 0.16015593913013124,
        "ICI": 0.10551044016164814
    },
    "user": 11968,
    "size": 5055
}