{
    "FSRSv4": {
        "RMSE": 0.18076680890524358,
        "LogLoss": 0.14524384002870597,
        "RMSE(bins)": 0.05525362759862942,
        "RMSE(bins)Ratings": {
            "1": 0.11922335540187018,
            "2": 0.06692372044715357,
            "3": 0.030130396927854314,
            "4": 0.015574304261266094
        }
    },
    "user": 1196,
    "size": 209065,
    "weights": [
        0.9324,
        4.981,
        4.981,
        77.7111,
        3.428,
        0.9765,
        2.7577,
        0.0375,
        2.5535,
        0.1,
        0.9839,
        1.2454,
        0.0134,
        0.2171,
        1.6522,
        0.9821,
        3.9971
    ]
}