{
    "FSRSv4": {
        "RMSE": 0.2141602625392019,
        "LogLoss": 0.19203335000446886,
        "RMSE(bins)": 0.03498583971704069,
        "RMSE(bins)Ratings": {
            "1": 0.1440495269758612,
            "2": 0.042162474821785735,
            "3": 0.02754258039179523,
            "4": 0.028149677190966775
        }
    },
    "user": 11991,
    "size": 10960,
    "weights": [
        0.7191,
        1.2612,
        2.9292,
        5.1372,
        4.4681,
        1.4429,
        1.0888,
        0.0,
        2.0711,
        0.1,
        1.5297,
        1.9935,
        0.1995,
        0.4135,
        1.2324,
        1.0,
        2.9421
    ]
}