{
    "FSRSv4": {
        "RMSE": 0.2724273660463564,
        "LogLoss": 0.2741924984153947,
        "RMSE(bins)": 0.02380546322435441,
        "RMSE(bins)Ratings": {
            "1": 0.06295132815079785,
            "2": 0.03954400332055354,
            "3": 0.01785311792006969,
            "4": 0.03784813382287675
        }
    },
    "user": 12018,
    "size": 16550,
    "weights": [
        0.4324,
        0.7916,
        3.9113,
        11.3468,
        4.8677,
        1.2686,
        0.7999,
        0.0674,
        1.7515,
        0.1,
        1.1907,
        2.095,
        0.011,
        0.2657,
        1.8579,
        0.1921,
        4.2469
    ]
}