{
    "metrics": {
        "RMSE": 0.3343360165283493,
        "LogLoss": 0.3787795293073347,
        "RMSE(bins)": 0.08869248285551652,
        "ICI": 0.06681081002867786
    },
    "user": 12080,
    "size": 19100
}