{
    "FSRSv4": {
        "RMSE": 0.3736482167201023,
        "LogLoss": 0.44916935562465754,
        "RMSE(bins)": 0.06919335686823976,
        "RMSE(bins)Ratings": {
            "1": 0.1552614074730425,
            "2": 0.1260523710214784,
            "3": 0.08674710985444949,
            "4": 0.04575928216982868
        }
    },
    "user": 12115,
    "size": 12975,
    "weights": [
        1.224,
        2.3435,
        5.4422,
        12.7775,
        5.3221,
        1.7121,
        1.4326,
        0.0,
        1.2285,
        0.1,
        0.686,
        1.9908,
        0.1516,
        0.2508,
        1.0335,
        0.1305,
        2.5021
    ]
}