{
    "metrics": {
        "RMSE": 0.45131965059808893,
        "LogLoss": 0.6161789497907073,
        "RMSE(bins)": 0.15198619918948192,
        "ICI": 0.10627109225438877
    },
    "user": 12145,
    "size": 2230,
    "weights": [
        0.6147,
        0.6147,
        1.0217,
        5.1294,
        4.9269,
        0.8188,
        1.0628,
        0.0,
        1.4987,
        0.1912,
        0.9494,
        2.1963,
        0.0501,
        0.3538,
        1.0629,
        0.3661,
        2.656
    ]
}