{
    "metrics": {
        "RMSE": 0.3298488758560114,
        "LogLoss": 0.35211898071024633,
        "RMSE(bins)": 0.13732906673030953,
        "ICI": 0.02797699975308403
    },
    "user": 12231,
    "size": 3405,
    "weights": [
        0.3057,
        1.2169,
        4.4988,
        10.9,
        4.8592,
        0.9311,
        0.9653,
        0.033,
        1.6154,
        0.1,
        1.0615,
        1.9803,
        0.2,
        0.1223,
        1.0589,
        0.2449,
        2.9717
    ]
}