{
    "FSRSv4": {
        "RMSE": 0.16425685655904604,
        "LogLoss": 0.11948556717562452,
        "RMSE(bins)": 0.03303932382405569,
        "RMSE(bins)Ratings": {
            "1": 0.060526341332573924,
            "2": 0.06861731039661585,
            "3": 0.02509397172586179,
            "4": 0.032058342089515746
        }
    },
    "user": 12248,
    "size": 49635,
    "weights": [
        2.0817,
        2.0817,
        10.5276,
        89.0739,
        4.6689,
        1.4093,
        1.76,
        0.0026,
        2.4486,
        0.1617,
        1.7447,
        2.1829,
        0.0551,
        0.3729,
        1.0285,
        0.0645,
        4.6451
    ]
}