{
    "FSRSv4": {
        "RMSE": 0.1919575705594549,
        "LogLoss": 0.15521409731090463,
        "RMSE(bins)": 0.011776962319156028,
        "RMSE(bins)Ratings": {
            "1": 0.04708510076215095,
            "2": 0.015109873684173256,
            "3": 0.035192750666632445,
            "4": 0.07992253205092421
        }
    },
    "user": 12325,
    "size": 70575,
    "weights": [
        0.817,
        1.8599,
        3.0125,
        5.5611,
        4.7687,
        1.733,
        0.2784,
        0.0411,
        1.8635,
        0.1989,
        1.2335,
        2.5069,
        0.0128,
        0.2669,
        0.1576,
        0.9626,
        1.0619
    ]
}