{
    "FSRSv4": {
        "RMSE": 0.3119383611521865,
        "LogLoss": 0.3365018267231716,
        "RMSE(bins)": 0.15023173078218624,
        "RMSE(bins)Ratings": {
            "1": 0.16793498043720365,
            "2": 0.1422373594129672,
            "3": 0.1538053546089768,
            "4": 0.11005161533590005
        }
    },
    "user": 12330,
    "size": 26280,
    "weights": [
        2.2278,
        4.8613,
        6.5601,
        17.2289,
        4.6555,
        0.5369,
        1.3297,
        0.0,
        1.8862,
        0.1499,
        1.3023,
        2.1493,
        0.0434,
        0.2496,
        0.8743,
        0.4679,
        1.2553
    ]
}