{
    "metrics": {
        "RMSE": 0.2569138739307285,
        "LogLoss": 0.24123543638792141,
        "RMSE(bins)": 0.07882468667509877,
        "ICI": 0.025612801558257955
    },
    "user": 12361,
    "size": 2730,
    "weights": [
        0.5359,
        0.6194,
        0.7697,
        12.989,
        4.666,
        1.0456,
        0.7035,
        0.1841,
        1.8106,
        0.1,
        1.2442,
        2.0132,
        0.2,
        0.1962,
        1.0607,
        0.4484,
        2.985
    ]
}