{
    "FSRSv4": {
        "RMSE": 0.2606335165577816,
        "LogLoss": 0.2730892874765279,
        "RMSE(bins)": 0.04565755121720406,
        "ICI": 0.03445985590033777
    },
    "user": 12380,
    "size": 92935
}