{
    "metrics": {
        "RMSE": 0.252482280818241,
        "LogLoss": 0.24141037910680216,
        "RMSE(bins)": 0.02478967681788704,
        "ICI": 0.013209551636036756
    },
    "user": 12407,
    "size": 26565
}