{
    "metrics": {
        "RMSE": 0.12922189598112613,
        "LogLoss": 0.09533840573939653,
        "RMSE(bins)": 0.06437606039551193,
        "ICI": 0.044919340446633864
    },
    "user": 1241,
    "size": 4120,
    "weights": [
        1.291,
        4.3089,
        5.1645,
        5.8274,
        4.469,
        0.4978,
        0.4964,
        0.3471,
        1.9897,
        0.1,
        1.4174,
        2.3947,
        0.0142,
        0.5588,
        1.5499,
        0.7728,
        2.61
    ]
}