{
    "metrics": {
        "RMSE": 0.3957330690053244,
        "LogLoss": 0.5030539966098513,
        "RMSE(bins)": 0.1616433020680034,
        "ICI": 0.09937551730155703
    },
    "user": 12515,
    "size": 15575,
    "weights": [
        0.691,
        2.2571,
        13.3262,
        13.3262,
        4.8995,
        1.3438,
        0.251,
        0.1257,
        1.54,
        0.2888,
        1.0207,
        2.1199,
        0.1042,
        0.2956,
        0.8398,
        0.537,
        2.2584
    ]
}