{
    "metrics": {
        "RMSE": 0.4080010555658351,
        "LogLoss": 0.5093249011687395,
        "RMSE(bins)": 0.06973136346786611,
        "ICI": 0.05054531497304228
    },
    "user": 12610,
    "size": 15515,
    "weights": [
        0.5517,
        2.0057,
        2.6251,
        8.3206,
        5.1052,
        0.9902,
        1.1753,
        0.0171,
        1.3045,
        0.4146,
        0.7851,
        2.1969,
        0.0853,
        0.3067,
        1.563,
        0.0253,
        2.2086
    ]
}