{
    "metrics": {
        "RMSE": 0.3500783095259298,
        "LogLoss": 0.40722177780096946,
        "RMSE(bins)": 0.10222664424042972,
        "ICI": 0.04461069189083978
    },
    "user": 12703,
    "size": 13180,
    "weights": [
        0.4761,
        3.2499,
        3.2499,
        25.3006,
        5.2928,
        1.3695,
        1.2689,
        0.0,
        1.4177,
        0.1297,
        0.8592,
        2.0719,
        0.1225,
        0.2965,
        1.2069,
        0.1227,
        3.1206
    ]
}