{
    "metrics": {
        "RMSE": 0.3749560846487518,
        "LogLoss": 0.4593718556246586,
        "RMSE(bins)": 0.0775699056494629,
        "ICI": 0.054981799128549724
    },
    "user": 12708,
    "size": 12170,
    "weights": [
        0.7101,
        0.9973,
        4.6027,
        4.6027,
        5.0075,
        1.0361,
        0.7911,
        0.2084,
        1.262,
        0.1,
        0.7166,
        2.2139,
        0.0457,
        0.3568,
        1.4479,
        0.1151,
        2.05
    ]
}