{
    "FSRSv4": {
        "RMSE": 0.24296514439087594,
        "LogLoss": 0.22970147048433628,
        "RMSE(bins)": 0.05223754421830013,
        "RMSE(bins)Ratings": {
            "1": 0.09733821479722624,
            "2": 0.061172412412485964,
            "3": 0.04594327367101287,
            "4": 0.03672343067759727
        }
    },
    "user": 12777,
    "size": 8090,
    "weights": [
        1.3374,
        1.3374,
        4.6082,
        4.6082,
        4.5976,
        0.4852,
        0.5685,
        0.2746,
        1.8093,
        0.1744,
        1.2551,
        2.4551,
        0.0254,
        0.5762,
        1.6039,
        0.8218,
        3.4965
    ]
}