{
    "metrics": {
        "RMSE": 0.2762199128467229,
        "LogLoss": 0.2696006687746364,
        "RMSE(bins)": 0.032019398870262096,
        "ICI": 0.006864888036065377
    },
    "user": 12881,
    "size": 234020,
    "weights": [
        0.6942,
        1.217,
        2.8254,
        23.8213,
        3.8463,
        1.86,
        1.8563,
        0.0,
        1.533,
        0.121,
        1.2003,
        1.1452,
        0.0143,
        0.6624,
        0.9295,
        0.1935,
        4.0
    ]
}