{
    "metrics": {
        "RMSE": 0.3755087137047804,
        "LogLoss": 0.47439808437872827,
        "RMSE(bins)": 0.123783865054255,
        "ICI": 0.07790571392390346
    },
    "user": 12928,
    "size": 10135,
    "weights": [
        2.5195,
        2.5195,
        49.8246,
        100.0,
        5.1155,
        1.4702,
        1.0592,
        0.0,
        1.4506,
        0.2164,
        0.9206,
        2.2391,
        0.0569,
        0.3653,
        1.1611,
        0.3249,
        2.704
    ]
}