{
    "FSRSv4": {
        "RMSE": 0.14525654036024854,
        "LogLoss": 0.11352348225253912,
        "RMSE(bins)": 0.13296694607708448,
        "RMSE(bins)Ratings": {
            "1": 0.1943578614760637,
            "2": 0.28393963040158776,
            "3": 0.1775996673143641,
            "4": 0.08346730594083017
        }
    },
    "user": 12953,
    "size": 580,
    "weights": [
        1.7996,
        4.7537,
        32.9029,
        119.4999,
        4.8106,
        0.8216,
        0.7415,
        0.1268,
        1.6096,
        0.1,
        1.0592,
        2.2977,
        0.01,
        0.457,
        1.3788,
        0.4082,
        2.7296
    ]
}