{
    "FSRSv4": {
        "RMSE": 0.3881246883600901,
        "LogLoss": 0.4813524322996437,
        "RMSE(bins)": 0.1187126588932295,
        "RMSE(bins)Ratings": {
            "1": 0.14362257366726258,
            "2": 0.11381651355253625,
            "3": 0.09882914116119271,
            "4": 0.1997632877032207
        }
    },
    "user": 12956,
    "size": 8925,
    "weights": [
        3.6249,
        8.4028,
        8.4028,
        49.3815,
        4.8758,
        0.485,
        0.9375,
        0.0,
        1.5157,
        0.2586,
        0.9859,
        2.2575,
        0.0824,
        0.4763,
        1.4575,
        0.1356,
        2.7465
    ]
}