{
    "metrics": {
        "RMSE": 0.3368170470231153,
        "LogLoss": 0.38439680996600983,
        "RMSE(bins)": 0.12355718411124907,
        "ICI": 0.11099154822296599
    },
    "user": 13021,
    "size": 1845,
    "weights": [
        0.5767,
        0.9554,
        0.9554,
        5.3275,
        5.1226,
        1.0186,
        1.0442,
        0.0,
        1.311,
        0.1,
        0.7607,
        2.1595,
        0.1024,
        0.3357,
        1.3161,
        0.1983,
        2.7376
    ]
}