{
    "metrics": {
        "RMSE": 0.0471285238370469,
        "LogLoss": 0.016015622383394573,
        "RMSE(bins)": 0.040753678918581906,
        "ICI": 0.011628930309323762
    },
    "user": 13088,
    "size": 1820,
    "weights": [
        54.8388,
        54.8388,
        54.8388,
        54.8388,
        4.8098,
        0.8198,
        0.7436,
        0.1276,
        1.6102,
        0.1,
        1.0602,
        2.2978,
        0.01,
        0.4574,
        1.378,
        0.4102,
        2.61
    ]
}