{
    "metrics": {
        "RMSE": 0.4107796774528487,
        "LogLoss": 0.5221172152773152,
        "RMSE(bins)": 0.07564353569624885,
        "ICI": 0.05742739924492274
    },
    "user": 131,
    "size": 119075,
    "weights": [
        0.3523,
        0.7107,
        2.0365,
        100.0,
        5.364,
        1.3849,
        0.6512,
        0.0001,
        1.6467,
        0.4151,
        0.7522,
        2.409,
        0.0111,
        0.2606,
        0.8286,
        0.9952,
        1.3271
    ]
}