{
    "FSRSv4": {
        "RMSE": 0.26694232252451183,
        "LogLoss": 0.260002186970093,
        "RMSE(bins)": 0.02025737087029801,
        "ICI": 0.007288656227037391
    },
    "user": 13145,
    "size": 194185
}