{
    "metrics": {
        "RMSE": 0.18543626719603057,
        "LogLoss": 0.14772114379550175,
        "RMSE(bins)": 0.039800650498423566,
        "ICI": 0.007785625837800186
    },
    "user": 13183,
    "size": 8540,
    "weights": [
        1.3917,
        2.0195,
        36.0273,
        36.0273,
        4.5151,
        1.4434,
        0.3485,
        0.0,
        1.8998,
        0.1459,
        1.3582,
        2.0733,
        0.1996,
        0.3088,
        1.0077,
        0.6842,
        2.6911
    ]
}