{
    "FSRSv4": {
        "RMSE": 0.3298503895494898,
        "LogLoss": 0.3695263785713261,
        "RMSE(bins)": 0.0313628165866449,
        "RMSE(bins)Ratings": {
            "1": 0.06965207607256943,
            "2": 0.07155920508295317,
            "3": 0.025467369713713217,
            "4": 0.054584879685785424
        }
    },
    "user": 13286,
    "size": 70915,
    "weights": [
        0.7716,
        5.0795,
        6.1298,
        6.9481,
        5.0887,
        1.341,
        0.6584,
        0.0517,
        1.4266,
        0.2232,
        0.9138,
        2.2732,
        0.0132,
        0.2162,
        1.9938,
        0.1182,
        4.6045
    ]
}