{
    "FSRSv4": {
        "RMSE": 0.2600159472418156,
        "LogLoss": 0.25177559586712855,
        "RMSE(bins)": 0.04943101810465119,
        "RMSE(bins)Ratings": {
            "1": 0.060998335166189833,
            "2": 0.11366935228613523,
            "3": 0.0255956004956696,
            "4": 0.04098558788564457
        }
    },
    "user": 1332,
    "size": 40130,
    "weights": [
        1.0342,
        2.6641,
        11.0152,
        11.0152,
        5.8329,
        1.5744,
        2.9299,
        0.0038,
        1.6,
        0.1111,
        1.0836,
        2.19,
        0.1342,
        0.6278,
        1.76,
        0.0,
        4.0
    ]
}