{
    "metrics": {
        "RMSE": 0.37314651348530015,
        "LogLoss": 0.44957797267673705,
        "RMSE(bins)": 0.05010257315913115,
        "ICI": 0.014569779590897605
    },
    "user": 13459,
    "size": 669340,
    "weights": [
        0.1734,
        0.49,
        2.3277,
        10.1572,
        4.5097,
        1.5401,
        0.372,
        0.0,
        1.0617,
        0.1,
        0.6363,
        2.0423,
        0.0112,
        0.3678,
        0.1363,
        0.649,
        1.9475
    ]
}