{
    "FSRSv4": {
        "RMSE": 0.20854522308177814,
        "LogLoss": 0.17195260682117977,
        "RMSE(bins)": 0.041506738484768525,
        "RMSE(bins)Ratings": {
            "1": 0.11751442894353643,
            "2": 0.08114962551665059,
            "3": 0.05575148595086556,
            "4": 0.04268620093657871
        }
    },
    "user": 13501,
    "size": 10830,
    "weights": [
        0.3416,
        0.6355,
        1.613,
        38.8288,
        4.797,
        1.6724,
        1.2944,
        0.0,
        1.7404,
        0.1234,
        1.1938,
        2.4964,
        0.0145,
        0.4525,
        1.519,
        0.0575,
        2.9955
    ]
}