{
    "metrics": {
        "RMSE": 0.35273445491983,
        "LogLoss": 0.4006115079813873,
        "RMSE(bins)": 0.048569360617778494,
        "ICI": 0.02119228440202096
    },
    "user": 13615,
    "size": 9110
}