{
    "FSRSv4": {
        "RMSE": 0.23377114183250866,
        "LogLoss": 0.20811000531160365,
        "RMSE(bins)": 0.01639134674210812,
        "ICI": 0.008866073022228381
    },
    "user": 13636,
    "size": 59900
}