{
    "FSRSv4": {
        "RMSE": 0.17576289061639927,
        "LogLoss": 0.1461995821772722,
        "RMSE(bins)": 0.09990597813278002,
        "RMSE(bins)Ratings": {
            "1": 0.3828837006357799,
            "3": 0.003939955084511948,
            "4": 0.10186665537885076
        }
    },
    "user": 13669,
    "size": 465,
    "weights": [
        0.1551,
        0.4505,
        2.2303,
        28.2736,
        4.81,
        1.06,
        0.86,
        0.0,
        1.6101,
        0.1,
        1.0599,
        2.2938,
        0.01,
        0.4552,
        1.1398,
        0.29,
        2.73
    ]
}