{
    "metrics": {
        "RMSE": 0.3592749147237522,
        "LogLoss": 0.41452440613982844,
        "RMSE(bins)": 0.16947937032117483,
        "ICI": 0.08846606602696903
    },
    "user": 13677,
    "size": 1960,
    "weights": [
        0.5107,
        3.2804,
        4.8346,
        4.8346,
        4.736,
        0.7438,
        0.7159,
        0.1609,
        1.677,
        0.3426,
        1.126,
        2.1828,
        0.0486,
        0.3363,
        1.2758,
        0.4819,
        2.5817
    ]
}