{
    "metrics": {
        "RMSE": 0.3230452373725631,
        "LogLoss": 0.35619365880921416,
        "RMSE(bins)": 0.06040325342306648,
        "ICI": 0.028868026657893897
    },
    "user": 13683,
    "size": 4755,
    "weights": [
        0.7298,
        2.2873,
        8.3628,
        10.9,
        4.9676,
        1.0444,
        1.0188,
        0.0,
        1.5125,
        0.1,
        0.9565,
        2.174,
        0.0718,
        0.343,
        1.1984,
        0.1182,
        2.5331
    ]
}