{
    "FSRSv4": {
        "RMSE": 0.20491097737714456,
        "LogLoss": 0.17031070731842105,
        "RMSE(bins)": 0.050962279923410514,
        "RMSE(bins)Ratings": {
            "1": 0.10108510942119989,
            "2": 0.06579868530632703,
            "3": 0.12588503363701084,
            "4": 0.030946174517473994
        }
    },
    "user": 13697,
    "size": 3500,
    "weights": [
        2.7009,
        6.9682,
        39.7907,
        55.5872,
        4.6388,
        0.6519,
        0.6516,
        0.2212,
        1.7779,
        0.1,
        1.22,
        2.4006,
        0.01,
        0.5722,
        1.1314,
        0.3038,
        2.9283
    ]
}