{
    "FSRSv4": {
        "RMSE": 0.3043887509917509,
        "LogLoss": 0.32474363268200845,
        "RMSE(bins)": 0.0664941322145299,
        "RMSE(bins)Ratings": {
            "1": 0.0874349425733072,
            "2": 0.17851082238427338,
            "3": 0.02853345338398228,
            "4": 0.03714357125879845
        }
    },
    "user": 13723,
    "size": 18410,
    "weights": [
        0.6678,
        3.1498,
        26.4167,
        109.047,
        4.93,
        0.94,
        0.86,
        0.01,
        1.49,
        0.14,
        0.94,
        2.18,
        0.05,
        0.34,
        1.26,
        0.29,
        2.61
    ]
}