{
    "FSRSv4": {
        "RMSE": 0.4136144731803171,
        "LogLoss": 0.5181185208323783,
        "RMSE(bins)": 0.0631869386264526,
        "ICI": 0.04993863024448873
    },
    "user": 13831,
    "size": 14630
}