{
    "metrics": {
        "RMSE": 0.3625308740235184,
        "LogLoss": 0.43107327422585934,
        "RMSE(bins)": 0.05968340841938719,
        "ICI": 0.027796129922263393
    },
    "user": 13853,
    "size": 90185
}