{
    "metrics": {
        "RMSE": 0.3652429421101663,
        "LogLoss": 0.44243178931197513,
        "RMSE(bins)": 0.11188002233422481,
        "ICI": 0.08437324083894637
    },
    "user": 13936,
    "size": 1155,
    "weights": [
        4.8956,
        9.3169,
        13.698,
        26.9775,
        5.0489,
        0.8203,
        0.9794,
        0.0,
        1.3711,
        0.2588,
        0.8207,
        2.2722,
        0.01,
        0.3175,
        1.3799,
        0.4098,
        2.4909
    ]
}