{
    "FSRSv4": {
        "RMSE": 0.35443431180734947,
        "LogLoss": 0.4127258590462744,
        "RMSE(bins)": 0.04581148075255429,
        "RMSE(bins)Ratings": {
            "1": 0.10567347577058532,
            "2": 0.08204125393098918,
            "3": 0.028097021872474648,
            "4": 0.07861585085426719
        }
    },
    "user": 13944,
    "size": 35075,
    "weights": [
        0.4349,
        1.0425,
        3.8686,
        10.9,
        4.8271,
        1.3466,
        1.0488,
        0.0,
        1.6516,
        0.167,
        1.003,
        2.247,
        0.0243,
        0.1713,
        1.8851,
        0.1186,
        3.6765
    ]
}