{
    "FSRSv4": {
        "RMSE": 0.23407901151453356,
        "LogLoss": 0.19573186099550946,
        "RMSE(bins)": 0.06812254261362988,
        "RMSE(bins)Ratings": {
            "1": 0.16465447278897127,
            "2": 0.16717626163507257,
            "3": 0.0745720698272955,
            "4": 0.041436662153754744
        }
    },
    "user": 13970,
    "size": 2365,
    "weights": [
        2.3483,
        2.3483,
        4.9422,
        12.4828,
        4.7147,
        0.7303,
        0.7101,
        0.1647,
        1.7077,
        0.1,
        1.1563,
        2.2242,
        0.0218,
        0.3898,
        1.2312,
        0.505,
        2.8039
    ]
}