{
    "metrics": {
        "RMSE": 0.20536862355245467,
        "LogLoss": 0.18419783451988353,
        "RMSE(bins)": 0.055672726342583405,
        "ICI": 0.028620535409560798
    },
    "user": 14123,
    "size": 1610
}