{
    "metrics": {
        "RMSE": 0.3518941304502468,
        "LogLoss": 0.4075009687903642,
        "RMSE(bins)": 0.06668036452938193,
        "ICI": 0.0215102854242429
    },
    "user": 14153,
    "size": 4830,
    "weights": [
        0.3904,
        0.6046,
        2.6712,
        7.1922,
        5.3629,
        1.3613,
        1.0375,
        0.1322,
        1.3898,
        0.3372,
        0.8577,
        2.1471,
        0.0692,
        0.3694,
        0.9902,
        0.2322,
        3.0526
    ]
}