{
    "FSRSv4": {
        "RMSE": 0.4415134541591292,
        "LogLoss": 0.576991814329887,
        "RMSE(bins)": 0.06155553266606499,
        "RMSE(bins)Ratings": {
            "1": 0.09131095070885437,
            "2": 0.1022252254562595,
            "3": 0.05799747377148461,
            "4": 0.06391547506062098
        }
    },
    "user": 1421,
    "size": 18385,
    "weights": [
        0.1528,
        0.271,
        0.6402,
        1.2021,
        5.3385,
        1.2972,
        0.8543,
        0.0869,
        1.1873,
        0.5413,
        0.6303,
        2.1349,
        0.0895,
        0.3737,
        0.3773,
        0.1475,
        1.924
    ]
}