{
    "FSRSv4": {
        "RMSE": 0.4002551030980406,
        "LogLoss": 0.500796927163064,
        "RMSE(bins)": 0.1238890764592311,
        "ICI": 0.06978341194265214
    },
    "user": 14224,
    "size": 18245
}