{
    "metrics": {
        "RMSE": 0.3284924344751015,
        "LogLoss": 0.3669909703085093,
        "RMSE(bins)": 0.024782621547011736,
        "ICI": 0.02183335057525266
    },
    "user": 14239,
    "size": 413380,
    "weights": [
        0.3033,
        0.5904,
        1.604,
        7.114,
        5.1173,
        1.9061,
        1.9412,
        0.0015,
        1.8228,
        0.181,
        0.9044,
        1.3792,
        0.0219,
        0.4341,
        1.6787,
        0.2745,
        1.3854
    ]
}