{
    "metrics": {
        "RMSE": 0.38137142037752664,
        "LogLoss": 0.4629447830736058,
        "RMSE(bins)": 0.10757366946009062,
        "ICI": 0.06665418375627953
    },
    "user": 14326,
    "size": 8835
}