{
    "FSRSv4": {
        "RMSE": 0.1511866217047883,
        "LogLoss": 0.10457863858331434,
        "RMSE(bins)": 0.027532843425976696,
        "RMSE(bins)Ratings": {
            "1": 0.1463964843387401,
            "3": 0.01784593747941582
        }
    },
    "user": 14392,
    "size": 20660,
    "weights": [
        0.5365,
        1.6567,
        8.9901,
        10.9,
        4.0879,
        2.0262,
        1.8937,
        0.0,
        2.6553,
        0.1,
        1.9359,
        2.0989,
        0.0115,
        0.2206,
        2.0,
        0.29,
        3.0087
    ]
}