{
    "metrics": {
        "RMSE": 0.41648059183415137,
        "LogLoss": 0.5294440520922293,
        "RMSE(bins)": 0.05536122177180187,
        "ICI": 0.04987085990560182
    },
    "user": 14429,
    "size": 70535,
    "weights": [
        0.1149,
        1.4,
        1.4,
        10.9,
        4.5144,
        0.1451,
        0.55,
        0.0351,
        0.9831,
        0.2465,
        0.5526,
        2.2308,
        0.0101,
        0.2173,
        1.0943,
        0.3298,
        1.0418
    ]
}