{
    "FSRSv4": {
        "RMSE": 0.307224948967678,
        "LogLoss": 0.32599469831960637,
        "RMSE(bins)": 0.0274540405558186,
        "ICI": 0.011199963337387969
    },
    "user": 14442,
    "size": 69080
}