{
    "FSRSv4": {
        "RMSE": 0.4357425215176553,
        "LogLoss": 0.5620784922749007,
        "RMSE(bins)": 0.10241320077665196,
        "RMSE(bins)Ratings": {
            "1": 0.11287310232729017,
            "2": 0.17341178687739747,
            "3": 0.21882091133388745,
            "4": 0.09967917487898716
        }
    },
    "user": 14452,
    "size": 2220,
    "weights": [
        0.1763,
        0.4675,
        1.5695,
        18.5395,
        5.2122,
        1.2267,
        0.9909,
        0.0,
        1.1837,
        0.1038,
        0.6361,
        2.0266,
        0.1792,
        0.2036,
        1.1171,
        0.0928,
        2.2932
    ]
}