{
    "FSRSv4": {
        "RMSE": 0.3413762956920999,
        "LogLoss": 0.38157508775901655,
        "RMSE(bins)": 0.04619978865108149,
        "RMSE(bins)Ratings": {
            "1": 0.08845472909461002,
            "2": 0.049109257691999156,
            "3": 0.039542531546392465,
            "4": 0.23453669644088387
        }
    },
    "user": 14463,
    "size": 23265,
    "weights": [
        0.2351,
        0.6743,
        3.2758,
        3.4366,
        5.1686,
        1.419,
        0.7659,
        0.0009,
        1.4922,
        0.3995,
        0.8976,
        2.2275,
        0.0249,
        0.236,
        0.7329,
        0.5307,
        2.7895
    ]
}