{
    "metrics": {
        "RMSE": 0.3272228458291316,
        "LogLoss": 0.3648205044763086,
        "RMSE(bins)": 0.03949187481442049,
        "ICI": 0.023746467556956294
    },
    "user": 14551,
    "size": 130815,
    "weights": [
        0.4115,
        1.2099,
        1.2099,
        2.0047,
        5.7994,
        0.8715,
        0.8202,
        0.019,
        1.5092,
        0.1,
        1.1281,
        1.2619,
        0.1679,
        0.5878,
        1.1963,
        0.183,
        1.1651
    ]
}