{
    "metrics": {
        "RMSE": 0.28087836821056344,
        "LogLoss": 0.28117545885004047,
        "RMSE(bins)": 0.1261557281386582,
        "ICI": 0.05397401186829231
    },
    "user": 14573,
    "size": 18830,
    "weights": [
        0.6558,
        1.7576,
        7.7121,
        49.6598,
        4.5723,
        0.918,
        0.6367,
        0.2347,
        1.844,
        0.1086,
        1.3087,
        2.2204,
        0.1552,
        0.4538,
        1.4734,
        0.9867,
        3.6994
    ]
}