{
    "FSRSv4": {
        "RMSE": 0.42699900199144203,
        "LogLoss": 0.5584668571685181,
        "RMSE(bins)": 0.1222480085516062,
        "RMSE(bins)Ratings": {
            "1": 0.14443610405670163,
            "2": 0.12085241089485703,
            "3": 0.12777005495310728,
            "4": 0.2420866318202843
        }
    },
    "user": 14630,
    "size": 44435,
    "weights": [
        0.4228,
        1.0443,
        2.6953,
        7.2516,
        4.8155,
        2.0091,
        1.7466,
        0.0115,
        2.0395,
        0.1001,
        1.2909,
        2.4758,
        0.01,
        0.2616,
        0.7021,
        0.009,
        3.8721
    ]
}