{
    "metrics": {
        "RMSE": 0.26777681742334875,
        "LogLoss": 0.2624907317154113,
        "RMSE(bins)": 0.03506153210112471,
        "ICI": 0.021780648427382032
    },
    "user": 14671,
    "size": 9055,
    "weights": [
        0.535,
        1.6631,
        5.0104,
        16.468,
        4.8225,
        0.951,
        0.7872,
        0.2229,
        1.666,
        0.1,
        1.1073,
        2.2085,
        0.0164,
        0.3232,
        1.6433,
        0.1451,
        3.5737
    ]
}