{
    "metrics": {
        "RMSE": 0.37413407815721506,
        "LogLoss": 0.44888425706454016,
        "RMSE(bins)": 0.04644019700458223,
        "ICI": 0.01708144794647872
    },
    "user": 14831,
    "size": 69995,
    "weights": [
        0.1145,
        0.1145,
        0.6919,
        7.6425,
        5.6482,
        1.0238,
        0.6899,
        0.0,
        1.4235,
        0.216,
        0.8164,
        1.9034,
        0.017,
        0.296,
        0.8878,
        0.2903,
        2.6456
    ]
}