{
    "FSRSv4": {
        "RMSE": 0.2968449234224471,
        "LogLoss": 0.31150764323516966,
        "RMSE(bins)": 0.03621750971033296,
        "RMSE(bins)Ratings": {
            "1": 0.06459432970202637,
            "2": 0.03212226422085698,
            "3": 0.0278069136563096,
            "4": 0.015652452715875027
        }
    },
    "user": 14840,
    "size": 147235,
    "weights": [
        0.907,
        1.6789,
        3.1071,
        20.0475,
        6.7627,
        0.6428,
        0.7315,
        0.0057,
        1.4904,
        0.1036,
        1.1316,
        2.1007,
        0.019,
        0.3141,
        1.9859,
        0.3599,
        2.6505
    ]
}