{
    "FSRSv4": {
        "RMSE": 0.5217496512579913,
        "LogLoss": 0.7815659517711623,
        "RMSE(bins)": 0.26134864553933934,
        "ICI": 0.19501558049457604
    },
    "user": 1487,
    "size": 15155
}