{
    "metrics": {
        "RMSE": 0.33504783419788103,
        "LogLoss": 0.36993599177034925,
        "RMSE(bins)": 0.07900088640568677,
        "ICI": 0.0219009663935792
    },
    "user": 14968,
    "size": 3660,
    "weights": [
        0.3252,
        2.4447,
        5.8736,
        10.5365,
        4.8306,
        1.0543,
        0.9735,
        0.0488,
        1.7377,
        0.1,
        1.1495,
        2.1001,
        0.1508,
        0.2943,
        1.0053,
        0.1342,
        2.9594
    ]
}