{
    "FSRSv4": {
        "RMSE": 0.3915667346035894,
        "LogLoss": 0.4830947562895559,
        "RMSE(bins)": 0.07628513784778633,
        "RMSE(bins)Ratings": {
            "1": 0.1264486834095658,
            "2": 0.17507016683134635,
            "3": 0.05346055134322061,
            "4": 0.2121928708619558
        }
    },
    "user": 15022,
    "size": 5300,
    "weights": [
        0.295,
        0.6011,
        1.748,
        9.2048,
        5.2504,
        1.1602,
        0.936,
        0.0806,
        1.0926,
        0.5874,
        0.5567,
        2.2154,
        0.0275,
        0.3144,
        1.2761,
        0.0163,
        2.2967
    ]
}