{
    "metrics": {
        "RMSE": 0.2732149091390211,
        "LogLoss": 0.282859637717633,
        "RMSE(bins)": 0.07348525654507791,
        "ICI": 0.05516032604712265
    },
    "user": 15079,
    "size": 12240,
    "weights": [
        0.4381,
        0.7324,
        1.5834,
        5.1898,
        5.1805,
        1.6779,
        1.0095,
        0.03,
        1.5035,
        0.1818,
        0.9404,
        2.1973,
        0.01,
        0.2441,
        1.4372,
        0.0,
        1.5799
    ]
}