{
    "metrics": {
        "RMSE": 0.3780598758926291,
        "LogLoss": 0.46161423561971,
        "RMSE(bins)": 0.10313686940045752,
        "ICI": 0.054415226950547665
    },
    "user": 15092,
    "size": 4875,
    "weights": [
        0.423,
        3.6426,
        3.6426,
        11.4921,
        5.1641,
        1.0455,
        1.0832,
        0.1519,
        1.4253,
        0.3189,
        0.8794,
        2.2097,
        0.0513,
        0.3428,
        1.2623,
        0.5009,
        2.3403
    ]
}