{
    "metrics": {
        "RMSE": 0.17592344821208922,
        "LogLoss": 0.13763108361202414,
        "RMSE(bins)": 0.044475257498224424,
        "ICI": 0.005684881435681251
    },
    "user": 15127,
    "size": 2470,
    "weights": [
        0.4733,
        1.3874,
        6.9632,
        29.0616,
        4.9146,
        1.1734,
        1.0713,
        0.0,
        1.5248,
        0.1314,
        0.9776,
        2.3759,
        0.0102,
        0.5427,
        1.4888,
        0.1165,
        2.9213
    ]
}