{
    "metrics": {
        "RMSE": 0.05607321183771914,
        "LogLoss": 0.027831077284327797,
        "RMSE(bins)": 0.02501576494903775,
        "ICI": 0.014260818038045029
    },
    "user": 15171,
    "size": 6980,
    "weights": [
        10.0962,
        28.4263,
        100.0,
        100.0,
        4.4401,
        0.5585,
        0.622,
        0.2344,
        2.0502,
        0.1,
        1.464,
        2.4714,
        0.01,
        0.6232,
        1.5671,
        0.7564,
        3.0534
    ]
}