{
    "metrics": {
        "RMSE": 0.32640166791595926,
        "LogLoss": 0.373092041068394,
        "RMSE(bins)": 0.10075472630839832,
        "ICI": 0.049947762994774755
    },
    "user": 15181,
    "size": 6365,
    "weights": [
        0.1485,
        0.5416,
        0.9889,
        40.5658,
        4.987,
        1.4739,
        1.3492,
        0.0398,
        1.6808,
        0.1,
        1.1098,
        2.1291,
        0.0101,
        0.2496,
        1.8173,
        0.3479,
        3.1178
    ]
}