{
    "metrics": {
        "RMSE": 0.4091745385402822,
        "LogLoss": 0.5197097219689791,
        "RMSE(bins)": 0.10781915790480506,
        "ICI": 0.054905880148583046
    },
    "user": 15386,
    "size": 17790,
    "weights": [
        0.2815,
        0.8599,
        2.2841,
        5.7494,
        4.7693,
        1.096,
        0.8734,
        0.0,
        1.563,
        0.1705,
        0.984,
        2.1263,
        0.177,
        0.3073,
        0.9287,
        0.299,
        2.0569
    ]
}