{
    "FSRSv4": {
        "RMSE": 0.2796006582873696,
        "LogLoss": 0.28352863113821175,
        "RMSE(bins)": 0.051081121751449375,
        "RMSE(bins)Ratings": {
            "1": 0.09831220694864357,
            "2": 0.0825466315919138,
            "3": 0.029536800849925167,
            "4": 0.05559999874716245
        }
    },
    "user": 15405,
    "size": 19065,
    "weights": [
        0.5349,
        0.9806,
        6.9541,
        63.8649,
        4.7659,
        1.1019,
        1.1801,
        0.0,
        1.8338,
        0.1,
        1.2543,
        2.3576,
        0.0369,
        0.3268,
        1.9172,
        0.094,
        3.765
    ]
}