{
    "metrics": {
        "RMSE": 0.23409985044337342,
        "LogLoss": 0.21264845156482187,
        "RMSE(bins)": 0.031029693847419847,
        "ICI": 0.008763820097293448
    },
    "user": 1550,
    "size": 19795,
    "weights": [
        0.7074,
        1.3163,
        3.3409,
        13.0916,
        4.6307,
        1.5678,
        1.0457,
        0.0,
        2.1241,
        0.1084,
        1.4614,
        2.2678,
        0.0549,
        0.4416,
        1.1982,
        0.0346,
        2.6962
    ]
}