{
    "FSRSv4": {
        "RMSE": 0.2633177502002523,
        "LogLoss": 0.26550138996029454,
        "RMSE(bins)": 0.05666377394524102,
        "ICI": 0.024353180407132295
    },
    "user": 15536,
    "size": 28220
}