{
    "FSRSv4": {
        "RMSE": 0.48873231821193347,
        "LogLoss": 0.6999004530132,
        "RMSE(bins)": 0.14731264266755545,
        "ICI": 0.11667400807610565
    },
    "user": 1555,
    "size": 7625
}