{
    "metrics": {
        "RMSE": 0.4002463215576155,
        "LogLoss": 0.4968756571665077,
        "RMSE(bins)": 0.0915143671198552,
        "ICI": 0.04370589758179651
    },
    "user": 15602,
    "size": 13415,
    "weights": [
        0.2085,
        0.4622,
        0.6904,
        2.7478,
        5.1462,
        1.0536,
        0.9054,
        0.0746,
        1.3485,
        0.1,
        0.8478,
        2.0674,
        0.127,
        0.3472,
        0.9784,
        0.3491,
        1.9123
    ]
}