{
    "metrics": {
        "RMSE": 0.4330413761655758,
        "LogLoss": 0.5888701473533278,
        "RMSE(bins)": 0.0932023646005042,
        "ICI": 0.07424811439259692
    },
    "user": 15638,
    "size": 108215
}