{
    "FSRSv4": {
        "RMSE": 0.3480056284189331,
        "LogLoss": 0.4016630400850856,
        "RMSE(bins)": 0.07543153582585796,
        "ICI": 0.043858351384686474
    },
    "user": 15672,
    "size": 71325
}