{
    "metrics": {
        "RMSE": 0.28298444581203713,
        "LogLoss": 0.2772996760943078,
        "RMSE(bins)": 0.12278483046571582,
        "ICI": 0.03518886201625748
    },
    "user": 15698,
    "size": 11590,
    "weights": [
        0.4815,
        0.7946,
        1.6846,
        10.9,
        4.6165,
        1.3761,
        0.6818,
        0.3299,
        1.9388,
        0.1,
        1.3589,
        2.269,
        0.1226,
        0.5358,
        1.4989,
        0.2649,
        3.8288
    ]
}