{
    "metrics": {
        "RMSE": 0.4049174876328761,
        "LogLoss": 0.5069840005010634,
        "RMSE(bins)": 0.08447847066982334,
        "ICI": 0.07007967614241944
    },
    "user": 15710,
    "size": 3295,
    "weights": [
        0.2163,
        0.9748,
        4.569,
        12.7965,
        5.2045,
        1.1653,
        0.9176,
        0.0373,
        1.269,
        0.3103,
        0.737,
        2.1251,
        0.1139,
        0.3152,
        1.2154,
        0.1995,
        2.2489
    ]
}