{
    "metrics": {
        "RMSE": 0.38899372132524923,
        "LogLoss": 0.48944127124981457,
        "RMSE(bins)": 0.08751290223218602,
        "ICI": 0.07849965368419774
    },
    "user": 15733,
    "size": 1870,
    "weights": [
        1.042,
        1.0922,
        1.1721,
        10.9,
        5.1306,
        1.1337,
        0.9972,
        0.0595,
        1.2939,
        0.3352,
        0.7419,
        2.1223,
        0.1024,
        0.2795,
        1.2209,
        0.12,
        2.4103
    ]
}