{
    "FSRSv4": {
        "RMSE": 0.21671770352846065,
        "LogLoss": 0.17539852172058498,
        "RMSE(bins)": 0.03238967439261085,
        "ICI": 0.01529528307019972
    },
    "user": 15738,
    "size": 32620
}