{
    "metrics": {
        "RMSE": 0.3464514038461996,
        "LogLoss": 0.40276412074481655,
        "RMSE(bins)": 0.07656352821868134,
        "ICI": 0.0391077256600192
    },
    "user": 15762,
    "size": 31485,
    "weights": [
        0.3416,
        1.1017,
        1.9207,
        32.7004,
        5.0842,
        1.0849,
        0.8793,
        0.19,
        1.4359,
        0.1,
        0.933,
        2.0944,
        0.0172,
        0.2328,
        2.0,
        0.2893,
        2.6285
    ]
}