{
    "FSRSv4": {
        "RMSE": 0.38082723658929873,
        "LogLoss": 0.4650173729855114,
        "RMSE(bins)": 0.06440426903981745,
        "RMSE(bins)Ratings": {
            "1": 0.12343443538863164,
            "2": 0.061065618999386284,
            "3": 0.03286977709554272,
            "4": 0.11105222844288642
        }
    },
    "user": 15834,
    "size": 39625,
    "weights": [
        0.2875,
        0.888,
        5.009,
        5.6905,
        5.2398,
        1.6819,
        0.4568,
        0.0964,
        1.4636,
        0.3306,
        0.9659,
        2.2659,
        0.01,
        0.2007,
        0.8765,
        0.3019,
        1.0
    ]
}