{
    "metrics": {
        "RMSE": 0.17507079515566595,
        "LogLoss": 0.13670516822811912,
        "RMSE(bins)": 0.04472370313326576,
        "ICI": 0.011631291768377194
    },
    "user": 15902,
    "size": 12395,
    "weights": [
        3.0798,
        25.3576,
        67.1765,
        86.3564,
        4.1546,
        0.1611,
        1.4701,
        0.0,
        2.4101,
        0.1028,
        1.8009,
        2.1851,
        0.1753,
        0.34,
        1.6506,
        0.1984,
        3.7363
    ]
}