{
    "metrics": {
        "RMSE": 0.39183385899753675,
        "LogLoss": 0.4811593349141392,
        "RMSE(bins)": 0.0786569774457677,
        "ICI": 0.038299475944033344
    },
    "user": 15984,
    "size": 17765,
    "weights": [
        0.278,
        0.7429,
        3.2453,
        4.9817,
        5.4707,
        1.2201,
        0.9583,
        0.0055,
        1.5563,
        0.1,
        1.0485,
        2.0844,
        0.1737,
        0.4503,
        1.2853,
        0.8695,
        3.188
    ]
}