{
    "metrics": {
        "RMSE": 0.21238018875091366,
        "LogLoss": 0.18761148643424458,
        "RMSE(bins)": 0.03293823226100924,
        "ICI": 0.009099553065028977
    },
    "user": 16014,
    "size": 5275,
    "weights": [
        0.3014,
        1.0654,
        7.0808,
        21.6668,
        4.5393,
        0.8838,
        1.1576,
        0.0,
        1.9523,
        0.1,
        1.387,
        2.3982,
        0.0308,
        0.5655,
        1.5302,
        0.0135,
        2.9936
    ]
}