{
    "FSRSv4": {
        "RMSE": 0.2998349798551653,
        "LogLoss": 0.309828856066463,
        "RMSE(bins)": 0.02642652991290177,
        "RMSE(bins)Ratings": {
            "1": 0.05786878289483409,
            "2": 0.028984865797797438,
            "3": 0.04560132800681431,
            "4": 0.08624799382134106
        }
    },
    "user": 16035,
    "size": 50370,
    "weights": [
        0.1328,
        0.2327,
        0.5397,
        7.3677,
        5.1009,
        1.6653,
        0.6551,
        0.1753,
        1.3432,
        0.1021,
        0.8403,
        2.0692,
        0.0196,
        0.3457,
        0.7796,
        0.4724,
        1.5033
    ]
}