{
    "metrics": {
        "RMSE": 0.4883993276394904,
        "LogLoss": 0.8329914417540261,
        "RMSE(bins)": 0.27879573775929806,
        "ICI": 0.17626846813334907
    },
    "user": 16059,
    "size": 1695,
    "weights": [
        0.3143,
        1.0241,
        6.0242,
        16.0197,
        4.8899,
        1.1186,
        0.7691,
        0.0,
        1.651,
        0.1,
        1.0916,
        2.1496,
        0.0873,
        0.3052,
        1.2277,
        0.4703,
        2.8105
    ]
}