{
    "FSRSv4": {
        "RMSE": 0.28406386939501627,
        "LogLoss": 0.31594934644495576,
        "RMSE(bins)": 0.09817467379704828,
        "RMSE(bins)Ratings": {
            "1": 0.45967440027053497,
            "2": 0.2288837521989533,
            "3": 0.1039302180846509,
            "4": 0.06223979552089587
        }
    },
    "user": 16065,
    "size": 2660,
    "weights": [
        0.1624,
        5.2233,
        12.2683,
        28.6328,
        4.9208,
        1.05,
        0.6709,
        0.2682,
        1.5601,
        0.1,
        0.9948,
        2.0797,
        0.1752,
        0.2382,
        1.1463,
        0.1832,
        2.8498
    ]
}