{
    "metrics": {
        "RMSE": 0.14190999268374127,
        "LogLoss": 0.09783524770066808,
        "RMSE(bins)": 0.03179231098273005,
        "ICI": 0.013531866456762054
    },
    "user": 16066,
    "size": 8460,
    "weights": [
        0.4401,
        2.1249,
        22.5395,
        100.0,
        4.3405,
        1.5362,
        0.939,
        0.0,
        2.2034,
        0.1,
        1.5829,
        2.1862,
        0.1506,
        0.4416,
        1.3751,
        0.29,
        3.4031
    ]
}