{
    "metrics": {
        "RMSE": 0.3029702243348526,
        "LogLoss": 0.2858042801603006,
        "RMSE(bins)": 0.0792742560930985,
        "ICI": 0.028085281324584026
    },
    "user": 1607,
    "size": 3410,
    "weights": [
        0.1745,
        0.4481,
        2.3,
        5.5313,
        5.2031,
        1.1948,
        1.0167,
        0.0195,
        1.1834,
        0.1,
        0.6285,
        1.9832,
        0.1843,
        0.177,
        0.9855,
        0.6365,
        2.2981
    ]
}