{
    "metrics": {
        "RMSE": 0.3802225744119781,
        "LogLoss": 0.46853438187383956,
        "RMSE(bins)": 0.1439830767987027,
        "ICI": 0.0928781218180619
    },
    "user": 16072,
    "size": 8625,
    "weights": [
        0.8017,
        1.487,
        3.7563,
        18.738,
        5.0765,
        1.4423,
        0.76,
        0.2406,
        1.4854,
        0.1,
        0.9746,
        2.1639,
        0.0654,
        0.362,
        1.6893,
        0.274,
        2.4507
    ]
}