{
    "metrics": {
        "RMSE": 0.32274311694356295,
        "LogLoss": 0.35719540872099276,
        "RMSE(bins)": 0.05889676912342362,
        "ICI": 0.026443669770168543
    },
    "user": 16082,
    "size": 2780,
    "weights": [
        0.5451,
        0.7655,
        1.7788,
        24.3349,
        5.1155,
        1.0099,
        1.0575,
        0.0,
        1.3847,
        0.4035,
        0.8526,
        2.0505,
        0.1586,
        0.2205,
        1.2384,
        0.0916,
        2.5516
    ]
}