{
    "metrics": {
        "RMSE": 0.31156371973046976,
        "LogLoss": 0.33543405145604455,
        "RMSE(bins)": 0.03203882848994725,
        "ICI": 0.013421379944459884
    },
    "user": 16111,
    "size": 60565,
    "weights": [
        0.2948,
        0.9474,
        5.4576,
        15.4276,
        4.3231,
        1.4782,
        1.0787,
        0.0,
        1.5148,
        0.1145,
        1.0778,
        2.2609,
        0.0129,
        0.2123,
        1.6617,
        0.3485,
        4.0
    ]
}