{
    "metrics": {
        "RMSE": 0.4208202833571104,
        "LogLoss": 0.5514269746560988,
        "RMSE(bins)": 0.16221437222127663,
        "ICI": 0.10140137403978552
    },
    "user": 1613,
    "size": 910,
    "weights": [
        0.3604,
        0.8092,
        2.7231,
        11.8979,
        5.0048,
        1.0151,
        0.9306,
        0.0,
        1.4151,
        0.1,
        0.8648,
        2.1069,
        0.1234,
        0.2659,
        1.1859,
        0.2138,
        2.6862
    ]
}