{
    "FSRSv4": {
        "RMSE": 0.28585465940801724,
        "LogLoss": 0.3041289406897538,
        "RMSE(bins)": 0.09896844365629127,
        "RMSE(bins)Ratings": {
            "1": 0.03614619137245531,
            "2": 0.13186266206791938,
            "3": 0.10690935701836198,
            "4": 0.10458771524476501
        }
    },
    "user": 16155,
    "size": 47520,
    "weights": [
        1.034,
        1.5463,
        4.3736,
        13.5942,
        4.6404,
        0.8602,
        0.8635,
        0.0519,
        1.7883,
        0.686,
        1.2538,
        2.2832,
        0.0414,
        0.5731,
        1.684,
        0.0003,
        2.3809
    ]
}