{
    "metrics": {
        "RMSE": 0.39323354942719135,
        "LogLoss": 0.4870003145456565,
        "RMSE(bins)": 0.09108218437272309,
        "ICI": 0.05754621921088224
    },
    "user": 16160,
    "size": 20560,
    "weights": [
        0.3314,
        0.9408,
        1.6382,
        4.5125,
        5.0702,
        1.1272,
        0.7082,
        0.0963,
        1.3494,
        0.4282,
        0.7562,
        2.0763,
        0.1141,
        0.249,
        1.4806,
        0.2258,
        2.9243
    ]
}