{
    "FSRSv4": {
        "RMSE": 0.387370892178488,
        "LogLoss": 0.47832175073725364,
        "RMSE(bins)": 0.11669819803101532,
        "ICI": 0.07466482768812852
    },
    "user": 16198,
    "size": 5680
}