{
    "metrics": {
        "RMSE": 0.3865181759350806,
        "LogLoss": 0.4996665906128531,
        "RMSE(bins)": 0.09267357854776982,
        "ICI": 0.07243132134484337
    },
    "user": 16204,
    "size": 60635,
    "weights": [
        1.8799,
        3.0135,
        5.8379,
        6.5856,
        5.4531,
        1.6165,
        1.3846,
        0.2232,
        1.197,
        0.1766,
        0.8039,
        2.0772,
        0.0859,
        0.3587,
        2.0,
        0.8012,
        1.5945
    ]
}