{
    "FSRSv4": {
        "RMSE": 0.30725168641219036,
        "LogLoss": 0.3314232614248986,
        "RMSE(bins)": 0.09387047021135794,
        "RMSE(bins)Ratings": {
            "1": 0.07783023023367504,
            "2": 0.1955841114746957,
            "3": 0.02854603382837868,
            "4": 0.024341832953145005
        }
    },
    "user": 16230,
    "size": 143860,
    "weights": [
        0.4998,
        1.3935,
        1.8134,
        16.9871,
        4.9172,
        2.1916,
        1.8381,
        0.0104,
        2.3602,
        0.1001,
        0.8135,
        2.4322,
        0.015,
        0.2508,
        1.7508,
        0.3047,
        2.6445
    ]
}