{
    "FSRSv4": {
        "RMSE": 0.11126986577512152,
        "LogLoss": 0.07040686094173902,
        "RMSE(bins)": 0.09612789013884107,
        "RMSE(bins)Ratings": {
            "1": 0.38721216340283243,
            "2": 0.09010628248257141,
            "3": 0.0599307763324944,
            "4": 0.09892875954626243
        }
    },
    "user": 1624,
    "size": 5095,
    "weights": [
        3.4205,
        74.7661,
        74.7661,
        191.2732,
        4.6438,
        0.6783,
        0.7498,
        0.1478,
        1.7829,
        0.1,
        1.2312,
        2.3586,
        0.01,
        0.5216,
        1.4346,
        0.5694,
        2.9249
    ]
}