{
    "FSRSv4": {
        "RMSE": 0.24587663395384243,
        "LogLoss": 0.23625917212982642,
        "RMSE(bins)": 0.07375021951477409,
        "RMSE(bins)Ratings": {
            "1": 0.09825218080351994,
            "2": 0.08622928136379586,
            "3": 0.04777462381572553,
            "4": 0.04480605815620287
        }
    },
    "user": 16266,
    "size": 2060,
    "weights": [
        2.0663,
        2.3694,
        5.2093,
        18.8429,
        4.7333,
        0.9831,
        1.0266,
        0.0,
        1.6879,
        0.1,
        1.1353,
        2.3552,
        0.01,
        0.5112,
        1.402,
        0.3372,
        2.821
    ]
}