{
    "FSRSv4": {
        "RMSE": 0.3110632199125476,
        "LogLoss": 0.3342578596247713,
        "RMSE(bins)": 0.11667729368971036,
        "ICI": 0.042743958116540026
    },
    "user": 1627,
    "size": 2890
}