{
    "FSRSv4": {
        "RMSE": 0.3319753039411099,
        "LogLoss": 0.3933144671704154,
        "RMSE(bins)": 0.10629619482484653,
        "RMSE(bins)Ratings": {
            "1": 0.18365531606377122,
            "2": 0.168294878086116,
            "3": 0.12774825935321615,
            "4": 0.0570775647673649
        }
    },
    "user": 16328,
    "size": 2475,
    "weights": [
        1.6476,
        3.7937,
        6.9644,
        6.9644,
        4.8617,
        1.166,
        0.6675,
        0.1385,
        1.5911,
        0.1433,
        1.0596,
        2.1672,
        0.0644,
        0.2608,
        1.4231,
        0.3624,
        2.5936
    ]
}