{
    "FSRSv4": {
        "RMSE": 0.3530708401627524,
        "LogLoss": 0.440325407717692,
        "RMSE(bins)": 0.0890616435053417,
        "RMSE(bins)Ratings": {
            "1": 0.15068840319274418,
            "2": 0.12456782766440995,
            "3": 0.07381443841589808,
            "4": 0.057446820320641245
        }
    },
    "user": 16337,
    "size": 12645,
    "weights": [
        0.9612,
        2.9337,
        14.3611,
        186.7314,
        4.9636,
        0.8729,
        0.6088,
        0.0235,
        1.4411,
        0.1035,
        0.9611,
        2.1438,
        0.1101,
        0.3814,
        1.0228,
        0.3713,
        2.948
    ]
}