{
    "FSRSv4": {
        "RMSE": 0.4622867199926527,
        "LogLoss": 0.6906370694751591,
        "RMSE(bins)": 0.13998776521450704,
        "RMSE(bins)Ratings": {
            "1": 0.15980352494195507,
            "2": 0.12266445465942989,
            "3": 0.3019190303980404,
            "4": 0.10219947128194483
        }
    },
    "user": 16383,
    "size": 6440,
    "weights": [
        0.2969,
        2.7121,
        5.4007,
        18.0784,
        5.5229,
        1.332,
        1.3629,
        0.0,
        1.1615,
        0.8,
        0.644,
        1.9772,
        0.1657,
        0.2212,
        1.3614,
        0.2926,
        2.5775
    ]
}