{
    "FSRSv4": {
        "RMSE": 0.20847906319800438,
        "LogLoss": 0.1704065758951525,
        "RMSE(bins)": 0.02178044728348089,
        "ICI": 0.006830755801311327
    },
    "user": 16474,
    "size": 48525
}