{
    "FSRSv4": {
        "RMSE": 0.3646319641964421,
        "LogLoss": 0.43694390457260973,
        "RMSE(bins)": 0.061690492824828906,
        "RMSE(bins)Ratings": {
            "1": 0.09373640162623245,
            "2": 0.0605480834061944,
            "3": 0.041149695131335075,
            "4": 0.13622968755481965
        }
    },
    "user": 16522,
    "size": 43820,
    "weights": [
        1.3338,
        1.3338,
        1.3338,
        10.7895,
        5.7029,
        1.6385,
        1.3852,
        0.004,
        1.7224,
        0.4254,
        1.1594,
        1.67,
        0.1788,
        0.6368,
        0.693,
        0.0899,
        3.8549
    ]
}