{
    "FSRSv4": {
        "RMSE": 0.30984940976724334,
        "LogLoss": 0.32605497733392924,
        "RMSE(bins)": 0.08036937476691544,
        "ICI": 0.033751308508270426
    },
    "user": 16582,
    "size": 14295
}