{
    "FSRSv4": {
        "RMSE": 0.2747930035221937,
        "LogLoss": 0.268695237369946,
        "RMSE(bins)": 0.055701128128819256,
        "RMSE(bins)Ratings": {
            "1": 0.014421840487757256,
            "2": 0.04375595824828399,
            "3": 0.06437395180926725,
            "4": 0.08616130375087444
        }
    },
    "user": 1658,
    "size": 84730,
    "weights": [
        1.6887,
        5.1732,
        5.1732,
        12.7991,
        5.5076,
        0.7338,
        1.5285,
        0.0,
        1.3483,
        0.3974,
        0.8864,
        2.1712,
        0.1358,
        0.7516,
        2.0,
        0.014,
        4.0
    ]
}