{
    "metrics": {
        "RMSE": 0.06163832758246121,
        "LogLoss": 0.038552059112300155,
        "RMSE(bins)": 0.03004235296621715,
        "ICI": 0.02358759502575747
    },
    "user": 16614,
    "size": 6365,
    "weights": [
        1.0562,
        100.0,
        100.0,
        100.0,
        4.1187,
        0.1684,
        0.5736,
        0.4619,
        2.3283,
        0.1,
        1.7337,
        2.6429,
        0.01,
        0.8042,
        1.648,
        1.0,
        3.2903
    ]
}