{
    "metrics": {
        "RMSE": 0.4406030494840694,
        "LogLoss": 0.5868950966648769,
        "RMSE(bins)": 0.1004650695491283,
        "ICI": 0.07938706206704098
    },
    "user": 16639,
    "size": 20150,
    "weights": [
        0.7556,
        1.6083,
        4.9947,
        7.4643,
        5.2452,
        1.3781,
        0.7864,
        0.1643,
        1.2012,
        0.3349,
        0.7357,
        2.0543,
        0.1486,
        0.4092,
        0.9248,
        0.6285,
        2.1992
    ]
}