{
    "metrics": {
        "RMSE": 0.30990149962125874,
        "LogLoss": 0.3263761311363369,
        "RMSE(bins)": 0.022489224162564957,
        "ICI": 0.01242401657447626
    },
    "user": 1664,
    "size": 63895
}