{
    "metrics": {
        "RMSE": 0.22436600271738688,
        "LogLoss": 0.19915338714228772,
        "RMSE(bins)": 0.0315777445650642,
        "ICI": 0.006197686979609008
    },
    "user": 16667,
    "size": 44840
}