{
    "metrics": {
        "RMSE": 0.13129041354429727,
        "LogLoss": 0.0775610842860331,
        "RMSE(bins)": 0.07574575303992678,
        "ICI": 0.02669281121054159
    },
    "user": 1668,
    "size": 1675
}