{
    "FSRSv4": {
        "RMSE": 0.11383262701180288,
        "LogLoss": 0.07075512455734913,
        "RMSE(bins)": 0.05806348142613897,
        "RMSE(bins)Ratings": {
            "1": 0.18389653012655832,
            "2": 0.1043206250431562,
            "3": 0.04555159013861982,
            "4": 0.06273300372796584
        }
    },
    "user": 16757,
    "size": 3740,
    "weights": [
        5.4302,
        14.0013,
        24.3355,
        80.0684,
        4.6528,
        0.685,
        0.6856,
        0.1818,
        1.7726,
        0.1,
        1.22,
        2.4629,
        0.01,
        0.6204,
        1.5099,
        0.57,
        2.9095
    ]
}