{
    "FSRSv4": {
        "RMSE": 0.43375519367863985,
        "LogLoss": 0.5570205578027022,
        "RMSE(bins)": 0.07727888813018731,
        "RMSE(bins)Ratings": {
            "1": 0.12245028033506314,
            "2": 0.17127719878743472,
            "3": 0.05761133142980615,
            "4": 0.18372394112661036
        }
    },
    "user": 16870,
    "size": 2200,
    "weights": [
        0.1482,
        1.1467,
        1.2523,
        1.7237,
        5.0724,
        1.0837,
        0.9689,
        0.0,
        1.2459,
        0.1,
        0.6949,
        2.1914,
        0.0473,
        0.3508,
        1.2767,
        0.0755,
        2.5725
    ]
}