{
    "metrics": {
        "RMSE": 0.26651940695863924,
        "LogLoss": 0.2616874710548841,
        "RMSE(bins)": 0.08574475318415974,
        "ICI": 0.029541367779149473
    },
    "user": 170,
    "size": 2895,
    "weights": [
        1.2168,
        1.2168,
        7.5485,
        25.4855,
        4.7548,
        0.6226,
        0.9665,
        0.0,
        1.6443,
        0.1086,
        1.0938,
        2.2453,
        0.0491,
        0.4122,
        1.0273,
        0.1433,
        2.8931
    ]
}