{
    "FSRSv4": {
        "RMSE": 0.40925698053416787,
        "LogLoss": 0.5179116866015299,
        "RMSE(bins)": 0.03497164500019217,
        "RMSE(bins)Ratings": {
            "1": 0.08044940517135117,
            "2": 0.08414310776026557,
            "3": 0.025135456557417713,
            "4": 0.07597658723501438
        }
    },
    "user": 17031,
    "size": 327915,
    "weights": [
        0.2884,
        0.2884,
        0.7944,
        2.7307,
        5.2474,
        0.838,
        0.4273,
        0.0256,
        1.0223,
        0.3596,
        0.6954,
        2.7833,
        0.0145,
        0.1835,
        0.3897,
        0.1652,
        3.844
    ]
}