{
    "metrics": {
        "RMSE": 0.3247971456224362,
        "LogLoss": 0.36121438637475717,
        "RMSE(bins)": 0.04472992048469024,
        "ICI": 0.025977098876220697
    },
    "user": 17066,
    "size": 19840,
    "weights": [
        0.334,
        2.3446,
        8.2427,
        19.0575,
        4.8496,
        0.9789,
        1.1421,
        0.0,
        1.552,
        0.2232,
        1.0443,
        2.3158,
        0.0102,
        0.3311,
        2.0,
        0.303,
        4.0
    ]
}