{
    "FSRSv4": {
        "RMSE": 0.3216332176166667,
        "LogLoss": 0.34533583981913585,
        "RMSE(bins)": 0.06587574603880834,
        "ICI": 0.0282725344591943
    },
    "user": 17198,
    "size": 415105
}