{
    "metrics": {
        "RMSE": 0.3430666940421007,
        "LogLoss": 0.39936327523628884,
        "RMSE(bins)": 0.10993963916852885,
        "ICI": 0.08181434548322358
    },
    "user": 1724,
    "size": 21115,
    "weights": [
        0.4585,
        1.168,
        2.1205,
        5.0703,
        4.962,
        0.585,
        0.5781,
        0.3758,
        1.3852,
        0.7754,
        0.836,
        2.2268,
        0.0777,
        0.3113,
        1.8945,
        0.1509,
        1.1881
    ]
}