{
    "metrics": {
        "RMSE": 0.10630799241614396,
        "LogLoss": 0.06059020695518775,
        "RMSE(bins)": 0.02349618392090732,
        "ICI": 0.004737562554641739
    },
    "user": 17266,
    "size": 27365,
    "weights": [
        0.2132,
        0.2132,
        40.045,
        40.045,
        3.9322,
        0.9982,
        0.551,
        0.3672,
        2.6124,
        0.1,
        1.914,
        1.9259,
        0.1798,
        0.1919,
        1.4952,
        0.7533,
        3.6348
    ]
}