{
    "FSRSv4": {
        "RMSE": 0.16633374031025253,
        "LogLoss": 0.12626631922533604,
        "RMSE(bins)": 0.03101139441223146,
        "RMSE(bins)Ratings": {
            "1": 0.16665271015184865,
            "2": 0.08289068574581081,
            "3": 0.02394015607811189,
            "4": 0.9240279953475552
        }
    },
    "user": 17280,
    "size": 6755,
    "weights": [
        1.8885,
        2.74,
        4.7885,
        10.9,
        4.5474,
        0.9895,
        0.8584,
        0.0939,
        1.9874,
        0.1041,
        1.4216,
        2.1459,
        0.1597,
        0.372,
        1.379,
        0.0,
        2.309
    ]
}