{
    "metrics": {
        "RMSE": 0.11189711456523524,
        "LogLoss": 0.0752074582955757,
        "RMSE(bins)": 0.04964486981996043,
        "ICI": 0.030551894104373124
    },
    "user": 17322,
    "size": 8640,
    "weights": [
        8.9758,
        10.7297,
        14.0235,
        100.0,
        4.4334,
        1.4952,
        0.5736,
        0.269,
        2.0808,
        0.1199,
        1.4976,
        2.4208,
        0.0763,
        0.5821,
        1.442,
        0.7649,
        3.5047
    ]
}