{
    "FSRSv4": {
        "RMSE": 0.4318105875563398,
        "LogLoss": 0.5633209086250209,
        "RMSE(bins)": 0.05628724127605139,
        "RMSE(bins)Ratings": {
            "1": 0.09703611126271938,
            "2": 0.06343080015490336,
            "3": 0.09241081240712368,
            "4": 0.24323039206695235
        }
    },
    "user": 17359,
    "size": 3270,
    "weights": [
        0.3013,
        0.4354,
        0.618,
        0.8369,
        5.2323,
        1.2151,
        1.0571,
        0.0,
        1.2113,
        0.1304,
        0.655,
        2.2145,
        0.022,
        0.3765,
        1.35,
        0.2717,
        2.6617
    ]
}