{
    "metrics": {
        "RMSE": 0.40706800843540053,
        "LogLoss": 0.5126412104375478,
        "RMSE(bins)": 0.13747567587716059,
        "ICI": 0.061122618731318974
    },
    "user": 17354,
    "size": 7175,
    "weights": [
        0.1941,
        0.8728,
        9.0671,
        43.168,
        4.7223,
        0.6726,
        0.6744,
        0.2632,
        1.6592,
        0.208,
        1.092,
        2.0758,
        0.1355,
        0.2807,
        1.1601,
        0.0497,
        3.1228
    ]
}