{
    "FSRSv4": {
        "RMSE": 0.2861463589883563,
        "LogLoss": 0.29776153514346526,
        "RMSE(bins)": 0.08009769535041526,
        "RMSE(bins)Ratings": {
            "1": 0.11414656637782276,
            "2": 0.06656649248538174,
            "3": 0.18696478758366164,
            "4": 0.12889852111811342
        }
    },
    "user": 17375,
    "size": 243415,
    "weights": [
        0.6664,
        1.0299,
        1.9788,
        9.9776,
        8.0462,
        2.0204,
        1.198,
        0.1078,
        1.5849,
        0.1,
        0.8077,
        0.8371,
        0.1804,
        0.5679,
        1.9952,
        0.9033,
        4.0271
    ]
}