{
    "metrics": {
        "RMSE": 0.41665629093661966,
        "LogLoss": 0.5389851316853949,
        "RMSE(bins)": 0.0982147675537641,
        "ICI": 0.06900553956056349
    },
    "user": 17394,
    "size": 86305,
    "weights": [
        0.4264,
        1.2241,
        5.9553,
        45.9706,
        4.4657,
        1.9813,
        1.0186,
        0.0,
        1.3149,
        0.1,
        1.0342,
        2.0329,
        0.0629,
        0.2783,
        1.3836,
        0.2816,
        2.1666
    ]
}