{
    "metrics": {
        "RMSE": 0.16061106176462986,
        "LogLoss": 0.1184707446168279,
        "RMSE(bins)": 0.030523273033048737,
        "ICI": 0.011416644276172838
    },
    "user": 17477,
    "size": 42605
}