{
    "FSRSv4": {
        "RMSE": 0.22006107873843375,
        "LogLoss": 0.1874472133034339,
        "RMSE(bins)": 0.031885883004138096,
        "RMSE(bins)Ratings": {
            "1": 0.08297819583970774,
            "2": 0.03328738168794627,
            "3": 0.11250784330027253,
            "4": 0.0145130464608913
        }
    },
    "user": 17548,
    "size": 14165,
    "weights": [
        0.468,
        0.6661,
        1.1309,
        10.9,
        4.7331,
        0.8864,
        0.6047,
        0.2916,
        1.6088,
        0.1968,
        1.0214,
        2.1406,
        0.1569,
        0.4216,
        0.8378,
        0.7314,
        2.9348
    ]
}