{
    "metrics": {
        "RMSE": 0.260533757241597,
        "LogLoss": 0.24479792675181597,
        "RMSE(bins)": 0.04056690364242589,
        "ICI": 0.014626375664117447
    },
    "user": 17542,
    "size": 122750,
    "weights": [
        1.0281,
        2.0614,
        5.8529,
        25.1245,
        5.5556,
        1.958,
        1.9965,
        0.0422,
        2.2543,
        0.1004,
        1.6973,
        2.2695,
        0.0292,
        0.4286,
        0.7303,
        0.3413,
        3.9011
    ]
}