{
    "FSRSv4": {
        "RMSE": 0.37339504966965337,
        "LogLoss": 0.4483911185406092,
        "RMSE(bins)": 0.04064021408662011,
        "RMSE(bins)Ratings": {
            "1": 0.07969008145134582,
            "2": 0.07885774822323359,
            "3": 0.09201697131441387,
            "4": 0.054224736563739204
        }
    },
    "user": 17569,
    "size": 14900,
    "weights": [
        0.9659,
        1.11,
        1.3675,
        6.498,
        5.2291,
        1.0376,
        0.8977,
        0.2702,
        1.1974,
        0.2408,
        0.6587,
        2.2307,
        0.01,
        0.3698,
        1.0079,
        0.1148,
        2.2827
    ]
}