{
    "metrics": {
        "RMSE": 0.3577159669733806,
        "LogLoss": 0.46382461495290084,
        "RMSE(bins)": 0.09143449477059465,
        "ICI": 0.0665214933440068
    },
    "user": 17611,
    "size": 30090
}