{
    "FSRSv4": {
        "RMSE": 0.36475386596053766,
        "LogLoss": 0.43164787038492175,
        "RMSE(bins)": 0.0642298430425908,
        "RMSE(bins)Ratings": {
            "1": 0.09721363870306972,
            "2": 0.09412035717065026,
            "3": 0.04869572649860587,
            "4": 0.02795744202394
        }
    },
    "user": 17613,
    "size": 10925,
    "weights": [
        0.4555,
        0.648,
        1.9669,
        11.2002,
        5.1537,
        0.9847,
        0.9608,
        0.1703,
        1.2925,
        0.401,
        0.7779,
        2.1962,
        0.0111,
        0.2972,
        1.2903,
        0.2819,
        2.2898
    ]
}