{
    "metrics": {
        "RMSE": 0.4034831161542478,
        "LogLoss": 0.49087929486811216,
        "RMSE(bins)": 0.05320551396691262,
        "ICI": 0.02458266503197792
    },
    "user": 17653,
    "size": 6855,
    "weights": [
        0.2264,
        0.6637,
        3.3304,
        11.8245,
        5.2357,
        1.2352,
        0.9118,
        0.0009,
        1.3988,
        0.1,
        0.8556,
        2.0898,
        0.1348,
        0.2797,
        1.2418,
        0.0,
        3.1507
    ]
}