{
    "FSRSv4": {
        "RMSE": 0.47472645833507177,
        "LogLoss": 0.679646517228476,
        "RMSE(bins)": 0.197147803331851,
        "RMSE(bins)Ratings": {
            "1": 0.24281793497760895,
            "2": 0.22458508517825282,
            "3": 0.42756629383124817
        }
    },
    "user": 17893,
    "size": 1510,
    "weights": [
        0.3067,
        0.4325,
        0.4325,
        2.3236,
        5.1364,
        1.1541,
        0.9963,
        0.0,
        1.2922,
        0.1,
        0.7421,
        2.1127,
        0.1257,
        0.2759,
        1.1923,
        0.0918,
        2.61
    ]
}