{
    "metrics": {
        "RMSE": 0.4044620036571454,
        "LogLoss": 0.5157572645924142,
        "RMSE(bins)": 0.10714162300111064,
        "ICI": 0.06505859668945627
    },
    "user": 18023,
    "size": 44510
}