{
    "metrics": {
        "RMSE": 0.11087048740682064,
        "LogLoss": 0.08179965458365096,
        "RMSE(bins)": 0.02278771236573749,
        "ICI": 0.005629185808188896
    },
    "user": 1802,
    "size": 11175,
    "weights": [
        2.7005,
        11.0662,
        91.7974,
        100.0,
        4.93,
        0.94,
        0.86,
        0.01,
        1.49,
        0.14,
        0.94,
        2.18,
        0.05,
        0.34,
        1.26,
        0.29,
        2.61
    ]
}