{
    "FSRSv4": {
        "RMSE": 0.2892493012398348,
        "LogLoss": 0.2964450880823941,
        "RMSE(bins)": 0.04150570243888031,
        "RMSE(bins)Ratings": {
            "1": 0.11165884207749979,
            "2": 0.25490158875076063,
            "3": 0.040836626837206576,
            "4": 0.05778263169332075
        }
    },
    "user": 18048,
    "size": 14985,
    "weights": [
        0.8166,
        0.8166,
        5.4462,
        19.2961,
        4.6862,
        1.1154,
        1.3504,
        0.0,
        1.9293,
        0.1417,
        1.3937,
        2.2652,
        0.0464,
        0.3626,
        1.0144,
        0.2493,
        3.3509
    ]
}