{
    "FSRSv4": {
        "RMSE": 0.4101550300483971,
        "LogLoss": 0.519015715706699,
        "RMSE(bins)": 0.12624898722028235,
        "ICI": 0.07601969773452512
    },
    "user": 18184,
    "size": 2970
}