{
    "metrics": {
        "RMSE": 0.23012131713356254,
        "LogLoss": 0.2080435316344989,
        "RMSE(bins)": 0.04999013266089034,
        "ICI": 0.017553134489872838
    },
    "user": 18245,
    "size": 47350
}