{
    "metrics": {
        "RMSE": 0.4186785797962196,
        "LogLoss": 0.5304174958976622,
        "RMSE(bins)": 0.07263081863029405,
        "ICI": 0.06197749798105421
    },
    "user": 18263,
    "size": 20110,
    "weights": [
        0.6242,
        0.8057,
        1.3719,
        9.0268,
        5.089,
        1.0347,
        1.0712,
        0.0244,
        1.3256,
        0.1,
        0.7839,
        2.0546,
        0.1602,
        0.2848,
        0.9029,
        0.497,
        2.3283
    ]
}