{
    "metrics": {
        "RMSE": 0.2591220014051717,
        "LogLoss": 0.2521866969734951,
        "RMSE(bins)": 0.05370401577255948,
        "ICI": 0.026539180194251326
    },
    "user": 18299,
    "size": 26275,
    "weights": [
        4.0153,
        4.4673,
        4.4673,
        14.8646,
        5.058,
        1.6316,
        0.8904,
        0.1148,
        1.4602,
        0.2709,
        0.8631,
        2.1794,
        0.071,
        0.5678,
        1.0008,
        0.18,
        2.7654
    ]
}