{
    "metrics": {
        "RMSE": 0.29044754837099795,
        "LogLoss": 0.2954637893715944,
        "RMSE(bins)": 0.0763781072889412,
        "ICI": 0.02382016778476707
    },
    "user": 18357,
    "size": 1610,
    "weights": [
        0.455,
        1.1788,
        2.3725,
        10.9,
        4.729,
        0.7528,
        0.723,
        0.1578,
        1.6996,
        0.1,
        1.1463,
        2.184,
        0.0449,
        0.3522,
        1.3006,
        0.4426,
        2.8269
    ]
}