{
    "FSRSv4": {
        "RMSE": 0.41045818482672497,
        "LogLoss": 0.5201095037205763,
        "RMSE(bins)": 0.057651872900540496,
        "RMSE(bins)Ratings": {
            "1": 0.1211694102217203,
            "2": 0.0468627348672184,
            "3": 0.049764195562322755,
            "4": 0.18339038202447153
        }
    },
    "user": 18358,
    "size": 29370,
    "weights": [
        0.3833,
        0.3833,
        1.3077,
        16.495,
        5.3602,
        1.7722,
        1.9065,
        0.0,
        1.7569,
        0.347,
        1.198,
        1.9196,
        0.1885,
        0.4865,
        0.7741,
        0.2294,
        4.3599
    ]
}