{
    "metrics": {
        "RMSE": 0.40392310115345464,
        "LogLoss": 0.5197249594924579,
        "RMSE(bins)": 0.10279398426703426,
        "ICI": 0.08158456511071946
    },
    "user": 18432,
    "size": 13635
}