{
    "metrics": {
        "RMSE": 0.017948177726420433,
        "LogLoss": 0.013091020769901908,
        "RMSE(bins)": 0.016491270380502337,
        "ICI": 0.012921029852994233
    },
    "user": 18741,
    "size": 12610,
    "weights": [
        58.9892,
        58.9892,
        58.9892,
        58.9892,
        3.6027,
        2.0997,
        0.1,
        0.0,
        2.8733,
        0.1,
        2.1274,
        2.18,
        0.05,
        0.34,
        1.26,
        1.0,
        2.61
    ]
}