{
    "FSRSv4": {
        "RMSE": 0.31807927430212185,
        "LogLoss": 0.34893654085668363,
        "RMSE(bins)": 0.031151982928147453,
        "RMSE(bins)Ratings": {
            "1": 0.03250743243815474,
            "2": 0.19503400012886057,
            "3": 0.03200928633450542,
            "4": 0.029111213779481362
        }
    },
    "user": 18794,
    "size": 128445,
    "weights": [
        0.8299,
        1.7522,
        4.9543,
        4.9543,
        4.529,
        1.3063,
        0.9741,
        0.0,
        1.3096,
        0.1985,
        0.851,
        2.4003,
        0.0102,
        0.214,
        1.9976,
        0.1682,
        1.4131
    ]
}