{
    "FSRSv4": {
        "RMSE": 0.48034328995539677,
        "LogLoss": 0.65561791561055,
        "RMSE(bins)": 0.09514130553622095,
        "RMSE(bins)Ratings": {
            "1": 0.09301608203451883,
            "2": 0.26732285874713635,
            "3": 0.09455743260711316,
            "4": 0.1868182896374275
        }
    },
    "user": 18810,
    "size": 5070,
    "weights": [
        0.1,
        0.616,
        0.7078,
        10.9,
        5.2135,
        1.2295,
        1.184,
        0.0,
        1.1755,
        0.1,
        0.6265,
        2.1196,
        0.1036,
        0.3239,
        1.199,
        0.2823,
        2.4105
    ]
}