{
    "FSRSv4": {
        "RMSE": 0.31536397646775494,
        "LogLoss": 0.3447088581821083,
        "RMSE(bins)": 0.048903067847511944,
        "RMSE(bins)Ratings": {
            "1": 0.07367633371904658,
            "2": 0.0591133522612795,
            "3": 0.024794793363724903,
            "4": 0.02207827209470167
        }
    },
    "user": 18822,
    "size": 47560,
    "weights": [
        0.5317,
        0.5317,
        0.5317,
        17.2087,
        4.695,
        1.2722,
        0.5383,
        0.0206,
        1.629,
        0.3655,
        1.1609,
        1.8776,
        0.1248,
        0.4217,
        0.8921,
        0.0964,
        3.0793
    ]
}