{
    "FSRSv4": {
        "RMSE": 0.3389441089867161,
        "LogLoss": 0.38617350610034706,
        "RMSE(bins)": 0.03611461607634486,
        "ICI": 0.0187150480040586
    },
    "user": 1883,
    "size": 29440
}