{
    "metrics": {
        "RMSE": 0.043802762976823846,
        "LogLoss": 0.026500597119998994,
        "RMSE(bins)": 0.021573123454894285,
        "ICI": 0.01833831261704739
    },
    "user": 18896,
    "size": 2200,
    "weights": [
        31.3113,
        31.3113,
        31.3113,
        31.3113,
        4.6286,
        0.7641,
        0.686,
        0.1847,
        1.801,
        0.1,
        1.2488,
        2.4712,
        0.01,
        0.6274,
        1.5077,
        0.5609,
        2.8749
    ]
}