{
    "FSRSv4": {
        "RMSE": 0.435173904012045,
        "LogLoss": 0.5930230665307515,
        "RMSE(bins)": 0.1377883955242011,
        "ICI": 0.10343631166409158
    },
    "user": 1889,
    "size": 10540
}