{
    "metrics": {
        "RMSE": 0.40272462458670766,
        "LogLoss": 0.5196628406242533,
        "RMSE(bins)": 0.12851007814359078,
        "ICI": 0.08727709669588049
    },
    "user": 18912,
    "size": 4655,
    "weights": [
        0.5928,
        0.5928,
        8.0009,
        34.7338,
        4.6613,
        0.6783,
        1.0772,
        0.0645,
        1.799,
        0.1,
        1.2445,
        2.0485,
        0.1898,
        0.2291,
        1.0913,
        0.367,
        2.5916
    ]
}