{
    "metrics": {
        "RMSE": 0.4055878597163441,
        "LogLoss": 0.5027709240113991,
        "RMSE(bins)": 0.020871008863698155,
        "ICI": 0.012418717237929219
    },
    "user": 19002,
    "size": 42445
}