{
    "metrics": {
        "RMSE": 0.383889629920839,
        "LogLoss": 0.4687550189638624,
        "RMSE(bins)": 0.2824412269036695,
        "ICI": 0.1202092115563434
    },
    "user": 19045,
    "size": 29725,
    "weights": [
        0.7128,
        57.8909,
        57.8909,
        57.8909,
        5.1712,
        0.6584,
        1.2125,
        0.0305,
        1.2417,
        0.7027,
        0.7771,
        2.5822,
        0.0601,
        0.7102,
        2.0,
        0.1993,
        3.0092
    ]
}