{
    "metrics": {
        "RMSE": 0.1424158585651461,
        "LogLoss": 0.10343570960639581,
        "RMSE(bins)": 0.0327674293451691,
        "ICI": 0.008479141579732364
    },
    "user": 19069,
    "size": 9000,
    "weights": [
        3.1692,
        8.6482,
        9.5998,
        44.0039,
        4.1368,
        1.8055,
        0.7379,
        0.1925,
        2.346,
        0.1,
        1.7498,
        2.1422,
        0.1177,
        0.27,
        1.8069,
        0.183,
        3.5419
    ]
}