{
    "FSRSv4": {
        "RMSE": 0.2331440570466911,
        "LogLoss": 0.2082828893537716,
        "RMSE(bins)": 0.03038900746954892,
        "RMSE(bins)Ratings": {
            "1": 0.11364931319445198,
            "2": 0.047791656396772,
            "3": 0.021013379329445258,
            "4": 0.017623528282538537
        }
    },
    "user": 19153,
    "size": 89250,
    "weights": [
        0.3791,
        0.5921,
        3.4345,
        48.7529,
        4.215,
        2.6383,
        2.7086,
        0.0,
        2.1145,
        0.1034,
        1.4206,
        1.8497,
        0.0442,
        0.2909,
        1.9781,
        0.0787,
        4.7631
    ]
}