{
    "FSRSv4": {
        "RMSE": 0.291861185889989,
        "LogLoss": 0.30591109991115434,
        "RMSE(bins)": 0.0683110926550002,
        "RMSE(bins)Ratings": {
            "1": 0.07276249400533673,
            "2": 0.09704281901825601,
            "3": 0.09384100150820289,
            "4": 0.025296017951069037
        }
    },
    "user": 19183,
    "size": 13810,
    "weights": [
        5.7712,
        21.7145,
        21.7145,
        21.7145,
        4.9185,
        0.1935,
        0.786,
        0.0139,
        1.4127,
        0.3612,
        0.8698,
        2.3695,
        0.01,
        0.5615,
        1.3344,
        0.2298,
        1.7668
    ]
}