{
    "FSRSv4": {
        "RMSE": 0.3238529181534422,
        "LogLoss": 0.3499334196169525,
        "RMSE(bins)": 0.025766689357890324,
        "ICI": 0.00843029627010645
    },
    "user": 19188,
    "size": 10210
}