{
    "metrics": {
        "RMSE": 0.2233430820840022,
        "LogLoss": 0.1755415612781974,
        "RMSE(bins)": 0.036002024740539956,
        "ICI": 0.015347183057698685
    },
    "user": 19208,
    "size": 11740
}