{
    "FSRSv4": {
        "RMSE": 0.484884179262297,
        "LogLoss": 0.6989405529060679,
        "RMSE(bins)": 0.14028315537194344,
        "RMSE(bins)Ratings": {
            "1": 0.19533532117465513,
            "2": 0.1714650090521574,
            "3": 0.2835354561154664,
            "4": 0.1685471400873911
        }
    },
    "user": 1923,
    "size": 2330,
    "weights": [
        0.3761,
        0.855,
        0.855,
        0.855,
        5.0411,
        1.0252,
        0.9223,
        0.0,
        1.3885,
        0.1,
        0.8384,
        2.0996,
        0.1277,
        0.2589,
        1.1832,
        0.389,
        2.5044
    ]
}