{
    "metrics": {
        "RMSE": 0.18156304729412479,
        "LogLoss": 0.13947055856119497,
        "RMSE(bins)": 0.029805869925884635,
        "ICI": 0.01195755521826392
    },
    "user": 1925,
    "size": 29385,
    "weights": [
        0.1938,
        0.7284,
        2.4876,
        65.8006,
        4.7393,
        1.7803,
        0.828,
        0.1422,
        1.9071,
        0.1,
        1.2436,
        1.8907,
        0.1509,
        0.2166,
        1.1545,
        0.7388,
        4.0
    ]
}