{
    "metrics": {
        "RMSE": 0.41780455148303114,
        "LogLoss": 0.5319131303470049,
        "RMSE(bins)": 0.15872427848882284,
        "ICI": 0.07251743037829418
    },
    "user": 19329,
    "size": 1735,
    "weights": [
        0.3393,
        0.7707,
        2.638,
        2.638,
        5.0547,
        1.0,
        0.8711,
        0.1016,
        1.4052,
        0.1513,
        0.8625,
        2.1303,
        0.1031,
        0.309,
        1.1281,
        0.5467,
        2.4047
    ]
}