{
    "metrics": {
        "RMSE": 0.4342700110083991,
        "LogLoss": 0.5633859309452429,
        "RMSE(bins)": 0.12299223360869016,
        "ICI": 0.05727318992671009
    },
    "user": 19323,
    "size": 1310,
    "weights": [
        0.1629,
        0.3747,
        1.3069,
        3.0057,
        5.1271,
        1.1412,
        1.0336,
        0.0048,
        1.3761,
        0.1166,
        0.8337,
        2.1723,
        0.0621,
        0.3426,
        1.2017,
        0.3729,
        2.61
    ]
}