{
    "FSRSv4": {
        "RMSE": 0.25611165367955385,
        "LogLoss": 0.23717170392475376,
        "RMSE(bins)": 0.055495403782630126,
        "ICI": 0.019902915695904917
    },
    "user": 19384,
    "size": 120125
}