{
    "metrics": {
        "RMSE": 0.4263886081308529,
        "LogLoss": 0.5849311812070956,
        "RMSE(bins)": 0.14659757828251327,
        "ICI": 0.11831547590732816
    },
    "user": 19390,
    "size": 27320,
    "weights": [
        0.4353,
        0.8848,
        1.9033,
        6.8967,
        4.6938,
        0.18,
        0.5387,
        0.285,
        1.6716,
        0.6842,
        1.0124,
        2.3419,
        0.0744,
        0.396,
        1.1066,
        0.3312,
        3.805
    ]
}