{
    "metrics": {
        "RMSE": 0.3378016087588945,
        "LogLoss": 0.37989459546758425,
        "RMSE(bins)": 0.02806035936108863,
        "ICI": 0.01147868749185081
    },
    "user": 19442,
    "size": 20125,
    "weights": [
        0.6452,
        1.1375,
        2.6624,
        6.9423,
        5.171,
        1.5803,
        1.2443,
        0.0,
        1.6857,
        0.1,
        1.0959,
        2.1987,
        0.0151,
        0.3443,
        1.2311,
        0.1966,
        2.2362
    ]
}