{
    "metrics": {
        "RMSE": 0.10112943184590134,
        "LogLoss": 0.06380298858223045,
        "RMSE(bins)": 0.025512817350499314,
        "ICI": 0.016217517179348055
    },
    "user": 19615,
    "size": 3755,
    "weights": [
        6.169,
        9.3741,
        17.5593,
        42.6754,
        4.4461,
        0.9148,
        0.8047,
        0.1541,
        1.9993,
        0.1,
        1.4208,
        2.3362,
        0.0826,
        0.4683,
        1.542,
        0.5211,
        3.0951
    ]
}