{
    "FSRSv4": {
        "RMSE": 0.33535580675292653,
        "LogLoss": 0.37909478664237484,
        "RMSE(bins)": 0.0284142669290313,
        "RMSE(bins)Ratings": {
            "1": 0.06579061885252754,
            "2": 0.10289630846786851,
            "3": 0.022744732829652368,
            "4": 0.057001261253003525
        }
    },
    "user": 1962,
    "size": 12485,
    "weights": [
        0.6989,
        1.1456,
        3.0318,
        7.7856,
        4.9557,
        1.0362,
        0.633,
        0.0584,
        1.2902,
        0.4398,
        0.7847,
        2.1734,
        0.0387,
        0.3546,
        1.2543,
        0.048,
        3.6213
    ]
}