{
    "FSRSv4": {
        "RMSE": 0.4746755261300328,
        "LogLoss": 0.8171523161444597,
        "RMSE(bins)": 0.2740682977802723,
        "RMSE(bins)Ratings": {
            "1": 0.32176975358247517,
            "2": 0.3703039851104963,
            "3": 0.24795796517565427,
            "4": 0.3882520902964155
        }
    },
    "user": 19702,
    "size": 1920,
    "weights": [
        2.0235,
        2.0235,
        2.0235,
        4.1668,
        5.2056,
        1.2334,
        0.9471,
        0.0,
        1.2291,
        0.3962,
        0.6822,
        2.0689,
        0.1503,
        0.2224,
        1.121,
        0.3167,
        2.4513
    ]
}