{
    "metrics": {
        "RMSE": 0.304292392400226,
        "LogLoss": 0.3367588161890334,
        "RMSE(bins)": 0.15780363777123244,
        "ICI": 0.10961221195447893
    },
    "user": 19796,
    "size": 4190,
    "weights": [
        0.7978,
        11.6588,
        27.3235,
        100.0,
        4.846,
        0.7587,
        1.0269,
        0.0,
        1.5509,
        0.181,
        0.9997,
        2.19,
        0.0439,
        0.3688,
        1.4514,
        0.4484,
        2.7427
    ]
}