{
    "metrics": {
        "RMSE": 0.3950354358947513,
        "LogLoss": 0.4903408395615545,
        "RMSE(bins)": 0.09004606181488127,
        "ICI": 0.05034766737062294
    },
    "user": 19877,
    "size": 2160,
    "weights": [
        0.9758,
        1.4847,
        3.103,
        28.7445,
        4.852,
        0.8614,
        0.7926,
        0.0801,
        1.5639,
        0.1577,
        1.0141,
        2.2545,
        0.01,
        0.415,
        1.3352,
        0.2777,
        2.6834
    ]
}