{
    "metrics": {
        "RMSE": 0.2813263491984464,
        "LogLoss": 0.28959817265218574,
        "RMSE(bins)": 0.04321757921998734,
        "ICI": 0.02293746518144262
    },
    "user": 19882,
    "size": 4760,
    "weights": [
        0.3717,
        0.4319,
        2.8196,
        9.8484,
        5.1027,
        1.2307,
        0.9146,
        0.1279,
        1.4046,
        0.1,
        0.8656,
        2.2309,
        0.0409,
        0.392,
        1.4766,
        0.0,
        2.2572
    ]
}