{
    "FSRSv4": {
        "RMSE": 0.365856492549295,
        "LogLoss": 0.4334008745646441,
        "RMSE(bins)": 0.10183680432261179,
        "RMSE(bins)Ratings": {
            "1": 0.09643456684149064,
            "2": 0.20757655465606262,
            "3": 0.0426598992746967,
            "4": 0.24351272830917362
        }
    },
    "user": 19887,
    "size": 13475,
    "weights": [
        0.3345,
        0.9892,
        5.0298,
        5.0298,
        5.2411,
        1.161,
        0.8914,
        0.0653,
        1.2329,
        0.2469,
        0.7002,
        2.199,
        0.0337,
        0.3442,
        0.9534,
        0.9847,
        2.5953
    ]
}