{
    "metrics": {
        "RMSE": 0.2327011424196685,
        "LogLoss": 0.21806516271093868,
        "RMSE(bins)": 0.05766131144713518,
        "ICI": 0.05080975720136385
    },
    "user": 19903,
    "size": 54125,
    "weights": [
        0.9846,
        1.5743,
        3.1833,
        12.5675,
        5.2942,
        2.3604,
        2.1072,
        0.0,
        1.7157,
        0.1,
        0.9783,
        1.5881,
        0.1439,
        0.4235,
        1.8765,
        0.6133,
        2.0271
    ]
}