{
    "metrics": {
        "RMSE": 0.2391922534358952,
        "LogLoss": 0.23048186976906723,
        "RMSE(bins)": 0.05394716276152731,
        "ICI": 0.04462802373530794
    },
    "user": 19938,
    "size": 21370,
    "weights": [
        0.9977,
        1.8883,
        5.6325,
        18.6491,
        5.1211,
        1.6665,
        0.3828,
        0.0808,
        1.3329,
        0.11,
        0.8144,
        2.2848,
        0.01,
        0.3775,
        1.6203,
        0.2302,
        2.8475
    ]
}