{
    "FSRSv4": {
        "RMSE": 0.31684829988891827,
        "LogLoss": 0.34827022636530236,
        "RMSE(bins)": 0.061343319248724666,
        "ICI": 0.029921391470236126
    },
    "user": 19976,
    "size": 17515
}