{
    "metrics": {
        "RMSE": 0.3110547095359876,
        "LogLoss": 0.33106007907720586,
        "RMSE(bins)": 0.052305094145076475,
        "ICI": 0.01816956844777678
    },
    "user": 2004,
    "size": 5340,
    "weights": [
        0.681,
        1.0375,
        2.058,
        14.158,
        4.5476,
        0.7421,
        0.5238,
        0.2862,
        1.8879,
        0.1,
        1.3305,
        2.0986,
        0.149,
        0.2495,
        1.2451,
        0.0792,
        2.707
    ]
}