{
    "metrics": {
        "RMSE": 0.2716839785395999,
        "LogLoss": 0.27145120081824975,
        "RMSE(bins)": 0.03717048790419695,
        "ICI": 0.013553160723240825
    },
    "user": 2043,
    "size": 157465,
    "weights": [
        0.5377,
        0.84,
        1.6402,
        7.3332,
        5.7524,
        1.8471,
        1.7059,
        0.0083,
        2.0762,
        0.1774,
        1.6851,
        2.549,
        0.0125,
        0.3374,
        1.8711,
        0.3675,
        2.2544
    ]
}