{
    "FSRSv4": {
        "RMSE": 0.3259011099157573,
        "LogLoss": 0.3641714618334458,
        "RMSE(bins)": 0.03720883806296684,
        "RMSE(bins)Ratings": {
            "1": 0.06937897471770552,
            "2": 0.0215788507328203,
            "3": 0.04635887360517255,
            "4": 0.0655151432967047
        }
    },
    "user": 2059,
    "size": 315115,
    "weights": [
        0.1798,
        0.5246,
        0.7175,
        5.7179,
        7.1509,
        0.8223,
        0.1884,
        0.0006,
        1.1484,
        0.1,
        0.8095,
        1.9122,
        0.0218,
        0.3552,
        0.017,
        0.8683,
        1.3307
    ]
}