{
    "FSRSv4": {
        "RMSE": 0.3751435488117367,
        "LogLoss": 0.4523530665801951,
        "RMSE(bins)": 0.1871161756539205,
        "ICI": 0.11383589002116234
    },
    "user": 2117,
    "size": 1910
}