{
    "FSRSv4": {
        "RMSE": 0.42956566453033423,
        "LogLoss": 0.5695335780959855,
        "RMSE(bins)": 0.09026809869527472,
        "RMSE(bins)Ratings": {
            "1": 0.0919394232202778,
            "2": 0.061405537464228103,
            "3": 0.06545238752727467,
            "4": 0.0773949776098979
        }
    },
    "user": 2155,
    "size": 47690,
    "weights": [
        0.2929,
        0.4664,
        0.9371,
        2.2428,
        5.0963,
        1.2615,
        0.7488,
        0.0091,
        1.4109,
        0.244,
        0.8824,
        2.3278,
        0.01,
        0.2552,
        1.4123,
        0.9468,
        1.0695
    ]
}