{
    "metrics": {
        "RMSE": 0.35348312529913567,
        "LogLoss": 0.4126209946878784,
        "RMSE(bins)": 0.05329941587663347,
        "ICI": 0.03340579107428502
    },
    "user": 2261,
    "size": 3755,
    "weights": [
        0.2579,
        0.4228,
        0.8876,
        1.4553,
        4.9522,
        1.0046,
        1.0079,
        0.0,
        1.463,
        0.2592,
        0.9129,
        2.2788,
        0.01,
        0.44,
        1.3175,
        0.1027,
        2.8708
    ]
}