{
    "metrics": {
        "RMSE": 0.448296316512198,
        "LogLoss": 0.602320434911097,
        "RMSE(bins)": 0.15267191997880902,
        "ICI": 0.1144552177269086
    },
    "user": 2312,
    "size": 2320,
    "weights": [
        0.2043,
        0.3803,
        2.0446,
        6.2754,
        5.0527,
        1.0576,
        0.7675,
        0.0204,
        1.37,
        0.1462,
        0.8162,
        2.1847,
        0.066,
        0.345,
        1.2053,
        0.3435,
        2.8415
    ]
}