{
    "FSRSv4": {
        "RMSE": 0.4545404618019987,
        "LogLoss": 0.6256795950173036,
        "RMSE(bins)": 0.1285465867092418,
        "RMSE(bins)Ratings": {
            "1": 0.1999978064513235,
            "2": 0.19320174843699814,
            "3": 0.10719490170094688,
            "4": 0.15793946731381014
        }
    },
    "user": 2338,
    "size": 16160,
    "weights": [
        0.3073,
        0.5095,
        1.0878,
        3.6713,
        5.5302,
        1.7738,
        1.1088,
        0.1218,
        1.457,
        0.2637,
        0.9346,
        2.1122,
        0.0227,
        0.2042,
        1.5767,
        0.2914,
        2.3163
    ]
}