{
    "FSRSv4": {
        "RMSE": 0.3591651862846295,
        "LogLoss": 0.4129164116333995,
        "RMSE(bins)": 0.11221377940812585,
        "RMSE(bins)Ratings": {
            "1": 0.14164817808559352,
            "2": 0.05835346451888206,
            "3": 0.06612029389777094,
            "4": 0.18221346711293732
        }
    },
    "user": 2358,
    "size": 25475,
    "weights": [
        0.4836,
        0.8686,
        2.8735,
        13.4602,
        4.9007,
        0.8923,
        0.8857,
        0.3102,
        1.5667,
        0.1,
        0.9615,
        2.1535,
        0.0737,
        0.3254,
        0.9781,
        0.1829,
        2.4488
    ]
}