{
    "metrics": {
        "RMSE": 0.34144983648521404,
        "LogLoss": 0.3900194773065201,
        "RMSE(bins)": 0.13234254805845705,
        "ICI": 0.0641557616792195
    },
    "user": 2366,
    "size": 1690,
    "weights": [
        0.9212,
        3.9977,
        7.4185,
        22.7603,
        4.7573,
        0.7672,
        0.6616,
        0.2101,
        1.6586,
        0.1,
        1.1075,
        2.365,
        0.01,
        0.5279,
        1.4544,
        0.0778,
        2.7834
    ]
}