{
    "FSRSv4": {
        "RMSE": 0.23902617349490868,
        "LogLoss": 0.22510513747396052,
        "RMSE(bins)": 0.020917366833278817,
        "RMSE(bins)Ratings": {
            "1": 0.03954408664219114,
            "2": 0.02951281330420606,
            "3": 0.013392015360976702,
            "4": 0.023125142270195666
        }
    },
    "user": 238,
    "size": 72485,
    "weights": [
        0.657,
        1.2071,
        2.6791,
        6.7355,
        5.1278,
        1.0933,
        1.0428,
        0.0054,
        1.5584,
        0.1066,
        1.0966,
        1.4147,
        0.1321,
        0.543,
        1.1707,
        0.2015,
        2.4175
    ]
}