{
    "FSRSv4": {
        "RMSE": 0.24007699590648227,
        "LogLoss": 0.21105262904245106,
        "RMSE(bins)": 0.0741496903852225,
        "ICI": 0.040725452542831046
    },
    "user": 2399,
    "size": 2035
}