{
    "FSRSv4": {
        "RMSE": 0.11230575789512319,
        "LogLoss": 0.06727198727430608,
        "RMSE(bins)": 0.019042871515722343,
        "ICI": 0.003007543408664936
    },
    "user": 2404,
    "size": 28985
}