{
    "FSRSv4": {
        "RMSE": 0.3722099616096926,
        "LogLoss": 0.45124624434272187,
        "RMSE(bins)": 0.07090795688418824,
        "RMSE(bins)Ratings": {
            "1": 0.11132154406327764,
            "2": 0.03529321870234805,
            "3": 0.0498367922867636,
            "4": 0.041941630825959995
        }
    },
    "user": 250,
    "size": 19000,
    "weights": [
        0.6478,
        0.6478,
        0.6887,
        10.8998,
        5.0324,
        1.0624,
        1.1281,
        0.0849,
        1.3691,
        0.1521,
        0.8553,
        2.0897,
        0.1554,
        0.3782,
        1.3965,
        0.2093,
        3.4894
    ]
}