{
    "metrics": {
        "RMSE": 0.07646558418769019,
        "LogLoss": 0.03367811714105854,
        "RMSE(bins)": 0.007381800363870043,
        "ICI": 0.0033669829366827194
    },
    "user": 2536,
    "size": 166590,
    "weights": [
        3.0741,
        11.9568,
        38.7267,
        51.8905,
        3.2693,
        3.0187,
        3.176,
        0.0,
        3.0,
        0.1192,
        2.5,
        1.4227,
        0.1393,
        0.5627,
        1.8915,
        0.0131,
        4.0
    ]
}