{
    "FSRSv4": {
        "RMSE": 0.45968027934564576,
        "LogLoss": 0.6258538511181809,
        "RMSE(bins)": 0.09110540429457771,
        "RMSE(bins)Ratings": {
            "1": 0.10661382733257367,
            "2": 0.07389835310016948,
            "3": 0.06203730684170756,
            "4": 0.09994563214637421
        }
    },
    "user": 2565,
    "size": 34660,
    "weights": [
        0.5429,
        1.4052,
        3.3748,
        9.0255,
        4.9784,
        0.9733,
        0.8965,
        0.0,
        1.2261,
        0.4319,
        0.679,
        2.1301,
        0.1325,
        0.419,
        0.7626,
        0.3045,
        1.4109
    ]
}