{
    "metrics": {
        "RMSE": 0.10113198108101581,
        "LogLoss": 0.05761754398166489,
        "RMSE(bins)": 0.018683827391119172,
        "ICI": 0.0037840480307509967
    },
    "user": 2616,
    "size": 13340,
    "weights": [
        0.0456,
        0.36,
        7.9732,
        62.8802,
        4.6045,
        1.089,
        1.0915,
        0.0097,
        1.8898,
        0.1383,
        1.3556,
        2.4937,
        0.1235,
        0.7571,
        1.4489,
        0.2006,
        3.6372
    ]
}