{
    "metrics": {
        "RMSE": 0.14586072085746865,
        "LogLoss": 0.09941039355794068,
        "RMSE(bins)": 0.01921812647166378,
        "ICI": 0.010393680589760325
    },
    "user": 2738,
    "size": 5680,
    "weights": [
        1.0364,
        3.1548,
        13.4656,
        29.3646,
        4.455,
        0.5712,
        0.6857,
        0.2168,
        2.0423,
        0.1,
        1.4517,
        2.4012,
        0.0109,
        0.5412,
        1.5657,
        0.4447,
        3.1552
    ]
}