{
    "metrics": {
        "RMSE": 0.4919063337855112,
        "LogLoss": 0.6797036808070542,
        "RMSE(bins)": 0.13279730587426547,
        "ICI": 0.0907226745431598
    },
    "user": 2752,
    "size": 755,
    "weights": [
        0.2548,
        0.9,
        0.9187,
        1.1288,
        5.0419,
        1.0557,
        0.9793,
        0.0,
        1.3723,
        0.1,
        0.8218,
        2.135,
        0.101,
        0.2991,
        1.2512,
        0.1706,
        2.7302
    ]
}