{
    "FSRSv4": {
        "RMSE": 0.26572111319222486,
        "LogLoss": 0.25932849029886174,
        "RMSE(bins)": 0.01508520677334781,
        "ICI": 0.007440615810680819
    },
    "user": 287,
    "size": 85035
}