{
    "metrics": {
        "RMSE": 0.26023354394472814,
        "LogLoss": 0.24860709155597246,
        "RMSE(bins)": 0.04438560664217549,
        "ICI": 0.0172052430865259
    },
    "user": 2885,
    "size": 5685
}