{
    "metrics": {
        "RMSE": 0.4141593816895401,
        "LogLoss": 0.5259100567385268,
        "RMSE(bins)": 0.08225526832698159,
        "ICI": 0.04106814577221255
    },
    "user": 2901,
    "size": 105610,
    "weights": [
        0.3659,
        2.0403,
        4.4788,
        7.5652,
        4.6413,
        0.964,
        0.6464,
        0.0007,
        1.6167,
        0.2722,
        0.7525,
        1.9989,
        0.1867,
        0.4629,
        0.3134,
        0.4298,
        3.9992
    ]
}