{
    "FSRSv4": {
        "RMSE": 0.4157298477432914,
        "LogLoss": 0.5522877819426345,
        "RMSE(bins)": 0.24351905803162446,
        "RMSE(bins)Ratings": {
            "1": 0.28065817329164566,
            "2": 0.4163575560605964
        }
    },
    "user": 2915,
    "size": 560,
    "weights": [
        0.7448,
        8.87,
        33.9803,
        136.4984,
        5.0427,
        1.0526,
        0.9612,
        0.0,
        1.3799,
        0.1,
        0.8324,
        2.2952,
        0.01,
        0.4539,
        1.3788,
        0.1773,
        2.61
    ]
}