{
    "FSRSv4": {
        "RMSE": 0.32108048787756555,
        "LogLoss": 0.35451103161373754,
        "RMSE(bins)": 0.052544737105063806,
        "ICI": 0.039550641749026325
    },
    "user": 2932,
    "size": 7385
}