{
    "metrics": {
        "RMSE": 0.21031648886374898,
        "LogLoss": 0.18570574937475834,
        "RMSE(bins)": 0.03892529223717245,
        "ICI": 0.016698472924733188
    },
    "user": 2960,
    "size": 54125,
    "weights": [
        0.3324,
        0.8807,
        1.2508,
        12.4285,
        4.5983,
        2.2442,
        0.4867,
        0.0328,
        1.8705,
        0.2144,
        1.0817,
        2.2584,
        0.0894,
        0.3051,
        1.5205,
        0.635,
        2.2771
    ]
}