{
    "metrics": {
        "RMSE": 0.5377593273220967,
        "LogLoss": 0.9480820028515826,
        "RMSE(bins)": 0.2709731583631047,
        "ICI": 0.1995381617638089
    },
    "user": 2979,
    "size": 1245,
    "weights": [
        0.2112,
        0.348,
        0.7362,
        9.5648,
        4.8104,
        0.8209,
        0.7414,
        0.1284,
        1.6093,
        0.2602,
        1.0591,
        2.0897,
        0.1419,
        0.2519,
        1.1479,
        0.4095,
        2.7298
    ]
}