{
    "metrics": {
        "RMSE": 0.3192140189806761,
        "LogLoss": 0.3632072606843015,
        "RMSE(bins)": 0.0751024191587472,
        "ICI": 0.0502557360800414
    },
    "user": 3012,
    "size": 29785,
    "weights": [
        0.5002,
        0.9715,
        0.9715,
        13.5996,
        5.0005,
        1.1049,
        0.9834,
        0.0325,
        1.6468,
        0.1009,
        1.0683,
        2.0863,
        0.0103,
        0.2142,
        2.0,
        0.0719,
        2.2862
    ]
}