{
    "FSRSv4": {
        "RMSE": 0.34620239651033735,
        "LogLoss": 0.3986873764595312,
        "RMSE(bins)": 0.0958256272310726,
        "RMSE(bins)Ratings": {
            "1": 0.13104370546932934,
            "2": 0.07197435813999636,
            "3": 0.09551338453996197,
            "4": 0.08342965986055471
        }
    },
    "user": 3101,
    "size": 35785,
    "weights": [
        0.5491,
        0.8558,
        1.6653,
        17.0591,
        4.9322,
        1.7194,
        0.8555,
        0.0458,
        1.8579,
        0.1927,
        1.2023,
        2.2478,
        0.1248,
        0.5245,
        0.6892,
        0.1279,
        3.37
    ]
}