{
    "metrics": {
        "RMSE": 0.26253059746465585,
        "LogLoss": 0.2619230128076364,
        "RMSE(bins)": 0.06583011901276681,
        "ICI": 0.04772348456923925
    },
    "user": 3123,
    "size": 51710
}