{
    "FSRSv4": {
        "RMSE": 0.39164133631361664,
        "LogLoss": 0.48763650113243096,
        "RMSE(bins)": 0.14078139748369378,
        "RMSE(bins)Ratings": {
            "1": 0.14555292080991442,
            "2": 0.23760623618848012,
            "3": 0.2360908069147408,
            "4": 0.1980144220625433
        }
    },
    "user": 3136,
    "size": 825,
    "weights": [
        0.7043,
        0.7043,
        1.153,
        4.5602,
        5.0498,
        1.0598,
        0.7457,
        0.0,
        1.3705,
        0.1,
        0.8202,
        2.2495,
        0.01,
        0.3878,
        1.3743,
        0.2445,
        2.4904
    ]
}