{
    "FSRSv4": {
        "RMSE": 0.2433538126616391,
        "LogLoss": 0.2338000379265907,
        "RMSE(bins)": 0.10036762294979724,
        "RMSE(bins)Ratings": {
            "1": 0.15397623770856061,
            "2": 0.09335764883117777,
            "3": 0.10189421418001295,
            "4": 0.060217184386284824
        }
    },
    "user": 3137,
    "size": 7330,
    "weights": [
        3.0503,
        5.0911,
        10.9778,
        19.3312,
        4.8052,
        1.2265,
        0.6627,
        0.0025,
        1.6578,
        0.1099,
        1.1204,
        2.2469,
        0.0619,
        0.4267,
        1.7131,
        0.2037,
        2.076
    ]
}