{
    "FSRSv4": {
        "RMSE": 0.4335175533586133,
        "LogLoss": 0.6055485355073559,
        "RMSE(bins)": 0.14599068412123026,
        "RMSE(bins)Ratings": {
            "1": 0.1619223053668977,
            "2": 0.12803131372591295,
            "3": 0.16304574142873268,
            "4": 0.22708374236929177
        }
    },
    "user": 3226,
    "size": 4380,
    "weights": [
        1.2482,
        2.2037,
        5.1693,
        10.9,
        4.6304,
        0.5535,
        0.663,
        0.2532,
        1.7565,
        0.2798,
        1.2215,
        2.1997,
        0.0576,
        0.3674,
        1.0072,
        0.2266,
        2.6837
    ]
}