{
    "metrics": {
        "RMSE": 0.3884469999754542,
        "LogLoss": 0.47159487766219077,
        "RMSE(bins)": 0.03896101373295685,
        "ICI": 0.013883373447582215
    },
    "user": 3309,
    "size": 426615
}