{
    "metrics": {
        "RMSE": 0.3524437667047191,
        "LogLoss": 0.4138868033898508,
        "RMSE(bins)": 0.05101823746113011,
        "ICI": 0.03213056961084156
    },
    "user": 3385,
    "size": 44295,
    "weights": [
        0.42,
        1.1038,
        1.7878,
        5.4331,
        5.6406,
        0.9737,
        0.8844,
        0.0244,
        1.6331,
        0.1651,
        1.146,
        2.4962,
        0.0138,
        0.3201,
        0.1289,
        0.2959,
        2.2753
    ]
}