{
    "metrics": {
        "RMSE": 0.2959780991933516,
        "LogLoss": 0.31452446786230903,
        "RMSE(bins)": 0.03709777293324499,
        "ICI": 0.02057691697495032
    },
    "user": 3395,
    "size": 52660,
    "weights": [
        1.0719,
        1.6483,
        2.3367,
        10.8999,
        4.7531,
        0.8569,
        0.6955,
        0.0616,
        1.6414,
        0.2595,
        1.149,
        2.1549,
        0.1246,
        0.5263,
        1.9992,
        0.1653,
        2.5635
    ]
}