{
    "FSRSv4": {
        "RMSE": 0.5452641205343266,
        "LogLoss": 0.9328775785825445,
        "RMSE(bins)": 0.2657408848986097,
        "RMSE(bins)Ratings": {
            "1": 0.29766577819796497,
            "2": 0.32178691689544364,
            "3": 0.25910642435090614
        }
    },
    "user": 3516,
    "size": 10810,
    "weights": [
        0.7914,
        7.5564,
        7.5564,
        7.5564,
        5.3302,
        1.3308,
        1.0817,
        0.0002,
        1.111,
        0.4084,
        0.5586,
        1.9383,
        0.1967,
        0.1326,
        0.9236,
        0.0,
        2.61
    ]
}