{
    "metrics": {
        "RMSE": 0.39010115299063647,
        "LogLoss": 0.4794787400745752,
        "RMSE(bins)": 0.05651860695003394,
        "ICI": 0.03271392085165465
    },
    "user": 3628,
    "size": 39735,
    "weights": [
        0.4168,
        0.6306,
        1.1733,
        4.2482,
        5.0422,
        1.6942,
        0.3456,
        0.0,
        1.0228,
        0.2384,
        0.5925,
        2.55,
        0.01,
        0.2226,
        1.2738,
        0.4522,
        2.1412
    ]
}