{
    "FSRSv4": {
        "RMSE": 0.35855313162911356,
        "LogLoss": 0.41753220366575144,
        "RMSE(bins)": 0.056040575496984886,
        "RMSE(bins)Ratings": {
            "1": 0.1376024074673291,
            "2": 0.018048382100928257,
            "3": 0.06446162570769841,
            "4": 0.0682642779484679
        }
    },
    "user": 3672,
    "size": 46465,
    "weights": [
        1.5798,
        2.3183,
        4.1213,
        15.3198,
        5.0558,
        0.2381,
        0.871,
        0.1106,
        1.8414,
        0.1005,
        1.0869,
        2.1015,
        0.0574,
        0.5337,
        0.6689,
        0.3144,
        4.4606
    ]
}