{
    "metrics": {
        "RMSE": 0.40807656980512713,
        "LogLoss": 0.49673836312021974,
        "RMSE(bins)": 0.14188579018570688,
        "ICI": 0.09712309418577789
    },
    "user": 3710,
    "size": 4905,
    "weights": [
        0.817,
        1.4996,
        3.729,
        26.5489,
        4.6768,
        0.7471,
        0.6256,
        0.242,
        1.7563,
        0.1,
        1.2012,
        2.1585,
        0.1003,
        0.3408,
        1.111,
        0.3843,
        2.8473
    ]
}