{
    "FSRSv4": {
        "RMSE": 0.4076933442947609,
        "LogLoss": 0.5003919484532194,
        "RMSE(bins)": 0.2038941413633044,
        "RMSE(bins)Ratings": {
            "1": 0.13617003584768406,
            "2": 0.015012760846719764,
            "3": 0.07011136498998533,
            "4": 0.003974762363039952
        }
    },
    "user": 3710,
    "size": 4575,
    "weights": [
        0.7734,
        0.9245,
        3.4152,
        6.238,
        4.6599,
        0.7448,
        0.6161,
        0.2485,
        1.775,
        0.1,
        1.2193,
        2.1562,
        0.1038,
        0.3404,
        1.121,
        0.3875,
        2.8565
    ]
}