{
    "metrics": {
        "RMSE": 0.3977416667707181,
        "LogLoss": 0.5015245716681721,
        "RMSE(bins)": 0.06874355971958039,
        "ICI": 0.061808407922979466
    },
    "user": 3925,
    "size": 3450,
    "weights": [
        0.7147,
        0.7147,
        0.7147,
        4.3437,
        5.2942,
        0.7863,
        1.1385,
        0.0,
        1.1187,
        0.1401,
        0.5545,
        2.169,
        0.0607,
        0.3319,
        1.2959,
        0.0713,
        2.222
    ]
}