{
    "metrics": {
        "RMSE": 0.23570134416675767,
        "LogLoss": 0.22271152730251764,
        "RMSE(bins)": 0.04841162236659919,
        "ICI": 0.024776970475203473
    },
    "user": 3958,
    "size": 2470
}