{
    "FSRSv4": {
        "RMSE": 0.24166500517095518,
        "LogLoss": 0.2265437626641069,
        "RMSE(bins)": 0.13125955933504843,
        "RMSE(bins)Ratings": {
            "1": 0.30439036446884504,
            "2": 0.09147992192267705,
            "3": 0.09508026953975883,
            "4": 0.10712263404082918
        }
    },
    "user": 3985,
    "size": 4060,
    "weights": [
        5.1049,
        26.5666,
        67.7428,
        67.7428,
        4.5242,
        0.5545,
        0.5481,
        0.3117,
        1.9229,
        0.1,
        1.348,
        2.3395,
        0.0442,
        0.495,
        1.5425,
        0.6012,
        2.6696
    ]
}