{
    "FSRSv4": {
        "RMSE": 0.48491316166107934,
        "LogLoss": 0.6897566278672173,
        "RMSE(bins)": 0.17240700194204348,
        "RMSE(bins)Ratings": {
            "1": 0.31908080347010437,
            "2": 0.6139270322571194,
            "3": 0.1617192013654908,
            "4": 0.08866959244287945
        }
    },
    "user": 4081,
    "size": 970,
    "weights": [
        0.1975,
        0.4336,
        1.1725,
        2.5907,
        4.9823,
        0.8332,
        0.7533,
        0.1125,
        1.3742,
        0.2594,
        0.8246,
        2.1816,
        0.0403,
        0.3149,
        1.3783,
        0.1707,
        2.5214
    ]
}