{
    "FSRSv4": {
        "RMSE": 0.4528916595338426,
        "LogLoss": 0.6083922535445455,
        "RMSE(bins)": 0.08880799265270263,
        "RMSE(bins)Ratings": {
            "1": 0.15958377336795396,
            "2": 0.1355930223653756,
            "3": 0.12307536632580579,
            "4": 0.06554763071365374
        }
    },
    "user": 410,
    "size": 5490,
    "weights": [
        0.2553,
        1.9287,
        1.9597,
        7.3732,
        5.2178,
        1.2982,
        0.7375,
        0.0806,
        1.295,
        0.3856,
        0.7448,
        2.1484,
        0.0624,
        0.3109,
        1.1661,
        0.2294,
        2.2668
    ]
}