{
    "FSRSv4": {
        "RMSE": 0.32140477456930633,
        "LogLoss": 0.3495717289281675,
        "RMSE(bins)": 0.03781707408541051,
        "ICI": 0.019899202779922187
    },
    "user": 4115,
    "size": 28265
}