{
    "metrics": {
        "RMSE": 0.1422151865499712,
        "LogLoss": 0.09339625765117028,
        "RMSE(bins)": 0.01305127186688568,
        "ICI": 0.002619915722230117
    },
    "user": 4196,
    "size": 270225,
    "weights": [
        0.9048,
        0.9048,
        2.9336,
        100.0,
        4.797,
        3.8622,
        1.9019,
        0.0,
        2.7176,
        0.1,
        1.7765,
        1.3908,
        0.0362,
        0.3813,
        1.9886,
        0.0793,
        4.0
    ]
}