{
    "FSRSv4": {
        "RMSE": 0.38905524488155835,
        "LogLoss": 0.4894407434284043,
        "RMSE(bins)": 0.2649177039771612,
        "RMSE(bins)Ratings": {
            "1": 0.13850338564394435,
            "2": 0.23109335885881718,
            "3": 0.13974858803226778,
            "4": 0.14644072273737876
        }
    },
    "user": 4216,
    "size": 1155,
    "weights": [
        9.7845,
        9.7845,
        33.1817,
        35.0513,
        5.0332,
        1.1498,
        0.8699,
        0.0,
        1.401,
        0.3287,
        0.8432,
        2.3582,
        0.01,
        0.5208,
        1.3847,
        0.2568,
        2.7362
    ]
}