{
    "metrics": {
        "RMSE": 0.34553109152773104,
        "LogLoss": 0.410298312865956,
        "RMSE(bins)": 0.09399332631832656,
        "ICI": 0.0457757924372251
    },
    "user": 4354,
    "size": 4785,
    "weights": [
        1.4926,
        7.4413,
        7.4413,
        11.7395,
        5.0756,
        1.1491,
        0.9915,
        0.0521,
        1.3712,
        0.2489,
        0.9114,
        2.4944,
        0.0255,
        0.6476,
        1.5784,
        0.4006,
        3.0206
    ]
}