{
    "FSRSv4": {
        "RMSE": 0.417092956848708,
        "LogLoss": 0.5626056579440792,
        "RMSE(bins)": 0.17346459272081194,
        "RMSE(bins)Ratings": {
            "1": 0.146570231377197,
            "2": 0.08871966456425946,
            "3": 0.11977779620424406,
            "4": 0.32642261386514143
        }
    },
    "user": 4386,
    "size": 62520,
    "weights": [
        0.4737,
        0.7354,
        1.4222,
        19.4965,
        5.5278,
        0.9647,
        1.8334,
        0.0994,
        1.0241,
        0.7672,
        0.4556,
        2.3629,
        0.0317,
        0.4511,
        0.118,
        0.0795,
        3.6298
    ]
}