{
    "metrics": {
        "RMSE": 0.3640660799093669,
        "LogLoss": 0.4364757005804803,
        "RMSE(bins)": 0.12617297731776816,
        "ICI": 0.07032191977178573
    },
    "user": 440,
    "size": 22695,
    "weights": [
        1.1363,
        4.1073,
        11.492,
        84.7531,
        5.4778,
        1.4225,
        1.0286,
        0.2726,
        0.9741,
        0.7059,
        0.4726,
        1.991,
        0.1962,
        0.4297,
        1.3943,
        0.4339,
        2.6037
    ]
}