{
    "metrics": {
        "RMSE": 0.16004014720676613,
        "LogLoss": 0.124854881190203,
        "RMSE(bins)": 0.02858371363262599,
        "ICI": 0.016039814058552263
    },
    "user": 442,
    "size": 4070,
    "weights": [
        6.4126,
        9.716,
        18.1201,
        38.7529,
        4.4274,
        0.6207,
        0.6789,
        0.2525,
        2.0056,
        0.1,
        1.4348,
        2.241,
        0.0444,
        0.402,
        1.489,
        0.2383,
        3.1427
    ]
}