{
    "FSRSv4": {
        "RMSE": 0.24347340931124428,
        "LogLoss": 0.22564284311637312,
        "RMSE(bins)": 0.04153545672080289,
        "RMSE(bins)Ratings": {
            "1": 0.04099931169827362,
            "2": 0.05787288074532912,
            "3": 0.05096357358109889,
            "4": 0.04217631859641642
        }
    },
    "user": 4443,
    "size": 46220,
    "weights": [
        2.8735,
        3.685,
        5.3515,
        20.2224,
        5.2199,
        0.7217,
        1.7992,
        0.1348,
        1.4059,
        0.144,
        0.9397,
        2.0989,
        0.1669,
        0.5863,
        0.4074,
        0.0,
        3.7065
    ]
}