{
    "FSRSv4": {
        "RMSE": 0.24819789994707317,
        "LogLoss": 0.2440507399351925,
        "RMSE(bins)": 0.03441158013076578,
        "ICI": 0.014136124107899991
    },
    "user": 4630,
    "size": 4755
}