{
    "FSRSv4": {
        "RMSE": 0.2743505067278285,
        "LogLoss": 0.2739985458360317,
        "RMSE(bins)": 0.07309899471859789,
        "ICI": 0.030391225507164176
    },
    "user": 4642,
    "size": 14100
}