{
    "metrics": {
        "RMSE": 0.41906024388399965,
        "LogLoss": 0.5423037462197181,
        "RMSE(bins)": 0.11877921796243024,
        "ICI": 0.048933562338032775
    },
    "user": 466,
    "size": 11810,
    "weights": [
        0.2865,
        0.9,
        2.5773,
        5.1973,
        5.2127,
        1.382,
        0.7558,
        0.2416,
        1.3209,
        0.1,
        0.7667,
        2.1312,
        0.0748,
        0.3126,
        0.7843,
        0.574,
        3.3006
    ]
}