{
    "FSRSv4": {
        "RMSE": 0.24060779807951413,
        "LogLoss": 0.20721254310929707,
        "RMSE(bins)": 0.07402206401032004,
        "RMSE(bins)Ratings": {
            "1": 0.2554998900951572,
            "2": 0.06745270042750746,
            "3": 0.058055147322843344,
            "4": 0.08841915964575864
        }
    },
    "user": 4660,
    "size": 9890,
    "weights": [
        1.2057,
        1.2546,
        18.5699,
        37.2619,
        4.5019,
        1.2212,
        0.8822,
        0.1056,
        2.2268,
        0.1,
        1.4822,
        2.2044,
        0.0399,
        0.2992,
        1.4081,
        0.1399,
        3.4758
    ]
}