{
    "metrics": {
        "RMSE": 0.3549313971974629,
        "LogLoss": 0.43032991760589284,
        "RMSE(bins)": 0.13642348995315698,
        "ICI": 0.07138768224847389
    },
    "user": 4861,
    "size": 340,
    "weights": [
        0.1,
        0.1608,
        0.3278,
        0.527,
        5.0322,
        1.0414,
        0.7728,
        0.0944,
        1.3882,
        0.1,
        0.838,
        2.0826,
        0.1472,
        0.2415,
        1.1622,
        0.29,
        2.5078
    ]
}