{
    "FSRSv4": {
        "RMSE": 0.04820265787837313,
        "LogLoss": 0.02617274730132961,
        "RMSE(bins)": 0.025254884817063006,
        "ICI": 0.017303463050304804
    },
    "user": 4881,
    "size": 2925
}