{
    "metrics": {
        "RMSE": 0.17574508004822376,
        "LogLoss": 0.127982695537135,
        "RMSE(bins)": 0.07097167579497173,
        "ICI": 0.01774390308504853
    },
    "user": 4980,
    "size": 15015,
    "weights": [
        0.4582,
        1.2689,
        5.8472,
        100.0,
        4.3109,
        1.2478,
        0.586,
        0.3215,
        2.3258,
        0.1,
        1.6482,
        1.9763,
        0.1878,
        0.2008,
        1.1935,
        0.4717,
        3.9467
    ]
}