{
    "FSRSv4": {
        "RMSE": 0.2475887542478226,
        "LogLoss": 0.23067169008084012,
        "RMSE(bins)": 0.025172914793347857,
        "RMSE(bins)Ratings": {
            "1": 0.09752699439664746,
            "2": 0.09249342813091967,
            "3": 0.024649402808189703,
            "4": 0.2582196152184384
        }
    },
    "user": 5033,
    "size": 10465,
    "weights": [
        0.9922,
        2.3157,
        8.2567,
        11.8844,
        5.3039,
        1.5546,
        1.4192,
        0.0,
        1.6546,
        0.1296,
        1.074,
        2.346,
        0.01,
        0.319,
        1.169,
        0.0104,
        3.1295
    ]
}