{
    "metrics": {
        "RMSE": 0.5095903863582208,
        "LogLoss": 0.7630891020843062,
        "RMSE(bins)": 0.18929831222142407,
        "ICI": 0.17246946940411725
    },
    "user": 5106,
    "size": 7025,
    "weights": [
        0.3439,
        0.8074,
        2.9047,
        6.8197,
        4.7916,
        0.7742,
        1.1263,
        0.0,
        1.5462,
        0.2317,
        1.0284,
        2.1082,
        0.1357,
        0.2897,
        1.1622,
        0.535,
        2.61
    ]
}