{
    "metrics": {
        "RMSE": 0.36597052928842777,
        "LogLoss": 0.4331004172856593,
        "RMSE(bins)": 0.03790898996649372,
        "ICI": 0.010685026765225486
    },
    "user": 5111,
    "size": 21665
}