{
    "metrics": {
        "RMSE": 0.3703151416095597,
        "LogLoss": 0.42360967352884205,
        "RMSE(bins)": 0.08491584872477559,
        "ICI": 0.03825809124199234
    },
    "user": 5138,
    "size": 21510,
    "weights": [
        0.2305,
        1.0442,
        10.0671,
        93.3567,
        4.7539,
        1.8175,
        1.2443,
        0.0198,
        2.1097,
        0.1,
        1.3819,
        1.9147,
        0.1934,
        0.2486,
        1.4638,
        0.2877,
        4.0
    ]
}