{
    "FSRSv4": {
        "RMSE": 0.43181336009219135,
        "LogLoss": 0.562841751037065,
        "RMSE(bins)": 0.21910432799121166,
        "ICI": 0.1025915614499622
    },
    "user": 515,
    "size": 1440
}