{
    "FSRSv4": {
        "RMSE": 0.18095573929811165,
        "LogLoss": 0.1234978428693039,
        "RMSE(bins)": 0.16560784282561464,
        "RMSE(bins)Ratings": {
            "1": 0.48611846961327276,
            "2": 0.12273661494503929,
            "3": 0.08746231704113709,
            "4": 0.09269281555933044
        }
    },
    "user": 5177,
    "size": 1120,
    "weights": [
        1.8528,
        84.8414,
        97.6908,
        97.6908,
        4.7431,
        0.756,
        0.6634,
        0.2105,
        1.6756,
        0.1,
        1.1273,
        2.3584,
        0.01,
        0.5228,
        1.4321,
        0.2937,
        2.7375
    ]
}