{
    "FSRSv4": {
        "RMSE": 0.21075815526984,
        "LogLoss": 0.23543385115898655,
        "RMSE(bins)": 0.21074814566354697,
        "RMSE(bins)Ratings": {}
    },
    "user": 5185,
    "size": 5,
    "weights": [
        0.1926,
        0.6102,
        3.4406,
        10.9,
        4.93,
        0.94,
        0.86,
        0.01,
        1.49,
        0.14,
        0.94,
        2.18,
        0.05,
        0.34,
        1.26,
        0.29,
        2.61
    ]
}