{
    "metrics": {
        "RMSE": 0.40220383632612394,
        "LogLoss": 0.5218614223773497,
        "RMSE(bins)": 0.11623710978045142,
        "ICI": 0.0801273536259301
    },
    "user": 5213,
    "size": 3390
}