{
    "metrics": {
        "RMSE": 0.2623738534424458,
        "LogLoss": 0.24172703313133573,
        "RMSE(bins)": 0.11827262757878806,
        "ICI": 0.037952180387960596
    },
    "user": 5244,
    "size": 1150,
    "weights": [
        0.9848,
        1.515,
        11.4543,
        13.7039,
        4.721,
        0.7312,
        0.6751,
        0.1806,
        1.6988,
        0.1,
        1.1463,
        2.2491,
        0.01,
        0.4141,
        1.3225,
        0.3947,
        2.8205
    ]
}