{
    "FSRSv4": {
        "RMSE": 0.4750258399254472,
        "LogLoss": 0.6551455416339012,
        "RMSE(bins)": 0.13592562001319217,
        "RMSE(bins)Ratings": {
            "1": 0.1404494256647824,
            "2": 0.29523183655666246,
            "3": 0.11414429521394084,
            "4": 0.05763551537107526
        }
    },
    "user": 5251,
    "size": 16980,
    "weights": [
        0.7048,
        1.678,
        6.1646,
        7.2426,
        5.1197,
        0.9756,
        1.2527,
        0.0089,
        1.2768,
        0.3317,
        0.7156,
        2.1938,
        0.0934,
        0.3719,
        1.1602,
        0.361,
        2.3749
    ]
}