{
    "FSRSv4": {
        "RMSE": 0.10653114031267148,
        "LogLoss": 0.05726677550952007,
        "RMSE(bins)": 0.03156067932766292,
        "RMSE(bins)Ratings": {
            "1": 0.2941684327924276,
            "2": 0.09726931501983374,
            "3": 0.02252277539430577,
            "4": 0.009848335631278293
        }
    },
    "user": 5252,
    "size": 21555,
    "weights": [
        1.657,
        1.657,
        38.4107,
        312.2824,
        4.1769,
        1.8057,
        1.0938,
        0.0,
        2.4007,
        0.1132,
        1.8116,
        2.4012,
        0.01,
        0.4629,
        1.4981,
        0.0615,
        3.2967
    ]
}