{
    "metrics": {
        "RMSE": 0.3658782831502237,
        "LogLoss": 0.43664396332692834,
        "RMSE(bins)": 0.07996915680304098,
        "ICI": 0.023636639040564237
    },
    "user": 5327,
    "size": 6975,
    "weights": [
        0.752,
        1.0044,
        1.5504,
        6.458,
        5.2215,
        1.2129,
        0.6683,
        0.2726,
        1.3449,
        0.4875,
        0.775,
        2.1895,
        0.0386,
        0.3488,
        1.0828,
        0.5378,
        1.8906
    ]
}