{
    "metrics": {
        "RMSE": 0.3453734874218925,
        "LogLoss": 0.38952094965781,
        "RMSE(bins)": 0.17019400854197553,
        "ICI": 0.10172146078030729
    },
    "user": 5361,
    "size": 2440
}