{
    "metrics": {
        "RMSE": 0.3902167420976342,
        "LogLoss": 0.4767853720763786,
        "RMSE(bins)": 0.13484973530560482,
        "ICI": 0.10974143856150902
    },
    "user": 5387,
    "size": 29165,
    "weights": [
        0.3768,
        0.6562,
        1.5082,
        2.6266,
        5.4061,
        1.2916,
        0.8359,
        0.0608,
        1.0182,
        0.1,
        0.6395,
        1.6132,
        0.2,
        0.6563,
        1.5493,
        0.4256,
        2.4864
    ]
}