{
    "FSRSv4": {
        "RMSE": 0.3638786951431336,
        "LogLoss": 0.4246859539275006,
        "RMSE(bins)": 0.11851546392999296,
        "RMSE(bins)Ratings": {
            "1": 0.14487551566292536,
            "2": 0.2996038785577425,
            "3": 0.19309355582994223,
            "4": 0.044203817430550386
        }
    },
    "user": 5417,
    "size": 3720,
    "weights": [
        1.5073,
        2.4658,
        2.9805,
        4.3395,
        4.7676,
        0.897,
        1.0537,
        0.0,
        1.6808,
        0.1,
        1.1298,
        2.1944,
        0.0297,
        0.3565,
        1.239,
        0.1718,
        2.8143
    ]
}