{
    "metrics": {
        "RMSE": 0.331832285612231,
        "LogLoss": 0.3645422096156747,
        "RMSE(bins)": 0.07864783617655145,
        "ICI": 0.02345470790515924
    },
    "user": 5533,
    "size": 4505,
    "weights": [
        0.3272,
        0.5868,
        3.5915,
        10.9,
        4.9374,
        1.1311,
        1.0099,
        0.0287,
        1.7119,
        0.1,
        1.1087,
        2.1742,
        0.0833,
        0.3104,
        1.284,
        0.2043,
        3.1208
    ]
}