{
    "FSRSv4": {
        "RMSE": 0.3056067527306863,
        "LogLoss": 0.30770928597486813,
        "RMSE(bins)": 0.2152104102444704,
        "RMSE(bins)Ratings": {
            "1": 0.2815592329670483,
            "2": 0.14817841521710415,
            "3": 0.12044236341345067,
            "4": 0.23289355931369382
        }
    },
    "user": 5574,
    "size": 7085,
    "weights": [
        4.1111,
        10.9136,
        47.2043,
        176.5961,
        4.7786,
        0.8282,
        0.6897,
        0.1594,
        1.6358,
        0.1063,
        1.0885,
        2.2249,
        0.035,
        0.4044,
        1.5223,
        0.0,
        2.8297
    ]
}