{
    "FSRSv4": {
        "RMSE": 0.3348519546031202,
        "LogLoss": 0.3724450895262657,
        "RMSE(bins)": 0.048788771785928796,
        "RMSE(bins)Ratings": {
            "1": 0.1591170933211913,
            "2": 0.14068077954714556,
            "3": 0.07210892480529868,
            "4": 0.17484503339535593
        }
    },
    "user": 5623,
    "size": 6505,
    "weights": [
        0.808,
        0.9355,
        3.6018,
        6.0789,
        4.894,
        0.857,
        0.6839,
        0.0565,
        1.487,
        0.4197,
        0.9411,
        2.1027,
        0.1307,
        0.2887,
        1.2722,
        0.2319,
        2.2918
    ]
}