{
    "metrics": {
        "RMSE": 0.06767265621785702,
        "LogLoss": 0.03541851247609264,
        "RMSE(bins)": 0.022820443725602463,
        "ICI": 0.01667488674720992
    },
    "user": 5688,
    "size": 5345,
    "weights": [
        0.8858,
        3.8929,
        35.8667,
        35.8667,
        4.2578,
        0.6778,
        0.6179,
        0.2453,
        2.1846,
        0.1,
        1.603,
        2.6689,
        0.01,
        0.8247,
        1.6756,
        0.1429,
        3.4022
    ]
}