{
    "FSRSv4": {
        "RMSE": 0.26348760556837536,
        "LogLoss": 0.24378129858554157,
        "RMSE(bins)": 0.18347990078475734,
        "RMSE(bins)Ratings": {
            "1": 0.4341365791840953,
            "2": 0.20950949324225027,
            "3": 0.15167716935101458,
            "4": 0.06301048968510026
        }
    },
    "user": 5730,
    "size": 2445,
    "weights": [
        12.9672,
        19.6047,
        36.4441,
        36.4441,
        4.7413,
        0.7629,
        0.7053,
        0.1649,
        1.6885,
        0.1,
        1.1347,
        2.3922,
        0.01,
        0.5502,
        1.4682,
        0.4599,
        2.8267
    ]
}