{
    "metrics": {
        "RMSE": 0.4837118563214514,
        "LogLoss": 0.6778151922670107,
        "RMSE(bins)": 0.1887375324088189,
        "ICI": 0.09617570908452018
    },
    "user": 5742,
    "size": 27545,
    "weights": [
        0.3367,
        0.3367,
        0.3367,
        2.9781,
        4.5117,
        0.3256,
        0.7251,
        0.0145,
        0.9363,
        0.1,
        0.3615,
        1.93,
        0.2,
        0.2953,
        1.2504,
        1.0,
        2.8941
    ]
}