{
    "metrics": {
        "RMSE": 0.30490934437840006,
        "LogLoss": 0.3284023645840381,
        "RMSE(bins)": 0.04345087283417597,
        "ICI": 0.030105625458592616
    },
    "user": 5768,
    "size": 171345,
    "weights": [
        0.6387,
        0.8707,
        1.4449,
        7.1813,
        4.9126,
        1.2426,
        0.7806,
        0.0878,
        1.4347,
        0.3866,
        1.0131,
        2.0272,
        0.1185,
        0.4213,
        1.9415,
        0.1207,
        2.8623
    ]
}