{
    "FSRSv4": {
        "RMSE": 0.5227289833138542,
        "LogLoss": 0.7945982767718804,
        "RMSE(bins)": 0.21104779943236407,
        "ICI": 0.17929118258417365
    },
    "user": 5851,
    "size": 5185
}