{
    "FSRSv4": {
        "RMSE": 0.3022453169644987,
        "LogLoss": 0.3292033600641457,
        "RMSE(bins)": 0.10258619433176533,
        "RMSE(bins)Ratings": {
            "1": 0.06432606370586151,
            "2": 0.14016943991373906,
            "3": 0.03680208804508658,
            "4": 0.07369777283523078
        }
    },
    "user": 59,
    "size": 16695,
    "weights": [
        1.9327,
        2.1408,
        3.7179,
        14.0345,
        4.8945,
        0.8213,
        0.9614,
        0.0881,
        1.5156,
        0.1541,
        0.9552,
        2.0945,
        0.1181,
        0.3241,
        1.3694,
        0.0,
        3.6106
    ]
}