{
    "FSRSv4": {
        "RMSE": 0.5027480630057279,
        "LogLoss": 0.7426035063749333,
        "RMSE(bins)": 0.16293140053862917,
        "ICI": 0.12647599876357155
    },
    "user": 5965,
    "size": 15970
}