{
    "FSRSv4": {
        "RMSE": 0.34244837110955595,
        "LogLoss": 0.38959922231247696,
        "RMSE(bins)": 0.101100590071831,
        "RMSE(bins)Ratings": {
            "1": 0.14736089012160772,
            "2": 0.09364808948898491,
            "3": 0.08289873991369252,
            "4": 0.08705895529671233
        }
    },
    "user": 6003,
    "size": 8250,
    "weights": [
        0.971,
        2.5749,
        11.1196,
        70.5033,
        4.7464,
        1.1279,
        0.8911,
        0.0,
        1.822,
        0.1,
        1.2419,
        2.1536,
        0.1138,
        0.4387,
        1.079,
        0.1938,
        3.0065
    ]
}