{
    "FSRSv4": {
        "RMSE": 0.30608773024995556,
        "LogLoss": 0.29882731827972797,
        "RMSE(bins)": 0.16583105067354617,
        "ICI": 0.0775595964459355
    },
    "user": 6062,
    "size": 6415
}