{
    "metrics": {
        "RMSE": 0.2995348119047211,
        "LogLoss": 0.3190794286204889,
        "RMSE(bins)": 0.031466155711895094,
        "ICI": 0.020533081051292392
    },
    "user": 6097,
    "size": 38695,
    "weights": [
        0.5141,
        0.8096,
        1.6002,
        2.5203,
        5.0254,
        1.3887,
        0.8816,
        0.0217,
        1.5921,
        0.1005,
        1.0662,
        2.1644,
        0.0849,
        0.421,
        1.8445,
        0.3643,
        3.231
    ]
}