{
    "FSRSv4": {
        "RMSE": 0.24631037268867875,
        "LogLoss": 0.22662913633275575,
        "RMSE(bins)": 0.052490186641028634,
        "RMSE(bins)Ratings": {
            "1": 0.0984728976172917,
            "2": 0.06083172705226762,
            "3": 0.0544272960887667,
            "4": 0.06179321469435783
        }
    },
    "user": 6124,
    "size": 32170,
    "weights": [
        0.8507,
        3.5475,
        6.5383,
        50.1053,
        4.6487,
        1.4236,
        1.1643,
        0.0185,
        2.2028,
        0.1014,
        1.5363,
        2.2127,
        0.0816,
        0.3447,
        0.4526,
        0.1558,
        4.1478
    ]
}