{
    "metrics": {
        "RMSE": 0.4182003871213484,
        "LogLoss": 0.5296715766058824,
        "RMSE(bins)": 0.07152474954271319,
        "ICI": 0.04106428918194232
    },
    "user": 6163,
    "size": 3705
}