{
    "FSRSv4": {
        "RMSE": 0.2429105973109885,
        "LogLoss": 0.22615428466778204,
        "RMSE(bins)": 0.014518577899384967,
        "ICI": 0.006251688887209139
    },
    "user": 6187,
    "size": 44535
}