{
    "FSRSv4": {
        "RMSE": 0.3585910447301594,
        "LogLoss": 0.4180825565532458,
        "RMSE(bins)": 0.08456461048748116,
        "ICI": 0.05769226795177622
    },
    "user": 6264,
    "size": 24170
}