{
    "FSRSv4": {
        "RMSE": 0.27461529727284206,
        "LogLoss": 0.27290863802801274,
        "RMSE(bins)": 0.0388241992128867,
        "ICI": 0.010495639679119175
    },
    "user": 631,
    "size": 320630
}