{
    "metrics": {
        "RMSE": 0.3157206330338576,
        "LogLoss": 0.34408636661909775,
        "RMSE(bins)": 0.05054225957857766,
        "ICI": 0.017883577328168802
    },
    "user": 6317,
    "size": 64730,
    "weights": [
        0.408,
        0.6011,
        1.5785,
        14.3707,
        5.1326,
        1.2112,
        0.9709,
        0.0936,
        1.6063,
        0.2257,
        1.0235,
        2.2102,
        0.01,
        0.2546,
        1.4388,
        0.0705,
        3.1437
    ]
}