{
    "metrics": {
        "RMSE": 0.3169049686075462,
        "LogLoss": 0.3443128087394017,
        "RMSE(bins)": 0.1080472338054141,
        "ICI": 0.05036676302360244
    },
    "user": 6326,
    "size": 3815
}