{
    "FSRSv4": {
        "RMSE": 0.33077210470793117,
        "LogLoss": 0.37150740977421803,
        "RMSE(bins)": 0.04128126179942704,
        "RMSE(bins)Ratings": {
            "1": 0.1185060787016116,
            "2": 0.019784130822583405,
            "3": 0.05752248766396368,
            "4": 0.04135805713792812
        }
    },
    "user": 6437,
    "size": 232175,
    "weights": [
        0.2898,
        0.5354,
        1.3445,
        10.6737,
        3.5574,
        1.6915,
        0.2916,
        0.032,
        1.575,
        0.1,
        0.6949,
        1.6435,
        0.0769,
        0.3416,
        0.6384,
        0.7293,
        5.011
    ]
}