{
    "metrics": {
        "RMSE": 0.3341821317794174,
        "LogLoss": 0.3829397390425718,
        "RMSE(bins)": 0.08941019557073424,
        "ICI": 0.058990831208495735
    },
    "user": 6515,
    "size": 4680
}