{
    "metrics": {
        "RMSE": 0.32033932537148996,
        "LogLoss": 0.34832456813169205,
        "RMSE(bins)": 0.06387016486657972,
        "ICI": 0.0330020564031326
    },
    "user": 6569,
    "size": 9935,
    "weights": [
        0.7043,
        1.0472,
        4.8946,
        10.2563,
        4.997,
        0.9836,
        1.062,
        0.016,
        1.5,
        0.1771,
        0.9059,
        2.2004,
        0.0119,
        0.3358,
        0.9223,
        0.0105,
        2.3658
    ]
}