{
    "metrics": {
        "RMSE": 0.48912679637959344,
        "LogLoss": 0.7276723087319011,
        "RMSE(bins)": 0.16251314577199924,
        "ICI": 0.15045023266825497
    },
    "user": 6655,
    "size": 8850,
    "weights": [
        0.4643,
        2.5862,
        15.2504,
        19.7752,
        4.984,
        1.0259,
        0.7863,
        0.1548,
        1.4456,
        0.1,
        0.885,
        2.0682,
        0.2,
        0.2261,
        1.1385,
        0.185,
        2.7855
    ]
}