{
    "metrics": {
        "RMSE": 0.4455442513445851,
        "LogLoss": 0.6906635746481921,
        "RMSE(bins)": 0.26102074836481337,
        "ICI": 0.16113209525236577
    },
    "user": 6741,
    "size": 8585
}