{
    "metrics": {
        "RMSE": 0.4182938374224981,
        "LogLoss": 0.5439279468588808,
        "RMSE(bins)": 0.16650870300824294,
        "ICI": 0.10530409854222146
    },
    "user": 6898,
    "size": 655,
    "weights": [
        0.5252,
        0.8627,
        1.144,
        29.0058,
        5.0469,
        1.0583,
        0.9788,
        0.0,
        1.3838,
        0.1,
        0.8279,
        2.2941,
        0.01,
        0.4514,
        1.3763,
        0.4087,
        2.7302
    ]
}