{
    "FSRSv4": {
        "RMSE": 0.3370112553931183,
        "LogLoss": 0.38450658242588925,
        "RMSE(bins)": 0.0683436151359344,
        "RMSE(bins)Ratings": {
            "1": 0.09576998795359824,
            "2": 0.12845156320195775,
            "3": 0.06850606450846654,
            "4": 0.09240470488139048
        }
    },
    "user": 6908,
    "size": 13665,
    "weights": [
        0.3563,
        0.7503,
        27.6428,
        38.1926,
        4.9745,
        0.483,
        0.3527,
        0.5,
        1.3191,
        0.5021,
        0.8052,
        2.1278,
        0.1699,
        0.4239,
        1.6791,
        0.163,
        2.4232
    ]
}