{
    "metrics": {
        "RMSE": 0.28958520631521945,
        "LogLoss": 0.29827709838130334,
        "RMSE(bins)": 0.05645352636347129,
        "ICI": 0.030035703970335875
    },
    "user": 6915,
    "size": 15585,
    "weights": [
        0.4973,
        0.8092,
        1.6416,
        18.2956,
        4.858,
        1.2424,
        0.9659,
        0.0085,
        1.7591,
        0.1,
        1.2399,
        2.1185,
        0.0808,
        0.3246,
        1.6745,
        0.1708,
        3.2556
    ]
}