{
    "FSRSv4": {
        "RMSE": 0.223817990894949,
        "LogLoss": 0.20188681407736397,
        "RMSE(bins)": 0.019397857192031485,
        "RMSE(bins)Ratings": {
            "1": 0.012709346934277442,
            "2": 0.024230106325469746,
            "3": 0.019151549446778122,
            "4": 0.04082098507874527
        }
    },
    "user": 6920,
    "size": 388935,
    "weights": [
        1.3409,
        2.6548,
        7.3955,
        27.8258,
        6.1674,
        0.3765,
        0.7434,
        0.0128,
        1.2717,
        0.103,
        1.8141,
        0.9728,
        0.0236,
        0.6367,
        1.9911,
        0.0944,
        2.2279
    ]
}