{
    "metrics": {
        "RMSE": 0.3712388203630603,
        "LogLoss": 0.43831388808984134,
        "RMSE(bins)": 0.06906873283058033,
        "ICI": 0.040006223944385244
    },
    "user": 6959,
    "size": 1985,
    "weights": [
        0.2053,
        0.7837,
        1.4316,
        2.1394,
        5.0305,
        0.9974,
        1.0767,
        0.0,
        1.4634,
        0.2665,
        0.9259,
        2.2223,
        0.0314,
        0.377,
        1.3925,
        0.2098,
        2.3723
    ]
}