{
    "FSRSv4": {
        "RMSE": 0.42446949882097745,
        "LogLoss": 0.5493713399503671,
        "RMSE(bins)": 0.0913941088472381,
        "RMSE(bins)Ratings": {
            "1": 0.1452549999707062,
            "2": 0.17508280129366088,
            "3": 0.07096911579223762,
            "4": 0.0656915385289945
        }
    },
    "user": 6965,
    "size": 37975,
    "weights": [
        0.2172,
        0.3453,
        0.775,
        3.0439,
        5.2009,
        0.718,
        0.7672,
        0.3348,
        1.1099,
        0.1,
        0.6422,
        2.0285,
        0.1541,
        0.3489,
        0.9121,
        0.0005,
        2.1869
    ]
}