{
    "FSRSv4": {
        "RMSE": 0.21261565647254607,
        "LogLoss": 0.18247665524048845,
        "RMSE(bins)": 0.15433765339910532,
        "RMSE(bins)Ratings": {
            "1": 0.1170271426359931,
            "2": 0.10625998161949846,
            "3": 0.022252746470899823,
            "4": 0.023689593500679517
        }
    },
    "user": 6980,
    "size": 23460,
    "weights": [
        7.7126,
        7.7126,
        22.9042,
        310.8313,
        4.598,
        1.4764,
        0.9093,
        0.2574,
        2.0013,
        0.1,
        1.326,
        2.1097,
        0.127,
        0.2961,
        1.7845,
        0.0329,
        2.7194
    ]
}