{
    "metrics": {
        "RMSE": 0.1846075098465435,
        "LogLoss": 0.15276637546336813,
        "RMSE(bins)": 0.07428951494438402,
        "ICI": 0.05197333860113835
    },
    "user": 7036,
    "size": 5030,
    "weights": [
        2.652,
        20.4766,
        35.0551,
        58.6282,
        4.7883,
        0.8237,
        0.8061,
        0.1043,
        1.6233,
        0.1,
        1.0745,
        2.3094,
        0.0106,
        0.4722,
        1.3697,
        0.5104,
        2.8516
    ]
}