{
    "metrics": {
        "RMSE": 0.09022788312473466,
        "LogLoss": 0.05895159948029714,
        "RMSE(bins)": 0.036266650144705155,
        "ICI": 0.02561277004453812
    },
    "user": 7049,
    "size": 2485,
    "weights": [
        0.7064,
        3.6043,
        80.6633,
        80.6633,
        4.7266,
        0.7278,
        0.7042,
        0.1671,
        1.6951,
        0.1,
        1.1437,
        2.3612,
        0.01,
        0.5189,
        1.4312,
        0.5051,
        2.815
    ]
}