{
    "metrics": {
        "RMSE": 0.3885884395373996,
        "LogLoss": 0.4727356637473872,
        "RMSE(bins)": 0.0545585610305442,
        "ICI": 0.03903403125925276
    },
    "user": 7101,
    "size": 260060
}