{
    "metrics": {
        "RMSE": 0.2271329893215871,
        "LogLoss": 0.20400098691641277,
        "RMSE(bins)": 0.03817230074440851,
        "ICI": 0.02060642800684684
    },
    "user": 7160,
    "size": 62190,
    "weights": [
        0.6274,
        0.8993,
        14.9581,
        97.4683,
        5.6945,
        1.5587,
        1.5411,
        0.0301,
        2.0767,
        0.1,
        1.548,
        1.8335,
        0.175,
        0.5815,
        1.0016,
        0.1416,
        4.0
    ]
}