{
    "metrics": {
        "RMSE": 0.42795885310439297,
        "LogLoss": 0.5563501515798622,
        "RMSE(bins)": 0.06321221605372315,
        "ICI": 0.038422343805589586
    },
    "user": 7180,
    "size": 23790,
    "weights": [
        0.4457,
        0.4457,
        0.4898,
        10.9,
        5.5438,
        1.1641,
        1.5509,
        0.0016,
        1.2084,
        0.1,
        0.6911,
        2.1658,
        0.0302,
        0.3503,
        0.7393,
        0.1254,
        1.7046
    ]
}