{
    "FSRSv4": {
        "RMSE": 0.32898581263975246,
        "LogLoss": 0.3646426918462228,
        "RMSE(bins)": 0.05543753199704928,
        "RMSE(bins)Ratings": {
            "1": 0.08463681206928572,
            "2": 0.08047435157841197,
            "3": 0.049926740753090865,
            "4": 0.09718645465674565
        }
    },
    "user": 7193,
    "size": 25995,
    "weights": [
        0.899,
        1.7018,
        4.4324,
        13.026,
        4.8369,
        2.0113,
        0.3269,
        0.0,
        1.9015,
        0.4093,
        1.2972,
        2.3174,
        0.1056,
        0.4759,
        0.1903,
        0.0921,
        2.8761
    ]
}