{
    "FSRSv4": {
        "RMSE": 0.2668211428772183,
        "LogLoss": 0.26458879475741487,
        "RMSE(bins)": 0.027355922452489266,
        "ICI": 0.013106011107354001
    },
    "user": 7273,
    "size": 8545
}