{
    "metrics": {
        "RMSE": 0.2763065189272073,
        "LogLoss": 0.2685405334837671,
        "RMSE(bins)": 0.07080516167062416,
        "ICI": 0.012838522969422545
    },
    "user": 7333,
    "size": 4040,
    "weights": [
        0.6047,
        1.3605,
        3.477,
        16.4778,
        4.9473,
        0.94,
        0.8102,
        0.1305,
        1.4573,
        0.3043,
        0.8888,
        2.1988,
        0.0796,
        0.4812,
        1.3101,
        0.2211,
        2.6652
    ]
}