{
    "FSRSv4": {
        "RMSE": 0.23041413018282106,
        "LogLoss": 0.22051824175353738,
        "RMSE(bins)": 0.10366292784887478,
        "RMSE(bins)Ratings": {
            "1": 0.30265082212311656,
            "2": 0.08312672003524252,
            "3": 0.12338011303627601,
            "4": 0.024514917588149387
        }
    },
    "user": 7475,
    "size": 14485,
    "weights": [
        0.4705,
        5.1216,
        183.9357,
        183.9357,
        5.1677,
        0.1,
        0.6308,
        0.0651,
        1.2918,
        0.7066,
        0.7913,
        2.0014,
        0.1428,
        0.1521,
        0.9666,
        0.1316,
        3.3585
    ]
}