{
    "metrics": {
        "RMSE": 0.28977013509602717,
        "LogLoss": 0.30201110263779235,
        "RMSE(bins)": 0.0375203038635171,
        "ICI": 0.015547608240193756
    },
    "user": 7514,
    "size": 96885,
    "weights": [
        0.7174,
        1.6987,
        3.1365,
        15.7421,
        4.6928,
        2.224,
        0.6704,
        0.0,
        1.96,
        0.388,
        1.2804,
        2.7763,
        0.01,
        0.2934,
        0.5215,
        0.0,
        1.0
    ]
}