{
    "metrics": {
        "RMSE": 0.28618588451988847,
        "LogLoss": 0.29927301743147244,
        "RMSE(bins)": 0.08294342929508067,
        "ICI": 0.03531232589509658
    },
    "user": 7529,
    "size": 12125,
    "weights": [
        3.1128,
        5.1277,
        22.1878,
        38.9799,
        5.1369,
        1.5045,
        0.9775,
        0.0,
        1.2904,
        0.1,
        0.7437,
        2.1014,
        0.1522,
        0.3254,
        1.3713,
        0.3302,
        2.3037
    ]
}