{
    "FSRSv4": {
        "RMSE": 0.4024634041423456,
        "LogLoss": 0.504060696890586,
        "RMSE(bins)": 0.06984837003815299,
        "RMSE(bins)Ratings": {
            "1": 0.08885796519113719,
            "2": 0.21199595525719184,
            "3": 0.16745967437742135,
            "4": 0.34677124801650633
        }
    },
    "user": 7552,
    "size": 2155,
    "weights": [
        2.2505,
        2.0162,
        2.2505,
        2.3497,
        5.1316,
        1.1271,
        0.7836,
        0.0433,
        1.2444,
        0.394,
        0.6915,
        2.1825,
        0.0564,
        0.3596,
        1.1333,
        0.059,
        2.3161
    ]
}