{
    "FSRSv4": {
        "RMSE": 0.4090749726149374,
        "LogLoss": 0.5126493080734619,
        "RMSE(bins)": 0.05898666346905147,
        "RMSE(bins)Ratings": {
            "1": 0.10016217458836445,
            "2": 0.10218863502559473,
            "3": 0.05862969591911986,
            "4": 0.06813205600586227
        }
    },
    "user": 7559,
    "size": 13295,
    "weights": [
        0.1667,
        1.2256,
        1.4623,
        4.055,
        5.1747,
        1.3178,
        0.7838,
        0.0,
        1.3162,
        0.1046,
        0.7839,
        2.1582,
        0.0185,
        0.2415,
        1.4204,
        0.8727,
        1.7187
    ]
}