{
    "FSRSv4": {
        "RMSE": 0.5026455470512329,
        "LogLoss": 0.7476904127652821,
        "RMSE(bins)": 0.17309832388190047,
        "ICI": 0.13824421886289504
    },
    "user": 7595,
    "size": 8925
}