{
    "FSRSv4": {
        "RMSE": 0.16663646310793498,
        "LogLoss": 0.12128062094075244,
        "RMSE(bins)": 0.08754946005114395,
        "ICI": 0.05670921184531727
    },
    "user": 7607,
    "size": 4375
}