{
    "metrics": {
        "RMSE": 0.4077934000580138,
        "LogLoss": 0.585214126748307,
        "RMSE(bins)": 0.3044637360497544,
        "ICI": 0.1675588366145613
    },
    "user": 7628,
    "size": 540
}