{
    "FSRSv4": {
        "RMSE": 0.3069889365277949,
        "LogLoss": 0.3258368899243503,
        "RMSE(bins)": 0.0420554899054409,
        "RMSE(bins)Ratings": {
            "1": 0.10651955544900892,
            "2": 0.20123824897808273,
            "3": 0.035529306422169456,
            "4": 0.2574930476877124
        }
    },
    "user": 7629,
    "size": 5665,
    "weights": [
        0.3344,
        0.3837,
        1.8413,
        5.239,
        5.09,
        1.4035,
        1.243,
        0.0,
        1.6799,
        0.1,
        1.1096,
        2.1643,
        0.0667,
        0.3064,
        1.3078,
        0.071,
        2.61
    ]
}