{
    "FSRSv4": {
        "RMSE": 0.30513900845329,
        "LogLoss": 0.32305975095555917,
        "RMSE(bins)": 0.03548998364105643,
        "RMSE(bins)Ratings": {
            "1": 0.10257436269814389,
            "2": 0.20274122901076352,
            "3": 0.032213212735812596
        }
    },
    "user": 7629,
    "size": 5545,
    "weights": [
        0.317,
        0.3838,
        1.7962,
        5.0253,
        5.0553,
        1.4566,
        1.2191,
        0.0,
        1.6968,
        0.1,
        1.1361,
        2.1621,
        0.0692,
        0.3052,
        1.3193,
        0.0817,
        2.61
    ]
}