{
    "FSRSv4": {
        "RMSE": 0.48579587010233055,
        "LogLoss": 0.6960777848445654,
        "RMSE(bins)": 0.23419272155365728,
        "RMSE(bins)Ratings": {
            "1": 0.27529581230837846,
            "2": 0.3431553014049699,
            "3": 0.3310401275714972,
            "4": 0.17850157452326876
        }
    },
    "user": 7662,
    "size": 1140,
    "weights": [
        0.3938,
        2.1384,
        5.2117,
        10.9,
        4.8127,
        0.8258,
        0.7512,
        0.1201,
        1.6086,
        0.1,
        1.058,
        2.2912,
        0.01,
        0.45,
        1.3735,
        0.17,
        2.7288
    ]
}