{
    "metrics": {
        "RMSE": 0.32185762813180474,
        "LogLoss": 0.34543282572828726,
        "RMSE(bins)": 0.07210896119336649,
        "ICI": 0.028711675696551257
    },
    "user": 785,
    "size": 9100,
    "weights": [
        0.4228,
        0.6728,
        1.2896,
        10.9,
        4.9748,
        1.0033,
        0.8719,
        0.2125,
        1.5562,
        0.252,
        0.9894,
        2.2573,
        0.0999,
        0.5187,
        1.3556,
        0.3832,
        2.8422
    ]
}