{
    "FSRSv4": {
        "RMSE": 0.3486264597485088,
        "LogLoss": 0.4038474402906094,
        "RMSE(bins)": 0.030979138891505893,
        "RMSE(bins)Ratings": {
            "1": 0.0675152105359641,
            "2": 0.0305222763235449,
            "3": 0.05482485293606983,
            "4": 0.12652310340308928
        }
    },
    "user": 7934,
    "size": 102730,
    "weights": [
        0.2428,
        0.753,
        0.7691,
        7.8981,
        5.8029,
        1.652,
        1.3061,
        0.1848,
        1.4456,
        0.5261,
        0.9583,
        2.5766,
        0.0114,
        0.3054,
        0.1314,
        0.3139,
        3.6358
    ]
}