{
    "FSRSv4": {
        "RMSE": 0.30269734261235137,
        "LogLoss": 0.3219927669413839,
        "RMSE(bins)": 0.02494238205259605,
        "RMSE(bins)Ratings": {
            "1": 0.058221501481639126,
            "2": 0.1266570842083481,
            "3": 0.027159991728171348,
            "4": 0.0475892908758668
        }
    },
    "user": 7947,
    "size": 135250,
    "weights": [
        0.4957,
        2.5887,
        2.5887,
        2.5887,
        4.4265,
        2.1027,
        2.2727,
        0.0,
        2.2482,
        0.3907,
        1.1782,
        2.5968,
        0.01,
        0.2568,
        1.0055,
        0.2643,
        2.2874
    ]
}