{
    "FSRSv4": {
        "RMSE": 0.10411860254637269,
        "LogLoss": 0.05810068004856311,
        "RMSE(bins)": 0.027970670148515182,
        "RMSE(bins)Ratings": {
            "1": 0.046177001012270534,
            "2": 0.05632009576226763,
            "3": 0.03287315270078573,
            "4": 0.012360971856778428
        }
    },
    "user": 7962,
    "size": 31845,
    "weights": [
        0.8608,
        1.1665,
        16.8678,
        16.8678,
        4.1854,
        1.0972,
        1.3299,
        0.0,
        2.2709,
        0.1488,
        1.6406,
        2.4316,
        0.0889,
        0.5311,
        1.7945,
        0.1495,
        2.6506
    ]
}