{
    "FSRSv4": {
        "RMSE": 0.44758036502917437,
        "LogLoss": 0.6085631330459461,
        "RMSE(bins)": 0.11389164403300622,
        "RMSE(bins)Ratings": {
            "1": 0.12790194282370274,
            "2": 0.09580235974427463,
            "3": 0.11514219082445618,
            "4": 0.18507252924056178
        }
    },
    "user": 7976,
    "size": 16330,
    "weights": [
        0.3657,
        1.0105,
        2.9109,
        15.6426,
        5.0484,
        1.1279,
        0.9858,
        0.0097,
        1.3784,
        0.1013,
        0.832,
        2.1005,
        0.1412,
        0.3135,
        1.215,
        0.3717,
        3.5049
    ]
}