{
    "metrics": {
        "RMSE": 0.06174246928102246,
        "LogLoss": 0.023000368737982186,
        "RMSE(bins)": 0.006924248238030965,
        "ICI": 0.004247110123584513
    },
    "user": 7994,
    "size": 111465
}