{
    "FSRSv4": {
        "RMSE": 0.3071552197376071,
        "LogLoss": 0.32748836710560814,
        "RMSE(bins)": 0.029971164001862248,
        "ICI": 0.02021687873457695
    },
    "user": 8047,
    "size": 239850
}