{
    "metrics": {
        "RMSE": 0.07892813134240532,
        "LogLoss": 0.04532850144043739,
        "RMSE(bins)": 0.020067765345382047,
        "ICI": 0.01589455558534483
    },
    "user": 8105,
    "size": 2950,
    "weights": [
        0.0289,
        0.2282,
        5.057,
        39.899,
        4.8842,
        1.1173,
        0.7123,
        0.1562,
        1.534,
        0.1,
        0.985,
        2.1,
        0.1307,
        0.2627,
        1.1734,
        0.47,
        2.5812
    ]
}