{
    "metrics": {
        "RMSE": 0.05989317288631359,
        "LogLoss": 0.02402966592771643,
        "RMSE(bins)": 0.015812949425364452,
        "ICI": 0.00988756268392474
    },
    "user": 819,
    "size": 5750,
    "weights": [
        0.841,
        1.8444,
        4.3624,
        10.9,
        4.279,
        1.0143,
        0.588,
        0.3113,
        2.1657,
        0.1,
        1.6037,
        2.1451,
        0.1326,
        0.3373,
        1.2367,
        0.3017,
        2.606
    ]
}