{
    "metrics": {
        "RMSE": 0.23452831697119197,
        "LogLoss": 0.2108377189818982,
        "RMSE(bins)": 0.04121704584077302,
        "ICI": 0.014512593098774122
    },
    "user": 82,
    "size": 7015,
    "weights": [
        0.6619,
        1.2244,
        3.08,
        17.8238,
        4.5915,
        0.9207,
        1.0894,
        0.0,
        1.9037,
        0.1,
        1.3277,
        2.2252,
        0.0437,
        0.3364,
        1.1469,
        0.29,
        3.0764
    ]
}