{
    "metrics": {
        "RMSE": 0.2708023256612601,
        "LogLoss": 0.27232835909151865,
        "RMSE(bins)": 0.025646017557918233,
        "ICI": 0.011265056945466366
    },
    "user": 8205,
    "size": 43565,
    "weights": [
        0.9176,
        4.8121,
        5.623,
        10.9,
        4.5085,
        0.9752,
        1.5031,
        0.0,
        1.7733,
        0.3492,
        1.1958,
        2.044,
        0.1796,
        0.4649,
        1.0011,
        0.2003,
        4.0
    ]
}