{
    "FSRSv4": {
        "RMSE": 0.20928774650051107,
        "LogLoss": 0.15860365767588652,
        "RMSE(bins)": 0.20407636313672797,
        "ICI": 0.1202446602038667
    },
    "user": 8211,
    "size": 1880
}