{
    "metrics": {
        "RMSE": 0.29480979265930984,
        "LogLoss": 0.3032006400134127,
        "RMSE(bins)": 0.056102580681983906,
        "ICI": 0.0072417477633718134
    },
    "user": 8306,
    "size": 5700,
    "weights": [
        0.8859,
        1.6561,
        3.9671,
        17.8923,
        4.7404,
        0.7135,
        0.6406,
        0.2334,
        1.6636,
        0.1569,
        1.1081,
        2.194,
        0.0679,
        0.3263,
        1.1683,
        0.4796,
        2.8939
    ]
}