{
    "FSRSv4": {
        "RMSE": 0.17578025197856043,
        "LogLoss": 0.13853853375932873,
        "RMSE(bins)": 0.03213026612062935,
        "RMSE(bins)Ratings": {
            "1": 0.14474668635122007,
            "2": 0.1839536616945862,
            "3": 0.043930205198136243,
            "4": 0.027553985266014602
        }
    },
    "user": 8342,
    "size": 3835,
    "weights": [
        0.3569,
        0.3666,
        10.9606,
        105.5906,
        4.503,
        0.5499,
        0.8997,
        0.1096,
        1.9194,
        0.1,
        1.3527,
        2.1374,
        0.1219,
        0.3126,
        1.3381,
        0.0001,
        2.8208
    ]
}