{
    "FSRSv4": {
        "RMSE": 0.23725006740726132,
        "LogLoss": 0.2143281196769927,
        "RMSE(bins)": 0.12641403216830138,
        "RMSE(bins)Ratings": {
            "1": 0.08326627016548586,
            "2": 0.13252146532930517,
            "3": 0.19517646106946906,
            "4": 0.15190172451149186
        }
    },
    "user": 8453,
    "size": 15440,
    "weights": [
        4.6475,
        16.8626,
        116.5432,
        123.1326,
        4.93,
        0.94,
        0.86,
        0.01,
        1.49,
        0.14,
        0.94,
        2.18,
        0.05,
        0.34,
        1.26,
        0.29,
        2.61
    ]
}