{
    "metrics": {
        "RMSE": 0.39567939274726677,
        "LogLoss": 0.48602501994156166,
        "RMSE(bins)": 0.07043519071682337,
        "ICI": 0.035463050723008635
    },
    "user": 8602,
    "size": 11265,
    "weights": [
        0.4679,
        0.6329,
        2.3775,
        11.4146,
        4.9772,
        1.1522,
        0.7837,
        0.0002,
        1.4959,
        0.1799,
        0.9348,
        2.2041,
        0.0115,
        0.3206,
        0.9829,
        0.3942,
        2.5282
    ]
}