{
    "FSRSv4": {
        "RMSE": 0.3697105064629531,
        "LogLoss": 0.44789750583726534,
        "RMSE(bins)": 0.1417886082070365,
        "RMSE(bins)Ratings": {
            "1": 0.23973633966407187,
            "2": 0.16968285007323544,
            "3": 0.13617121769024795,
            "4": 0.12906634628590805
        }
    },
    "user": 8610,
    "size": 2155,
    "weights": [
        2.9943,
        3.3625,
        9.7925,
        33.8649,
        4.6795,
        0.6558,
        0.6757,
        0.1903,
        1.6381,
        0.1,
        1.0702,
        2.4326,
        0.01,
        0.5864,
        1.4272,
        0.2744,
        2.895
    ]
}