{
    "FSRSv4": {
        "RMSE": 0.4063222938488369,
        "LogLoss": 0.5423481776912877,
        "RMSE(bins)": 0.16398399580534034,
        "RMSE(bins)Ratings": {
            "1": 0.2299895152433453,
            "2": 0.18641926979061638,
            "3": 0.13086906421166902,
            "4": 0.15784223443905282
        }
    },
    "user": 8629,
    "size": 5230,
    "weights": [
        2.0167,
        4.9089,
        9.7967,
        16.8172,
        5.2976,
        1.2197,
        1.0616,
        0.0,
        1.0997,
        0.5478,
        0.5296,
        2.19,
        0.01,
        0.3155,
        1.0437,
        0.0,
        2.3613
    ]
}