{
    "FSRSv4": {
        "RMSE": 0.3929827281869462,
        "LogLoss": 0.481301493283036,
        "RMSE(bins)": 0.05231204107576921,
        "RMSE(bins)Ratings": {
            "1": 0.07844766441827504,
            "2": 0.2399054331388655,
            "3": 0.07700155174822165,
            "4": 0.16245068461359946
        }
    },
    "user": 8809,
    "size": 2310,
    "weights": [
        0.2635,
        0.9822,
        3.8973,
        9.7679,
        5.1666,
        1.1389,
        0.7153,
        0.0541,
        1.2485,
        0.2633,
        0.6949,
        2.1744,
        0.0396,
        0.3347,
        1.1703,
        0.066,
        2.61
    ]
}