{
    "metrics": {
        "RMSE": 0.4270394545812368,
        "LogLoss": 0.5438998622032387,
        "RMSE(bins)": 0.05739020936358587,
        "ICI": 0.051315349797884796
    },
    "user": 8817,
    "size": 1890,
    "weights": [
        0.3117,
        0.7129,
        2.4654,
        10.9,
        5.1101,
        1.1218,
        0.9993,
        0.0,
        1.3107,
        0.1,
        0.7583,
        2.1745,
        0.053,
        0.3308,
        1.4103,
        0.4777,
        2.7863
    ]
}