{
    "FSRSv4": {
        "RMSE": 0.2914173923967265,
        "LogLoss": 0.2937478172432324,
        "RMSE(bins)": 0.11458805445971416,
        "RMSE(bins)Ratings": {
            "1": 0.1808642926215991,
            "2": 0.12033898874341575,
            "3": 0.11594331084571452,
            "4": 0.10448961864992824
        }
    },
    "user": 8821,
    "size": 3950,
    "weights": [
        4.6598,
        4.6598,
        5.8272,
        31.5451,
        5.0998,
        1.1579,
        0.8702,
        0.0137,
        1.3253,
        0.2419,
        0.7737,
        2.1866,
        0.0453,
        0.3478,
        1.1153,
        0.16,
        2.788
    ]
}