{
    "FSRSv4": {
        "RMSE": 0.21821867002867498,
        "LogLoss": 0.18785562352189042,
        "RMSE(bins)": 0.08850938224249447,
        "RMSE(bins)Ratings": {
            "1": 0.15238965297602636,
            "2": 0.10223434981077566,
            "3": 0.041375086722912256,
            "4": 0.046144419378749406
        }
    },
    "user": 8850,
    "size": 7480,
    "weights": [
        2.8038,
        18.6585,
        18.6585,
        36.2016,
        4.5445,
        0.7736,
        0.5888,
        0.258,
        1.9254,
        0.1,
        1.3586,
        2.3756,
        0.0656,
        0.4595,
        1.7834,
        0.2806,
        3.1479
    ]
}