{
    "metrics": {
        "RMSE": 0.13004585378452715,
        "LogLoss": 0.08575188300354458,
        "RMSE(bins)": 0.029753446650985105,
        "ICI": 0.014602301649909326
    },
    "user": 8911,
    "size": 5875,
    "weights": [
        11.3902,
        18.8838,
        40.3114,
        66.8323,
        4.2028,
        0.2406,
        0.9978,
        0.2397,
        2.2499,
        0.1,
        1.653,
        2.2665,
        0.0366,
        0.4453,
        1.6529,
        0.0,
        3.29
    ]
}