{
    "FSRSv4": {
        "RMSE": 0.2072989147886135,
        "LogLoss": 0.16009577127049915,
        "RMSE(bins)": 0.1470490513699159,
        "RMSE(bins)Ratings": {
            "1": 0.1365457199113342,
            "2": 0.12375230645134427,
            "3": 0.13770565946491706,
            "4": 0.34834611838210183
        }
    },
    "user": 8982,
    "size": 7965,
    "weights": [
        0.7786,
        6.5696,
        12.0673,
        15.4874,
        4.681,
        0.8297,
        0.7792,
        0.1264,
        1.7484,
        0.1221,
        1.2089,
        2.4552,
        0.0106,
        0.6272,
        1.5623,
        0.4885,
        2.9715
    ]
}