{
    "FSRSv4": {
        "RMSE": 0.4151083288064965,
        "LogLoss": 0.5317704045911167,
        "RMSE(bins)": 0.10969573276226077,
        "RMSE(bins)Ratings": {
            "1": 0.16951965123923984,
            "2": 0.19795318420990368,
            "3": 0.0887147255024184,
            "4": 0.11691724763846736
        }
    },
    "user": 9002,
    "size": 13800,
    "weights": [
        1.2351,
        2.5753,
        4.3037,
        8.986,
        4.9995,
        1.1566,
        1.0929,
        0.0,
        1.4935,
        0.1,
        0.9823,
        2.2071,
        0.0179,
        0.3436,
        1.2471,
        0.0802,
        2.821
    ]
}