{
    "FSRSv4": {
        "RMSE": 0.171333584690199,
        "LogLoss": 0.12256785638371921,
        "RMSE(bins)": 0.06400604809924339,
        "ICI": 0.020398093459664018
    },
    "user": 9012,
    "size": 2600
}