{
    "metrics": {
        "RMSE": 0.360108149084989,
        "LogLoss": 0.4172922886121828,
        "RMSE(bins)": 0.1407094070365076,
        "ICI": 0.0699395299820319
    },
    "user": 9026,
    "size": 37325,
    "weights": [
        0.7505,
        3.2135,
        5.6554,
        21.0082,
        4.9674,
        1.784,
        0.9708,
        0.1637,
        1.8231,
        0.1,
        1.2091,
        2.1755,
        0.0618,
        0.3284,
        1.6131,
        0.2474,
        3.4577
    ]
}