{
    "FSRSv4": {
        "RMSE": 0.33739483374186696,
        "LogLoss": 0.38970380692060314,
        "RMSE(bins)": 0.13162388394902144,
        "ICI": 0.06826152372053768
    },
    "user": 9051,
    "size": 1190
}