{
    "FSRSv4": {
        "RMSE": 0.05840985236109193,
        "LogLoss": 0.03255262154609363,
        "RMSE(bins)": 0.02340339212743776,
        "RMSE(bins)Ratings": {
            "1": 0.2410178659090383,
            "2": 0.02885375285978396,
            "3": 0.02152000805624564,
            "4": 0.010373177925649513
        }
    },
    "user": 912,
    "size": 9805,
    "weights": [
        0.7771,
        2.5195,
        14.7084,
        14.7084,
        3.8727,
        1.1209,
        0.7151,
        0.2099,
        2.6077,
        0.1,
        1.9065,
        2.4002,
        0.0438,
        0.6319,
        1.4207,
        0.1839,
        2.7944
    ]
}