{
    "FSRSv4": {
        "RMSE": 0.43305475896700374,
        "LogLoss": 0.5790137590741893,
        "RMSE(bins)": 0.08280353536176109,
        "RMSE(bins)Ratings": {
            "1": 0.13316239103518285,
            "2": 0.09916417889769684,
            "3": 0.08278402343349063,
            "4": 0.29002897239600023
        }
    },
    "user": 9181,
    "size": 16030,
    "weights": [
        0.1879,
        1.0934,
        1.4292,
        1.4292,
        4.8312,
        0.9676,
        0.6372,
        0.0,
        1.365,
        0.2143,
        0.7804,
        2.0278,
        0.1947,
        0.208,
        0.7616,
        0.422,
        2.0101
    ]
}