{
    "FSRSv4": {
        "RMSE": 0.1699436503002272,
        "LogLoss": 0.1296197523299251,
        "RMSE(bins)": 0.05463623827735158,
        "RMSE(bins)Ratings": {
            "1": 0.08308002091611615,
            "2": 0.05049009820399893,
            "3": 0.049529535872906955,
            "4": 0.028952802657411715
        }
    },
    "user": 9187,
    "size": 28725,
    "weights": [
        0.7208,
        8.7351,
        8.7351,
        21.3012,
        4.2684,
        0.7254,
        1.1411,
        0.0176,
        2.1024,
        0.1,
        1.3881,
        2.0784,
        0.115,
        0.2809,
        1.1573,
        0.59,
        2.2725
    ]
}