{
    "metrics": {
        "RMSE": 0.3107820357456422,
        "LogLoss": 0.3390059158467432,
        "RMSE(bins)": 0.04955128692021454,
        "ICI": 0.022617172746178797
    },
    "user": 9234,
    "size": 29960,
    "weights": [
        1.0068,
        1.2496,
        2.2488,
        8.5139,
        5.1829,
        1.3561,
        0.9441,
        0.1084,
        1.374,
        0.296,
        0.87,
        2.3344,
        0.0102,
        0.3687,
        1.3592,
        0.1731,
        2.8644
    ]
}