{
    "metrics": {
        "RMSE": 0.3056689186891219,
        "LogLoss": 0.3212391601700191,
        "RMSE(bins)": 0.060809709059697604,
        "ICI": 0.04146911816531067
    },
    "user": 9334,
    "size": 35180
}