{
    "FSRSv4": {
        "RMSE": 0.4596103466720322,
        "LogLoss": 0.6241010801581819,
        "RMSE(bins)": 0.09824558618261964,
        "ICI": 0.07386008210072663
    },
    "user": 9346,
    "size": 6505
}