{
    "FSRSv4": {
        "RMSE": 0.4177398336008692,
        "LogLoss": 0.5331664256793536,
        "RMSE(bins)": 0.10291861752387257,
        "RMSE(bins)Ratings": {
            "1": 0.1385346451360887,
            "2": 0.11240962899522282,
            "3": 0.14357740239152364,
            "4": 0.1643155575875583
        }
    },
    "user": 9351,
    "size": 22650,
    "weights": [
        0.2116,
        1.0139,
        1.7419,
        5.3935,
        5.3282,
        0.5733,
        0.6018,
        0.3082,
        0.9242,
        0.1113,
        0.5047,
        1.9985,
        0.0697,
        0.2572,
        1.4132,
        0.8605,
        1.3958
    ]
}