{
    "FSRSv4": {
        "RMSE": 0.27078760394775664,
        "LogLoss": 0.27575964306119155,
        "RMSE(bins)": 0.11058708586462358,
        "RMSE(bins)Ratings": {
            "1": 0.1065429006721897,
            "2": 0.09292673512104238,
            "3": 0.14139709674909373,
            "4": 0.06302874972415555
        }
    },
    "user": 9361,
    "size": 113340,
    "weights": [
        0.4562,
        1.3497,
        2.597,
        42.9749,
        4.7834,
        2.9132,
        0.8544,
        0.2721,
        1.9649,
        0.1,
        0.9431,
        2.3754,
        0.0176,
        0.2908,
        1.2594,
        0.5656,
        3.2026
    ]
}