{
    "metrics": {
        "RMSE": 0.39343428196649527,
        "LogLoss": 0.4900599420454611,
        "RMSE(bins)": 0.04202886078987724,
        "ICI": 0.03003161462904338
    },
    "user": 9417,
    "size": 34500,
    "weights": [
        0.2134,
        0.7719,
        0.7719,
        0.7719,
        5.6114,
        1.2827,
        0.9768,
        0.0727,
        1.2992,
        0.1167,
        0.8033,
        2.1807,
        0.01,
        0.184,
        2.0,
        0.0333,
        1.643
    ]
}