{
    "FSRSv4": {
        "RMSE": 0.3717586596025661,
        "LogLoss": 0.4519324177508889,
        "RMSE(bins)": 0.09373986422221643,
        "RMSE(bins)Ratings": {
            "1": 0.07225077630802582,
            "2": 0.24922086272506722,
            "3": 0.032333129467219064,
            "4": 0.25066654717526965
        }
    },
    "user": 9434,
    "size": 97370,
    "weights": [
        1.0498,
        1.0498,
        1.0498,
        162.0761,
        5.814,
        1.339,
        1.3186,
        0.0,
        1.3003,
        0.2007,
        0.8898,
        1.8816,
        0.0138,
        0.242,
        2.0,
        0.0542,
        3.0598
    ]
}