{
    "metrics": {
        "RMSE": 0.2601039404792283,
        "LogLoss": 0.2568948021596265,
        "RMSE(bins)": 0.06449541160002321,
        "ICI": 0.02211808616228781
    },
    "user": 9442,
    "size": 8125,
    "weights": [
        0.2244,
        0.7643,
        1.2701,
        1.7821,
        4.5832,
        1.5648,
        0.9466,
        0.0295,
        1.9095,
        0.1,
        1.353,
        2.1887,
        0.01,
        0.3372,
        1.5924,
        0.1621,
        2.8489
    ]
}