{
    "metrics": {
        "RMSE": 0.4169820028803338,
        "LogLoss": 0.5414163368014336,
        "RMSE(bins)": 0.09095585145845685,
        "ICI": 0.05707633654798873
    },
    "user": 9449,
    "size": 6770,
    "weights": [
        0.307,
        0.5861,
        1.5462,
        2.9518,
        5.201,
        1.3566,
        1.1279,
        0.0,
        1.4913,
        0.1,
        0.9377,
        2.2276,
        0.01,
        0.2999,
        0.8973,
        0.29,
        2.61
    ]
}