{
    "FSRSv4": {
        "RMSE": 0.1183217990028491,
        "LogLoss": 0.07134510638246364,
        "RMSE(bins)": 0.03795850971749466,
        "RMSE(bins)Ratings": {
            "1": 0.05101577182940698,
            "2": 0.03284927032413184,
            "3": 0.04924682436001033,
            "4": 0.045932062401097984
        }
    },
    "user": 9465,
    "size": 3800,
    "weights": [
        1.141,
        38.3026,
        38.3026,
        38.3026,
        4.6514,
        0.7148,
        0.768,
        0.2093,
        1.7649,
        0.1,
        1.2122,
        2.5028,
        0.01,
        0.6644,
        1.6029,
        0.4045,
        2.7107
    ]
}