{
    "metrics": {
        "RMSE": 0.331310202976909,
        "LogLoss": 0.3816710270350126,
        "RMSE(bins)": 0.11058292342800757,
        "ICI": 0.05985807417652486
    },
    "user": 9467,
    "size": 4180,
    "weights": [
        1.8745,
        12.1189,
        52.6199,
        52.6199,
        5.229,
        1.1787,
        1.1542,
        0.0,
        1.1969,
        0.4436,
        0.6424,
        2.3147,
        0.01,
        0.4436,
        1.5086,
        0.018,
        2.8318
    ]
}