{
    "metrics": {
        "RMSE": 0.4201200883829628,
        "LogLoss": 0.5438152660403273,
        "RMSE(bins)": 0.10121339567784317,
        "ICI": 0.06965232707298193
    },
    "user": 9494,
    "size": 41040,
    "weights": [
        0.2375,
        0.4325,
        1.0627,
        4.519,
        5.6877,
        1.6976,
        0.9691,
        0.2426,
        1.3039,
        0.3129,
        0.8249,
        2.1466,
        0.0229,
        0.204,
        1.1954,
        0.3031,
        2.2184
    ]
}