{
    "metrics": {
        "RMSE": 0.35513663156565106,
        "LogLoss": 0.4149441587466947,
        "RMSE(bins)": 0.06581451012759063,
        "ICI": 0.02389588382625942
    },
    "user": 9543,
    "size": 18590,
    "weights": [
        0.2864,
        0.5191,
        1.3383,
        2.5165,
        5.0833,
        1.2521,
        0.6424,
        0.1125,
        1.3179,
        0.7081,
        0.7923,
        2.0705,
        0.1604,
        0.4341,
        0.8797,
        0.534,
        2.61
    ]
}