{
    "metrics": {
        "RMSE": 0.28890799989673815,
        "LogLoss": 0.2892830637485273,
        "RMSE(bins)": 0.05241255219911262,
        "ICI": 0.021699482094730604
    },
    "user": 9616,
    "size": 22350,
    "weights": [
        0.3452,
        1.1561,
        7.0857,
        15.0655,
        4.8933,
        1.5671,
        0.8381,
        0.0271,
        1.9725,
        0.1,
        1.2639,
        2.0589,
        0.1316,
        0.3025,
        0.8298,
        0.3884,
        1.712
    ]
}