{
    "metrics": {
        "RMSE": 0.1418504953526092,
        "LogLoss": 0.10112123291460295,
        "RMSE(bins)": 0.08800740750911733,
        "ICI": 0.05630072287199851
    },
    "user": 9657,
    "size": 12060,
    "weights": [
        2.7723,
        2.7723,
        28.836,
        28.836,
        4.2114,
        0.4827,
        1.1945,
        0.0,
        2.2184,
        0.1,
        1.6452,
        2.118,
        0.1241,
        0.3515,
        1.3635,
        0.5809,
        3.1112
    ]
}