{
    "FSRSv4": {
        "RMSE": 0.3098746965316891,
        "LogLoss": 0.32188234134582966,
        "RMSE(bins)": 0.05390525246780811,
        "RMSE(bins)Ratings": {
            "1": 0.15942310693502226,
            "2": 0.16287819555686242,
            "3": 0.049597551309171053,
            "4": 0.023904562471870755
        }
    },
    "user": 9660,
    "size": 7865,
    "weights": [
        1.0217,
        2.6253,
        2.6253,
        36.8678,
        4.9991,
        1.1108,
        0.8388,
        0.0,
        1.5336,
        0.1026,
        0.977,
        2.3064,
        0.0255,
        0.4215,
        1.621,
        0.0869,
        3.186
    ]
}