{
    "metrics": {
        "RMSE": 0.4198785178958877,
        "LogLoss": 0.5429969419416993,
        "RMSE(bins)": 0.09813907865477133,
        "ICI": 0.0691843412571383
    },
    "user": 9717,
    "size": 7825
}