{
    "FSRSv4": {
        "RMSE": 0.48486600479013464,
        "LogLoss": 0.7022446351401499,
        "RMSE(bins)": 0.1650360673943818,
        "RMSE(bins)Ratings": {
            "1": 0.1701844824437856,
            "2": 0.15450604838797014,
            "3": 0.14352194594694148,
            "4": 0.1534444137534432
        }
    },
    "user": 9746,
    "size": 31915,
    "weights": [
        0.8078,
        2.6921,
        3.2698,
        8.9687,
        5.0928,
        0.9648,
        1.2583,
        0.137,
        1.5272,
        0.449,
        0.9987,
        2.1373,
        0.1259,
        0.4634,
        0.6996,
        0.2029,
        2.3624
    ]
}