{
    "metrics": {
        "RMSE": 0.4813612084062487,
        "LogLoss": 0.7251162523563655,
        "RMSE(bins)": 0.20110865323324065,
        "ICI": 0.1521803564165816
    },
    "user": 9791,
    "size": 11180,
    "weights": [
        0.5557,
        0.5557,
        0.5557,
        7.4603,
        5.221,
        0.4583,
        0.8707,
        0.2515,
        1.1667,
        0.8,
        0.6262,
        1.8331,
        0.1865,
        0.1198,
        0.7745,
        0.4506,
        2.4374
    ]
}