{
    "FSRSv4": {
        "RMSE": 0.4003945407110241,
        "LogLoss": 0.5028793070436856,
        "RMSE(bins)": 0.053090372168492106,
        "RMSE(bins)Ratings": {
            "1": 0.11220041195186294,
            "2": 0.0835212663316105,
            "3": 0.03275133463939566,
            "4": 0.024031332294849776
        }
    },
    "user": 9820,
    "size": 340765,
    "weights": [
        0.4041,
        0.898,
        3.5682,
        16.4552,
        6.1695,
        0.6177,
        0.6774,
        0.0,
        0.3769,
        0.1018,
        1.3512,
        1.8693,
        0.0162,
        0.318,
        0.8903,
        0.3656,
        4.5114
    ]
}