{
    "FSRSv4": {
        "RMSE": 0.2593178638350576,
        "LogLoss": 0.2482331529514551,
        "RMSE(bins)": 0.024993568731257687,
        "RMSE(bins)Ratings": {
            "1": 0.09068679872456342,
            "2": 0.10526490164337331,
            "3": 0.03111993238932362,
            "4": 0.04368455836405752
        }
    },
    "user": 987,
    "size": 8615,
    "weights": [
        1.8676,
        2.8061,
        5.1681,
        24.2487,
        4.8386,
        1.0302,
        1.0104,
        0.0093,
        1.6596,
        0.1085,
        1.0864,
        2.2924,
        0.01,
        0.3727,
        0.848,
        0.2029,
        1.9746
    ]
}