{
    "FSRSv4": {
        "RMSE": 0.3147608961350746,
        "LogLoss": 0.33314581729361487,
        "RMSE(bins)": 0.13980034998376842,
        "RMSE(bins)Ratings": {
            "1": 0.1641223702186738,
            "2": 0.1519141182562862,
            "3": 0.04627811320571432,
            "4": 0.042705374269274246
        }
    },
    "user": 9894,
    "size": 1780,
    "weights": [
        0.8741,
        2.4553,
        5.0063,
        10.9,
        4.9197,
        0.973,
        0.7334,
        0.1343,
        1.4921,
        0.1,
        0.9414,
        2.3131,
        0.01,
        0.4802,
        1.4561,
        0.2678,
        2.7371
    ]
}