{
    "metrics": {
        "RMSE": 0.318492601648104,
        "LogLoss": 0.35046764435913436,
        "RMSE(bins)": 0.05787038827437403,
        "ICI": 0.024130405963207913
    },
    "user": 9900,
    "size": 5655
}