{
    "FSRSv4": {
        "RMSE": 0.21515661314895226,
        "LogLoss": 0.18350358076186513,
        "RMSE(bins)": 0.04554597934535715,
        "RMSE(bins)Ratings": {
            "1": 0.14235544009496703,
            "3": 0.039349845832673445
        }
    },
    "user": 9941,
    "size": 2830,
    "weights": [
        0.539,
        1.3143,
        5.0045,
        12.2034,
        4.6411,
        0.8505,
        0.8473,
        0.1183,
        1.8362,
        0.1,
        1.2767,
        2.3353,
        0.0321,
        0.4875,
        1.5421,
        0.616,
        2.61
    ]
}