{
    "FSRSv4": {
        "RMSE": 0.3068488121301207,
        "LogLoss": 0.32946921048895983,
        "RMSE(bins)": 0.022892203701703702,
        "RMSE(bins)Ratings": {
            "1": 0.04325328817505452,
            "2": 0.3719171418303219,
            "3": 0.017509064072153656,
            "4": 0.3918526681089545
        }
    },
    "user": "a2effc8",
    "size": 195450,
    "weights": [
        0.3172,
        1.2129,
        1.2129,
        29.0715,
        4.4821,
        2.1722,
        2.2449,
        0.0,
        1.8124,
        0.2078,
        1.2138,
        2.5927,
        0.0144,
        0.2595,
        1.9246,
        0.9999,
        2.2392
    ]
}