{
    "Ebisu": {
        "RMSE": 0.5599003504077397,
        "LogLoss": 0.9589694013249886,
        "RMSE(bins)": 0.42244310920382777
    },
    "user": "a2b2055",
    "size": 44680
}