{
    "metrics": {
        "RMSE": 0.4701768850310543,
        "LogLoss": 0.6318079088660813,
        "RMSE(bins)": 0.1237030339710641,
        "ICI": 0.09174448924211728
    },
    "user": 10241,
    "size": 5665,
    "weights": [
        0.0595,
        1.5369,
        0.1219,
        1.5926,
        -0.5463,
        1.0538,
        -0.3512,
        0.8046,
        0.1647
    ]
}