{
    "metrics": {
        "RMSE": 0.12555188807094722,
        "LogLoss": 0.09940995512092282,
        "RMSE(bins)": 0.06355036857661296,
        "ICI": 0.05754396591623873
    },
    "user": 10498,
    "size": 490,
    "weights": [
        0.3969,
        0.9315,
        0.5438,
        1.124,
        -0.0341,
        0.7638,
        0.2595,
        0.7873,
        0.9616
    ]
}