{
    "metrics": {
        "RMSE": 0.31385835393834416,
        "LogLoss": 0.33653097532800413,
        "RMSE(bins)": 0.06580807008440652,
        "ICI": 0.01702603416314108
    },
    "user": 10578,
    "size": 28855,
    "weights": [
        1.4134,
        -0.38,
        1.7172,
        0.7518,
        0.5539,
        0.4935,
        -0.0272,
        0.4741,
        1.1771
    ]
}