{
    "metrics": {
        "RMSE": 0.3337175341691126,
        "LogLoss": 0.37592455952638026,
        "RMSE(bins)": 0.02833820225743539,
        "ICI": 0.014880498952245838
    },
    "user": 10583,
    "size": 109265,
    "weights": [
        4.1232,
        6.5264,
        0.2193,
        -0.2832,
        -0.8616,
        0.7887,
        -0.6256,
        0.8938,
        2.003
    ]
}