{
    "metrics": {
        "RMSE": 0.3745486608368831,
        "LogLoss": 0.4554055824988651,
        "RMSE(bins)": 0.062122460551814015,
        "ICI": 0.03377504268713318
    },
    "user": 10681,
    "size": 454100,
    "weights": [
        -2.3313,
        -6.4233,
        0.394,
        -0.902,
        0.0028,
        0.6562,
        -1.4775,
        1.6111,
        1.4511
    ]
}