{
    "metrics": {
        "RMSE": 0.3056204594467727,
        "LogLoss": 0.34001629641552733,
        "RMSE(bins)": 0.05943630975742102,
        "ICI": 0.04471620195613199
    },
    "user": 10769,
    "size": 13850
}