{
    "metrics": {
        "RMSE": 0.38331049816942225,
        "LogLoss": 0.4622422704865378,
        "RMSE(bins)": 0.04482917788626473,
        "ICI": 0.02589898247023687
    },
    "user": 10798,
    "size": 15155
}