{
    "metrics": {
        "RMSE": 0.3378296282902304,
        "LogLoss": 0.3724640705656454,
        "RMSE(bins)": 0.03091446433045145,
        "ICI": 0.018523220595000865
    },
    "user": 10891,
    "size": 91770
}