{
    "metrics": {
        "RMSE": 0.3506814538300603,
        "LogLoss": 0.4092504003359571,
        "RMSE(bins)": 0.034050367507499735,
        "ICI": 0.020011771168622593
    },
    "user": 10968,
    "size": 200125
}