{
    "metrics": {
        "RMSE": 0.25795989552432913,
        "LogLoss": 0.246981428513674,
        "RMSE(bins)": 0.0644086067941026,
        "ICI": 0.013350168158759874
    },
    "user": 11160,
    "size": 24825,
    "weights": [
        0.6082,
        0.2863,
        0.1366,
        0.3062,
        -0.2092,
        1.2732,
        0.1919,
        1.5032,
        1.3694
    ]
}