{
    "metrics": {
        "RMSE": 0.10699245149780846,
        "LogLoss": 0.09464186171656068,
        "RMSE(bins)": 0.08128666174695251,
        "ICI": 0.07453359187745727
    },
    "user": 11200,
    "size": 40255,
    "weights": [
        -0.1817,
        2.6991,
        -0.2338,
        2.0879,
        -0.707,
        1.2671,
        -0.2021,
        1.0824,
        1.3945
    ]
}