{
    "metrics": {
        "RMSE": 0.4608586770417144,
        "LogLoss": 0.6133115674373221,
        "RMSE(bins)": 0.0489737518083799,
        "ICI": 0.03868886060069143
    },
    "user": 11223,
    "size": 88425
}