{
    "metrics": {
        "RMSE": 0.2854481524514247,
        "LogLoss": 0.2893239010880568,
        "RMSE(bins)": 0.0640633034747804,
        "ICI": 0.021189779439588
    },
    "user": 11221,
    "size": 15440,
    "weights": [
        0.263,
        1.1118,
        -0.0434,
        1.1113,
        -0.8799,
        0.672,
        -0.1096,
        1.1907,
        0.9538
    ]
}