{
    "metrics": {
        "RMSE": 0.2586409976148993,
        "LogLoss": 0.2533922932407592,
        "RMSE(bins)": 0.0616219579110965,
        "ICI": 0.012847695522612746
    },
    "user": 11280,
    "size": 4160,
    "weights": [
        0.7888,
        0.9644,
        0.3217,
        0.9518,
        -0.0788,
        0.8331,
        -0.0038,
        0.6822,
        1.1317
    ]
}