{
    "metrics": {
        "RMSE": 0.23947845263664502,
        "LogLoss": 0.22432176040557036,
        "RMSE(bins)": 0.05447673621467995,
        "ICI": 0.010038391555893922
    },
    "user": 11397,
    "size": 21110,
    "weights": [
        -0.2591,
        0.453,
        0.2852,
        1.3647,
        -0.1244,
        1.5204,
        -0.0745,
        1.242,
        1.4866
    ]
}