{
    "metrics": {
        "RMSE": 0.2986168286103697,
        "LogLoss": 0.33420106453956666,
        "RMSE(bins)": 0.10636939506913004,
        "ICI": 0.08380243703612399
    },
    "user": 11496,
    "size": 16090
}