{
    "metrics": {
        "RMSE": 0.10079192512054928,
        "LogLoss": 0.058980456993522196,
        "RMSE(bins)": 0.03109435693889574,
        "ICI": 0.017712505653490508
    },
    "user": 11540,
    "size": 77530
}