{
    "metrics": {
        "RMSE": 0.45001322131220095,
        "LogLoss": 0.5922496092221678,
        "RMSE(bins)": 0.06595792035663492,
        "ICI": 0.034004650200530485
    },
    "user": 11563,
    "size": 5700
}