{
    "metrics": {
        "RMSE": 0.19613344061174903,
        "LogLoss": 0.16916558040631263,
        "RMSE(bins)": 0.02333708246167502,
        "ICI": 0.015954342529041095
    },
    "user": 11602,
    "size": 22890
}