{
    "metrics": {
        "RMSE": 0.14663039549943055,
        "LogLoss": 0.10479666126945593,
        "RMSE(bins)": 0.044792074924252724,
        "ICI": 0.016025202560590583
    },
    "user": 11739,
    "size": 18210,
    "weights": [
        0.7654,
        1.5197,
        0.3006,
        1.2237,
        -0.2524,
        0.915,
        0.5928,
        1.4498,
        1.6628
    ]
}