{
    "metrics": {
        "RMSE": 0.19082683217791557,
        "LogLoss": 0.1704421395698005,
        "RMSE(bins)": 0.03124497681026169,
        "ICI": 0.02438403579414289
    },
    "user": 11822,
    "size": 22530
}