{
    "metrics": {
        "RMSE": 0.4578757484007691,
        "LogLoss": 0.6085028869843155,
        "RMSE(bins)": 0.1373821576085923,
        "ICI": 0.03816238055761403
    },
    "user": 11847,
    "size": 20515,
    "weights": [
        0.7838,
        0.953,
        0.953,
        1.6368,
        0.2205,
        1.5852,
        -0.6089,
        0.9592,
        -0.7084
    ]
}