{
    "metrics": {
        "RMSE": 0.35460985890876334,
        "LogLoss": 0.41804265608303154,
        "RMSE(bins)": 0.08499632248101412,
        "ICI": 0.02414812683965407
    },
    "user": 11845,
    "size": 42025,
    "weights": [
        -0.9411,
        -0.1243,
        -0.5057,
        0.5294,
        -0.5754,
        1.0846,
        -0.738,
        0.8802,
        1.5082
    ]
}