{
    "metrics": {
        "RMSE": 0.26677816367131985,
        "LogLoss": 0.2718002858153788,
        "RMSE(bins)": 0.04260223929957747,
        "ICI": 0.03167969983351556
    },
    "user": 11854,
    "size": 91140
}