{
    "metrics": {
        "RMSE": 0.2548461400395713,
        "LogLoss": 0.25302486008495584,
        "RMSE(bins)": 0.06682706924945028,
        "ICI": 0.03823868707915621
    },
    "user": 11906,
    "size": 57255,
    "weights": [
        0.2491,
        0.3247,
        0.0241,
        0.2978,
        -0.5053,
        1.3697,
        -0.749,
        1.3968,
        1.9506
    ]
}