{
    "metrics": {
        "RMSE": 0.4299647613970806,
        "LogLoss": 0.5565500826848089,
        "RMSE(bins)": 0.050430635916137376,
        "ICI": 0.027115049591851535
    },
    "user": 11927,
    "size": 19310
}