{
    "metrics": {
        "RMSE": 0.3064648148599726,
        "LogLoss": 0.33932920546312473,
        "RMSE(bins)": 0.02894032741497756,
        "ICI": 0.022244631812438423
    },
    "user": 11932,
    "size": 48390
}