{
    "metrics": {
        "RMSE": 0.31828062200327784,
        "LogLoss": 0.35085273483514484,
        "RMSE(bins)": 0.05466304823226685,
        "ICI": 0.023913780092405208
    },
    "user": 1194,
    "size": 41205,
    "weights": [
        0.5524,
        -0.0972,
        0.1326,
        -0.0745,
        -0.3285,
        1.0409,
        -0.2861,
        1.0467,
        1.336
    ]
}