{
    "metrics": {
        "RMSE": 0.14475096252467212,
        "LogLoss": 0.1133812320007782,
        "RMSE(bins)": 0.045096057473513355,
        "ICI": 0.03927637156037139
    },
    "user": 1200,
    "size": 11340,
    "weights": [
        0.573,
        1.6929,
        0.3043,
        1.1436,
        -0.1372,
        0.7435,
        0.1829,
        0.7746,
        1.3122
    ]
}