{
    "metrics": {
        "RMSE": 0.41129022948192556,
        "LogLoss": 0.5363514273934262,
        "RMSE(bins)": 0.1095809135152847,
        "ICI": 0.07062623325706929
    },
    "user": 12023,
    "size": 96080,
    "weights": [
        3.9354,
        -5.1961,
        2.3999,
        -1.5278,
        -0.4492,
        0.8587,
        -0.3061,
        0.4307,
        0.9674
    ]
}