{
    "metrics": {
        "RMSE": 0.20599739956490867,
        "LogLoss": 0.17635471686382487,
        "RMSE(bins)": 0.03632329243209295,
        "ICI": 0.01810069641763166
    },
    "user": 12140,
    "size": 136840,
    "weights": [
        -0.4895,
        0.1541,
        -0.0913,
        -0.0943,
        -0.6184,
        0.8532,
        -0.6402,
        1.3575,
        2.476
    ]
}