{
    "metrics": {
        "RMSE": 0.3678359522946934,
        "LogLoss": 0.4384334400038716,
        "RMSE(bins)": 0.024168091189316416,
        "ICI": 0.010445744537773976
    },
    "user": 12216,
    "size": 123265
}