{
    "metrics": {
        "RMSE": 0.10572707134715782,
        "LogLoss": 0.061130272501595,
        "RMSE(bins)": 0.038520411254154195,
        "ICI": 0.008264462313043437
    },
    "user": 12278,
    "size": 7480,
    "weights": [
        0.8176,
        1.2726,
        0.9105,
        1.5169,
        0.3229,
        1.1301,
        0.5527,
        1.0885,
        1.3348
    ]
}