{
    "metrics": {
        "RMSE": 0.3215960847321682,
        "LogLoss": 0.3549990178944901,
        "RMSE(bins)": 0.07230174572885638,
        "ICI": 0.022437043072275925
    },
    "user": 12294,
    "size": 94290,
    "weights": [
        -2.2806,
        -1.946,
        0.5748,
        1.8596,
        -0.3357,
        1.3232,
        -0.8435,
        1.2271,
        1.5478
    ]
}