{
    "metrics": {
        "RMSE": 0.2296087619841247,
        "LogLoss": 0.21444006050450468,
        "RMSE(bins)": 0.03229789116030313,
        "ICI": 0.003500089989875947
    },
    "user": 12311,
    "size": 125595,
    "weights": [
        2.0022,
        0.7645,
        0.5337,
        -0.3525,
        -0.2523,
        0.9379,
        -0.9054,
        0.9068,
        2.5619
    ]
}