{
    "metrics": {
        "RMSE": 0.1692779143590974,
        "LogLoss": 0.11402900988490078,
        "RMSE(bins)": 0.08721824276439112,
        "ICI": 0.02845832540518242
    },
    "user": 12409,
    "size": 4795,
    "weights": [
        0.887,
        1.447,
        1.0054,
        1.6226,
        0.4176,
        1.2184,
        0.5162,
        1.0473,
        1.0611
    ]
}