{
    "metrics": {
        "RMSE": 0.49668608700427597,
        "LogLoss": 0.7269888360252587,
        "RMSE(bins)": 0.1972496806739996,
        "ICI": 0.17175557344211093
    },
    "user": 12671,
    "size": 1210,
    "weights": [
        0.0778,
        0.6148,
        0.1942,
        0.763,
        -0.3944,
        0.398,
        -0.1013,
        0.4219,
        0.6072
    ]
}