{
    "metrics": {
        "RMSE": 0.28227163911527103,
        "LogLoss": 0.28034753301879245,
        "RMSE(bins)": 0.05947674422118726,
        "ICI": 0.034025399427783765
    },
    "user": 12816,
    "size": 180490,
    "weights": [
        -5.9678,
        -0.1956,
        -1.5963,
        0.6601,
        -0.299,
        0.7722,
        0.1958,
        0.864,
        1.4523
    ]
}