{
    "metrics": {
        "RMSE": 0.20652984492353446,
        "LogLoss": 0.17572003878357276,
        "RMSE(bins)": 0.03574060191311351,
        "ICI": 0.016310351694550827
    },
    "user": 12847,
    "size": 18565
}