{
    "metrics": {
        "RMSE": 0.24521951247043175,
        "LogLoss": 0.22390854783614053,
        "RMSE(bins)": 0.03419201842018336,
        "ICI": 0.010792377212472882
    },
    "user": 12855,
    "size": 26260
}