{
    "metrics": {
        "RMSE": 0.3631989761043613,
        "LogLoss": 0.42890282811929686,
        "RMSE(bins)": 0.09443925647529257,
        "ICI": 0.04190102271880796
    },
    "user": 12872,
    "size": 11120,
    "weights": [
        -0.0199,
        0.3929,
        -0.1667,
        0.4335,
        -0.6011,
        1.0231,
        -0.1671,
        0.9501,
        0.9632
    ]
}