{
    "metrics": {
        "RMSE": 0.32226687329308834,
        "LogLoss": 0.3642444071406081,
        "RMSE(bins)": 0.07651832304756535,
        "ICI": 0.05152247900832491
    },
    "user": 13126,
    "size": 164030,
    "weights": [
        -2.9185,
        -1.4178,
        0.3552,
        -0.8219,
        -0.7119,
        0.6066,
        -1.3815,
        1.4088,
        2.8132
    ]
}