{
    "metrics": {
        "RMSE": 0.36741055445040477,
        "LogLoss": 0.43698713698920333,
        "RMSE(bins)": 0.025115000490698505,
        "ICI": 0.011086034401043863
    },
    "user": 13165,
    "size": 17345,
    "weights": [
        1.5615,
        1.4242,
        1.0212,
        0.9288,
        0.0629,
        0.761,
        -0.1435,
        0.5248,
        0.5705
    ]
}