{
    "metrics": {
        "RMSE": 0.4851194980783711,
        "LogLoss": 0.663864759510035,
        "RMSE(bins)": 0.04287456314657339,
        "ICI": 0.03627092225072175
    },
    "user": 13184,
    "size": 1062295
}