{
    "metrics": {
        "RMSE": 0.32046052831348365,
        "LogLoss": 0.36176695427682115,
        "RMSE(bins)": 0.0840960800508376,
        "ICI": 0.03485804086095944
    },
    "user": 13239,
    "size": 50975,
    "weights": [
        -0.6854,
        -0.2519,
        -0.4883,
        1.837,
        -0.7804,
        1.6122,
        -0.659,
        0.8184,
        1.859
    ]
}