{
    "metrics": {
        "RMSE": 0.4247479493842686,
        "LogLoss": 0.5488953976424624,
        "RMSE(bins)": 0.1127662969919093,
        "ICI": 0.09561449557852154
    },
    "user": 13446,
    "size": 4195,
    "weights": [
        0.5701,
        1.2048,
        0.7298,
        1.3883,
        0.0077,
        1.0573,
        -0.0671,
        0.5563,
        0.5603
    ]
}