{
    "metrics": {
        "RMSE": 0.3173492820444032,
        "LogLoss": 0.3683783665355079,
        "RMSE(bins)": 0.07698921476983243,
        "ICI": 0.06425350728355157
    },
    "user": 13458,
    "size": 12665
}