{
    "metrics": {
        "RMSE": 0.3218115225987353,
        "LogLoss": 0.35048015581095354,
        "RMSE(bins)": 0.058265399174804486,
        "ICI": 0.016969702874760784
    },
    "user": 13507,
    "size": 14225,
    "weights": [
        1.231,
        0.8682,
        0.9275,
        1.0399,
        -0.2416,
        0.9518,
        -0.0783,
        0.9898,
        0.8889
    ]
}