{
    "metrics": {
        "RMSE": 0.3729213192875404,
        "LogLoss": 0.44642165439087916,
        "RMSE(bins)": 0.10659700153976483,
        "ICI": 0.029964248323536315
    },
    "user": 13745,
    "size": 1565,
    "weights": [
        0.6005,
        1.1298,
        0.4762,
        1.0464,
        -0.2005,
        0.6282,
        0.059,
        0.6314,
        0.8288
    ]
}