{
    "metrics": {
        "RMSE": 0.34024101679250546,
        "LogLoss": 0.3850446089665588,
        "RMSE(bins)": 0.030069322841652188,
        "ICI": 0.01162219519404037
    },
    "user": 13850,
    "size": 80885
}