{
    "metrics": {
        "RMSE": 0.3300996439467385,
        "LogLoss": 0.3812338562930977,
        "RMSE(bins)": 0.2729616575554936,
        "ICI": 0.24818123154419328
    },
    "user": 13913,
    "size": 2630
}