{
    "metrics": {
        "RMSE": 0.2732867496232868,
        "LogLoss": 0.2713596151113817,
        "RMSE(bins)": 0.06717072060748605,
        "ICI": 0.04497084279446722
    },
    "user": 13950,
    "size": 4780,
    "weights": [
        0.7515,
        1.0783,
        0.8155,
        1.3795,
        -0.0947,
        0.9632,
        0.0336,
        0.9698,
        0.9275
    ]
}