{
    "metrics": {
        "RMSE": 0.03392328597025291,
        "LogLoss": 0.0157804703510283,
        "RMSE(bins)": 0.013984620875238928,
        "ICI": 0.009786655934032737
    },
    "user": 13969,
    "size": 18115,
    "weights": [
        0.7564,
        1.2774,
        0.979,
        1.5503,
        0.5806,
        1.3749,
        1.2847,
        1.8112,
        1.9352
    ]
}