{
    "metrics": {
        "RMSE": 0.34373939345884674,
        "LogLoss": 0.39828741192297373,
        "RMSE(bins)": 0.045411548726447704,
        "ICI": 0.031465121219840984
    },
    "user": 13981,
    "size": 2530,
    "weights": [
        0.4486,
        0.745,
        0.6317,
        1.0401,
        0.0218,
        0.6777,
        0.3489,
        0.8551,
        0.9961
    ]
}