{
    "metrics": {
        "RMSE": 0.24318357016130912,
        "LogLoss": 0.2329673819031104,
        "RMSE(bins)": 0.026155097057364823,
        "ICI": 0.010659154214269079
    },
    "user": 14023,
    "size": 33540,
    "weights": [
        0.3536,
        0.2196,
        -0.4693,
        0.458,
        -0.8722,
        1.2218,
        -0.3885,
        1.074,
        2.1764
    ]
}