{
    "metrics": {
        "RMSE": 0.36215116887689763,
        "LogLoss": 0.42936905339611775,
        "RMSE(bins)": 0.035121824403895816,
        "ICI": 0.014666365935389157
    },
    "user": 14295,
    "size": 169180,
    "weights": [
        -1.2761,
        -3.9661,
        0.4979,
        -0.3365,
        -0.3456,
        1.2787,
        -0.8508,
        0.7235,
        1.8588
    ]
}