{
    "metrics": {
        "RMSE": 0.19401826577321832,
        "LogLoss": 0.16311851478493586,
        "RMSE(bins)": 0.021649336501883273,
        "ICI": 0.013798718817935056
    },
    "user": 14318,
    "size": 146235,
    "weights": [
        1.8884,
        1.2494,
        0.0397,
        0.2371,
        -0.0365,
        1.2632,
        0.0189,
        1.2735,
        1.3183
    ]
}