{
    "metrics": {
        "RMSE": 0.24192005599392244,
        "LogLoss": 0.22707493305187082,
        "RMSE(bins)": 0.03628503172110543,
        "ICI": 0.02028465803215889
    },
    "user": 14327,
    "size": 1405,
    "weights": [
        0.4335,
        0.9624,
        0.5878,
        1.1638,
        0.0813,
        0.8864,
        0.3955,
        0.9274,
        1.0947
    ]
}