{
    "metrics": {
        "RMSE": 0.35335768924152855,
        "LogLoss": 0.415268631045304,
        "RMSE(bins)": 0.08866616891903195,
        "ICI": 0.025377357266930745
    },
    "user": 1436,
    "size": 52970,
    "weights": [
        0.0902,
        0.2424,
        -0.0671,
        0.876,
        -0.424,
        1.5432,
        -0.7815,
        0.2906,
        1.7371
    ]
}