{
    "metrics": {
        "RMSE": 0.28140187551514767,
        "LogLoss": 0.3093553300108838,
        "RMSE(bins)": 0.18876980535704063,
        "ICI": 0.1663518760588708
    },
    "user": 14437,
    "size": 2665
}