{
    "metrics": {
        "RMSE": 0.14645191124078794,
        "LogLoss": 0.10027535099196862,
        "RMSE(bins)": 0.05085819363358317,
        "ICI": 0.011819032870343431
    },
    "user": 1463,
    "size": 87390,
    "weights": [
        1.0368,
        1.2706,
        -0.5089,
        1.3755,
        -0.1174,
        1.4384,
        0.3331,
        1.3889,
        0.6717
    ]
}