{
    "metrics": {
        "RMSE": 0.3143901528061565,
        "LogLoss": 0.3422752977778322,
        "RMSE(bins)": 0.30268575852790486,
        "ICI": 0.2571614160572976
    },
    "user": 14686,
    "size": 2660
}