{
    "metrics": {
        "RMSE": 0.339046064942385,
        "LogLoss": 0.37825316963870564,
        "RMSE(bins)": 0.07321346846881109,
        "ICI": 0.03414195036978763
    },
    "user": 14708,
    "size": 3060,
    "weights": [
        0.1372,
        1.0438,
        0.2974,
        1.1937,
        -0.2677,
        0.9017,
        0.206,
        1.0185,
        0.962
    ]
}