{
    "metrics": {
        "RMSE": 0.387455048047622,
        "LogLoss": 0.4700822905061763,
        "RMSE(bins)": 0.10017557097796469,
        "ICI": 0.03827054545249107
    },
    "user": 14732,
    "size": 9115,
    "weights": [
        0.6242,
        1.1991,
        0.6936,
        1.3565,
        -0.4242,
        0.5268,
        -0.1452,
        0.5582,
        1.0374
    ]
}