{
    "metrics": {
        "RMSE": 0.259113418976101,
        "LogLoss": 0.2578978638855551,
        "RMSE(bins)": 0.04236996752196693,
        "ICI": 0.030296400747801884
    },
    "user": 14859,
    "size": 20385,
    "weights": [
        0.2631,
        1.404,
        -0.0478,
        0.7539,
        -0.8617,
        0.3614,
        0.0524,
        1.1267,
        1.3436
    ]
}