{
    "metrics": {
        "RMSE": 0.32762151788616384,
        "LogLoss": 0.37339221836952796,
        "RMSE(bins)": 0.052860560721782114,
        "ICI": 0.026879831808883536
    },
    "user": 14858,
    "size": 10260,
    "weights": [
        0.8125,
        1.0585,
        0.5957,
        1.0448,
        -0.1349,
        0.6589,
        -0.0243,
        0.5685,
        1.1127
    ]
}