{
    "metrics": {
        "RMSE": 0.4609050856438483,
        "LogLoss": 0.6139537960727316,
        "RMSE(bins)": 0.07251170828771143,
        "ICI": 0.05003232998817011
    },
    "user": 14958,
    "size": 7945,
    "weights": [
        0.4503,
        0.4914,
        0.4792,
        0.9412,
        0.051,
        0.9427,
        -0.2562,
        0.4024,
        0.1048
    ]
}