{
    "metrics": {
        "RMSE": 0.30392532070294503,
        "LogLoss": 0.32932055886763323,
        "RMSE(bins)": 0.06318576971808354,
        "ICI": 0.020029638778763192
    },
    "user": 15121,
    "size": 53415,
    "weights": [
        0.3479,
        -0.6062,
        1.017,
        1.0717,
        -0.8077,
        1.1476,
        -1.0497,
        1.0333,
        2.3385
    ]
}