{
    "metrics": {
        "RMSE": 0.1713798829755033,
        "LogLoss": 0.14034047095862082,
        "RMSE(bins)": 0.027165696035993933,
        "ICI": 0.015090716631610449
    },
    "user": 15148,
    "size": 83770,
    "weights": [
        -0.8651,
        -0.8895,
        -0.2398,
        0.149,
        0.548,
        1.5468,
        -0.0919,
        0.6355,
        2.3225
    ]
}