{
    "metrics": {
        "RMSE": 0.431773099802383,
        "LogLoss": 0.5562246277343966,
        "RMSE(bins)": 0.08483031321068174,
        "ICI": 0.02262704188381033
    },
    "user": 15336,
    "size": 12800,
    "weights": [
        0.9778,
        1.2839,
        0.6343,
        1.2463,
        -0.6183,
        0.798,
        -0.37,
        0.8838,
        0.528
    ]
}