{
    "metrics": {
        "RMSE": 0.456668176013813,
        "LogLoss": 0.6032974371535973,
        "RMSE(bins)": 0.1512337529535309,
        "ICI": 0.06173015955194838
    },
    "user": 15399,
    "size": 1500,
    "weights": [
        0.0793,
        0.7987,
        0.1985,
        0.8587,
        -0.3923,
        0.4538,
        -0.0956,
        0.4784,
        0.5883
    ]
}