{
    "metrics": {
        "RMSE": 0.1364499705734606,
        "LogLoss": 0.11974351016897923,
        "RMSE(bins)": 0.067356973034995,
        "ICI": 0.08164268732070923
    },
    "user": 15392,
    "size": 70,
    "weights": [
        0.2783,
        0.8131,
        0.4252,
        1.0056,
        -0.1527,
        0.6455,
        0.1409,
        0.669,
        0.843
    ]
}