{
    "metrics": {
        "RMSE": 0.2482486754379874,
        "LogLoss": 0.23960017830256786,
        "RMSE(bins)": 0.024226249875596968,
        "ICI": 0.012336553250715724
    },
    "user": 15402,
    "size": 28600
}