{
    "metrics": {
        "RMSE": 0.2105592720672388,
        "LogLoss": 0.17956838606081474,
        "RMSE(bins)": 0.041513146581383616,
        "ICI": 0.010264293869120889
    },
    "user": 15581,
    "size": 8115,
    "weights": [
        0.4366,
        0.949,
        0.917,
        1.4909,
        0.3382,
        1.1383,
        0.4397,
        0.9884,
        1.2989
    ]
}