{
    "metrics": {
        "RMSE": 0.22443595100239883,
        "LogLoss": 0.20180135176591213,
        "RMSE(bins)": 0.04499853254570489,
        "ICI": 0.010546248111501635
    },
    "user": 15685,
    "size": 24255,
    "weights": [
        -0.0125,
        1.4563,
        0.2184,
        1.7589,
        -0.1737,
        1.2287,
        0.057,
        1.0556,
        1.2715
    ]
}