{
    "metrics": {
        "RMSE": 0.32438154661932,
        "LogLoss": 0.36108239983524776,
        "RMSE(bins)": 0.194693418372973,
        "ICI": 0.11473153117696985
    },
    "user": 15764,
    "size": 26875
}