{
    "metrics": {
        "RMSE": 0.2602541233380307,
        "LogLoss": 0.2558778258897843,
        "RMSE(bins)": 0.049942367886973274,
        "ICI": 0.027732902869377393
    },
    "user": 15792,
    "size": 89640
}