{
    "metrics": {
        "RMSE": 0.10514471735825673,
        "LogLoss": 0.07133320246972456,
        "RMSE(bins)": 0.035424313175795696,
        "ICI": 0.027640783696199656
    },
    "user": 15879,
    "size": 44470
}