{
    "metrics": {
        "RMSE": 0.3490262688939207,
        "LogLoss": 0.40595784605141955,
        "RMSE(bins)": 0.051889440136680266,
        "ICI": 0.03246166517445763
    },
    "user": 15911,
    "size": 5720
}