{
    "metrics": {
        "RMSE": 0.3999594441492284,
        "LogLoss": 0.5003792790243808,
        "RMSE(bins)": 0.04484409724076887,
        "ICI": 0.027944023433022033
    },
    "user": 15959,
    "size": 13490
}