{
    "metrics": {
        "RMSE": 0.27475358030459274,
        "LogLoss": 0.3012594646889563,
        "RMSE(bins)": 0.23051179707021532,
        "ICI": 0.2129795164614813
    },
    "user": 16069,
    "size": 3195
}