{
    "metrics": {
        "RMSE": 0.44338638200620994,
        "LogLoss": 0.5961001081692278,
        "RMSE(bins)": 0.18230323644030536,
        "ICI": 0.09431215378521239
    },
    "user": 16080,
    "size": 1175,
    "weights": [
        0.1399,
        0.6672,
        0.266,
        0.8452,
        -0.3456,
        0.4589,
        -0.0562,
        0.4692,
        0.6537
    ]
}