{
    "metrics": {
        "RMSE": 0.32797098946884184,
        "LogLoss": 0.3637811659878313,
        "RMSE(bins)": 0.06981504564219249,
        "ICI": 0.02826716709585469
    },
    "user": 16359,
    "size": 15820,
    "weights": [
        0.1352,
        0.1815,
        0.2033,
        0.645,
        -0.1716,
        1.0559,
        0.1192,
        1.2381,
        1.1299
    ]
}