{
    "metrics": {
        "RMSE": 0.36388029708308645,
        "LogLoss": 0.42752190431941356,
        "RMSE(bins)": 0.11796932201385035,
        "ICI": 0.03958007731927688
    },
    "user": 16380,
    "size": 6460,
    "weights": [
        0.2881,
        1.2585,
        0.0787,
        1.2529,
        -0.4478,
        1.0872,
        -0.1066,
        1.0724,
        0.7388
    ]
}