{
    "metrics": {
        "RMSE": 0.355410391423203,
        "LogLoss": 0.41654388953169386,
        "RMSE(bins)": 0.05628378711647968,
        "ICI": 0.015960157675517988
    },
    "user": 16528,
    "size": 79025,
    "weights": [
        1.0533,
        2.4795,
        0.2564,
        0.9989,
        -0.6074,
        0.8446,
        -0.6509,
        1.1078,
        1.2132
    ]
}