{
    "metrics": {
        "RMSE": 0.40263928344665,
        "LogLoss": 0.4975619888118319,
        "RMSE(bins)": 0.147432670608649,
        "ICI": 0.08599423096425408
    },
    "user": 16558,
    "size": 3130,
    "weights": [
        0.094,
        1.03,
        0.2766,
        1.2267,
        -0.3365,
        0.9234,
        -0.0146,
        0.9275,
        0.7835
    ]
}