{
    "metrics": {
        "RMSE": 0.41082801343514896,
        "LogLoss": 0.524195313330199,
        "RMSE(bins)": 0.14909292316953546,
        "ICI": 0.09349354217039742
    },
    "user": 16616,
    "size": 3505,
    "weights": [
        0.1818,
        0.9584,
        0.3361,
        1.1445,
        -0.1126,
        0.9818,
        -0.0171,
        0.7939,
        0.6662
    ]
}