{
    "metrics": {
        "RMSE": 0.4162758580746204,
        "LogLoss": 0.5353397324099022,
        "RMSE(bins)": 0.07226636050267214,
        "ICI": 0.06149750270476177
    },
    "user": 16632,
    "size": 4565
}