{
    "metrics": {
        "RMSE": 0.36025305789845596,
        "LogLoss": 0.4200175496709333,
        "RMSE(bins)": 0.0640041409189607,
        "ICI": 0.01246729561248937
    },
    "user": 16673,
    "size": 21770,
    "weights": [
        1.3349,
        0.7196,
        1.1091,
        0.5932,
        -0.3729,
        0.4814,
        -0.0032,
        1.1497,
        0.6929
    ]
}