{
    "metrics": {
        "RMSE": 0.3936978480106416,
        "LogLoss": 0.4814759912592928,
        "RMSE(bins)": 0.08149864551717738,
        "ICI": 0.041221028229075904
    },
    "user": 16703,
    "size": 40345
}