{
    "metrics": {
        "RMSE": 0.481329051576294,
        "LogLoss": 0.681331262014504,
        "RMSE(bins)": 0.1441151222390869,
        "ICI": 0.1139760727799406
    },
    "user": 16862,
    "size": 1575,
    "weights": [
        0.4274,
        0.916,
        0.2165,
        0.8871,
        -0.3962,
        0.4007,
        -0.1001,
        0.4245,
        0.6031
    ]
}