{
    "metrics": {
        "RMSE": 0.3486848105871882,
        "LogLoss": 0.4111471892088708,
        "RMSE(bins)": 0.1674628881791128,
        "ICI": 0.1293900138907527
    },
    "user": 16904,
    "size": 2980
}