{
    "metrics": {
        "RMSE": 0.49632618343312346,
        "LogLoss": 0.6888922941359376,
        "RMSE(bins)": 0.19676521368126682,
        "ICI": 0.13586920728568533
    },
    "user": 17011,
    "size": 5920,
    "weights": [
        0.7974,
        0.655,
        0.8288,
        1.1262,
        -0.0595,
        0.9218,
        -0.2784,
        0.4841,
        0.4406
    ]
}