{
    "metrics": {
        "RMSE": 0.3145882084819259,
        "LogLoss": 0.3486745557181826,
        "RMSE(bins)": 0.07045374980444005,
        "ICI": 0.019745592850789737
    },
    "user": 17109,
    "size": 41680,
    "weights": [
        -0.3718,
        1.1748,
        -0.2451,
        0.9395,
        -0.384,
        0.8072,
        -0.2993,
        0.4904,
        1.5047
    ]
}