{
    "metrics": {
        "RMSE": 0.351070404053825,
        "LogLoss": 0.41025858433993195,
        "RMSE(bins)": 0.035145379709783306,
        "ICI": 0.021960581852945787
    },
    "user": 17136,
    "size": 20690
}