{
    "metrics": {
        "RMSE": 0.13279008783573712,
        "LogLoss": 0.07576785761355816,
        "RMSE(bins)": 0.02956109021742638,
        "ICI": 0.010090443153682752
    },
    "user": 1720,
    "size": 121750,
    "weights": [
        2.3164,
        2.5291,
        2.7424,
        3.0183,
        1.5912,
        2.5639,
        0.4295,
        1.0791,
        0.5673
    ]
}