{
    "metrics": {
        "RMSE": 0.22695421658113257,
        "LogLoss": 0.20768566190824658,
        "RMSE(bins)": 0.008957514465998339,
        "ICI": 0.005294949736872798
    },
    "user": 17257,
    "size": 151975,
    "weights": [
        -4.6304,
        -8.371,
        0.0813,
        -0.284,
        -0.7736,
        1.1374,
        -1.5795,
        1.1174,
        3.6628
    ]
}