{
    "metrics": {
        "RMSE": 0.3399706539666235,
        "LogLoss": 0.3841195050787108,
        "RMSE(bins)": 0.11674567741539434,
        "ICI": 0.042721350701001394
    },
    "user": 17533,
    "size": 5275,
    "weights": [
        0.6446,
        0.7861,
        0.688,
        0.8471,
        -0.11,
        0.5682,
        0.231,
        0.7447,
        1.0745
    ]
}