{
    "metrics": {
        "RMSE": 0.3628600080524403,
        "LogLoss": 0.4290383811327273,
        "RMSE(bins)": 0.06520573706480895,
        "ICI": 0.03683705556441055
    },
    "user": 17613,
    "size": 10645,
    "weights": [
        0.1364,
        0.1294,
        0.2831,
        0.775,
        -0.1758,
        1.027,
        -0.1459,
        0.758,
        0.7386
    ]
}