{
    "metrics": {
        "RMSE": 0.31098848350114716,
        "LogLoss": 0.3439354552137981,
        "RMSE(bins)": 0.05900183147133681,
        "ICI": 0.029330177345082725
    },
    "user": 17695,
    "size": 1975,
    "weights": [
        0.2012,
        0.7786,
        0.2503,
        0.8267,
        -0.2647,
        0.5612,
        0.0567,
        0.6146,
        0.7746
    ]
}