{
    "metrics": {
        "RMSE": 0.17572999095518452,
        "LogLoss": 0.14381126048068385,
        "RMSE(bins)": 0.052399564283088944,
        "ICI": 0.026081193798748674
    },
    "user": 17718,
    "size": 15550,
    "weights": [
        0.9638,
        1.5498,
        0.5303,
        1.2914,
        -0.1538,
        1.1461,
        -0.0957,
        0.9554,
        1.3631
    ]
}