{
    "metrics": {
        "RMSE": 0.5578171477379192,
        "LogLoss": 0.8559891797475154,
        "RMSE(bins)": 0.4227219586494382,
        "ICI": 0.31114077470984647
    },
    "user": 17753,
    "size": 1380,
    "weights": [
        0.0498,
        1.048,
        0.2935,
        1.2638,
        -0.3999,
        0.4951,
        -0.1146,
        0.4208,
        0.5724
    ]
}