{
    "metrics": {
        "RMSE": 0.2698547733977514,
        "LogLoss": 0.273027014962304,
        "RMSE(bins)": 0.08563804811365769,
        "ICI": 0.03767306078336673
    },
    "user": 17777,
    "size": 7435
}