{
    "metrics": {
        "RMSE": 0.34696907255470283,
        "LogLoss": 0.4129789320932861,
        "RMSE(bins)": 0.18371871584637434,
        "ICI": 0.15118111033377304
    },
    "user": 17808,
    "size": 3605
}