{
    "metrics": {
        "RMSE": 0.238254382900202,
        "LogLoss": 0.23574316855226626,
        "RMSE(bins)": 0.14324053670041928,
        "ICI": 0.10418276327818714
    },
    "user": 18159,
    "size": 3605
}