{
    "metrics": {
        "RMSE": 0.3691506825267277,
        "LogLoss": 0.44102020287276406,
        "RMSE(bins)": 0.04712830948081803,
        "ICI": 0.03247320403169129
    },
    "user": 18163,
    "size": 34945
}