{
    "metrics": {
        "RMSE": 0.3543789595776746,
        "LogLoss": 0.41222955731703076,
        "RMSE(bins)": 0.021089707128542058,
        "ICI": 0.011625188649743271
    },
    "user": 18222,
    "size": 1069305
}