{
    "metrics": {
        "RMSE": 0.1536449209794284,
        "LogLoss": 0.11190034443312528,
        "RMSE(bins)": 0.020867786534344495,
        "ICI": 0.005684986225339913
    },
    "user": 18335,
    "size": 74550,
    "weights": [
        -0.8129,
        -0.1959,
        0.0465,
        0.795,
        0.3457,
        1.3496,
        -0.0466,
        0.6797,
        1.8074
    ]
}