{
    "metrics": {
        "RMSE": 0.2041992102854149,
        "LogLoss": 0.1959094106681211,
        "RMSE(bins)": 0.06215500817488013,
        "ICI": 0.048294618618538114
    },
    "user": 18446,
    "size": 18915
}