{
    "metrics": {
        "RMSE": 0.23066021847372897,
        "LogLoss": 0.2193088173067232,
        "RMSE(bins)": 0.040439437348995154,
        "ICI": 0.014009851313288855
    },
    "user": 18529,
    "size": 18765,
    "weights": [
        0.6425,
        0.5632,
        0.6342,
        0.9165,
        -0.3619,
        0.463,
        0.0584,
        0.6908,
        2.0315
    ]
}