{
    "metrics": {
        "RMSE": 0.24284392386583026,
        "LogLoss": 0.22171325224815283,
        "RMSE(bins)": 0.06936780884055098,
        "ICI": 0.02401526305428657
    },
    "user": 18570,
    "size": 1825,
    "weights": [
        0.3861,
        0.9881,
        0.5361,
        1.1765,
        -0.0305,
        0.8221,
        0.2926,
        0.8602,
        0.9572
    ]
}