{
    "metrics": {
        "RMSE": 0.2962028552642578,
        "LogLoss": 0.32328836704996344,
        "RMSE(bins)": 0.07863921583972236,
        "ICI": 0.054714626625135064
    },
    "user": 18863,
    "size": 4655
}