{
    "metrics": {
        "RMSE": 0.39886091218872,
        "LogLoss": 0.49371843277110744,
        "RMSE(bins)": 0.1183220307829727,
        "ICI": 0.010062512656346136
    },
    "user": 18885,
    "size": 3535,
    "weights": [
        0.7086,
        1.0177,
        0.8148,
        1.1698,
        0.039,
        0.677,
        -0.0844,
        0.4057,
        0.682
    ]
}