{
    "metrics": {
        "RMSE": 0.4628344281719284,
        "LogLoss": 0.6188451815720708,
        "RMSE(bins)": 0.15108991882641915,
        "ICI": 0.09865831277887001
    },
    "user": 18969,
    "size": 19290,
    "weights": [
        1.7683,
        0.647,
        1.5492,
        1.1921,
        0.2129,
        1.2248,
        -0.3696,
        0.5848,
        0.0369
    ]
}