{
    "metrics": {
        "RMSE": 0.33940768801321713,
        "LogLoss": 0.3893490617015217,
        "RMSE(bins)": 0.01946563686475282,
        "ICI": 0.008621780600359768
    },
    "user": 18981,
    "size": 79030
}