{
    "metrics": {
        "RMSE": 0.41081285272226453,
        "LogLoss": 0.5164381081451983,
        "RMSE(bins)": 0.057510193955545026,
        "ICI": 0.018275386830041443
    },
    "user": 19002,
    "size": 42445,
    "weights": [
        -0.1488,
        -1.3686,
        0.3657,
        0.5607,
        -0.3015,
        0.9156,
        -0.1816,
        0.8311,
        0.4947
    ]
}