{
    "metrics": {
        "RMSE": 0.3555026188840753,
        "LogLoss": 0.41070475614683055,
        "RMSE(bins)": 0.17667563744735282,
        "ICI": 0.02241310031550395
    },
    "user": 19010,
    "size": 14210,
    "weights": [
        -0.7199,
        0.2328,
        -0.4412,
        0.7527,
        -0.2796,
        0.9409,
        -0.0168,
        0.9508,
        0.81
    ]
}