{
    "metrics": {
        "RMSE": 0.2983493172962049,
        "LogLoss": 0.3160579588477725,
        "RMSE(bins)": 0.027307966596000387,
        "ICI": 0.016647543457047616
    },
    "user": 19041,
    "size": 124735,
    "weights": [
        1.5763,
        1.364,
        0.1848,
        -0.13,
        -0.1879,
        1.0805,
        -0.5053,
        1.1162,
        1.2429
    ]
}