{
    "metrics": {
        "RMSE": 0.12021299532589497,
        "LogLoss": 0.09316873422639915,
        "RMSE(bins)": 0.07837796674150115,
        "ICI": 0.05182899093936349
    },
    "user": 19057,
    "size": 17785
}