{
    "metrics": {
        "RMSE": 0.3675161309917152,
        "LogLoss": 0.426807702306575,
        "RMSE(bins)": 0.08795523066646938,
        "ICI": 0.04234051761038625
    },
    "user": 19058,
    "size": 27075
}