{
    "metrics": {
        "RMSE": 0.33889886987439827,
        "LogLoss": 0.39238930346448636,
        "RMSE(bins)": 0.06689766000482684,
        "ICI": 0.02567113214155521
    },
    "user": 1906,
    "size": 13540,
    "weights": [
        0.8225,
        0.7736,
        0.5431,
        0.8379,
        -0.5558,
        0.6522,
        -0.3041,
        0.8519,
        1.3849
    ]
}