{
    "metrics": {
        "RMSE": 0.4397402008937209,
        "LogLoss": 0.5705813822153124,
        "RMSE(bins)": 0.3024771082433336,
        "ICI": 0.14955307268194873
    },
    "user": 19079,
    "size": 3755,
    "weights": [
        0.5193,
        0.9261,
        0.4162,
        1.0095,
        -0.2079,
        0.653,
        -0.0564,
        0.5278,
        0.7437
    ]
}