{
    "metrics": {
        "RMSE": 0.32956113922534763,
        "LogLoss": 0.37301172879980676,
        "RMSE(bins)": 0.07639262248627306,
        "ICI": 0.051561507147527906
    },
    "user": 19111,
    "size": 2650
}