{
    "metrics": {
        "RMSE": 0.4076381392833046,
        "LogLoss": 0.5104995991013259,
        "RMSE(bins)": 0.1383676547073191,
        "ICI": 0.05934483308351492
    },
    "user": 19186,
    "size": 5970,
    "weights": [
        0.5244,
        1.4885,
        0.6531,
        1.6763,
        -0.2092,
        0.681,
        -0.0329,
        0.6759,
        0.6669
    ]
}