{
    "metrics": {
        "RMSE": 0.3910831027997132,
        "LogLoss": 0.48329710699205447,
        "RMSE(bins)": 0.1146471358988877,
        "ICI": 0.06754215455818358
    },
    "user": 19203,
    "size": 31315,
    "weights": [
        0.4402,
        0.1728,
        0.4859,
        0.6559,
        -0.0383,
        1.0987,
        -0.428,
        0.8874,
        0.8943
    ]
}