{
    "metrics": {
        "RMSE": 0.13937901669173278,
        "LogLoss": 0.10783520860828337,
        "RMSE(bins)": 0.03993152769073975,
        "ICI": 0.02805955543513696
    },
    "user": 19312,
    "size": 76620
}