{
    "metrics": {
        "RMSE": 0.4208001130810359,
        "LogLoss": 0.5387264561141203,
        "RMSE(bins)": 0.057490529943553866,
        "ICI": 0.037239393501331305
    },
    "user": 19546,
    "size": 25200
}