{
    "metrics": {
        "RMSE": 0.3544236484661911,
        "LogLoss": 0.40996906505718134,
        "RMSE(bins)": 0.05533507601038049,
        "ICI": 0.024008935971820473
    },
    "user": 19751,
    "size": 13015,
    "weights": [
        0.2318,
        0.6722,
        0.438,
        0.578,
        -0.2104,
        1.0162,
        -0.0134,
        0.9356,
        0.7933
    ]
}