{
    "metrics": {
        "RMSE": 0.3791736854793329,
        "LogLoss": 0.4565766538628899,
        "RMSE(bins)": 0.1319875991521375,
        "ICI": 0.0626312601500688
    },
    "user": 19827,
    "size": 11980,
    "weights": [
        0.4035,
        1.9526,
        0.266,
        1.6154,
        -0.2542,
        1.1401,
        -0.193,
        0.6056,
        0.8098
    ]
}