{
    "metrics": {
        "RMSE": 0.27774330492615656,
        "LogLoss": 0.2922823168913822,
        "RMSE(bins)": 0.11968722304953205,
        "ICI": 0.09902400136658612
    },
    "user": 19885,
    "size": 3005
}