{
    "metrics": {
        "RMSE": 0.20657459539956027,
        "LogLoss": 0.1803507717901663,
        "RMSE(bins)": 0.07394443595693695,
        "ICI": 0.03779256043076704
    },
    "user": 19917,
    "size": 14175,
    "weights": [
        0.7908,
        0.3646,
        0.311,
        0.8723,
        -0.3977,
        0.8392,
        0.0405,
        1.1368,
        1.165
    ]
}