{
    "metrics": {
        "RMSE": 0.4130966561664754,
        "LogLoss": 0.5210605801200875,
        "RMSE(bins)": 0.02276026404357473,
        "ICI": 0.00997749664488218
    },
    "user": 19928,
    "size": 179415
}