{
    "metrics": {
        "RMSE": 0.41946024683305355,
        "LogLoss": 0.5272456968648301,
        "RMSE(bins)": 0.02412345268000759,
        "ICI": 0.010409492957689667
    },
    "user": 2032,
    "size": 48920
}