{
    "metrics": {
        "RMSE": 0.2799410836618126,
        "LogLoss": 0.2968788447497719,
        "RMSE(bins)": 0.056469666929142556,
        "ICI": 0.034731609124078085
    },
    "user": 2217,
    "size": 7285,
    "weights": [
        0.6024,
        0.6441,
        0.2021,
        0.8593,
        -0.644,
        0.5076,
        0.1301,
        0.8924,
        1.181
    ]
}