{
    "metrics": {
        "RMSE": 0.33761115542723924,
        "LogLoss": 0.38893298146104066,
        "RMSE(bins)": 0.0330235241275051,
        "ICI": 0.02623346571778195
    },
    "user": 224,
    "size": 26285,
    "weights": [
        1.5985,
        1.876,
        1.494,
        1.8958,
        -0.2279,
        0.8138,
        -0.2609,
        0.5827,
        1.3083
    ]
}