{
    "metrics": {
        "RMSE": 0.4221592376315521,
        "LogLoss": 0.535940328520739,
        "RMSE(bins)": 0.11362985451286044,
        "ICI": 0.03210969767930788
    },
    "user": 2378,
    "size": 80410,
    "weights": [
        1.5604,
        -1.1497,
        1.1619,
        -0.5282,
        -0.3017,
        1.451,
        -1.7423,
        1.6283,
        1.5353
    ]
}