{
    "metrics": {
        "RMSE": 0.413734409961748,
        "LogLoss": 0.532481640183703,
        "RMSE(bins)": 0.09980568996594637,
        "ICI": 0.07530677179442878
    },
    "user": 2424,
    "size": 29585,
    "weights": [
        0.5075,
        0.5918,
        0.3898,
        0.4448,
        -0.2644,
        0.352,
        0.139,
        0.7495,
        0.7447
    ]
}