{
    "metrics": {
        "RMSE": 0.4733503559054557,
        "LogLoss": 0.6413151030228176,
        "RMSE(bins)": 0.1079603236272014,
        "ICI": 0.04946751513919343
    },
    "user": 2565,
    "size": 33870,
    "weights": [
        2.0021,
        -0.1532,
        1.8342,
        0.4141,
        0.6401,
        1.1937,
        -0.8041,
        1.1462,
        -0.2187
    ]
}