{
    "metrics": {
        "RMSE": 0.3229821610868162,
        "LogLoss": 0.36594825362601546,
        "RMSE(bins)": 0.07750938421474278,
        "ICI": 0.04579684319737578
    },
    "user": 2667,
    "size": 11685,
    "weights": [
        0.238,
        0.8911,
        -0.0487,
        0.7208,
        -0.3497,
        0.6338,
        -0.0543,
        0.6387,
        0.956
    ]
}