{
    "metrics": {
        "RMSE": 0.2714013273468917,
        "LogLoss": 0.28074147795497717,
        "RMSE(bins)": 0.036738953267109964,
        "ICI": 0.015327702237073809
    },
    "user": 2871,
    "size": 84055,
    "weights": [
        -1.2526,
        -1.1006,
        -0.0956,
        0.1882,
        -0.426,
        0.761,
        -0.3482,
        0.8643,
        1.8289
    ]
}