{
    "metrics": {
        "RMSE": 0.17815636676036553,
        "LogLoss": 0.13905128375030992,
        "RMSE(bins)": 0.11071835068879063,
        "ICI": 0.05667385814902596
    },
    "user": 3043,
    "size": 5230,
    "weights": [
        0.5189,
        1.3284,
        0.6946,
        1.5615,
        0.2411,
        1.1623,
        0.6676,
        1.2462,
        1.5458
    ]
}