{
    "metrics": {
        "RMSE": 0.26427962412743194,
        "LogLoss": 0.27671526695541,
        "RMSE(bins)": 0.06651950494662252,
        "ICI": 0.03858117818446981
    },
    "user": 3063,
    "size": 172475,
    "weights": [
        2.9713,
        2.9871,
        0.1404,
        0.8942,
        -0.9211,
        1.2187,
        -0.9344,
        1.3752,
        2.1232
    ]
}