{
    "metrics": {
        "RMSE": 0.33916770834625976,
        "LogLoss": 0.390386789823963,
        "RMSE(bins)": 0.07278964496314712,
        "ICI": 0.028975479581795784
    },
    "user": 3118,
    "size": 2900,
    "weights": [
        -0.1311,
        0.4098,
        0.0486,
        0.6529,
        -0.2933,
        0.6018,
        0.0651,
        0.7015,
        0.836
    ]
}