{
    "metrics": {
        "RMSE": 0.25230917676678133,
        "LogLoss": 0.26857780391390595,
        "RMSE(bins)": 0.18715319213923023,
        "ICI": 0.1694711381721692
    },
    "user": 3305,
    "size": 2825
}