{
    "metrics": {
        "RMSE": 0.3159213382305413,
        "LogLoss": 0.3459695219076168,
        "RMSE(bins)": 0.027255717703858318,
        "ICI": 0.015048213224308543
    },
    "user": 3338,
    "size": 25955
}