{
    "metrics": {
        "RMSE": 0.46809731151803174,
        "LogLoss": 0.628833859692096,
        "RMSE(bins)": 0.040648436906586136,
        "ICI": 0.027742728034169238
    },
    "user": 3428,
    "size": 58290
}