{
    "metrics": {
        "RMSE": 0.34978754594381795,
        "LogLoss": 0.39687570495937813,
        "RMSE(bins)": 0.11068140133920316,
        "ICI": 0.033756747578337895
    },
    "user": 3515,
    "size": 6945,
    "weights": [
        0.6254,
        1.4487,
        0.6447,
        1.1327,
        -0.0476,
        0.9601,
        0.0393,
        0.8305,
        0.6814
    ]
}