{
    "metrics": {
        "RMSE": 0.3611441895279955,
        "LogLoss": 0.42961905058429056,
        "RMSE(bins)": 0.04124386497774901,
        "ICI": 0.03036979761658602
    },
    "user": 3676,
    "size": 253080
}