{
    "metrics": {
        "RMSE": 0.34560560171157834,
        "LogLoss": 0.39784816147295526,
        "RMSE(bins)": 0.07613522571301387,
        "ICI": 0.013755798881248244
    },
    "user": 3724,
    "size": 20745,
    "weights": [
        0.6279,
        1.0762,
        0.8055,
        0.9381,
        -0.0949,
        0.771,
        -0.2924,
        0.5965,
        0.9952
    ]
}