{
    "metrics": {
        "RMSE": 0.3006378942138784,
        "LogLoss": 0.3255177015632451,
        "RMSE(bins)": 0.05107148831028657,
        "ICI": 0.007644803591502734
    },
    "user": 3870,
    "size": 4640,
    "weights": [
        0.9416,
        1.1148,
        0.8317,
        0.9273,
        -0.1448,
        0.4767,
        -0.0069,
        0.4754,
        1.2696
    ]
}