{
    "metrics": {
        "RMSE": 0.38502199371343104,
        "LogLoss": 0.4637149981221953,
        "RMSE(bins)": 0.05549836196280902,
        "ICI": 0.03192664953424684
    },
    "user": 4005,
    "size": 12790,
    "weights": [
        -0.2812,
        0.2749,
        0.0513,
        0.715,
        -0.3396,
        0.8197,
        0.027,
        0.9274,
        0.3981
    ]
}