{
    "metrics": {
        "RMSE": 0.2226440213766514,
        "LogLoss": 0.2040508074965619,
        "RMSE(bins)": 0.04751916641218596,
        "ICI": 0.016610527516519254
    },
    "user": 4129,
    "size": 65755,
    "weights": [
        0.9764,
        -0.9244,
        0.5663,
        0.7045,
        0.0209,
        1.2556,
        -0.4595,
        0.6147,
        2.4644
    ]
}