{
    "metrics": {
        "RMSE": 0.5031159974599172,
        "LogLoss": 0.7000179260866084,
        "RMSE(bins)": 0.17033860261930953,
        "ICI": 0.16491016079846413
    },
    "user": 4137,
    "size": 2950
}