{
    "metrics": {
        "RMSE": 0.3733199711326345,
        "LogLoss": 0.44877153685198423,
        "RMSE(bins)": 0.07846544035223628,
        "ICI": 0.01567090387322746
    },
    "user": 4178,
    "size": 14935,
    "weights": [
        0.9321,
        1.3587,
        0.419,
        0.9378,
        -0.2677,
        0.8177,
        -0.073,
        0.6691,
        0.8489
    ]
}