{
    "metrics": {
        "RMSE": 0.30214010480677567,
        "LogLoss": 0.3320782709712463,
        "RMSE(bins)": 0.04664644786025119,
        "ICI": 0.027225426097231515
    },
    "user": 4282,
    "size": 102125
}