{
    "metrics": {
        "RMSE": 0.3652621835649914,
        "LogLoss": 0.43022222387451897,
        "RMSE(bins)": 0.07301061957279074,
        "ICI": 0.014941661921744284
    },
    "user": 4418,
    "size": 33220,
    "weights": [
        1.6497,
        0.3746,
        1.0487,
        0.354,
        -0.3053,
        0.7772,
        -0.277,
        0.8295,
        0.907
    ]
}