{
    "metrics": {
        "RMSE": 0.30529054396750394,
        "LogLoss": 0.3311551104952939,
        "RMSE(bins)": 0.07589170848603381,
        "ICI": 0.03217616661966424
    },
    "user": 4449,
    "size": 5680,
    "weights": [
        0.2183,
        0.951,
        0.1486,
        0.821,
        -0.5305,
        0.495,
        0.0539,
        1.0173,
        0.9102
    ]
}