{
    "metrics": {
        "RMSE": 0.3010134977829018,
        "LogLoss": 0.3052891270372878,
        "RMSE(bins)": 0.13530357369123902,
        "ICI": 0.06112272231233189
    },
    "user": 4492,
    "size": 20635,
    "weights": [
        0.937,
        1.6503,
        1.361,
        1.8078,
        0.8294,
        1.2861,
        0.457,
        0.9574,
        0.168
    ]
}