{
    "metrics": {
        "RMSE": 0.27804378181112127,
        "LogLoss": 0.2839663618195791,
        "RMSE(bins)": 0.07372928231485736,
        "ICI": 0.04585169649081427
    },
    "user": 4699,
    "size": 18210
}