{
    "metrics": {
        "RMSE": 0.4283436343754023,
        "LogLoss": 0.5568637478764193,
        "RMSE(bins)": 0.0847094397174517,
        "ICI": 0.050128329129861954
    },
    "user": 470,
    "size": 87710,
    "weights": [
        2.619,
        -1.5624,
        1.5703,
        -0.5011,
        0.7014,
        1.054,
        -0.6988,
        0.639,
        0.0069
    ]
}