{
    "metrics": {
        "RMSE": 0.39571625470016053,
        "LogLoss": 0.4845343427987932,
        "RMSE(bins)": 0.05416268093145817,
        "ICI": 0.03189845643620687
    },
    "user": 4884,
    "size": 6810,
    "weights": [
        -0.0162,
        1.2912,
        0.0423,
        1.4072,
        -0.5494,
        0.8806,
        -0.1608,
        0.8954,
        0.635
    ]
}