{
    "metrics": {
        "RMSE": 0.20718372028958887,
        "LogLoss": 0.19225511351244304,
        "RMSE(bins)": 0.07519058061268158,
        "ICI": 0.06910772679899009
    },
    "user": 4895,
    "size": 98725
}