{
    "metrics": {
        "RMSE": 0.23763877555441187,
        "LogLoss": 0.22782044022359912,
        "RMSE(bins)": 0.04022778963985142,
        "ICI": 0.02640286403679972
    },
    "user": 4932,
    "size": 100585,
    "weights": [
        2.1772,
        -0.8604,
        0.7966,
        0.1678,
        -1.0609,
        0.7002,
        -0.5952,
        1.1402,
        2.2658
    ]
}