{
    "metrics": {
        "RMSE": 0.21656833662678404,
        "LogLoss": 0.20047437021932818,
        "RMSE(bins)": 0.2059891839952155,
        "ICI": 0.16214495209991497
    },
    "user": 5080,
    "size": 2855
}