{
    "metrics": {
        "RMSE": 0.45791632745722977,
        "LogLoss": 0.6084350880985839,
        "RMSE(bins)": 0.06990075199506496,
        "ICI": 0.06248035639651556
    },
    "user": 5215,
    "size": 34090
}