{
    "metrics": {
        "RMSE": 0.2409446025474138,
        "LogLoss": 0.2507640114842143,
        "RMSE(bins)": 0.16511686773623627,
        "ICI": 0.13107733450884937
    },
    "user": 5371,
    "size": 6560
}