{
    "metrics": {
        "RMSE": 0.34618319573828377,
        "LogLoss": 0.40233964303717445,
        "RMSE(bins)": 0.09669691997885416,
        "ICI": 0.035872468162547896
    },
    "user": 5390,
    "size": 36260,
    "weights": [
        1.8112,
        0.2046,
        1.1616,
        0.8339,
        -0.9699,
        1.0852,
        -0.9572,
        1.3081,
        1.603
    ]
}