{
    "metrics": {
        "RMSE": 0.22571662092019704,
        "LogLoss": 0.21913696479908332,
        "RMSE(bins)": 0.09983001887181096,
        "ICI": 0.06753043402712469
    },
    "user": 5550,
    "size": 11990,
    "weights": [
        -1.0931,
        1.0782,
        -0.835,
        1.198,
        -1.1237,
        0.3455,
        -0.2939,
        0.9432,
        2.4151
    ]
}