{
    "metrics": {
        "RMSE": 0.4102626817866724,
        "LogLoss": 0.5162794863474258,
        "RMSE(bins)": 0.1306904736737342,
        "ICI": 0.10188053673232007
    },
    "user": 5747,
    "size": 40145
}