{
    "metrics": {
        "RMSE": 0.1407625404797349,
        "LogLoss": 0.10092360643045595,
        "RMSE(bins)": 0.0172698902763941,
        "ICI": 0.007837941757968607
    },
    "user": 5748,
    "size": 59470,
    "weights": [
        1.1184,
        1.614,
        0.9611,
        1.5878,
        -0.2292,
        0.7771,
        -0.1151,
        0.6474,
        2.7494
    ]
}