{
    "metrics": {
        "RMSE": 0.4230463237433481,
        "LogLoss": 0.5445878478044649,
        "RMSE(bins)": 0.08444796073552027,
        "ICI": 0.06368368191437954
    },
    "user": 5881,
    "size": 3475
}