{
    "metrics": {
        "RMSE": 0.33095267991951527,
        "LogLoss": 0.3825171631701633,
        "RMSE(bins)": 0.03901244397021245,
        "ICI": 0.019698952641072517
    },
    "user": 6147,
    "size": 53480
}