{
    "metrics": {
        "RMSE": 0.32994396079354893,
        "LogLoss": 0.3725925593220263,
        "RMSE(bins)": 0.0687793626675637,
        "ICI": 0.021342092915654698
    },
    "user": 6289,
    "size": 139220,
    "weights": [
        1.6731,
        -4.7786,
        1.0179,
        -1.3435,
        -0.31,
        0.5208,
        -0.9957,
        1.506,
        1.5491
    ]
}