{
    "metrics": {
        "RMSE": 0.32130257407076457,
        "LogLoss": 0.35779880794506735,
        "RMSE(bins)": 0.07586468124333182,
        "ICI": 0.03773252388699871
    },
    "user": 6299,
    "size": 5445
}