{
    "metrics": {
        "RMSE": 0.4125026444209177,
        "LogLoss": 0.5237647248335217,
        "RMSE(bins)": 0.13306790168807656,
        "ICI": 0.06504346434605586
    },
    "user": 633,
    "size": 2760,
    "weights": [
        0.2965,
        0.8546,
        0.4401,
        0.9677,
        -0.0972,
        0.719,
        -0.052,
        0.4906,
        0.6111
    ]
}