{
    "metrics": {
        "RMSE": 0.4334353370652261,
        "LogLoss": 0.589933112252027,
        "RMSE(bins)": 0.1790737359227269,
        "ICI": 0.1249922011969375
    },
    "user": 6435,
    "size": 2695
}