{
    "metrics": {
        "RMSE": 0.30865809626582547,
        "LogLoss": 0.33195368065451814,
        "RMSE(bins)": 0.025064231934967738,
        "ICI": 0.010460802137079632
    },
    "user": 6462,
    "size": 27765
}