{
    "metrics": {
        "RMSE": 0.35510402615925474,
        "LogLoss": 0.40345483290229317,
        "RMSE(bins)": 0.0552946555334079,
        "ICI": 0.022049537705341286
    },
    "user": 6463,
    "size": 1695,
    "weights": [
        0.1797,
        0.8527,
        0.2894,
        1.0594,
        -0.2624,
        0.8039,
        0.0373,
        0.85,
        0.7502
    ]
}