{
    "metrics": {
        "RMSE": 0.3676961305704876,
        "LogLoss": 0.44506955321083924,
        "RMSE(bins)": 0.062364562259517496,
        "ICI": 0.03735868873427215
    },
    "user": 6512,
    "size": 11890
}