{
    "metrics": {
        "RMSE": 0.42919896972415783,
        "LogLoss": 0.5536584089452177,
        "RMSE(bins)": 0.3114386864324733,
        "ICI": 0.2643348738007519
    },
    "user": 6531,
    "size": 885
}