{
    "metrics": {
        "RMSE": 0.15884909941944736,
        "LogLoss": 0.1218000575431933,
        "RMSE(bins)": 0.03290455125094048,
        "ICI": 0.028481109659812025
    },
    "user": 6539,
    "size": 16590,
    "weights": [
        0.0337,
        1.525,
        -0.5461,
        0.5235,
        -0.9647,
        0.2398,
        0.425,
        1.3622,
        1.7193
    ]
}