{
    "metrics": {
        "RMSE": 0.45957601115490115,
        "LogLoss": 0.6138681897221466,
        "RMSE(bins)": 0.13394856198492686,
        "ICI": 0.03757873894907197
    },
    "user": 6572,
    "size": 5405,
    "weights": [
        0.1246,
        0.6412,
        0.2456,
        0.8512,
        -0.4171,
        0.4274,
        -0.0787,
        0.513,
        0.7257
    ]
}