{
    "metrics": {
        "RMSE": 0.39698239000401325,
        "LogLoss": 0.5025463361977807,
        "RMSE(bins)": 0.11307687868510691,
        "ICI": 0.050733241803855585
    },
    "user": 6585,
    "size": 8135,
    "weights": [
        -0.1962,
        0.3099,
        0.0776,
        0.7247,
        -0.1964,
        0.7696,
        -0.1446,
        0.5088,
        0.911
    ]
}