{
    "metrics": {
        "RMSE": 0.4560045839259462,
        "LogLoss": 0.6053839854313657,
        "RMSE(bins)": 0.16732319288884825,
        "ICI": 0.0693668023779144
    },
    "user": 6692,
    "size": 2485,
    "weights": [
        0.4931,
        1.0587,
        0.1012,
        0.734,
        -0.4786,
        0.4029,
        -0.1757,
        0.6192,
        0.6733
    ]
}