{
    "metrics": {
        "RMSE": 0.3304215511610463,
        "LogLoss": 0.35638246796537854,
        "RMSE(bins)": 0.09924934098933831,
        "ICI": 0.03832368301124514
    },
    "user": 6711,
    "size": 5045,
    "weights": [
        1.0095,
        1.3066,
        1.0765,
        1.5333,
        0.3448,
        1.2228,
        0.0761,
        0.7449,
        0.7414
    ]
}