{
    "metrics": {
        "RMSE": 0.444821887432745,
        "LogLoss": 0.5747067788967631,
        "RMSE(bins)": 0.15941949744692552,
        "ICI": 0.09903756396278209
    },
    "user": 6844,
    "size": 2280,
    "weights": [
        -0.075,
        0.8883,
        0.1608,
        1.0704,
        -0.3424,
        0.8253,
        -0.0201,
        0.8882,
        0.6969
    ]
}