{
    "metrics": {
        "RMSE": 0.3206336223753315,
        "LogLoss": 0.3470909219952818,
        "RMSE(bins)": 0.023103787227612114,
        "ICI": 0.013923964494272191
    },
    "user": 687,
    "size": 10235,
    "weights": [
        0.8296,
        1.5728,
        0.7201,
        1.5214,
        -0.4628,
        1.0768,
        -0.2056,
        1.1131,
        0.8926
    ]
}