{
    "metrics": {
        "RMSE": 0.4438123237642138,
        "LogLoss": 0.5808732285789462,
        "RMSE(bins)": 0.16359888833836203,
        "ICI": 0.06645629982618953
    },
    "user": 6958,
    "size": 4120,
    "weights": [
        -0.2203,
        0.6596,
        -0.0546,
        0.8468,
        -0.5181,
        0.5968,
        -0.1751,
        0.6509,
        0.5355
    ]
}