{
    "metrics": {
        "RMSE": 0.10895525719333214,
        "LogLoss": 0.0682331306803128,
        "RMSE(bins)": 0.012693724644414192,
        "ICI": 0.00926897967024201
    },
    "user": 7000,
    "size": 105375,
    "weights": [
        2.0424,
        0.6935,
        1.4233,
        1.1975,
        0.1857,
        0.9114,
        0.0108,
        0.538,
        3.9285
    ]
}