{
    "metrics": {
        "RMSE": 0.274659384172467,
        "LogLoss": 0.2786713640460686,
        "RMSE(bins)": 0.016546426481698892,
        "ICI": 0.01027588369199762
    },
    "user": 7092,
    "size": 222260,
    "weights": [
        -0.8857,
        -7.7606,
        1.5197,
        -0.7293,
        0.3114,
        1.1473,
        -1.5289,
        1.6857,
        2.0335
    ]
}