{
    "metrics": {
        "RMSE": 0.4431711903236737,
        "LogLoss": 0.580761007273786,
        "RMSE(bins)": 0.04825446280225457,
        "ICI": 0.016946824858900398
    },
    "user": 7110,
    "size": 17975
}