{
    "metrics": {
        "RMSE": 0.18981547611970864,
        "LogLoss": 0.165648302205479,
        "RMSE(bins)": 0.18167080685665427,
        "ICI": 0.12836317699920177
    },
    "user": 7250,
    "size": 3895
}