{
    "metrics": {
        "RMSE": 0.30034474812766504,
        "LogLoss": 0.31317624921989223,
        "RMSE(bins)": 0.05781995699373345,
        "ICI": 0.03076793442882838
    },
    "user": 735,
    "size": 19935,
    "weights": [
        1.1692,
        0.9036,
        0.6318,
        0.8639,
        -0.0594,
        0.7285,
        0.2473,
        0.9011,
        0.9239
    ]
}