{
    "metrics": {
        "RMSE": 0.27941534832472426,
        "LogLoss": 0.28801482288574726,
        "RMSE(bins)": 0.05444959636816758,
        "ICI": 0.020405801072290945
    },
    "user": 7352,
    "size": 41360,
    "weights": [
        0.6873,
        1.2212,
        0.1702,
        1.0991,
        -0.4848,
        1.1614,
        -0.3537,
        0.8641,
        1.709
    ]
}