{
    "metrics": {
        "RMSE": 0.3779255077013564,
        "LogLoss": 0.46355026714473063,
        "RMSE(bins)": 0.07165185255075894,
        "ICI": 0.05926518294644871
    },
    "user": 7366,
    "size": 21560
}