{
    "metrics": {
        "RMSE": 0.49534305881052454,
        "LogLoss": 0.7185146186801916,
        "RMSE(bins)": 0.24262618700916877,
        "ICI": 0.16397023959968843
    },
    "user": 7599,
    "size": 3675,
    "weights": [
        0.1282,
        0.8385,
        0.2232,
        0.976,
        -0.4711,
        0.4072,
        -0.2007,
        0.378,
        0.5601
    ]
}