{
    "metrics": {
        "RMSE": 0.2773018170772839,
        "LogLoss": 0.300102878047553,
        "RMSE(bins)": 0.12967964650365496,
        "ICI": 0.09181835391030677
    },
    "user": 7842,
    "size": 6120
}