{
    "metrics": {
        "RMSE": 0.17339409960248803,
        "LogLoss": 0.1339664710733758,
        "RMSE(bins)": 0.02291820767563928,
        "ICI": 0.010429881404283215
    },
    "user": 7935,
    "size": 2505,
    "weights": [
        0.5811,
        1.1177,
        0.7381,
        1.3198,
        0.1439,
        0.9403,
        0.4359,
        0.9618,
        1.1532
    ]
}