{
    "metrics": {
        "RMSE": 0.21191509109374984,
        "LogLoss": 0.18823527231398535,
        "RMSE(bins)": 0.04191831330137975,
        "ICI": 0.013778047822889909
    },
    "user": 7983,
    "size": 185405,
    "weights": [
        10.554,
        14.8856,
        0.5078,
        -0.5778,
        -0.061,
        1.504,
        -0.8776,
        0.4825,
        2.809
    ]
}