{
    "metrics": {
        "RMSE": 0.41200953626828946,
        "LogLoss": 0.5176909613342885,
        "RMSE(bins)": 0.12310368606477448,
        "ICI": 0.026987409284957135
    },
    "user": 8077,
    "size": 1810,
    "weights": [
        0.6009,
        0.8042,
        0.3584,
        1.0021,
        -0.3309,
        0.7161,
        -0.0742,
        0.6756,
        0.5811
    ]
}