{
    "metrics": {
        "RMSE": 0.06500222098200525,
        "LogLoss": 0.060658902716810834,
        "RMSE(bins)": 0.06481307423461115,
        "ICI": 0.05841376297025254
    },
    "user": 809,
    "size": 1255,
    "weights": [
        0.4111,
        0.9459,
        0.6943,
        1.2747,
        0.1375,
        0.9357,
        0.4163,
        0.9444,
        1.1288
    ]
}