{
    "metrics": {
        "RMSE": 0.21024132419459116,
        "LogLoss": 0.18397759985443896,
        "RMSE(bins)": 0.03541523674726126,
        "ICI": 0.006647857810595298
    },
    "user": 8113,
    "size": 36060,
    "weights": [
        1.6451,
        2.1637,
        1.2071,
        1.7783,
        -0.2342,
        1.0159,
        -0.1641,
        0.8328,
        1.4895
    ]
}