{
    "metrics": {
        "RMSE": 0.45601166828027695,
        "LogLoss": 0.6076925014571426,
        "RMSE(bins)": 0.10448098248859689,
        "ICI": 0.07326090099774538
    },
    "user": 812,
    "size": 5365,
    "weights": [
        0.1448,
        1.101,
        0.2146,
        0.966,
        -0.4082,
        0.5605,
        -0.0837,
        0.6122,
        0.6919
    ]
}