{
    "metrics": {
        "RMSE": 0.38569538122969615,
        "LogLoss": 0.47169495501732445,
        "RMSE(bins)": 0.07614886816523292,
        "ICI": 0.04482183258053865
    },
    "user": 8173,
    "size": 2925,
    "weights": [
        0.2836,
        0.4062,
        0.2026,
        0.5879,
        -0.3905,
        0.6124,
        -0.006,
        0.8008,
        1.0568
    ]
}