{
    "metrics": {
        "RMSE": 0.3285095339259983,
        "LogLoss": 0.36714559378752,
        "RMSE(bins)": 0.097543189150795,
        "ICI": 0.0385849113757841
    },
    "user": 8180,
    "size": 980,
    "weights": [
        0.427,
        0.6122,
        0.6426,
        1.2159,
        -0.1153,
        0.6659,
        0.1093,
        0.6308,
        0.8405
    ]
}