{
    "metrics": {
        "RMSE": 0.4503443416354983,
        "LogLoss": 0.59024126313999,
        "RMSE(bins)": 0.17914108361400136,
        "ICI": 0.10958355242809602
    },
    "user": 8188,
    "size": 4525,
    "weights": [
        -0.2607,
        1.0814,
        -0.076,
        1.1916,
        -0.4661,
        0.9855,
        -0.1432,
        1.028,
        0.5757
    ]
}