{
    "metrics": {
        "RMSE": 0.31595767975095057,
        "LogLoss": 0.34126216245541996,
        "RMSE(bins)": 0.03631282014548244,
        "ICI": 0.0180631354689713
    },
    "user": 8257,
    "size": 14765,
    "weights": [
        0.4199,
        1.162,
        0.1555,
        0.8888,
        -0.3171,
        0.7199,
        0.0777,
        0.8576,
        0.7547
    ]
}