{
    "metrics": {
        "RMSE": 0.3859421799876136,
        "LogLoss": 0.4795678350311641,
        "RMSE(bins)": 0.1208582428659545,
        "ICI": 0.05233956415378376
    },
    "user": 8597,
    "size": 4620,
    "weights": [
        0.55,
        0.5784,
        0.7972,
        0.9315,
        0.1591,
        0.9136,
        -0.0623,
        0.6104,
        0.7251
    ]
}