{
    "metrics": {
        "RMSE": 0.391971012950005,
        "LogLoss": 0.4845901546331596,
        "RMSE(bins)": 0.1133877342010261,
        "ICI": 0.035103378994219184
    },
    "user": 8732,
    "size": 28670,
    "weights": [
        -0.149,
        0.9047,
        -0.0272,
        1.2161,
        -0.7851,
        1.0464,
        -0.4756,
        0.7202,
        1.5177
    ]
}