{
    "metrics": {
        "RMSE": 0.2624422057879824,
        "LogLoss": 0.2670624263655777,
        "RMSE(bins)": 0.03935827179690367,
        "ICI": 0.023591592621092634
    },
    "user": 8800,
    "size": 14580,
    "weights": [
        0.6756,
        1.3834,
        0.3908,
        1.0587,
        -0.4382,
        0.5426,
        -0.0725,
        0.7888,
        1.5535
    ]
}