{
    "metrics": {
        "RMSE": 0.3813274031980605,
        "LogLoss": 0.47028649468956446,
        "RMSE(bins)": 0.11495046941725362,
        "ICI": 0.07238606680029384
    },
    "user": 8846,
    "size": 3205
}