{
    "metrics": {
        "RMSE": 0.19654416258396343,
        "LogLoss": 0.1689012099215991,
        "RMSE(bins)": 0.04615357900217014,
        "ICI": 0.016614854507353838
    },
    "user": 8910,
    "size": 116055,
    "weights": [
        1.2068,
        -2.0932,
        1.2907,
        -0.7377,
        0.6239,
        0.3694,
        0.1552,
        0.281,
        1.8491
    ]
}