{
    "metrics": {
        "RMSE": 0.2886436942327633,
        "LogLoss": 0.3074853513103402,
        "RMSE(bins)": 0.062080513472325335,
        "ICI": 0.024485021730306804
    },
    "user": 9056,
    "size": 19830,
    "weights": [
        0.299,
        1.3825,
        0.5288,
        1.2354,
        -0.393,
        0.7089,
        -0.0362,
        0.9085,
        1.4582
    ]
}