{
    "metrics": {
        "RMSE": 0.45719335239820447,
        "LogLoss": 0.6143185357976371,
        "RMSE(bins)": 0.13379834128779866,
        "ICI": 0.0946626214441969
    },
    "user": 9066,
    "size": 11695,
    "weights": [
        0.2671,
        0.7799,
        0.8133,
        1.7969,
        -0.343,
        1.2683,
        -0.4563,
        0.8861,
        0.4404
    ]
}