{
    "metrics": {
        "RMSE": 0.18032722092615402,
        "LogLoss": 0.14976166551633113,
        "RMSE(bins)": 0.01733523105500289,
        "ICI": 0.011826458808797449
    },
    "user": 9151,
    "size": 31320
}