{
    "metrics": {
        "RMSE": 0.3291936247243146,
        "LogLoss": 0.3673263626727351,
        "RMSE(bins)": 0.059203560825433876,
        "ICI": 0.013182276122704638
    },
    "user": 9208,
    "size": 227940,
    "weights": [
        1.9891,
        -4.5057,
        1.459,
        -0.9586,
        0.4713,
        0.896,
        -1.3267,
        1.4971,
        1.556
    ]
}