{
    "metrics": {
        "RMSE": 0.13867528347010827,
        "LogLoss": 0.08714429619414642,
        "RMSE(bins)": 0.04568782881375329,
        "ICI": 0.017032859339919444
    },
    "user": 9218,
    "size": 3900,
    "weights": [
        0.5627,
        1.0051,
        0.7518,
        1.2811,
        0.2604,
        1.0435,
        0.5265,
        1.0499,
        1.2379
    ]
}