{
    "metrics": {
        "RMSE": 0.33291294419962864,
        "LogLoss": 0.38432146950609614,
        "RMSE(bins)": 0.13815333385763107,
        "ICI": 0.10807143198441199
    },
    "user": 9287,
    "size": 4785
}