{
    "metrics": {
        "RMSE": 0.39666319241564457,
        "LogLoss": 0.49143922964788195,
        "RMSE(bins)": 0.04471101672033584,
        "ICI": 0.022574764234475145
    },
    "user": 9486,
    "size": 73805
}