{
    "metrics": {
        "RMSE": 0.3610005543143314,
        "LogLoss": 0.4127780620481693,
        "RMSE(bins)": 0.09076447513445776,
        "ICI": 0.02663529363139359
    },
    "user": 9569,
    "size": 14845,
    "weights": [
        -0.2755,
        0.9638,
        -0.0439,
        1.5027,
        -0.7248,
        0.945,
        -0.3557,
        1.1482,
        0.6989
    ]
}