{
    "metrics": {
        "RMSE": 0.39825582822337063,
        "LogLoss": 0.5125355654588662,
        "RMSE(bins)": 0.14005883245328335,
        "ICI": 0.10479065370469157
    },
    "user": 9652,
    "size": 4260
}