{
    "metrics": {
        "RMSE": 0.34801249837519505,
        "LogLoss": 0.39763730580219103,
        "RMSE(bins)": 0.0668718207261862,
        "ICI": 0.05170808686597713
    },
    "user": 9755,
    "size": 4485
}