{
    "metrics": {
        "RMSE": 0.38482761596970405,
        "LogLoss": 0.4664625125371181,
        "RMSE(bins)": 0.16335982721443942,
        "ICI": 0.05012175982907424
    },
    "user": 9784,
    "size": 2545,
    "weights": [
        0.1316,
        0.7355,
        0.4679,
        1.3526,
        -0.1284,
        0.8337,
        0.0175,
        0.5637,
        0.7411
    ]
}