{
    "metrics": {
        "RMSE": 0.35790475487005635,
        "LogLoss": 0.427549466496365,
        "RMSE(bins)": 0.24188760722629704,
        "ICI": 0.232206226237875
    },
    "user": 982,
    "size": 1380
}