{
    "metrics": {
        "RMSE": 0.3617414725033405,
        "LogLoss": 0.4244860563204536,
        "RMSE(bins)": 0.0818684633093299,
        "ICI": 0.02513676387298501
    },
    "user": 9913,
    "size": 53590,
    "weights": [
        1.5764,
        -0.5226,
        1.4282,
        0.483,
        -0.6537,
        1.3407,
        -1.1295,
        1.3267,
        1.3545
    ]
}